profile,run,drop_ns,input_nodes,iterations,lower_ns,native,output_counts,round,source,variant
debug,0,309915,343,14,5270709,False,"[276, 90, 14, 0]",0,lib/tests/core/fact.zy,original
debug,0,302669,343,14,5113502,False,"[276, 90, 14, 0]",0,lib/tests/core/fact.zy,jobs
debug,0,268917,343,14,5338250,False,"[276, 90, 14, 0]",0,lib/tests/core/fact.zy,explicit
debug,0,250878,343,14,5084335,False,"[276, 90, 14, 0]",0,lib/tests/core/fact.zy,recursive
debug,0,289790,343,14,5002335,False,"[276, 90, 14, 0]",1,lib/tests/core/fact.zy,jobs
debug,0,264499,343,14,5248833,False,"[276, 90, 14, 0]",1,lib/tests/core/fact.zy,explicit
debug,0,253085,343,14,5006749,False,"[276, 90, 14, 0]",1,lib/tests/core/fact.zy,recursive
debug,0,244791,343,14,4815082,False,"[276, 90, 14, 0]",1,lib/tests/core/fact.zy,original
debug,0,249836,343,14,5091043,False,"[276, 90, 14, 0]",2,lib/tests/core/fact.zy,explicit
debug,0,242211,343,14,4888043,False,"[276, 90, 14, 0]",2,lib/tests/core/fact.zy,recursive
debug,0,231874,343,14,4631248,False,"[276, 90, 14, 0]",2,lib/tests/core/fact.zy,original
debug,0,309126,343,14,4615709,False,"[276, 90, 14, 0]",2,lib/tests/core/fact.zy,jobs
debug,0,242166,343,14,4849711,False,"[276, 90, 14, 0]",3,lib/tests/core/fact.zy,recursive
debug,0,251499,343,14,4811000,False,"[276, 90, 14, 0]",3,lib/tests/core/fact.zy,original
debug,0,283040,343,14,4709667,False,"[276, 90, 14, 0]",3,lib/tests/core/fact.zy,jobs
debug,0,246167,343,14,5046208,False,"[276, 90, 14, 0]",3,lib/tests/core/fact.zy,explicit
debug,0,236958,343,14,4677084,False,"[276, 90, 14, 0]",4,lib/tests/core/fact.zy,original
debug,0,267626,343,14,4580873,False,"[276, 90, 14, 0]",4,lib/tests/core/fact.zy,jobs
debug,0,235207,343,14,5007998,False,"[276, 90, 14, 0]",4,lib/tests/core/fact.zy,explicit
debug,0,237333,343,14,4923084,False,"[276, 90, 14, 0]",4,lib/tests/core/fact.zy,recursive
debug,0,262666,343,14,4554376,False,"[276, 90, 14, 0]",5,lib/tests/core/fact.zy,jobs
debug,0,233458,343,14,4989417,False,"[276, 90, 14, 0]",5,lib/tests/core/fact.zy,explicit
debug,0,256333,343,14,5197041,False,"[276, 90, 14, 0]",5,lib/tests/core/fact.zy,recursive
debug,0,279791,343,14,5380876,False,"[276, 90, 14, 0]",5,lib/tests/core/fact.zy,original
debug,0,313625,343,14,5956707,False,"[276, 90, 14, 0]",6,lib/tests/core/fact.zy,explicit
debug,0,320086,343,14,5422874,False,"[276, 90, 14, 0]",6,lib/tests/core/fact.zy,recursive
debug,0,243251,343,14,4742998,False,"[276, 90, 14, 0]",6,lib/tests/core/fact.zy,original
debug,0,238417,343,14,4562872,False,"[276, 90, 14, 0]",6,lib/tests/core/fact.zy,jobs
debug,0,247667,343,14,5015333,False,"[276, 90, 14, 0]",7,lib/tests/core/fact.zy,recursive
debug,0,275585,343,14,4728165,False,"[276, 90, 14, 0]",7,lib/tests/core/fact.zy,original
debug,0,247165,343,14,4716542,False,"[276, 90, 14, 0]",7,lib/tests/core/fact.zy,jobs
debug,0,258374,343,14,5193541,False,"[276, 90, 14, 0]",7,lib/tests/core/fact.zy,explicit
debug,0,275001,343,14,4992960,False,"[276, 90, 14, 0]",8,lib/tests/core/fact.zy,original
debug,0,299667,343,14,5278002,False,"[276, 90, 14, 0]",8,lib/tests/core/fact.zy,jobs
debug,0,347248,343,14,6125626,False,"[276, 90, 14, 0]",8,lib/tests/core/fact.zy,explicit
debug,0,293292,343,14,5170666,False,"[276, 90, 14, 0]",8,lib/tests/core/fact.zy,recursive
debug,0,301210,343,14,5345584,False,"[276, 90, 14, 0]",9,lib/tests/core/fact.zy,jobs
debug,0,318582,343,14,6622040,False,"[276, 90, 14, 0]",9,lib/tests/core/fact.zy,explicit
debug,0,271876,343,14,5296085,False,"[276, 90, 14, 0]",9,lib/tests/core/fact.zy,recursive
debug,0,310957,343,14,5721044,False,"[276, 90, 14, 0]",9,lib/tests/core/fact.zy,original
debug,0,281874,343,14,5279373,False,"[276, 90, 14, 0]",10,lib/tests/core/fact.zy,explicit
debug,0,238793,343,14,4869875,False,"[276, 90, 14, 0]",10,lib/tests/core/fact.zy,recursive
debug,0,296957,343,14,5268957,False,"[276, 90, 14, 0]",10,lib/tests/core/fact.zy,original
debug,0,293126,343,14,5201543,False,"[276, 90, 14, 0]",10,lib/tests/core/fact.zy,jobs
debug,0,251502,343,14,5071998,False,"[276, 90, 14, 0]",11,lib/tests/core/fact.zy,recursive
debug,0,324373,343,14,5672628,False,"[276, 90, 14, 0]",11,lib/tests/core/fact.zy,original
debug,0,307917,343,14,5238042,False,"[276, 90, 14, 0]",11,lib/tests/core/fact.zy,jobs
debug,0,286542,343,14,5367959,False,"[276, 90, 14, 0]",11,lib/tests/core/fact.zy,explicit
debug,0,321791,343,14,5635917,False,"[276, 90, 14, 0]",12,lib/tests/core/fact.zy,original
debug,0,290210,343,14,5165915,False,"[276, 90, 14, 0]",12,lib/tests/core/fact.zy,jobs
debug,0,250374,343,14,5063125,False,"[276, 90, 14, 0]",12,lib/tests/core/fact.zy,explicit
debug,0,246293,343,14,5023627,False,"[276, 90, 14, 0]",12,lib/tests/core/fact.zy,recursive
debug,0,278459,343,14,4879249,False,"[276, 90, 14, 0]",13,lib/tests/core/fact.zy,jobs
debug,0,247291,343,14,5090583,False,"[276, 90, 14, 0]",13,lib/tests/core/fact.zy,explicit
debug,0,243249,343,14,5029499,False,"[276, 90, 14, 0]",13,lib/tests/core/fact.zy,recursive
debug,0,266794,343,14,4840373,False,"[276, 90, 14, 0]",13,lib/tests/core/fact.zy,original
debug,0,251998,343,14,5064749,False,"[276, 90, 14, 0]",14,lib/tests/core/fact.zy,explicit
debug,0,242543,343,14,5022040,False,"[276, 90, 14, 0]",14,lib/tests/core/fact.zy,recursive
debug,0,244917,343,14,4700540,False,"[276, 90, 14, 0]",14,lib/tests/core/fact.zy,original
debug,0,246748,343,14,4625750,False,"[276, 90, 14, 0]",14,lib/tests/core/fact.zy,jobs
debug,0,272874,343,14,5003749,False,"[276, 90, 14, 0]",15,lib/tests/core/fact.zy,recursive
debug,0,252581,343,14,4646501,False,"[276, 90, 14, 0]",15,lib/tests/core/fact.zy,original
debug,0,239539,343,14,4591206,False,"[276, 90, 14, 0]",15,lib/tests/core/fact.zy,jobs
debug,0,244918,343,14,5145209,False,"[276, 90, 14, 0]",15,lib/tests/core/fact.zy,explicit
debug,0,244958,343,14,4913209,False,"[276, 90, 14, 0]",16,lib/tests/core/fact.zy,original
debug,0,249374,343,14,4615248,False,"[276, 90, 14, 0]",16,lib/tests/core/fact.zy,jobs
debug,0,242707,343,14,5144998,False,"[276, 90, 14, 0]",16,lib/tests/core/fact.zy,explicit
debug,0,241504,343,14,4942584,False,"[276, 90, 14, 0]",16,lib/tests/core/fact.zy,recursive
debug,0,234040,343,14,4530044,False,"[276, 90, 14, 0]",17,lib/tests/core/fact.zy,jobs
debug,0,254711,343,14,5061420,False,"[276, 90, 14, 0]",17,lib/tests/core/fact.zy,explicit
debug,0,229668,343,14,4847501,False,"[276, 90, 14, 0]",17,lib/tests/core/fact.zy,recursive
debug,0,239459,343,14,4713917,False,"[276, 90, 14, 0]",17,lib/tests/core/fact.zy,original
debug,0,238459,343,14,5028791,False,"[276, 90, 14, 0]",18,lib/tests/core/fact.zy,explicit
debug,0,236628,343,14,5012877,False,"[276, 90, 14, 0]",18,lib/tests/core/fact.zy,recursive
debug,0,236122,343,14,4630502,False,"[276, 90, 14, 0]",18,lib/tests/core/fact.zy,original
debug,0,235752,343,14,4555375,False,"[276, 90, 14, 0]",18,lib/tests/core/fact.zy,jobs
debug,0,247003,343,14,4857167,False,"[276, 90, 14, 0]",19,lib/tests/core/fact.zy,recursive
debug,0,236791,343,14,4654750,False,"[276, 90, 14, 0]",19,lib/tests/core/fact.zy,original
debug,0,233332,343,14,4535291,False,"[276, 90, 14, 0]",19,lib/tests/core/fact.zy,jobs
debug,0,268837,343,14,5280584,False,"[276, 90, 14, 0]",19,lib/tests/core/fact.zy,explicit
debug,0,276207,343,14,5126460,False,"[276, 90, 14, 0]",20,lib/tests/core/fact.zy,original
debug,0,303831,343,14,5289001,False,"[276, 90, 14, 0]",20,lib/tests/core/fact.zy,jobs
debug,0,249833,343,14,5119833,False,"[276, 90, 14, 0]",20,lib/tests/core/fact.zy,explicit
debug,0,268792,343,14,5243291,False,"[276, 90, 14, 0]",20,lib/tests/core/fact.zy,recursive
debug,0,276582,343,14,5163997,False,"[276, 90, 14, 0]",21,lib/tests/core/fact.zy,jobs
debug,0,252916,343,14,5143710,False,"[276, 90, 14, 0]",21,lib/tests/core/fact.zy,explicit
debug,0,308749,343,14,5643459,False,"[276, 90, 14, 0]",21,lib/tests/core/fact.zy,recursive
debug,0,293669,343,14,5286873,False,"[276, 90, 14, 0]",21,lib/tests/core/fact.zy,original
debug,0,280126,343,14,5609749,False,"[276, 90, 14, 0]",22,lib/tests/core/fact.zy,explicit
debug,0,304584,343,14,5704958,False,"[276, 90, 14, 0]",22,lib/tests/core/fact.zy,recursive
debug,0,299624,343,14,4909922,False,"[276, 90, 14, 0]",22,lib/tests/core/fact.zy,original
debug,0,309209,343,14,4823458,False,"[276, 90, 14, 0]",22,lib/tests/core/fact.zy,jobs
debug,0,296792,343,14,5313666,False,"[276, 90, 14, 0]",23,lib/tests/core/fact.zy,recursive
debug,0,256585,343,14,4806378,False,"[276, 90, 14, 0]",23,lib/tests/core/fact.zy,original
debug,0,312668,343,14,5243334,False,"[276, 90, 14, 0]",23,lib/tests/core/fact.zy,jobs
debug,0,312085,343,14,5888290,False,"[276, 90, 14, 0]",23,lib/tests/core/fact.zy,explicit
debug,0,247916,343,14,4639958,False,"[276, 90, 14, 0]",24,lib/tests/core/fact.zy,original
debug,0,274666,343,14,4762624,False,"[276, 90, 14, 0]",24,lib/tests/core/fact.zy,jobs
debug,0,263624,343,14,5464419,False,"[276, 90, 14, 0]",24,lib/tests/core/fact.zy,explicit
debug,0,269333,343,14,5125538,False,"[276, 90, 14, 0]",24,lib/tests/core/fact.zy,recursive
debug,0,310001,343,14,5340622,False,"[276, 90, 14, 0]",25,lib/tests/core/fact.zy,jobs
debug,0,303667,343,14,5693042,False,"[276, 90, 14, 0]",25,lib/tests/core/fact.zy,explicit
debug,0,269791,343,14,5021207,False,"[276, 90, 14, 0]",25,lib/tests/core/fact.zy,recursive
debug,0,334750,343,14,5707125,False,"[276, 90, 14, 0]",25,lib/tests/core/fact.zy,original
debug,0,261541,343,14,5318833,False,"[276, 90, 14, 0]",26,lib/tests/core/fact.zy,explicit
debug,0,294833,343,14,5347292,False,"[276, 90, 14, 0]",26,lib/tests/core/fact.zy,recursive
debug,0,387831,343,14,5845999,False,"[276, 90, 14, 0]",26,lib/tests/core/fact.zy,original
debug,0,257500,343,14,4554833,False,"[276, 90, 14, 0]",26,lib/tests/core/fact.zy,jobs
debug,0,341458,343,14,6520334,False,"[276, 90, 14, 0]",27,lib/tests/core/fact.zy,recursive
debug,0,267209,343,14,5084959,False,"[276, 90, 14, 0]",27,lib/tests/core/fact.zy,original
debug,0,263541,343,14,4774290,False,"[276, 90, 14, 0]",27,lib/tests/core/fact.zy,jobs
debug,0,340374,343,14,6263417,False,"[276, 90, 14, 0]",27,lib/tests/core/fact.zy,explicit
debug,0,276583,343,14,4908375,False,"[276, 90, 14, 0]",28,lib/tests/core/fact.zy,original
debug,0,244834,343,14,4566999,False,"[276, 90, 14, 0]",28,lib/tests/core/fact.zy,jobs
debug,0,238708,343,14,4938791,False,"[276, 90, 14, 0]",28,lib/tests/core/fact.zy,explicit
debug,0,249833,343,14,4857794,False,"[276, 90, 14, 0]",28,lib/tests/core/fact.zy,recursive
debug,0,246125,343,14,4582167,False,"[276, 90, 14, 0]",29,lib/tests/core/fact.zy,jobs
debug,0,237209,343,14,4968250,False,"[276, 90, 14, 0]",29,lib/tests/core/fact.zy,explicit
debug,0,230960,343,14,4830250,False,"[276, 90, 14, 0]",29,lib/tests/core/fact.zy,recursive
debug,0,231376,343,14,4597626,False,"[276, 90, 14, 0]",29,lib/tests/core/fact.zy,original
debug,0,231210,343,14,4961664,False,"[276, 90, 14, 0]",30,lib/tests/core/fact.zy,explicit
debug,0,237917,343,14,4864584,False,"[276, 90, 14, 0]",30,lib/tests/core/fact.zy,recursive
debug,0,248791,343,14,4798917,False,"[276, 90, 14, 0]",30,lib/tests/core/fact.zy,original
debug,0,239749,343,14,4583707,False,"[276, 90, 14, 0]",30,lib/tests/core/fact.zy,jobs
debug,0,236499,343,14,4886292,False,"[276, 90, 14, 0]",31,lib/tests/core/fact.zy,recursive
debug,0,240044,343,14,4651789,False,"[276, 90, 14, 0]",31,lib/tests/core/fact.zy,original
debug,0,280378,343,14,4644624,False,"[276, 90, 14, 0]",31,lib/tests/core/fact.zy,jobs
debug,0,236167,343,14,5023249,False,"[276, 90, 14, 0]",31,lib/tests/core/fact.zy,explicit
debug,0,274333,343,15,5013545,True,"[265, 89, 14, 13]",0,lib/tests/core/fact.zy,original
debug,0,257875,343,15,4732373,True,"[265, 89, 14, 13]",0,lib/tests/core/fact.zy,jobs
debug,0,282291,343,15,5456501,True,"[265, 89, 14, 13]",0,lib/tests/core/fact.zy,explicit
debug,0,267039,343,15,5124834,True,"[265, 89, 14, 13]",0,lib/tests/core/fact.zy,recursive
debug,0,269251,343,15,4832335,True,"[265, 89, 14, 13]",1,lib/tests/core/fact.zy,jobs
debug,0,261792,343,15,5203835,True,"[265, 89, 14, 13]",1,lib/tests/core/fact.zy,explicit
debug,0,263833,343,15,5101792,True,"[265, 89, 14, 13]",1,lib/tests/core/fact.zy,recursive
debug,0,286042,343,15,4998333,True,"[265, 89, 14, 13]",1,lib/tests/core/fact.zy,original
debug,0,274707,343,15,5254083,True,"[265, 89, 14, 13]",2,lib/tests/core/fact.zy,explicit
debug,0,277208,343,15,5168875,True,"[265, 89, 14, 13]",2,lib/tests/core/fact.zy,recursive
debug,0,282043,343,15,5044500,True,"[265, 89, 14, 13]",2,lib/tests/core/fact.zy,original
debug,0,275705,343,15,4794835,True,"[265, 89, 14, 13]",2,lib/tests/core/fact.zy,jobs
debug,0,265669,343,15,5090999,True,"[265, 89, 14, 13]",3,lib/tests/core/fact.zy,recursive
debug,0,289751,343,15,4993253,True,"[265, 89, 14, 13]",3,lib/tests/core/fact.zy,original
debug,0,306082,343,15,4828917,True,"[265, 89, 14, 13]",3,lib/tests/core/fact.zy,jobs
debug,0,338041,343,15,5747835,True,"[265, 89, 14, 13]",3,lib/tests/core/fact.zy,explicit
debug,0,270664,343,15,4877167,True,"[265, 89, 14, 13]",4,lib/tests/core/fact.zy,original
debug,0,258668,343,15,4794751,True,"[265, 89, 14, 13]",4,lib/tests/core/fact.zy,jobs
debug,0,261791,343,15,5264000,True,"[265, 89, 14, 13]",4,lib/tests/core/fact.zy,explicit
debug,0,269709,343,15,5138500,True,"[265, 89, 14, 13]",4,lib/tests/core/fact.zy,recursive
debug,0,268625,343,15,4861710,True,"[265, 89, 14, 13]",5,lib/tests/core/fact.zy,jobs
debug,0,260708,343,15,5206957,True,"[265, 89, 14, 13]",5,lib/tests/core/fact.zy,explicit
debug,0,256502,343,15,5105998,True,"[265, 89, 14, 13]",5,lib/tests/core/fact.zy,recursive
debug,0,265916,343,15,4987333,True,"[265, 89, 14, 13]",5,lib/tests/core/fact.zy,original
debug,0,286086,343,15,5435417,True,"[265, 89, 14, 13]",6,lib/tests/core/fact.zy,explicit
debug,0,260376,343,15,5103459,True,"[265, 89, 14, 13]",6,lib/tests/core/fact.zy,recursive
debug,0,266918,343,15,4900918,True,"[265, 89, 14, 13]",6,lib/tests/core/fact.zy,original
debug,0,265832,343,15,4733582,True,"[265, 89, 14, 13]",6,lib/tests/core/fact.zy,jobs
debug,0,351583,343,15,5267876,True,"[265, 89, 14, 13]",7,lib/tests/core/fact.zy,recursive
debug,0,274166,343,15,5189790,True,"[265, 89, 14, 13]",7,lib/tests/core/fact.zy,original
debug,0,269959,343,15,4758835,True,"[265, 89, 14, 13]",7,lib/tests/core/fact.zy,jobs
debug,0,272457,343,15,5276835,True,"[265, 89, 14, 13]",7,lib/tests/core/fact.zy,explicit
debug,0,274416,343,15,5146791,True,"[265, 89, 14, 13]",8,lib/tests/core/fact.zy,original
debug,0,268750,343,15,4755960,True,"[265, 89, 14, 13]",8,lib/tests/core/fact.zy,jobs
debug,0,267750,343,15,5388080,True,"[265, 89, 14, 13]",8,lib/tests/core/fact.zy,explicit
debug,0,256708,343,15,5089125,True,"[265, 89, 14, 13]",8,lib/tests/core/fact.zy,recursive
debug,0,419792,343,15,6396832,True,"[265, 89, 14, 13]",9,lib/tests/core/fact.zy,jobs
debug,0,367832,343,15,6055542,True,"[265, 89, 14, 13]",9,lib/tests/core/fact.zy,explicit
debug,0,261706,343,15,5113375,True,"[265, 89, 14, 13]",9,lib/tests/core/fact.zy,recursive
debug,0,261040,343,15,4865249,True,"[265, 89, 14, 13]",9,lib/tests/core/fact.zy,original
debug,0,253333,343,15,5187040,True,"[265, 89, 14, 13]",10,lib/tests/core/fact.zy,explicit
debug,0,276832,343,15,5282041,True,"[265, 89, 14, 13]",10,lib/tests/core/fact.zy,recursive
debug,0,261543,343,15,4880168,True,"[265, 89, 14, 13]",10,lib/tests/core/fact.zy,original
debug,0,264626,343,15,4734499,True,"[265, 89, 14, 13]",10,lib/tests/core/fact.zy,jobs
debug,0,262667,343,15,5133123,True,"[265, 89, 14, 13]",11,lib/tests/core/fact.zy,recursive
debug,0,280209,343,15,4967209,True,"[265, 89, 14, 13]",11,lib/tests/core/fact.zy,original
debug,0,261205,343,15,4750709,True,"[265, 89, 14, 13]",11,lib/tests/core/fact.zy,jobs
debug,0,285334,343,15,5453126,True,"[265, 89, 14, 13]",11,lib/tests/core/fact.zy,explicit
debug,0,275538,343,15,4926290,True,"[265, 89, 14, 13]",12,lib/tests/core/fact.zy,original
debug,0,275251,343,15,4845835,True,"[265, 89, 14, 13]",12,lib/tests/core/fact.zy,jobs
debug,0,267168,343,15,5279877,True,"[265, 89, 14, 13]",12,lib/tests/core/fact.zy,explicit
debug,0,267086,343,15,5087791,True,"[265, 89, 14, 13]",12,lib/tests/core/fact.zy,recursive
debug,0,265373,343,15,4808206,True,"[265, 89, 14, 13]",13,lib/tests/core/fact.zy,jobs
debug,0,263626,343,15,5366375,True,"[265, 89, 14, 13]",13,lib/tests/core/fact.zy,explicit
debug,0,272624,343,15,5218542,True,"[265, 89, 14, 13]",13,lib/tests/core/fact.zy,recursive
debug,0,294168,343,15,5038666,True,"[265, 89, 14, 13]",13,lib/tests/core/fact.zy,original
debug,0,363041,343,15,6384333,True,"[265, 89, 14, 13]",14,lib/tests/core/fact.zy,explicit
debug,0,266333,343,15,5156583,True,"[265, 89, 14, 13]",14,lib/tests/core/fact.zy,recursive
debug,0,267373,343,15,4902832,True,"[265, 89, 14, 13]",14,lib/tests/core/fact.zy,original
debug,0,271004,343,15,4771041,True,"[265, 89, 14, 13]",14,lib/tests/core/fact.zy,jobs
debug,0,261000,343,15,5138293,True,"[265, 89, 14, 13]",15,lib/tests/core/fact.zy,recursive
debug,0,259627,343,15,4871961,True,"[265, 89, 14, 13]",15,lib/tests/core/fact.zy,original
debug,0,262876,343,15,4708499,True,"[265, 89, 14, 13]",15,lib/tests/core/fact.zy,jobs
debug,0,270373,343,15,5429792,True,"[265, 89, 14, 13]",15,lib/tests/core/fact.zy,explicit
debug,0,338043,343,15,5659418,True,"[265, 89, 14, 13]",16,lib/tests/core/fact.zy,original
debug,0,309084,343,15,5445420,True,"[265, 89, 14, 13]",16,lib/tests/core/fact.zy,jobs
debug,0,316247,343,15,5541747,True,"[265, 89, 14, 13]",16,lib/tests/core/fact.zy,explicit
debug,0,352042,343,15,5796874,True,"[265, 89, 14, 13]",16,lib/tests/core/fact.zy,recursive
debug,0,342541,343,15,5763918,True,"[265, 89, 14, 13]",17,lib/tests/core/fact.zy,jobs
debug,0,273124,343,15,5405250,True,"[265, 89, 14, 13]",17,lib/tests/core/fact.zy,explicit
debug,0,373748,343,15,5852335,True,"[265, 89, 14, 13]",17,lib/tests/core/fact.zy,recursive
debug,0,330960,343,15,5545209,True,"[265, 89, 14, 13]",17,lib/tests/core/fact.zy,original
debug,0,345500,343,15,6359540,True,"[265, 89, 14, 13]",18,lib/tests/core/fact.zy,explicit
debug,0,346623,343,15,6499335,True,"[265, 89, 14, 13]",18,lib/tests/core/fact.zy,recursive
debug,0,279667,343,15,5005457,True,"[265, 89, 14, 13]",18,lib/tests/core/fact.zy,original
debug,0,327166,343,15,5344626,True,"[265, 89, 14, 13]",18,lib/tests/core/fact.zy,jobs
debug,0,276500,343,15,5253545,True,"[265, 89, 14, 13]",19,lib/tests/core/fact.zy,recursive
debug,0,304708,343,15,5392918,True,"[265, 89, 14, 13]",19,lib/tests/core/fact.zy,original
debug,0,357499,343,15,5695045,True,"[265, 89, 14, 13]",19,lib/tests/core/fact.zy,jobs
debug,0,290123,343,15,5436626,True,"[265, 89, 14, 13]",19,lib/tests/core/fact.zy,explicit
debug,0,274290,343,15,5001164,True,"[265, 89, 14, 13]",20,lib/tests/core/fact.zy,original
debug,0,266373,343,15,4742415,True,"[265, 89, 14, 13]",20,lib/tests/core/fact.zy,jobs
debug,0,274334,343,15,5334124,True,"[265, 89, 14, 13]",20,lib/tests/core/fact.zy,explicit
debug,0,270622,343,15,5071418,True,"[265, 89, 14, 13]",20,lib/tests/core/fact.zy,recursive
debug,0,261251,343,15,4735918,True,"[265, 89, 14, 13]",21,lib/tests/core/fact.zy,jobs
debug,0,267584,343,15,5272873,True,"[265, 89, 14, 13]",21,lib/tests/core/fact.zy,explicit
debug,0,263916,343,15,5141334,True,"[265, 89, 14, 13]",21,lib/tests/core/fact.zy,recursive
debug,0,259917,343,15,4901333,True,"[265, 89, 14, 13]",21,lib/tests/core/fact.zy,original
debug,0,255331,343,15,5254250,True,"[265, 89, 14, 13]",22,lib/tests/core/fact.zy,explicit
debug,0,254124,343,15,5048249,True,"[265, 89, 14, 13]",22,lib/tests/core/fact.zy,recursive
debug,0,260708,343,15,4948043,True,"[265, 89, 14, 13]",22,lib/tests/core/fact.zy,original
debug,0,265375,343,15,4723834,True,"[265, 89, 14, 13]",22,lib/tests/core/fact.zy,jobs
debug,0,259957,343,15,5130498,True,"[265, 89, 14, 13]",23,lib/tests/core/fact.zy,recursive
debug,0,268792,343,15,4878294,True,"[265, 89, 14, 13]",23,lib/tests/core/fact.zy,original
debug,0,259167,343,15,4725791,True,"[265, 89, 14, 13]",23,lib/tests/core/fact.zy,jobs
debug,0,260586,343,15,5291875,True,"[265, 89, 14, 13]",23,lib/tests/core/fact.zy,explicit
debug,0,260625,343,15,4911876,True,"[265, 89, 14, 13]",24,lib/tests/core/fact.zy,original
debug,0,257875,343,15,4821210,True,"[265, 89, 14, 13]",24,lib/tests/core/fact.zy,jobs
debug,0,259957,343,15,5263584,True,"[265, 89, 14, 13]",24,lib/tests/core/fact.zy,explicit
debug,0,257957,343,15,5126002,True,"[265, 89, 14, 13]",24,lib/tests/core/fact.zy,recursive
debug,0,261666,343,15,4727793,True,"[265, 89, 14, 13]",25,lib/tests/core/fact.zy,jobs
debug,0,257586,343,15,5222334,True,"[265, 89, 14, 13]",25,lib/tests/core/fact.zy,explicit
debug,0,298665,343,15,5102668,True,"[265, 89, 14, 13]",25,lib/tests/core/fact.zy,recursive
debug,0,259166,343,15,4872252,True,"[265, 89, 14, 13]",25,lib/tests/core/fact.zy,original
debug,0,257085,343,15,5257832,True,"[265, 89, 14, 13]",26,lib/tests/core/fact.zy,explicit
debug,0,252458,343,15,5066123,True,"[265, 89, 14, 13]",26,lib/tests/core/fact.zy,recursive
debug,0,258500,343,15,4869125,True,"[265, 89, 14, 13]",26,lib/tests/core/fact.zy,original
debug,0,275000,343,15,4890665,True,"[265, 89, 14, 13]",26,lib/tests/core/fact.zy,jobs
debug,0,277500,343,15,5267792,True,"[265, 89, 14, 13]",27,lib/tests/core/fact.zy,recursive
debug,0,311500,343,15,5399960,True,"[265, 89, 14, 13]",27,lib/tests/core/fact.zy,original
debug,0,284041,343,15,4852959,True,"[265, 89, 14, 13]",27,lib/tests/core/fact.zy,jobs
debug,0,346333,343,15,6176789,True,"[265, 89, 14, 13]",27,lib/tests/core/fact.zy,explicit
debug,0,346873,343,15,6480417,True,"[265, 89, 14, 13]",28,lib/tests/core/fact.zy,original
debug,0,342793,343,15,5785874,True,"[265, 89, 14, 13]",28,lib/tests/core/fact.zy,jobs
debug,0,301584,343,15,5670042,True,"[265, 89, 14, 13]",28,lib/tests/core/fact.zy,explicit
debug,0,295709,343,15,5373833,True,"[265, 89, 14, 13]",28,lib/tests/core/fact.zy,recursive
debug,0,321625,343,15,5303125,True,"[265, 89, 14, 13]",29,lib/tests/core/fact.zy,jobs
debug,0,339997,343,15,6093334,True,"[265, 89, 14, 13]",29,lib/tests/core/fact.zy,explicit
debug,0,272833,343,15,5251958,True,"[265, 89, 14, 13]",29,lib/tests/core/fact.zy,recursive
debug,0,387998,343,15,6552001,True,"[265, 89, 14, 13]",29,lib/tests/core/fact.zy,original
debug,0,309375,343,15,5506082,True,"[265, 89, 14, 13]",30,lib/tests/core/fact.zy,explicit
debug,0,340917,343,15,5516917,True,"[265, 89, 14, 13]",30,lib/tests/core/fact.zy,recursive
debug,0,289210,343,15,6330835,True,"[265, 89, 14, 13]",30,lib/tests/core/fact.zy,original
debug,0,291374,343,15,4998707,True,"[265, 89, 14, 13]",30,lib/tests/core/fact.zy,jobs
debug,0,329793,343,15,5853166,True,"[265, 89, 14, 13]",31,lib/tests/core/fact.zy,recursive
debug,0,325626,343,15,5532043,True,"[265, 89, 14, 13]",31,lib/tests/core/fact.zy,original
debug,0,267417,343,15,4842795,True,"[265, 89, 14, 13]",31,lib/tests/core/fact.zy,jobs
debug,0,345543,343,15,6485871,True,"[265, 89, 14, 13]",31,lib/tests/core/fact.zy,explicit
debug,0,258871,4,1024,1567277,False,"[2, 0, 0, 0]",0,lib/tests/core/pattern-alias.zy,original
debug,0,298013,4,1024,1461841,False,"[2, 0, 0, 0]",0,lib/tests/core/pattern-alias.zy,jobs
debug,0,268335,4,1024,1823509,False,"[2, 0, 0, 0]",0,lib/tests/core/pattern-alias.zy,explicit
debug,0,617614,4,1024,1817282,False,"[2, 0, 0, 0]",0,lib/tests/core/pattern-alias.zy,recursive
debug,0,280879,4,1024,1519982,False,"[2, 0, 0, 0]",1,lib/tests/core/pattern-alias.zy,jobs
debug,0,278809,4,1024,1681001,False,"[2, 0, 0, 0]",1,lib/tests/core/pattern-alias.zy,explicit
debug,0,251643,4,1024,1588575,False,"[2, 0, 0, 0]",1,lib/tests/core/pattern-alias.zy,recursive
debug,0,329290,4,1024,1748664,False,"[2, 0, 0, 0]",1,lib/tests/core/pattern-alias.zy,original
debug,0,341965,4,1024,2033795,False,"[2, 0, 0, 0]",2,lib/tests/core/pattern-alias.zy,explicit
debug,0,708439,4,1024,2276725,False,"[2, 0, 0, 0]",2,lib/tests/core/pattern-alias.zy,recursive
debug,0,275691,4,1024,1528340,False,"[2, 0, 0, 0]",2,lib/tests/core/pattern-alias.zy,original
debug,0,248242,4,1024,1384897,False,"[2, 0, 0, 0]",2,lib/tests/core/pattern-alias.zy,jobs
debug,0,259002,4,1024,1608003,False,"[2, 0, 0, 0]",3,lib/tests/core/pattern-alias.zy,recursive
debug,0,315138,4,1024,1764489,False,"[2, 0, 0, 0]",3,lib/tests/core/pattern-alias.zy,original
debug,0,341565,4,1024,1777969,False,"[2, 0, 0, 0]",3,lib/tests/core/pattern-alias.zy,jobs
debug,0,346102,4,1024,2041913,False,"[2, 0, 0, 0]",3,lib/tests/core/pattern-alias.zy,explicit
debug,0,292345,4,1024,1597905,False,"[2, 0, 0, 0]",4,lib/tests/core/pattern-alias.zy,original
debug,0,252384,4,1024,1396342,False,"[2, 0, 0, 0]",4,lib/tests/core/pattern-alias.zy,jobs
debug,0,271296,4,1024,1660884,False,"[2, 0, 0, 0]",4,lib/tests/core/pattern-alias.zy,explicit
debug,0,241998,4,1024,1571590,False,"[2, 0, 0, 0]",4,lib/tests/core/pattern-alias.zy,recursive
debug,0,242216,4,1024,1377879,False,"[2, 0, 0, 0]",5,lib/tests/core/pattern-alias.zy,jobs
debug,0,243251,4,1024,1660767,False,"[2, 0, 0, 0]",5,lib/tests/core/pattern-alias.zy,explicit
debug,0,239698,4,1024,1567637,False,"[2, 0, 0, 0]",5,lib/tests/core/pattern-alias.zy,recursive
debug,0,243423,4,1024,1397339,False,"[2, 0, 0, 0]",5,lib/tests/core/pattern-alias.zy,original
debug,0,254337,4,1024,1653709,False,"[2, 0, 0, 0]",6,lib/tests/core/pattern-alias.zy,explicit
debug,0,250077,4,1024,1696756,False,"[2, 0, 0, 0]",6,lib/tests/core/pattern-alias.zy,recursive
debug,0,243195,4,1024,1397323,False,"[2, 0, 0, 0]",6,lib/tests/core/pattern-alias.zy,original
debug,0,239747,4,1024,1377574,False,"[2, 0, 0, 0]",6,lib/tests/core/pattern-alias.zy,jobs
debug,0,240887,4,1024,1573501,False,"[2, 0, 0, 0]",7,lib/tests/core/pattern-alias.zy,recursive
debug,0,243413,4,1024,1429141,False,"[2, 0, 0, 0]",7,lib/tests/core/pattern-alias.zy,original
debug,0,244695,4,1024,1406286,False,"[2, 0, 0, 0]",7,lib/tests/core/pattern-alias.zy,jobs
debug,0,243963,4,1024,1684538,False,"[2, 0, 0, 0]",7,lib/tests/core/pattern-alias.zy,explicit
debug,0,244921,4,1024,1426278,False,"[2, 0, 0, 0]",8,lib/tests/core/pattern-alias.zy,original
debug,0,262488,4,1024,1523360,False,"[2, 0, 0, 0]",8,lib/tests/core/pattern-alias.zy,jobs
debug,0,259844,4,1024,1656315,False,"[2, 0, 0, 0]",8,lib/tests/core/pattern-alias.zy,explicit
debug,0,257451,4,1024,1579098,False,"[2, 0, 0, 0]",8,lib/tests/core/pattern-alias.zy,recursive
debug,0,255997,4,1024,1371382,False,"[2, 0, 0, 0]",9,lib/tests/core/pattern-alias.zy,jobs
debug,0,265049,4,1024,1677965,False,"[2, 0, 0, 0]",9,lib/tests/core/pattern-alias.zy,explicit
debug,0,289148,4,1024,1712115,False,"[2, 0, 0, 0]",9,lib/tests/core/pattern-alias.zy,recursive
debug,0,263763,4,1024,1437789,False,"[2, 0, 0, 0]",9,lib/tests/core/pattern-alias.zy,original
debug,0,247076,4,1024,1653606,False,"[2, 0, 0, 0]",10,lib/tests/core/pattern-alias.zy,explicit
debug,0,245391,4,1024,1594144,False,"[2, 0, 0, 0]",10,lib/tests/core/pattern-alias.zy,recursive
debug,0,252088,4,1024,1426996,False,"[2, 0, 0, 0]",10,lib/tests/core/pattern-alias.zy,original
debug,0,243300,4,1024,1379426,False,"[2, 0, 0, 0]",10,lib/tests/core/pattern-alias.zy,jobs
debug,0,245917,4,1024,1581728,False,"[2, 0, 0, 0]",11,lib/tests/core/pattern-alias.zy,recursive
debug,0,264513,4,1024,1451339,False,"[2, 0, 0, 0]",11,lib/tests/core/pattern-alias.zy,original
debug,0,252032,4,1024,1370580,False,"[2, 0, 0, 0]",11,lib/tests/core/pattern-alias.zy,jobs
debug,0,245255,4,1024,1647102,False,"[2, 0, 0, 0]",11,lib/tests/core/pattern-alias.zy,explicit
debug,0,247331,4,1024,1392663,False,"[2, 0, 0, 0]",12,lib/tests/core/pattern-alias.zy,original
debug,0,245466,4,1024,1374007,False,"[2, 0, 0, 0]",12,lib/tests/core/pattern-alias.zy,jobs
debug,0,241664,4,1024,1641481,False,"[2, 0, 0, 0]",12,lib/tests/core/pattern-alias.zy,explicit
debug,0,244754,4,1024,1579208,False,"[2, 0, 0, 0]",12,lib/tests/core/pattern-alias.zy,recursive
debug,0,252210,4,1024,1400424,False,"[2, 0, 0, 0]",13,lib/tests/core/pattern-alias.zy,jobs
debug,0,251839,4,1024,1670468,False,"[2, 0, 0, 0]",13,lib/tests/core/pattern-alias.zy,explicit
debug,0,246055,4,1024,1562849,False,"[2, 0, 0, 0]",13,lib/tests/core/pattern-alias.zy,recursive
debug,0,248871,4,1024,1387252,False,"[2, 0, 0, 0]",13,lib/tests/core/pattern-alias.zy,original
debug,0,248901,4,1024,1633538,False,"[2, 0, 0, 0]",14,lib/tests/core/pattern-alias.zy,explicit
debug,0,247592,4,1024,1562496,False,"[2, 0, 0, 0]",14,lib/tests/core/pattern-alias.zy,recursive
debug,0,254300,4,1024,1385710,False,"[2, 0, 0, 0]",14,lib/tests/core/pattern-alias.zy,original
debug,0,245414,4,1024,1350641,False,"[2, 0, 0, 0]",14,lib/tests/core/pattern-alias.zy,jobs
debug,0,246349,4,1024,1547871,False,"[2, 0, 0, 0]",15,lib/tests/core/pattern-alias.zy,recursive
debug,0,247478,4,1024,1374522,False,"[2, 0, 0, 0]",15,lib/tests/core/pattern-alias.zy,original
debug,0,245926,4,1024,1347597,False,"[2, 0, 0, 0]",15,lib/tests/core/pattern-alias.zy,jobs
debug,0,248650,4,1024,1646225,False,"[2, 0, 0, 0]",15,lib/tests/core/pattern-alias.zy,explicit
debug,0,249335,4,1024,1422666,False,"[2, 0, 0, 0]",16,lib/tests/core/pattern-alias.zy,original
debug,0,245837,4,1024,1407419,False,"[2, 0, 0, 0]",16,lib/tests/core/pattern-alias.zy,jobs
debug,0,272182,4,1024,1806502,False,"[2, 0, 0, 0]",16,lib/tests/core/pattern-alias.zy,explicit
debug,0,242247,4,1024,1561917,False,"[2, 0, 0, 0]",16,lib/tests/core/pattern-alias.zy,recursive
debug,0,255772,4,1024,1413146,False,"[2, 0, 0, 0]",17,lib/tests/core/pattern-alias.zy,jobs
debug,0,257566,4,1024,1709117,False,"[2, 0, 0, 0]",17,lib/tests/core/pattern-alias.zy,explicit
debug,0,246710,4,1024,1602834,False,"[2, 0, 0, 0]",17,lib/tests/core/pattern-alias.zy,recursive
debug,0,249906,4,1024,1403882,False,"[2, 0, 0, 0]",17,lib/tests/core/pattern-alias.zy,original
debug,0,248347,4,1024,1627143,False,"[2, 0, 0, 0]",18,lib/tests/core/pattern-alias.zy,explicit
debug,0,242048,4,1024,1558038,False,"[2, 0, 0, 0]",18,lib/tests/core/pattern-alias.zy,recursive
debug,0,251875,4,1024,1391158,False,"[2, 0, 0, 0]",18,lib/tests/core/pattern-alias.zy,original
debug,0,246869,4,1024,1388651,False,"[2, 0, 0, 0]",18,lib/tests/core/pattern-alias.zy,jobs
debug,0,242909,4,1024,1578347,False,"[2, 0, 0, 0]",19,lib/tests/core/pattern-alias.zy,recursive
debug,0,243557,4,1024,1426080,False,"[2, 0, 0, 0]",19,lib/tests/core/pattern-alias.zy,original
debug,0,247296,4,1024,1388867,False,"[2, 0, 0, 0]",19,lib/tests/core/pattern-alias.zy,jobs
debug,0,274591,4,1024,1754092,False,"[2, 0, 0, 0]",19,lib/tests/core/pattern-alias.zy,explicit
debug,0,244796,4,1024,1402696,False,"[2, 0, 0, 0]",20,lib/tests/core/pattern-alias.zy,original
debug,0,252676,4,1024,1398828,False,"[2, 0, 0, 0]",20,lib/tests/core/pattern-alias.zy,jobs
debug,0,244747,4,1024,1709723,False,"[2, 0, 0, 0]",20,lib/tests/core/pattern-alias.zy,explicit
debug,0,256994,4,1024,1627745,False,"[2, 0, 0, 0]",20,lib/tests/core/pattern-alias.zy,recursive
debug,0,245092,4,1024,1390400,False,"[2, 0, 0, 0]",21,lib/tests/core/pattern-alias.zy,jobs
debug,0,247456,4,1024,1657210,False,"[2, 0, 0, 0]",21,lib/tests/core/pattern-alias.zy,explicit
debug,0,244247,4,1024,1559536,False,"[2, 0, 0, 0]",21,lib/tests/core/pattern-alias.zy,recursive
debug,0,245455,4,1024,1402750,False,"[2, 0, 0, 0]",21,lib/tests/core/pattern-alias.zy,original
debug,0,243839,4,1024,1640844,False,"[2, 0, 0, 0]",22,lib/tests/core/pattern-alias.zy,explicit
debug,0,250200,4,1024,1601754,False,"[2, 0, 0, 0]",22,lib/tests/core/pattern-alias.zy,recursive
debug,0,267785,4,1024,1526211,False,"[2, 0, 0, 0]",22,lib/tests/core/pattern-alias.zy,original
debug,0,255001,4,1024,1398206,False,"[2, 0, 0, 0]",22,lib/tests/core/pattern-alias.zy,jobs
debug,0,250709,4,1024,1599450,False,"[2, 0, 0, 0]",23,lib/tests/core/pattern-alias.zy,recursive
debug,0,255842,4,1024,1405021,False,"[2, 0, 0, 0]",23,lib/tests/core/pattern-alias.zy,original
debug,0,254117,4,1024,1381005,False,"[2, 0, 0, 0]",23,lib/tests/core/pattern-alias.zy,jobs
debug,0,303543,4,1024,1784402,False,"[2, 0, 0, 0]",23,lib/tests/core/pattern-alias.zy,explicit
debug,0,246220,4,1024,1424662,False,"[2, 0, 0, 0]",24,lib/tests/core/pattern-alias.zy,original
debug,0,245154,4,1024,1392847,False,"[2, 0, 0, 0]",24,lib/tests/core/pattern-alias.zy,jobs
debug,0,244223,4,1024,1682878,False,"[2, 0, 0, 0]",24,lib/tests/core/pattern-alias.zy,explicit
debug,0,252627,4,1024,1677301,False,"[2, 0, 0, 0]",24,lib/tests/core/pattern-alias.zy,recursive
debug,0,250920,4,1024,1399212,False,"[2, 0, 0, 0]",25,lib/tests/core/pattern-alias.zy,jobs
debug,0,240544,4,1024,1629413,False,"[2, 0, 0, 0]",25,lib/tests/core/pattern-alias.zy,explicit
debug,0,244410,4,1024,1611317,False,"[2, 0, 0, 0]",25,lib/tests/core/pattern-alias.zy,recursive
debug,0,274051,4,1024,1637263,False,"[2, 0, 0, 0]",25,lib/tests/core/pattern-alias.zy,original
debug,0,241542,4,1024,1653051,False,"[2, 0, 0, 0]",26,lib/tests/core/pattern-alias.zy,explicit
debug,0,263085,4,1024,1678043,False,"[2, 0, 0, 0]",26,lib/tests/core/pattern-alias.zy,recursive
debug,0,248128,4,1024,1418785,False,"[2, 0, 0, 0]",26,lib/tests/core/pattern-alias.zy,original
debug,0,244869,4,1024,1376906,False,"[2, 0, 0, 0]",26,lib/tests/core/pattern-alias.zy,jobs
debug,0,247624,4,1024,1603777,False,"[2, 0, 0, 0]",27,lib/tests/core/pattern-alias.zy,recursive
debug,0,247206,4,1024,1419330,False,"[2, 0, 0, 0]",27,lib/tests/core/pattern-alias.zy,original
debug,0,241239,4,1024,1365875,False,"[2, 0, 0, 0]",27,lib/tests/core/pattern-alias.zy,jobs
debug,0,254339,4,1024,1676361,False,"[2, 0, 0, 0]",27,lib/tests/core/pattern-alias.zy,explicit
debug,0,242456,4,1024,1403042,False,"[2, 0, 0, 0]",28,lib/tests/core/pattern-alias.zy,original
debug,0,264305,4,1024,1405301,False,"[2, 0, 0, 0]",28,lib/tests/core/pattern-alias.zy,jobs
debug,0,250924,4,1024,1650603,False,"[2, 0, 0, 0]",28,lib/tests/core/pattern-alias.zy,explicit
debug,0,244952,4,1024,1571356,False,"[2, 0, 0, 0]",28,lib/tests/core/pattern-alias.zy,recursive
debug,0,261909,4,1024,1487650,False,"[2, 0, 0, 0]",29,lib/tests/core/pattern-alias.zy,jobs
debug,0,256884,4,1024,1657346,False,"[2, 0, 0, 0]",29,lib/tests/core/pattern-alias.zy,explicit
debug,0,242993,4,1024,1567003,False,"[2, 0, 0, 0]",29,lib/tests/core/pattern-alias.zy,recursive
debug,0,246052,4,1024,1400372,False,"[2, 0, 0, 0]",29,lib/tests/core/pattern-alias.zy,original
debug,0,248204,4,1024,1672667,False,"[2, 0, 0, 0]",30,lib/tests/core/pattern-alias.zy,explicit
debug,0,247296,4,1024,1598460,False,"[2, 0, 0, 0]",30,lib/tests/core/pattern-alias.zy,recursive
debug,0,246200,4,1024,1408749,False,"[2, 0, 0, 0]",30,lib/tests/core/pattern-alias.zy,original
debug,0,249546,4,1024,1412050,False,"[2, 0, 0, 0]",30,lib/tests/core/pattern-alias.zy,jobs
debug,0,246053,4,1024,1604536,False,"[2, 0, 0, 0]",31,lib/tests/core/pattern-alias.zy,recursive
debug,0,246227,4,1024,1408375,False,"[2, 0, 0, 0]",31,lib/tests/core/pattern-alias.zy,original
debug,0,242749,4,1024,1381499,False,"[2, 0, 0, 0]",31,lib/tests/core/pattern-alias.zy,jobs
debug,0,243971,4,1024,1661729,False,"[2, 0, 0, 0]",31,lib/tests/core/pattern-alias.zy,explicit
debug,0,316289,4,1024,1443877,True,"[2, 0, 0, 1]",0,lib/tests/core/pattern-alias.zy,original
debug,0,326463,4,1024,1453841,True,"[2, 0, 0, 1]",0,lib/tests/core/pattern-alias.zy,jobs
debug,0,318724,4,1024,1741857,True,"[2, 0, 0, 1]",0,lib/tests/core/pattern-alias.zy,explicit
debug,0,315526,4,1024,1626443,True,"[2, 0, 0, 1]",0,lib/tests/core/pattern-alias.zy,recursive
debug,0,323987,4,1024,1458089,True,"[2, 0, 0, 1]",1,lib/tests/core/pattern-alias.zy,jobs
debug,0,320603,4,1024,1730962,True,"[2, 0, 0, 1]",1,lib/tests/core/pattern-alias.zy,explicit
debug,0,394045,4,1024,1763795,True,"[2, 0, 0, 1]",1,lib/tests/core/pattern-alias.zy,recursive
debug,0,334767,4,1024,1454846,True,"[2, 0, 0, 1]",1,lib/tests/core/pattern-alias.zy,original
debug,0,321467,4,1024,1708361,True,"[2, 0, 0, 1]",2,lib/tests/core/pattern-alias.zy,explicit
debug,0,340617,4,1024,1641584,True,"[2, 0, 0, 1]",2,lib/tests/core/pattern-alias.zy,recursive
debug,0,325787,4,1024,1456205,True,"[2, 0, 0, 1]",2,lib/tests/core/pattern-alias.zy,original
debug,0,329911,4,1024,1443619,True,"[2, 0, 0, 1]",2,lib/tests/core/pattern-alias.zy,jobs
debug,0,320320,4,1024,1628014,True,"[2, 0, 0, 1]",3,lib/tests/core/pattern-alias.zy,recursive
debug,0,325932,4,1024,1461865,True,"[2, 0, 0, 1]",3,lib/tests/core/pattern-alias.zy,original
debug,0,315635,4,1024,1426582,True,"[2, 0, 0, 1]",3,lib/tests/core/pattern-alias.zy,jobs
debug,0,348154,4,1024,1802734,True,"[2, 0, 0, 1]",3,lib/tests/core/pattern-alias.zy,explicit
debug,0,351701,4,1024,1509171,True,"[2, 0, 0, 1]",4,lib/tests/core/pattern-alias.zy,original
debug,0,334376,4,1024,1440919,True,"[2, 0, 0, 1]",4,lib/tests/core/pattern-alias.zy,jobs
debug,0,324158,4,1024,1723682,True,"[2, 0, 0, 1]",4,lib/tests/core/pattern-alias.zy,explicit
debug,0,317245,4,1024,1651794,True,"[2, 0, 0, 1]",4,lib/tests/core/pattern-alias.zy,recursive
debug,0,315537,4,1024,1434508,True,"[2, 0, 0, 1]",5,lib/tests/core/pattern-alias.zy,jobs
debug,0,371325,4,1024,1780416,True,"[2, 0, 0, 1]",5,lib/tests/core/pattern-alias.zy,explicit
debug,0,325596,4,1024,1660376,True,"[2, 0, 0, 1]",5,lib/tests/core/pattern-alias.zy,recursive
debug,0,315902,4,1024,1449547,True,"[2, 0, 0, 1]",5,lib/tests/core/pattern-alias.zy,original
debug,0,318859,4,1024,1745495,True,"[2, 0, 0, 1]",6,lib/tests/core/pattern-alias.zy,explicit
debug,0,322028,4,1024,1667301,True,"[2, 0, 0, 1]",6,lib/tests/core/pattern-alias.zy,recursive
debug,0,337782,4,1024,1624042,True,"[2, 0, 0, 1]",6,lib/tests/core/pattern-alias.zy,original
debug,0,319676,4,1024,1427049,True,"[2, 0, 0, 1]",6,lib/tests/core/pattern-alias.zy,jobs
debug,0,314747,4,1024,1636931,True,"[2, 0, 0, 1]",7,lib/tests/core/pattern-alias.zy,recursive
debug,0,319664,4,1024,1448635,True,"[2, 0, 0, 1]",7,lib/tests/core/pattern-alias.zy,original
debug,0,315651,4,1024,1421633,True,"[2, 0, 0, 1]",7,lib/tests/core/pattern-alias.zy,jobs
debug,0,322035,4,1024,1713407,True,"[2, 0, 0, 1]",7,lib/tests/core/pattern-alias.zy,explicit
debug,0,349719,4,1024,1477671,True,"[2, 0, 0, 1]",8,lib/tests/core/pattern-alias.zy,original
debug,0,318079,4,1024,1422126,True,"[2, 0, 0, 1]",8,lib/tests/core/pattern-alias.zy,jobs
debug,0,315183,4,1024,1714161,True,"[2, 0, 0, 1]",8,lib/tests/core/pattern-alias.zy,explicit
debug,0,318166,4,1024,1625367,True,"[2, 0, 0, 1]",8,lib/tests/core/pattern-alias.zy,recursive
debug,0,311926,4,1024,1414940,True,"[2, 0, 0, 1]",9,lib/tests/core/pattern-alias.zy,jobs
debug,0,358820,4,1024,1772958,True,"[2, 0, 0, 1]",9,lib/tests/core/pattern-alias.zy,explicit
debug,0,347708,4,1024,1625905,True,"[2, 0, 0, 1]",9,lib/tests/core/pattern-alias.zy,recursive
debug,0,349232,4,1024,1480187,True,"[2, 0, 0, 1]",9,lib/tests/core/pattern-alias.zy,original
debug,0,321499,4,1024,1737146,True,"[2, 0, 0, 1]",10,lib/tests/core/pattern-alias.zy,explicit
debug,0,318626,4,1024,1645114,True,"[2, 0, 0, 1]",10,lib/tests/core/pattern-alias.zy,recursive
debug,0,319002,4,1024,1466544,True,"[2, 0, 0, 1]",10,lib/tests/core/pattern-alias.zy,original
debug,0,324264,4,1024,1463151,True,"[2, 0, 0, 1]",10,lib/tests/core/pattern-alias.zy,jobs
debug,0,331410,4,1024,1641136,True,"[2, 0, 0, 1]",11,lib/tests/core/pattern-alias.zy,recursive
debug,0,319159,4,1024,1441618,True,"[2, 0, 0, 1]",11,lib/tests/core/pattern-alias.zy,original
debug,0,315729,4,1024,1445996,True,"[2, 0, 0, 1]",11,lib/tests/core/pattern-alias.zy,jobs
debug,0,322300,4,1024,1756657,True,"[2, 0, 0, 1]",11,lib/tests/core/pattern-alias.zy,explicit
debug,0,322578,4,1024,1443018,True,"[2, 0, 0, 1]",12,lib/tests/core/pattern-alias.zy,original
debug,0,323959,4,1024,1452206,True,"[2, 0, 0, 1]",12,lib/tests/core/pattern-alias.zy,jobs
debug,0,328394,4,1024,1733292,True,"[2, 0, 0, 1]",12,lib/tests/core/pattern-alias.zy,explicit
debug,0,330548,4,1024,1644905,True,"[2, 0, 0, 1]",12,lib/tests/core/pattern-alias.zy,recursive
debug,0,333742,4,1024,1450681,True,"[2, 0, 0, 1]",13,lib/tests/core/pattern-alias.zy,jobs
debug,0,321224,4,1024,1725125,True,"[2, 0, 0, 1]",13,lib/tests/core/pattern-alias.zy,explicit
debug,0,317648,4,1024,1637671,True,"[2, 0, 0, 1]",13,lib/tests/core/pattern-alias.zy,recursive
debug,0,339300,4,1024,1534123,True,"[2, 0, 0, 1]",13,lib/tests/core/pattern-alias.zy,original
debug,0,385150,4,1024,1886537,True,"[2, 0, 0, 1]",14,lib/tests/core/pattern-alias.zy,explicit
debug,0,433159,4,1024,2019974,True,"[2, 0, 0, 1]",14,lib/tests/core/pattern-alias.zy,recursive
debug,0,367421,4,1024,2244468,True,"[2, 0, 0, 1]",14,lib/tests/core/pattern-alias.zy,original
debug,0,396231,4,1024,3030977,True,"[2, 0, 0, 1]",14,lib/tests/core/pattern-alias.zy,jobs
debug,0,353441,4,1024,1670594,True,"[2, 0, 0, 1]",15,lib/tests/core/pattern-alias.zy,recursive
debug,0,343758,4,1024,1503381,True,"[2, 0, 0, 1]",15,lib/tests/core/pattern-alias.zy,original
debug,0,327102,4,1024,1474255,True,"[2, 0, 0, 1]",15,lib/tests/core/pattern-alias.zy,jobs
debug,0,321815,4,1024,1717080,True,"[2, 0, 0, 1]",15,lib/tests/core/pattern-alias.zy,explicit
debug,0,322750,4,1024,1449268,True,"[2, 0, 0, 1]",16,lib/tests/core/pattern-alias.zy,original
debug,0,323835,4,1024,1438297,True,"[2, 0, 0, 1]",16,lib/tests/core/pattern-alias.zy,jobs
debug,0,321914,4,1024,1721790,True,"[2, 0, 0, 1]",16,lib/tests/core/pattern-alias.zy,explicit
debug,0,319680,4,1024,1634470,True,"[2, 0, 0, 1]",16,lib/tests/core/pattern-alias.zy,recursive
debug,0,333719,4,1024,1463992,True,"[2, 0, 0, 1]",17,lib/tests/core/pattern-alias.zy,jobs
debug,0,317677,4,1024,1722306,True,"[2, 0, 0, 1]",17,lib/tests/core/pattern-alias.zy,explicit
debug,0,322732,4,1024,1638071,True,"[2, 0, 0, 1]",17,lib/tests/core/pattern-alias.zy,recursive
debug,0,376298,4,1024,1568220,True,"[2, 0, 0, 1]",17,lib/tests/core/pattern-alias.zy,original
debug,0,338155,4,1024,1733221,True,"[2, 0, 0, 1]",18,lib/tests/core/pattern-alias.zy,explicit
debug,0,342305,4,1024,1660365,True,"[2, 0, 0, 1]",18,lib/tests/core/pattern-alias.zy,recursive
debug,0,344962,4,1024,1490469,True,"[2, 0, 0, 1]",18,lib/tests/core/pattern-alias.zy,original
debug,0,368559,4,1024,1627090,True,"[2, 0, 0, 1]",18,lib/tests/core/pattern-alias.zy,jobs
debug,0,410548,4,1024,2143707,True,"[2, 0, 0, 1]",19,lib/tests/core/pattern-alias.zy,recursive
debug,0,327718,4,1024,1497330,True,"[2, 0, 0, 1]",19,lib/tests/core/pattern-alias.zy,original
debug,0,352295,4,1024,1571848,True,"[2, 0, 0, 1]",19,lib/tests/core/pattern-alias.zy,jobs
debug,0,341549,4,1024,1787172,True,"[2, 0, 0, 1]",19,lib/tests/core/pattern-alias.zy,explicit
debug,0,339569,4,1024,1490703,True,"[2, 0, 0, 1]",20,lib/tests/core/pattern-alias.zy,original
debug,0,343976,4,1024,1548902,True,"[2, 0, 0, 1]",20,lib/tests/core/pattern-alias.zy,jobs
debug,0,332367,4,1024,1744986,True,"[2, 0, 0, 1]",20,lib/tests/core/pattern-alias.zy,explicit
debug,0,398235,4,1024,1982384,True,"[2, 0, 0, 1]",20,lib/tests/core/pattern-alias.zy,recursive
debug,0,341286,4,1024,1624009,True,"[2, 0, 0, 1]",21,lib/tests/core/pattern-alias.zy,jobs
debug,0,395947,4,1024,2134181,True,"[2, 0, 0, 1]",21,lib/tests/core/pattern-alias.zy,explicit
debug,0,353265,4,1024,1728643,True,"[2, 0, 0, 1]",21,lib/tests/core/pattern-alias.zy,recursive
debug,0,349154,4,1024,1491257,True,"[2, 0, 0, 1]",21,lib/tests/core/pattern-alias.zy,original
debug,0,351166,4,1024,1748391,True,"[2, 0, 0, 1]",22,lib/tests/core/pattern-alias.zy,explicit
debug,0,344715,4,1024,1717500,True,"[2, 0, 0, 1]",22,lib/tests/core/pattern-alias.zy,recursive
debug,0,419525,4,1024,1913957,True,"[2, 0, 0, 1]",22,lib/tests/core/pattern-alias.zy,original
debug,0,418652,4,1024,1861869,True,"[2, 0, 0, 1]",22,lib/tests/core/pattern-alias.zy,jobs
debug,0,373988,4,1024,1883290,True,"[2, 0, 0, 1]",23,lib/tests/core/pattern-alias.zy,recursive
debug,0,325665,4,1024,1474343,True,"[2, 0, 0, 1]",23,lib/tests/core/pattern-alias.zy,original
debug,0,364664,4,1024,1659381,True,"[2, 0, 0, 1]",23,lib/tests/core/pattern-alias.zy,jobs
debug,0,372538,4,1024,1867304,True,"[2, 0, 0, 1]",23,lib/tests/core/pattern-alias.zy,explicit
debug,0,327649,4,1024,1826278,True,"[2, 0, 0, 1]",24,lib/tests/core/pattern-alias.zy,original
debug,0,365656,4,1024,1608353,True,"[2, 0, 0, 1]",24,lib/tests/core/pattern-alias.zy,jobs
debug,0,331546,4,1024,1747398,True,"[2, 0, 0, 1]",24,lib/tests/core/pattern-alias.zy,explicit
debug,0,331496,4,1024,1670823,True,"[2, 0, 0, 1]",24,lib/tests/core/pattern-alias.zy,recursive
debug,0,344327,4,1024,1492021,True,"[2, 0, 0, 1]",25,lib/tests/core/pattern-alias.zy,jobs
debug,0,335107,4,1024,1819001,True,"[2, 0, 0, 1]",25,lib/tests/core/pattern-alias.zy,explicit
debug,0,327608,4,1024,1668220,True,"[2, 0, 0, 1]",25,lib/tests/core/pattern-alias.zy,recursive
debug,0,344359,4,1024,1556402,True,"[2, 0, 0, 1]",25,lib/tests/core/pattern-alias.zy,original
debug,0,380217,4,1024,1845778,True,"[2, 0, 0, 1]",26,lib/tests/core/pattern-alias.zy,explicit
debug,0,350125,4,1024,1647402,True,"[2, 0, 0, 1]",26,lib/tests/core/pattern-alias.zy,recursive
debug,0,335047,4,1024,1497157,True,"[2, 0, 0, 1]",26,lib/tests/core/pattern-alias.zy,original
debug,0,373015,4,1024,1634133,True,"[2, 0, 0, 1]",26,lib/tests/core/pattern-alias.zy,jobs
debug,0,432340,4,1024,2024126,True,"[2, 0, 0, 1]",27,lib/tests/core/pattern-alias.zy,recursive
debug,0,421537,4,1024,1871141,True,"[2, 0, 0, 1]",27,lib/tests/core/pattern-alias.zy,original
debug,0,362504,4,1024,1583782,True,"[2, 0, 0, 1]",27,lib/tests/core/pattern-alias.zy,jobs
debug,0,335851,4,1024,1727125,True,"[2, 0, 0, 1]",27,lib/tests/core/pattern-alias.zy,explicit
debug,0,335070,4,1024,1472879,True,"[2, 0, 0, 1]",28,lib/tests/core/pattern-alias.zy,original
debug,0,338657,4,1024,1474815,True,"[2, 0, 0, 1]",28,lib/tests/core/pattern-alias.zy,jobs
debug,0,334712,4,1024,1752779,True,"[2, 0, 0, 1]",28,lib/tests/core/pattern-alias.zy,explicit
debug,0,335556,4,1024,1675453,True,"[2, 0, 0, 1]",28,lib/tests/core/pattern-alias.zy,recursive
debug,0,326060,4,1024,1478163,True,"[2, 0, 0, 1]",29,lib/tests/core/pattern-alias.zy,jobs
debug,0,318474,4,1024,1694381,True,"[2, 0, 0, 1]",29,lib/tests/core/pattern-alias.zy,explicit
debug,0,318434,4,1024,1636548,True,"[2, 0, 0, 1]",29,lib/tests/core/pattern-alias.zy,recursive
debug,0,316816,4,1024,1448369,True,"[2, 0, 0, 1]",29,lib/tests/core/pattern-alias.zy,original
debug,0,327203,4,1024,1730064,True,"[2, 0, 0, 1]",30,lib/tests/core/pattern-alias.zy,explicit
debug,0,325464,4,1024,1637625,True,"[2, 0, 0, 1]",30,lib/tests/core/pattern-alias.zy,recursive
debug,0,312539,4,1024,1452211,True,"[2, 0, 0, 1]",30,lib/tests/core/pattern-alias.zy,original
debug,0,314679,4,1024,1435626,True,"[2, 0, 0, 1]",30,lib/tests/core/pattern-alias.zy,jobs
debug,0,310069,4,1024,1638808,True,"[2, 0, 0, 1]",31,lib/tests/core/pattern-alias.zy,recursive
debug,0,312505,4,1024,1446791,True,"[2, 0, 0, 1]",31,lib/tests/core/pattern-alias.zy,original
debug,0,317278,4,1024,1440047,True,"[2, 0, 0, 1]",31,lib/tests/core/pattern-alias.zy,jobs
debug,0,318345,4,1024,1710608,True,"[2, 0, 0, 1]",31,lib/tests/core/pattern-alias.zy,explicit
debug,0,270585,135,44,5030753,False,"[104, 26, 8, 0]",0,lib/tests/core/native-frames.zy,original
debug,0,289084,135,44,4905166,False,"[104, 26, 8, 0]",0,lib/tests/core/native-frames.zy,jobs
debug,0,283829,135,44,5449253,False,"[104, 26, 8, 0]",0,lib/tests/core/native-frames.zy,explicit
debug,0,281209,135,44,5297084,False,"[104, 26, 8, 0]",0,lib/tests/core/native-frames.zy,recursive
debug,0,275630,135,44,4900336,False,"[104, 26, 8, 0]",1,lib/tests/core/native-frames.zy,jobs
debug,0,275041,135,44,5434964,False,"[104, 26, 8, 0]",1,lib/tests/core/native-frames.zy,explicit
debug,0,285293,135,44,5318542,False,"[104, 26, 8, 0]",1,lib/tests/core/native-frames.zy,recursive
debug,0,277955,135,44,5091961,False,"[104, 26, 8, 0]",1,lib/tests/core/native-frames.zy,original
debug,0,283001,135,44,5408750,False,"[104, 26, 8, 0]",2,lib/tests/core/native-frames.zy,explicit
debug,0,270251,135,44,5292582,False,"[104, 26, 8, 0]",2,lib/tests/core/native-frames.zy,recursive
debug,0,270333,135,44,4981040,False,"[104, 26, 8, 0]",2,lib/tests/core/native-frames.zy,original
debug,0,271042,135,44,4876041,False,"[104, 26, 8, 0]",2,lib/tests/core/native-frames.zy,jobs
debug,0,274415,135,44,5276461,False,"[104, 26, 8, 0]",3,lib/tests/core/native-frames.zy,recursive
debug,0,270832,135,44,5002213,False,"[104, 26, 8, 0]",3,lib/tests/core/native-frames.zy,original
debug,0,271337,135,44,4883000,False,"[104, 26, 8, 0]",3,lib/tests/core/native-frames.zy,jobs
debug,0,277331,135,44,5420124,False,"[104, 26, 8, 0]",3,lib/tests/core/native-frames.zy,explicit
debug,0,313541,135,44,5364505,False,"[104, 26, 8, 0]",4,lib/tests/core/native-frames.zy,original
debug,0,326959,135,44,5574294,False,"[104, 26, 8, 0]",4,lib/tests/core/native-frames.zy,jobs
debug,0,310207,135,44,5890996,False,"[104, 26, 8, 0]",4,lib/tests/core/native-frames.zy,explicit
debug,0,295875,135,44,5478414,False,"[104, 26, 8, 0]",4,lib/tests/core/native-frames.zy,recursive
debug,0,324295,135,44,5335998,False,"[104, 26, 8, 0]",5,lib/tests/core/native-frames.zy,jobs
debug,0,279709,135,44,5429958,False,"[104, 26, 8, 0]",5,lib/tests/core/native-frames.zy,explicit
debug,0,319541,135,44,5916373,False,"[104, 26, 8, 0]",5,lib/tests/core/native-frames.zy,recursive
debug,0,298748,135,44,5265330,False,"[104, 26, 8, 0]",5,lib/tests/core/native-frames.zy,original
debug,0,327755,135,44,5726379,False,"[104, 26, 8, 0]",6,lib/tests/core/native-frames.zy,explicit
debug,0,332584,135,44,6130247,False,"[104, 26, 8, 0]",6,lib/tests/core/native-frames.zy,recursive
debug,0,298710,135,44,5058000,False,"[104, 26, 8, 0]",6,lib/tests/core/native-frames.zy,original
debug,0,320042,135,44,5382668,False,"[104, 26, 8, 0]",6,lib/tests/core/native-frames.zy,jobs
debug,0,319087,135,44,5745291,False,"[104, 26, 8, 0]",7,lib/tests/core/native-frames.zy,recursive
debug,0,315921,135,44,5375163,False,"[104, 26, 8, 0]",7,lib/tests/core/native-frames.zy,original
debug,0,319540,135,44,5381008,False,"[104, 26, 8, 0]",7,lib/tests/core/native-frames.zy,jobs
debug,0,307248,135,44,5750619,False,"[104, 26, 8, 0]",7,lib/tests/core/native-frames.zy,explicit
debug,0,321120,135,44,5627168,False,"[104, 26, 8, 0]",8,lib/tests/core/native-frames.zy,original
debug,0,312753,135,44,5162833,False,"[104, 26, 8, 0]",8,lib/tests/core/native-frames.zy,jobs
debug,0,310124,135,44,5947626,False,"[104, 26, 8, 0]",8,lib/tests/core/native-frames.zy,explicit
debug,0,329496,135,44,5876459,False,"[104, 26, 8, 0]",8,lib/tests/core/native-frames.zy,recursive
debug,0,306878,135,44,5226254,False,"[104, 26, 8, 0]",9,lib/tests/core/native-frames.zy,jobs
debug,0,343083,135,44,6276211,False,"[104, 26, 8, 0]",9,lib/tests/core/native-frames.zy,explicit
debug,0,325830,135,44,5401917,False,"[104, 26, 8, 0]",9,lib/tests/core/native-frames.zy,recursive
debug,0,321960,135,44,5686831,False,"[104, 26, 8, 0]",9,lib/tests/core/native-frames.zy,original
debug,0,342329,135,44,5937499,False,"[104, 26, 8, 0]",10,lib/tests/core/native-frames.zy,explicit
debug,0,306295,135,44,5669210,False,"[104, 26, 8, 0]",10,lib/tests/core/native-frames.zy,recursive
debug,0,326288,135,44,5732917,False,"[104, 26, 8, 0]",10,lib/tests/core/native-frames.zy,original
debug,0,283042,135,44,4904880,False,"[104, 26, 8, 0]",10,lib/tests/core/native-frames.zy,jobs
debug,0,294868,135,44,5575043,False,"[104, 26, 8, 0]",11,lib/tests/core/native-frames.zy,recursive
debug,0,333290,135,44,5706460,False,"[104, 26, 8, 0]",11,lib/tests/core/native-frames.zy,original
debug,0,277918,135,44,4919081,False,"[104, 26, 8, 0]",11,lib/tests/core/native-frames.zy,jobs
debug,0,278416,135,44,5424877,False,"[104, 26, 8, 0]",11,lib/tests/core/native-frames.zy,explicit
debug,0,273416,135,44,5000251,False,"[104, 26, 8, 0]",12,lib/tests/core/native-frames.zy,original
debug,0,276714,135,44,4864293,False,"[104, 26, 8, 0]",12,lib/tests/core/native-frames.zy,jobs
debug,0,275046,135,44,5411293,False,"[104, 26, 8, 0]",12,lib/tests/core/native-frames.zy,explicit
debug,0,273543,135,44,5264459,False,"[104, 26, 8, 0]",12,lib/tests/core/native-frames.zy,recursive
debug,0,301917,135,44,5098913,False,"[104, 26, 8, 0]",13,lib/tests/core/native-frames.zy,jobs
debug,0,288328,135,44,5556419,False,"[104, 26, 8, 0]",13,lib/tests/core/native-frames.zy,explicit
debug,0,285922,135,44,5304376,False,"[104, 26, 8, 0]",13,lib/tests/core/native-frames.zy,recursive
debug,0,278917,135,44,5019333,False,"[104, 26, 8, 0]",13,lib/tests/core/native-frames.zy,original
debug,0,280294,135,44,5443295,False,"[104, 26, 8, 0]",14,lib/tests/core/native-frames.zy,explicit
debug,0,311079,135,44,5446247,False,"[104, 26, 8, 0]",14,lib/tests/core/native-frames.zy,recursive
debug,0,276919,135,44,5011711,False,"[104, 26, 8, 0]",14,lib/tests/core/native-frames.zy,original
debug,0,278250,135,44,4957623,False,"[104, 26, 8, 0]",14,lib/tests/core/native-frames.zy,jobs
debug,0,276666,135,44,5327790,False,"[104, 26, 8, 0]",15,lib/tests/core/native-frames.zy,recursive
debug,0,271285,135,44,4963044,False,"[104, 26, 8, 0]",15,lib/tests/core/native-frames.zy,original
debug,0,272084,135,44,4842164,False,"[104, 26, 8, 0]",15,lib/tests/core/native-frames.zy,jobs
debug,0,274669,135,44,5395457,False,"[104, 26, 8, 0]",15,lib/tests/core/native-frames.zy,explicit
debug,0,283125,135,44,5166085,False,"[104, 26, 8, 0]",16,lib/tests/core/native-frames.zy,original
debug,0,281208,135,44,4927876,False,"[104, 26, 8, 0]",16,lib/tests/core/native-frames.zy,jobs
debug,0,282503,135,44,5434042,False,"[104, 26, 8, 0]",16,lib/tests/core/native-frames.zy,explicit
debug,0,288751,135,44,5300458,False,"[104, 26, 8, 0]",16,lib/tests/core/native-frames.zy,recursive
debug,0,360209,135,44,5527961,False,"[104, 26, 8, 0]",17,lib/tests/core/native-frames.zy,jobs
debug,0,293955,135,44,5616666,False,"[104, 26, 8, 0]",17,lib/tests/core/native-frames.zy,explicit
debug,0,327043,135,44,5664002,False,"[104, 26, 8, 0]",17,lib/tests/core/native-frames.zy,recursive
debug,0,287789,135,44,5169752,False,"[104, 26, 8, 0]",17,lib/tests/core/native-frames.zy,original
debug,0,287208,135,44,5542291,False,"[104, 26, 8, 0]",18,lib/tests/core/native-frames.zy,explicit
debug,0,335125,135,44,5721963,False,"[104, 26, 8, 0]",18,lib/tests/core/native-frames.zy,recursive
debug,0,276333,135,44,5113540,False,"[104, 26, 8, 0]",18,lib/tests/core/native-frames.zy,original
debug,0,302254,135,44,5193871,False,"[104, 26, 8, 0]",18,lib/tests/core/native-frames.zy,jobs
debug,0,277043,135,44,5325375,False,"[104, 26, 8, 0]",19,lib/tests/core/native-frames.zy,recursive
debug,0,284168,135,44,5196047,False,"[104, 26, 8, 0]",19,lib/tests/core/native-frames.zy,original
debug,0,284206,135,44,5019001,False,"[104, 26, 8, 0]",19,lib/tests/core/native-frames.zy,jobs
debug,0,301210,135,44,5723124,False,"[104, 26, 8, 0]",19,lib/tests/core/native-frames.zy,explicit
debug,0,288538,135,44,5211787,False,"[104, 26, 8, 0]",20,lib/tests/core/native-frames.zy,original
debug,0,279750,135,44,4964039,False,"[104, 26, 8, 0]",20,lib/tests/core/native-frames.zy,jobs
debug,0,301495,135,44,5814461,False,"[104, 26, 8, 0]",20,lib/tests/core/native-frames.zy,explicit
debug,0,293666,135,44,5582125,False,"[104, 26, 8, 0]",20,lib/tests/core/native-frames.zy,recursive
debug,0,294333,135,44,4999375,False,"[104, 26, 8, 0]",21,lib/tests/core/native-frames.zy,jobs
debug,0,350585,135,44,5878710,False,"[104, 26, 8, 0]",21,lib/tests/core/native-frames.zy,explicit
debug,0,289547,135,44,5358371,False,"[104, 26, 8, 0]",21,lib/tests/core/native-frames.zy,recursive
debug,0,321961,135,44,5235792,False,"[104, 26, 8, 0]",21,lib/tests/core/native-frames.zy,original
debug,0,283876,135,44,5550248,False,"[104, 26, 8, 0]",22,lib/tests/core/native-frames.zy,explicit
debug,0,280629,135,44,5473674,False,"[104, 26, 8, 0]",22,lib/tests/core/native-frames.zy,recursive
debug,0,277127,135,44,5056710,False,"[104, 26, 8, 0]",22,lib/tests/core/native-frames.zy,original
debug,0,284202,135,44,4966623,False,"[104, 26, 8, 0]",22,lib/tests/core/native-frames.zy,jobs
debug,0,278955,135,44,5377873,False,"[104, 26, 8, 0]",23,lib/tests/core/native-frames.zy,recursive
debug,0,301954,135,44,5281876,False,"[104, 26, 8, 0]",23,lib/tests/core/native-frames.zy,original
debug,0,324456,135,44,4985710,False,"[104, 26, 8, 0]",23,lib/tests/core/native-frames.zy,jobs
debug,0,274626,135,44,5471462,False,"[104, 26, 8, 0]",23,lib/tests/core/native-frames.zy,explicit
debug,0,285581,135,44,5159252,False,"[104, 26, 8, 0]",24,lib/tests/core/native-frames.zy,original
debug,0,285377,135,44,5025415,False,"[104, 26, 8, 0]",24,lib/tests/core/native-frames.zy,jobs
debug,0,284210,135,44,5732586,False,"[104, 26, 8, 0]",24,lib/tests/core/native-frames.zy,explicit
debug,0,298582,135,44,5583712,False,"[104, 26, 8, 0]",24,lib/tests/core/native-frames.zy,recursive
debug,0,280837,135,44,5046999,False,"[104, 26, 8, 0]",25,lib/tests/core/native-frames.zy,jobs
debug,0,289248,135,44,5582998,False,"[104, 26, 8, 0]",25,lib/tests/core/native-frames.zy,explicit
debug,0,283791,135,44,5340088,False,"[104, 26, 8, 0]",25,lib/tests/core/native-frames.zy,recursive
debug,0,295959,135,44,5059790,False,"[104, 26, 8, 0]",25,lib/tests/core/native-frames.zy,original
debug,0,294871,135,44,5663042,False,"[104, 26, 8, 0]",26,lib/tests/core/native-frames.zy,explicit
debug,0,287416,135,44,5438501,False,"[104, 26, 8, 0]",26,lib/tests/core/native-frames.zy,recursive
debug,0,282499,135,44,5166037,False,"[104, 26, 8, 0]",26,lib/tests/core/native-frames.zy,original
debug,0,281295,135,44,4976123,False,"[104, 26, 8, 0]",26,lib/tests/core/native-frames.zy,jobs
debug,0,274457,135,44,5271084,False,"[104, 26, 8, 0]",27,lib/tests/core/native-frames.zy,recursive
debug,0,283791,135,44,5040042,False,"[104, 26, 8, 0]",27,lib/tests/core/native-frames.zy,original
debug,0,270579,135,44,4931251,False,"[104, 26, 8, 0]",27,lib/tests/core/native-frames.zy,jobs
debug,0,272747,135,44,5469836,False,"[104, 26, 8, 0]",27,lib/tests/core/native-frames.zy,explicit
debug,0,291374,135,44,5273671,False,"[104, 26, 8, 0]",28,lib/tests/core/native-frames.zy,original
debug,0,355956,135,44,6196250,False,"[104, 26, 8, 0]",28,lib/tests/core/native-frames.zy,jobs
debug,0,318583,135,44,6310172,False,"[104, 26, 8, 0]",28,lib/tests/core/native-frames.zy,explicit
debug,0,284046,135,44,5327879,False,"[104, 26, 8, 0]",28,lib/tests/core/native-frames.zy,recursive
debug,0,275583,135,44,5024666,False,"[104, 26, 8, 0]",29,lib/tests/core/native-frames.zy,jobs
debug,0,286296,135,44,5491420,False,"[104, 26, 8, 0]",29,lib/tests/core/native-frames.zy,explicit
debug,0,280376,135,44,5297876,False,"[104, 26, 8, 0]",29,lib/tests/core/native-frames.zy,recursive
debug,0,273460,135,44,5002372,False,"[104, 26, 8, 0]",29,lib/tests/core/native-frames.zy,original
debug,0,273793,135,44,5413540,False,"[104, 26, 8, 0]",30,lib/tests/core/native-frames.zy,explicit
debug,0,315127,135,44,5761624,False,"[104, 26, 8, 0]",30,lib/tests/core/native-frames.zy,recursive
debug,0,333496,135,44,5603375,False,"[104, 26, 8, 0]",30,lib/tests/core/native-frames.zy,original
debug,0,284497,135,44,4955502,False,"[104, 26, 8, 0]",30,lib/tests/core/native-frames.zy,jobs
debug,0,314831,135,44,5607215,False,"[104, 26, 8, 0]",31,lib/tests/core/native-frames.zy,recursive
debug,0,338998,135,44,5672296,False,"[104, 26, 8, 0]",31,lib/tests/core/native-frames.zy,original
debug,0,309081,135,44,5352167,False,"[104, 26, 8, 0]",31,lib/tests/core/native-frames.zy,jobs
debug,0,327208,135,44,6200461,False,"[104, 26, 8, 0]",31,lib/tests/core/native-frames.zy,explicit
debug,0,372044,135,45,5729373,True,"[97, 25, 8, 9]",0,lib/tests/core/native-frames.zy,original
debug,0,345752,135,45,5444790,True,"[97, 25, 8, 9]",0,lib/tests/core/native-frames.zy,jobs
debug,0,326622,135,45,5575879,True,"[97, 25, 8, 9]",0,lib/tests/core/native-frames.zy,explicit
debug,0,344204,135,45,5912373,True,"[97, 25, 8, 9]",0,lib/tests/core/native-frames.zy,recursive
debug,0,298210,135,45,4970502,True,"[97, 25, 8, 9]",1,lib/tests/core/native-frames.zy,jobs
debug,0,352038,135,45,5860081,True,"[97, 25, 8, 9]",1,lib/tests/core/native-frames.zy,explicit
debug,0,370077,135,45,6234798,True,"[97, 25, 8, 9]",1,lib/tests/core/native-frames.zy,recursive
debug,0,299540,135,45,5000291,True,"[97, 25, 8, 9]",1,lib/tests/core/native-frames.zy,original
debug,0,296542,135,45,5295373,True,"[97, 25, 8, 9]",2,lib/tests/core/native-frames.zy,explicit
debug,0,288374,135,45,5119082,True,"[97, 25, 8, 9]",2,lib/tests/core/native-frames.zy,recursive
debug,0,301667,135,45,4972371,True,"[97, 25, 8, 9]",2,lib/tests/core/native-frames.zy,original
debug,0,310375,135,45,4905542,True,"[97, 25, 8, 9]",2,lib/tests/core/native-frames.zy,jobs
debug,0,300875,135,45,5213330,True,"[97, 25, 8, 9]",3,lib/tests/core/native-frames.zy,recursive
debug,0,289662,135,45,4953750,True,"[97, 25, 8, 9]",3,lib/tests/core/native-frames.zy,original
debug,0,284204,135,45,4778874,True,"[97, 25, 8, 9]",3,lib/tests/core/native-frames.zy,jobs
debug,0,316663,135,45,5651377,True,"[97, 25, 8, 9]",3,lib/tests/core/native-frames.zy,explicit
debug,0,298088,135,45,4972665,True,"[97, 25, 8, 9]",4,lib/tests/core/native-frames.zy,original
debug,0,301922,135,45,4890419,True,"[97, 25, 8, 9]",4,lib/tests/core/native-frames.zy,jobs
debug,0,291543,135,45,5334790,True,"[97, 25, 8, 9]",4,lib/tests/core/native-frames.zy,explicit
debug,0,291956,135,45,5123747,True,"[97, 25, 8, 9]",4,lib/tests/core/native-frames.zy,recursive
debug,0,291501,135,45,4865917,True,"[97, 25, 8, 9]",5,lib/tests/core/native-frames.zy,jobs
debug,0,288831,135,45,5252790,True,"[97, 25, 8, 9]",5,lib/tests/core/native-frames.zy,explicit
debug,0,293543,135,45,5159999,True,"[97, 25, 8, 9]",5,lib/tests/core/native-frames.zy,recursive
debug,0,287544,135,45,4919752,True,"[97, 25, 8, 9]",5,lib/tests/core/native-frames.zy,original
debug,0,298960,135,45,5361504,True,"[97, 25, 8, 9]",6,lib/tests/core/native-frames.zy,explicit
debug,0,289167,135,45,5111001,True,"[97, 25, 8, 9]",6,lib/tests/core/native-frames.zy,recursive
debug,0,293752,135,45,5018499,True,"[97, 25, 8, 9]",6,lib/tests/core/native-frames.zy,original
debug,0,285498,135,45,4793836,True,"[97, 25, 8, 9]",6,lib/tests/core/native-frames.zy,jobs
debug,0,294705,135,45,5231331,True,"[97, 25, 8, 9]",7,lib/tests/core/native-frames.zy,recursive
debug,0,289458,135,45,4952455,True,"[97, 25, 8, 9]",7,lib/tests/core/native-frames.zy,original
debug,0,289167,135,45,4826206,True,"[97, 25, 8, 9]",7,lib/tests/core/native-frames.zy,jobs
debug,0,314665,135,45,5445170,True,"[97, 25, 8, 9]",7,lib/tests/core/native-frames.zy,explicit
debug,0,326040,135,45,5085709,True,"[97, 25, 8, 9]",8,lib/tests/core/native-frames.zy,original
debug,0,324289,135,45,5259166,True,"[97, 25, 8, 9]",8,lib/tests/core/native-frames.zy,jobs
debug,0,353208,135,45,6101415,True,"[97, 25, 8, 9]",8,lib/tests/core/native-frames.zy,explicit
debug,0,358958,135,45,5964248,True,"[97, 25, 8, 9]",8,lib/tests/core/native-frames.zy,recursive
debug,0,363625,135,45,5604709,True,"[97, 25, 8, 9]",9,lib/tests/core/native-frames.zy,jobs
debug,0,374962,135,45,6752585,True,"[97, 25, 8, 9]",9,lib/tests/core/native-frames.zy,explicit
debug,0,336790,135,45,5678334,True,"[97, 25, 8, 9]",9,lib/tests/core/native-frames.zy,recursive
debug,0,470125,135,45,5656791,True,"[97, 25, 8, 9]",9,lib/tests/core/native-frames.zy,original
debug,0,569419,135,45,6378918,True,"[97, 25, 8, 9]",10,lib/tests/core/native-frames.zy,explicit
debug,0,358375,135,45,5630585,True,"[97, 25, 8, 9]",10,lib/tests/core/native-frames.zy,recursive
debug,0,338460,135,45,5656626,True,"[97, 25, 8, 9]",10,lib/tests/core/native-frames.zy,original
debug,0,337583,135,45,5362247,True,"[97, 25, 8, 9]",10,lib/tests/core/native-frames.zy,jobs
debug,0,354005,135,45,6003789,True,"[97, 25, 8, 9]",11,lib/tests/core/native-frames.zy,recursive
debug,0,401710,135,45,5941045,True,"[97, 25, 8, 9]",11,lib/tests/core/native-frames.zy,original
debug,0,354166,135,45,5548164,True,"[97, 25, 8, 9]",11,lib/tests/core/native-frames.zy,jobs
debug,0,350624,135,45,6126042,True,"[97, 25, 8, 9]",11,lib/tests/core/native-frames.zy,explicit
debug,0,314585,135,45,5257208,True,"[97, 25, 8, 9]",12,lib/tests/core/native-frames.zy,original
debug,0,352000,135,45,5747665,True,"[97, 25, 8, 9]",12,lib/tests/core/native-frames.zy,jobs
debug,0,370710,135,45,6245412,True,"[97, 25, 8, 9]",12,lib/tests/core/native-frames.zy,explicit
debug,0,393004,135,45,5691584,True,"[97, 25, 8, 9]",12,lib/tests/core/native-frames.zy,recursive
debug,0,334040,135,45,5491043,True,"[97, 25, 8, 9]",13,lib/tests/core/native-frames.zy,jobs
debug,0,336048,135,45,5947915,True,"[97, 25, 8, 9]",13,lib/tests/core/native-frames.zy,explicit
debug,0,357872,135,45,6018998,True,"[97, 25, 8, 9]",13,lib/tests/core/native-frames.zy,recursive
debug,0,408957,135,45,6615665,True,"[97, 25, 8, 9]",13,lib/tests/core/native-frames.zy,original
debug,0,350498,135,45,6036499,True,"[97, 25, 8, 9]",14,lib/tests/core/native-frames.zy,explicit
debug,0,345500,135,45,5931711,True,"[97, 25, 8, 9]",14,lib/tests/core/native-frames.zy,recursive
debug,0,338419,135,45,5475667,True,"[97, 25, 8, 9]",14,lib/tests/core/native-frames.zy,original
debug,0,365333,135,45,6031626,True,"[97, 25, 8, 9]",14,lib/tests/core/native-frames.zy,jobs
debug,0,482790,135,45,6441750,True,"[97, 25, 8, 9]",15,lib/tests/core/native-frames.zy,recursive
debug,0,352749,135,45,5611287,True,"[97, 25, 8, 9]",15,lib/tests/core/native-frames.zy,original
debug,0,336247,135,45,5534534,True,"[97, 25, 8, 9]",15,lib/tests/core/native-frames.zy,jobs
debug,0,362126,135,45,6172123,True,"[97, 25, 8, 9]",15,lib/tests/core/native-frames.zy,explicit
debug,0,314415,135,45,5228251,True,"[97, 25, 8, 9]",16,lib/tests/core/native-frames.zy,original
debug,0,317541,135,45,4892128,True,"[97, 25, 8, 9]",16,lib/tests/core/native-frames.zy,jobs
debug,0,310664,135,45,5415457,True,"[97, 25, 8, 9]",16,lib/tests/core/native-frames.zy,explicit
debug,0,431419,135,45,5276835,True,"[97, 25, 8, 9]",16,lib/tests/core/native-frames.zy,recursive
debug,0,297290,135,45,4836082,True,"[97, 25, 8, 9]",17,lib/tests/core/native-frames.zy,jobs
debug,0,320706,135,45,5585251,True,"[97, 25, 8, 9]",17,lib/tests/core/native-frames.zy,explicit
debug,0,308959,135,45,5363830,True,"[97, 25, 8, 9]",17,lib/tests/core/native-frames.zy,recursive
debug,0,290290,135,45,4937952,True,"[97, 25, 8, 9]",17,lib/tests/core/native-frames.zy,original
debug,0,300586,135,45,5438999,True,"[97, 25, 8, 9]",18,lib/tests/core/native-frames.zy,explicit
debug,0,300079,135,45,5176005,True,"[97, 25, 8, 9]",18,lib/tests/core/native-frames.zy,recursive
debug,0,294915,135,45,4994415,True,"[97, 25, 8, 9]",18,lib/tests/core/native-frames.zy,original
debug,0,309416,135,45,4981752,True,"[97, 25, 8, 9]",18,lib/tests/core/native-frames.zy,jobs
debug,0,307793,135,45,5233876,True,"[97, 25, 8, 9]",19,lib/tests/core/native-frames.zy,recursive
debug,0,302583,135,45,5026710,True,"[97, 25, 8, 9]",19,lib/tests/core/native-frames.zy,original
debug,0,313417,135,45,4989458,True,"[97, 25, 8, 9]",19,lib/tests/core/native-frames.zy,jobs
debug,0,304831,135,45,5427333,True,"[97, 25, 8, 9]",19,lib/tests/core/native-frames.zy,explicit
debug,0,294418,135,45,4923795,True,"[97, 25, 8, 9]",20,lib/tests/core/native-frames.zy,original
debug,0,289919,135,45,4778874,True,"[97, 25, 8, 9]",20,lib/tests/core/native-frames.zy,jobs
debug,0,295541,135,45,5375162,True,"[97, 25, 8, 9]",20,lib/tests/core/native-frames.zy,explicit
debug,0,292875,135,45,5290961,True,"[97, 25, 8, 9]",20,lib/tests/core/native-frames.zy,recursive
debug,0,290206,135,45,4810582,True,"[97, 25, 8, 9]",21,lib/tests/core/native-frames.zy,jobs
debug,0,299290,135,45,5280788,True,"[97, 25, 8, 9]",21,lib/tests/core/native-frames.zy,explicit
debug,0,297083,135,45,5104627,True,"[97, 25, 8, 9]",21,lib/tests/core/native-frames.zy,recursive
debug,0,296794,135,45,4953707,True,"[97, 25, 8, 9]",21,lib/tests/core/native-frames.zy,original
debug,0,300208,135,45,5351414,True,"[97, 25, 8, 9]",22,lib/tests/core/native-frames.zy,explicit
debug,0,349581,135,45,5957709,True,"[97, 25, 8, 9]",22,lib/tests/core/native-frames.zy,recursive
debug,0,312207,135,45,5228709,True,"[97, 25, 8, 9]",22,lib/tests/core/native-frames.zy,original
debug,0,303376,135,45,4933004,True,"[97, 25, 8, 9]",22,lib/tests/core/native-frames.zy,jobs
debug,0,298873,135,45,5311834,True,"[97, 25, 8, 9]",23,lib/tests/core/native-frames.zy,recursive
debug,0,288586,135,45,4984246,True,"[97, 25, 8, 9]",23,lib/tests/core/native-frames.zy,original
debug,0,300541,135,45,4863040,True,"[97, 25, 8, 9]",23,lib/tests/core/native-frames.zy,jobs
debug,0,297496,135,45,5326710,True,"[97, 25, 8, 9]",23,lib/tests/core/native-frames.zy,explicit
debug,0,302751,135,45,5002378,True,"[97, 25, 8, 9]",24,lib/tests/core/native-frames.zy,original
debug,0,304001,135,45,4854209,True,"[97, 25, 8, 9]",24,lib/tests/core/native-frames.zy,jobs
debug,0,304166,135,45,5391832,True,"[97, 25, 8, 9]",24,lib/tests/core/native-frames.zy,explicit
debug,0,313497,135,45,5268456,True,"[97, 25, 8, 9]",24,lib/tests/core/native-frames.zy,recursive
debug,0,292163,135,45,4837418,True,"[97, 25, 8, 9]",25,lib/tests/core/native-frames.zy,jobs
debug,0,294245,135,45,5315669,True,"[97, 25, 8, 9]",25,lib/tests/core/native-frames.zy,explicit
debug,0,298672,135,45,5231625,True,"[97, 25, 8, 9]",25,lib/tests/core/native-frames.zy,recursive
debug,0,316206,135,45,5020917,True,"[97, 25, 8, 9]",25,lib/tests/core/native-frames.zy,original
debug,0,310459,135,45,5497499,True,"[97, 25, 8, 9]",26,lib/tests/core/native-frames.zy,explicit
debug,0,302626,135,45,5210003,True,"[97, 25, 8, 9]",26,lib/tests/core/native-frames.zy,recursive
debug,0,299755,135,45,4943668,True,"[97, 25, 8, 9]",26,lib/tests/core/native-frames.zy,original
debug,0,298669,135,45,4973833,True,"[97, 25, 8, 9]",26,lib/tests/core/native-frames.zy,jobs
debug,0,302754,135,45,5286626,True,"[97, 25, 8, 9]",27,lib/tests/core/native-frames.zy,recursive
debug,0,362791,135,45,5201585,True,"[97, 25, 8, 9]",27,lib/tests/core/native-frames.zy,original
debug,0,294961,135,45,5061580,True,"[97, 25, 8, 9]",27,lib/tests/core/native-frames.zy,jobs
debug,0,307082,135,45,5375250,True,"[97, 25, 8, 9]",27,lib/tests/core/native-frames.zy,explicit
debug,0,287875,135,45,4917961,True,"[97, 25, 8, 9]",28,lib/tests/core/native-frames.zy,original
debug,0,318167,135,45,5072791,True,"[97, 25, 8, 9]",28,lib/tests/core/native-frames.zy,jobs
debug,0,304622,135,45,5510830,True,"[97, 25, 8, 9]",28,lib/tests/core/native-frames.zy,explicit
debug,0,306835,135,45,5275413,True,"[97, 25, 8, 9]",28,lib/tests/core/native-frames.zy,recursive
debug,0,303252,135,45,4862999,True,"[97, 25, 8, 9]",29,lib/tests/core/native-frames.zy,jobs
debug,0,295418,135,45,5292541,True,"[97, 25, 8, 9]",29,lib/tests/core/native-frames.zy,explicit
debug,0,305670,135,45,5297460,True,"[97, 25, 8, 9]",29,lib/tests/core/native-frames.zy,recursive
debug,0,281621,135,45,4893421,True,"[97, 25, 8, 9]",29,lib/tests/core/native-frames.zy,original
debug,0,302792,135,45,5631954,True,"[97, 25, 8, 9]",30,lib/tests/core/native-frames.zy,explicit
debug,0,304752,135,45,5190166,True,"[97, 25, 8, 9]",30,lib/tests/core/native-frames.zy,recursive
debug,0,287292,135,45,4941999,True,"[97, 25, 8, 9]",30,lib/tests/core/native-frames.zy,original
debug,0,303918,135,45,5016499,True,"[97, 25, 8, 9]",30,lib/tests/core/native-frames.zy,jobs
debug,0,300956,135,45,5290332,True,"[97, 25, 8, 9]",31,lib/tests/core/native-frames.zy,recursive
debug,0,308915,135,45,5215750,True,"[97, 25, 8, 9]",31,lib/tests/core/native-frames.zy,original
debug,0,292545,135,45,4821504,True,"[97, 25, 8, 9]",31,lib/tests/core/native-frames.zy,jobs
debug,0,289664,135,45,5379291,True,"[97, 25, 8, 9]",31,lib/tests/core/native-frames.zy,explicit
debug,0,273912,131,45,4837669,False,"[93, 26, 7, 0]",0,lib/tests/builtin/host-return.zy,original
debug,0,280249,131,45,4760455,False,"[93, 26, 7, 0]",0,lib/tests/builtin/host-return.zy,jobs
debug,0,331455,131,45,5888921,False,"[93, 26, 7, 0]",0,lib/tests/builtin/host-return.zy,explicit
debug,0,284750,131,45,5960375,False,"[93, 26, 7, 0]",0,lib/tests/builtin/host-return.zy,recursive
debug,0,266749,131,45,4756667,False,"[93, 26, 7, 0]",1,lib/tests/builtin/host-return.zy,jobs
debug,0,281208,131,45,5313539,False,"[93, 26, 7, 0]",1,lib/tests/builtin/host-return.zy,explicit
debug,0,299625,131,45,5161124,False,"[93, 26, 7, 0]",1,lib/tests/builtin/host-return.zy,recursive
debug,0,266586,131,45,4791499,False,"[93, 26, 7, 0]",1,lib/tests/builtin/host-return.zy,original
debug,0,275330,131,45,5258582,False,"[93, 26, 7, 0]",2,lib/tests/builtin/host-return.zy,explicit
debug,0,267835,131,45,5126082,False,"[93, 26, 7, 0]",2,lib/tests/builtin/host-return.zy,recursive
debug,0,274083,131,45,4979921,False,"[93, 26, 7, 0]",2,lib/tests/builtin/host-return.zy,original
debug,0,344499,131,45,5622128,False,"[93, 26, 7, 0]",2,lib/tests/builtin/host-return.zy,jobs
debug,0,317373,131,45,5595879,False,"[93, 26, 7, 0]",3,lib/tests/builtin/host-return.zy,recursive
debug,0,320328,131,45,5418039,False,"[93, 26, 7, 0]",3,lib/tests/builtin/host-return.zy,original
debug,0,321706,131,45,5420211,False,"[93, 26, 7, 0]",3,lib/tests/builtin/host-return.zy,jobs
debug,0,327538,131,45,5625792,False,"[93, 26, 7, 0]",3,lib/tests/builtin/host-return.zy,explicit
debug,0,313209,131,45,5351791,False,"[93, 26, 7, 0]",4,lib/tests/builtin/host-return.zy,original
debug,0,326458,131,45,5429749,False,"[93, 26, 7, 0]",4,lib/tests/builtin/host-return.zy,jobs
debug,0,314456,131,45,5689082,False,"[93, 26, 7, 0]",4,lib/tests/builtin/host-return.zy,explicit
debug,0,321125,131,45,6154585,False,"[93, 26, 7, 0]",4,lib/tests/builtin/host-return.zy,recursive
debug,0,298246,131,45,5322459,False,"[93, 26, 7, 0]",5,lib/tests/builtin/host-return.zy,jobs
debug,0,621378,131,45,6078748,False,"[93, 26, 7, 0]",5,lib/tests/builtin/host-return.zy,explicit
debug,0,405540,131,45,7991208,False,"[93, 26, 7, 0]",5,lib/tests/builtin/host-return.zy,recursive
debug,0,304542,131,45,5182502,False,"[93, 26, 7, 0]",5,lib/tests/builtin/host-return.zy,original
debug,0,369582,131,45,10944504,False,"[93, 26, 7, 0]",6,lib/tests/builtin/host-return.zy,explicit
debug,0,301788,131,45,5402337,False,"[93, 26, 7, 0]",6,lib/tests/builtin/host-return.zy,recursive
debug,0,349585,131,45,5722585,False,"[93, 26, 7, 0]",6,lib/tests/builtin/host-return.zy,original
debug,0,354915,131,45,5435544,False,"[93, 26, 7, 0]",6,lib/tests/builtin/host-return.zy,jobs
debug,0,343084,131,45,5729672,False,"[93, 26, 7, 0]",7,lib/tests/builtin/host-return.zy,recursive
debug,0,371291,131,45,7184293,False,"[93, 26, 7, 0]",7,lib/tests/builtin/host-return.zy,original
debug,0,510829,131,45,5705454,False,"[93, 26, 7, 0]",7,lib/tests/builtin/host-return.zy,jobs
debug,0,328082,131,45,6080291,False,"[93, 26, 7, 0]",7,lib/tests/builtin/host-return.zy,explicit
debug,0,304329,131,45,5302960,False,"[93, 26, 7, 0]",8,lib/tests/builtin/host-return.zy,original
debug,0,276292,131,45,4789123,False,"[93, 26, 7, 0]",8,lib/tests/builtin/host-return.zy,jobs
debug,0,352581,131,45,6127126,False,"[93, 26, 7, 0]",8,lib/tests/builtin/host-return.zy,explicit
debug,0,330876,131,45,5278832,False,"[93, 26, 7, 0]",8,lib/tests/builtin/host-return.zy,recursive
debug,0,313377,131,45,5187584,False,"[93, 26, 7, 0]",9,lib/tests/builtin/host-return.zy,jobs
debug,0,298956,131,45,5563960,False,"[93, 26, 7, 0]",9,lib/tests/builtin/host-return.zy,explicit
debug,0,269877,131,45,5117750,False,"[93, 26, 7, 0]",9,lib/tests/builtin/host-return.zy,recursive
debug,0,268498,131,45,4821167,False,"[93, 26, 7, 0]",9,lib/tests/builtin/host-return.zy,original
debug,0,285876,131,45,5301875,False,"[93, 26, 7, 0]",10,lib/tests/builtin/host-return.zy,explicit
debug,0,278080,131,45,5135299,False,"[93, 26, 7, 0]",10,lib/tests/builtin/host-return.zy,recursive
debug,0,264413,131,45,4899579,False,"[93, 26, 7, 0]",10,lib/tests/builtin/host-return.zy,original
debug,0,271334,131,45,4772251,False,"[93, 26, 7, 0]",10,lib/tests/builtin/host-return.zy,jobs
debug,0,265078,131,45,5087921,False,"[93, 26, 7, 0]",11,lib/tests/builtin/host-return.zy,recursive
debug,0,283997,131,45,4955752,False,"[93, 26, 7, 0]",11,lib/tests/builtin/host-return.zy,original
debug,0,266455,131,45,4741709,False,"[93, 26, 7, 0]",11,lib/tests/builtin/host-return.zy,jobs
debug,0,272544,131,45,5240081,False,"[93, 26, 7, 0]",11,lib/tests/builtin/host-return.zy,explicit
debug,0,289458,131,45,5018626,False,"[93, 26, 7, 0]",12,lib/tests/builtin/host-return.zy,original
debug,0,274831,131,45,4996540,False,"[93, 26, 7, 0]",12,lib/tests/builtin/host-return.zy,jobs
debug,0,282205,131,45,5271543,False,"[93, 26, 7, 0]",12,lib/tests/builtin/host-return.zy,explicit
debug,0,263961,131,45,5088249,False,"[93, 26, 7, 0]",12,lib/tests/builtin/host-return.zy,recursive
debug,0,257374,131,45,4678793,False,"[93, 26, 7, 0]",13,lib/tests/builtin/host-return.zy,jobs
debug,0,285751,131,45,5326666,False,"[93, 26, 7, 0]",13,lib/tests/builtin/host-return.zy,explicit
debug,0,272621,131,45,5128620,False,"[93, 26, 7, 0]",13,lib/tests/builtin/host-return.zy,recursive
debug,0,263380,131,45,4830416,False,"[93, 26, 7, 0]",13,lib/tests/builtin/host-return.zy,original
debug,0,271330,131,45,5247583,False,"[93, 26, 7, 0]",14,lib/tests/builtin/host-return.zy,explicit
debug,0,272369,131,45,5109250,False,"[93, 26, 7, 0]",14,lib/tests/builtin/host-return.zy,recursive
debug,0,286788,131,45,4946213,False,"[93, 26, 7, 0]",14,lib/tests/builtin/host-return.zy,original
debug,0,272749,131,45,4767919,False,"[93, 26, 7, 0]",14,lib/tests/builtin/host-return.zy,jobs
debug,0,273331,131,45,5107040,False,"[93, 26, 7, 0]",15,lib/tests/builtin/host-return.zy,recursive
debug,0,270336,131,45,4813373,False,"[93, 26, 7, 0]",15,lib/tests/builtin/host-return.zy,original
debug,0,270583,131,45,4709659,False,"[93, 26, 7, 0]",15,lib/tests/builtin/host-return.zy,jobs
debug,0,308326,131,45,5636626,False,"[93, 26, 7, 0]",15,lib/tests/builtin/host-return.zy,explicit
debug,0,293584,131,45,4909752,False,"[93, 26, 7, 0]",16,lib/tests/builtin/host-return.zy,original
debug,0,271914,131,45,4715083,False,"[93, 26, 7, 0]",16,lib/tests/builtin/host-return.zy,jobs
debug,0,299746,131,45,5215919,False,"[93, 26, 7, 0]",16,lib/tests/builtin/host-return.zy,explicit
debug,0,295754,131,45,5519163,False,"[93, 26, 7, 0]",16,lib/tests/builtin/host-return.zy,recursive
debug,0,262378,131,45,4721373,False,"[93, 26, 7, 0]",17,lib/tests/builtin/host-return.zy,jobs
debug,0,283750,131,45,5275335,False,"[93, 26, 7, 0]",17,lib/tests/builtin/host-return.zy,explicit
debug,0,270089,131,45,5156584,False,"[93, 26, 7, 0]",17,lib/tests/builtin/host-return.zy,recursive
debug,0,265416,131,45,4872670,False,"[93, 26, 7, 0]",17,lib/tests/builtin/host-return.zy,original
debug,0,283962,131,45,5400421,False,"[93, 26, 7, 0]",18,lib/tests/builtin/host-return.zy,explicit
debug,0,279498,131,45,5182335,False,"[93, 26, 7, 0]",18,lib/tests/builtin/host-return.zy,recursive
debug,0,267417,131,45,4800624,False,"[93, 26, 7, 0]",18,lib/tests/builtin/host-return.zy,original
debug,0,265206,131,45,4702917,False,"[93, 26, 7, 0]",18,lib/tests/builtin/host-return.zy,jobs
debug,0,271792,131,45,5136460,False,"[93, 26, 7, 0]",19,lib/tests/builtin/host-return.zy,recursive
debug,0,273623,131,45,4893670,False,"[93, 26, 7, 0]",19,lib/tests/builtin/host-return.zy,original
debug,0,271965,131,45,4764088,False,"[93, 26, 7, 0]",19,lib/tests/builtin/host-return.zy,jobs
debug,0,273459,131,45,5294415,False,"[93, 26, 7, 0]",19,lib/tests/builtin/host-return.zy,explicit
debug,0,265001,131,45,4857917,False,"[93, 26, 7, 0]",20,lib/tests/builtin/host-return.zy,original
debug,0,273663,131,45,4812585,False,"[93, 26, 7, 0]",20,lib/tests/builtin/host-return.zy,jobs
debug,0,279875,131,45,5482876,False,"[93, 26, 7, 0]",20,lib/tests/builtin/host-return.zy,explicit
debug,0,285673,131,45,5262163,False,"[93, 26, 7, 0]",20,lib/tests/builtin/host-return.zy,recursive
debug,0,300833,131,45,5098664,False,"[93, 26, 7, 0]",21,lib/tests/builtin/host-return.zy,jobs
debug,0,319544,131,45,5724501,False,"[93, 26, 7, 0]",21,lib/tests/builtin/host-return.zy,explicit
debug,0,364631,131,45,5963413,False,"[93, 26, 7, 0]",21,lib/tests/builtin/host-return.zy,recursive
debug,0,341294,131,45,5592880,False,"[93, 26, 7, 0]",21,lib/tests/builtin/host-return.zy,original
debug,0,427878,131,45,6267422,False,"[93, 26, 7, 0]",22,lib/tests/builtin/host-return.zy,explicit
debug,0,346868,131,45,5532330,False,"[93, 26, 7, 0]",22,lib/tests/builtin/host-return.zy,recursive
debug,0,307791,131,45,5239379,False,"[93, 26, 7, 0]",22,lib/tests/builtin/host-return.zy,original
debug,0,349127,131,45,5006414,False,"[93, 26, 7, 0]",22,lib/tests/builtin/host-return.zy,jobs
debug,0,419462,131,45,6299708,False,"[93, 26, 7, 0]",23,lib/tests/builtin/host-return.zy,recursive
debug,0,317626,131,45,5210123,False,"[93, 26, 7, 0]",23,lib/tests/builtin/host-return.zy,original
debug,0,293127,131,45,5006128,False,"[93, 26, 7, 0]",23,lib/tests/builtin/host-return.zy,jobs
debug,0,336958,131,45,5562289,False,"[93, 26, 7, 0]",23,lib/tests/builtin/host-return.zy,explicit
debug,0,411457,131,45,5504669,False,"[93, 26, 7, 0]",24,lib/tests/builtin/host-return.zy,original
debug,0,291080,131,45,5085086,False,"[93, 26, 7, 0]",24,lib/tests/builtin/host-return.zy,jobs
debug,0,290668,131,45,5420458,False,"[93, 26, 7, 0]",24,lib/tests/builtin/host-return.zy,explicit
debug,0,377248,131,45,5734001,False,"[93, 26, 7, 0]",24,lib/tests/builtin/host-return.zy,recursive
debug,0,283753,131,45,4915372,False,"[93, 26, 7, 0]",25,lib/tests/builtin/host-return.zy,jobs
debug,0,302500,131,45,5648539,False,"[93, 26, 7, 0]",25,lib/tests/builtin/host-return.zy,explicit
debug,0,287498,131,45,5201625,False,"[93, 26, 7, 0]",25,lib/tests/builtin/host-return.zy,recursive
debug,0,308835,131,45,5193462,False,"[93, 26, 7, 0]",25,lib/tests/builtin/host-return.zy,original
debug,0,292586,131,45,5451668,False,"[93, 26, 7, 0]",26,lib/tests/builtin/host-return.zy,explicit
debug,0,281543,131,45,5266208,False,"[93, 26, 7, 0]",26,lib/tests/builtin/host-return.zy,recursive
debug,0,274706,131,45,4952125,False,"[93, 26, 7, 0]",26,lib/tests/builtin/host-return.zy,original
debug,0,270123,131,45,4824793,False,"[93, 26, 7, 0]",26,lib/tests/builtin/host-return.zy,jobs
debug,0,279005,131,45,5226460,False,"[93, 26, 7, 0]",27,lib/tests/builtin/host-return.zy,recursive
debug,0,290546,131,45,5061833,False,"[93, 26, 7, 0]",27,lib/tests/builtin/host-return.zy,original
debug,0,280368,131,45,4947292,False,"[93, 26, 7, 0]",27,lib/tests/builtin/host-return.zy,jobs
debug,0,271168,131,45,5310082,False,"[93, 26, 7, 0]",27,lib/tests/builtin/host-return.zy,explicit
debug,0,263624,131,45,4829253,False,"[93, 26, 7, 0]",28,lib/tests/builtin/host-return.zy,original
debug,0,273710,131,45,4797083,False,"[93, 26, 7, 0]",28,lib/tests/builtin/host-return.zy,jobs
debug,0,281583,131,45,5307751,False,"[93, 26, 7, 0]",28,lib/tests/builtin/host-return.zy,explicit
debug,0,265411,131,45,5092666,False,"[93, 26, 7, 0]",28,lib/tests/builtin/host-return.zy,recursive
debug,0,263959,131,45,4739296,False,"[93, 26, 7, 0]",29,lib/tests/builtin/host-return.zy,jobs
debug,0,270790,131,45,5253083,False,"[93, 26, 7, 0]",29,lib/tests/builtin/host-return.zy,explicit
debug,0,274875,131,45,5159701,False,"[93, 26, 7, 0]",29,lib/tests/builtin/host-return.zy,recursive
debug,0,262624,131,45,4804747,False,"[93, 26, 7, 0]",29,lib/tests/builtin/host-return.zy,original
debug,0,270710,131,45,5298533,False,"[93, 26, 7, 0]",30,lib/tests/builtin/host-return.zy,explicit
debug,0,266293,131,45,5107002,False,"[93, 26, 7, 0]",30,lib/tests/builtin/host-return.zy,recursive
debug,0,262999,131,45,4824667,False,"[93, 26, 7, 0]",30,lib/tests/builtin/host-return.zy,original
debug,0,269914,131,45,4749751,False,"[93, 26, 7, 0]",30,lib/tests/builtin/host-return.zy,jobs
debug,0,267499,131,45,5112793,False,"[93, 26, 7, 0]",31,lib/tests/builtin/host-return.zy,recursive
debug,0,282585,131,45,4849377,False,"[93, 26, 7, 0]",31,lib/tests/builtin/host-return.zy,original
debug,0,265338,131,45,4761458,False,"[93, 26, 7, 0]",31,lib/tests/builtin/host-return.zy,jobs
debug,0,267541,131,45,5253664,False,"[93, 26, 7, 0]",31,lib/tests/builtin/host-return.zy,explicit
debug,0,301579,131,58,4967543,True,"[66, 24, 7, 8]",0,lib/tests/builtin/host-return.zy,original
debug,0,302920,131,58,4955125,True,"[66, 24, 7, 8]",0,lib/tests/builtin/host-return.zy,jobs
debug,0,304205,131,58,5339917,True,"[66, 24, 7, 8]",0,lib/tests/builtin/host-return.zy,explicit
debug,0,307919,131,58,5149338,True,"[66, 24, 7, 8]",0,lib/tests/builtin/host-return.zy,recursive
debug,0,295416,131,58,4926252,True,"[66, 24, 7, 8]",1,lib/tests/builtin/host-return.zy,jobs
debug,0,291874,131,58,5290627,True,"[66, 24, 7, 8]",1,lib/tests/builtin/host-return.zy,explicit
debug,0,290665,131,58,5161461,True,"[66, 24, 7, 8]",1,lib/tests/builtin/host-return.zy,recursive
debug,0,295956,131,58,4984666,True,"[66, 24, 7, 8]",1,lib/tests/builtin/host-return.zy,original
debug,0,326751,131,58,5325292,True,"[66, 24, 7, 8]",2,lib/tests/builtin/host-return.zy,explicit
debug,0,307666,131,58,5270673,True,"[66, 24, 7, 8]",2,lib/tests/builtin/host-return.zy,recursive
debug,0,294163,131,58,5020164,True,"[66, 24, 7, 8]",2,lib/tests/builtin/host-return.zy,original
debug,0,287294,131,58,4853582,True,"[66, 24, 7, 8]",2,lib/tests/builtin/host-return.zy,jobs
debug,0,308203,131,58,5151999,True,"[66, 24, 7, 8]",3,lib/tests/builtin/host-return.zy,recursive
debug,0,300666,131,58,4971330,True,"[66, 24, 7, 8]",3,lib/tests/builtin/host-return.zy,original
debug,0,320659,131,58,4932209,True,"[66, 24, 7, 8]",3,lib/tests/builtin/host-return.zy,jobs
debug,0,307662,131,58,5320787,True,"[66, 24, 7, 8]",3,lib/tests/builtin/host-return.zy,explicit
debug,0,299919,131,58,4925665,True,"[66, 24, 7, 8]",4,lib/tests/builtin/host-return.zy,original
debug,0,296040,131,58,4884331,True,"[66, 24, 7, 8]",4,lib/tests/builtin/host-return.zy,jobs
debug,0,295042,131,58,5241336,True,"[66, 24, 7, 8]",4,lib/tests/builtin/host-return.zy,explicit
debug,0,301132,131,58,5189622,True,"[66, 24, 7, 8]",4,lib/tests/builtin/host-return.zy,recursive
debug,0,288834,131,58,4851041,True,"[66, 24, 7, 8]",5,lib/tests/builtin/host-return.zy,jobs
debug,0,298542,131,58,5255754,True,"[66, 24, 7, 8]",5,lib/tests/builtin/host-return.zy,explicit
debug,0,298209,131,58,5172413,True,"[66, 24, 7, 8]",5,lib/tests/builtin/host-return.zy,recursive
debug,0,293126,131,58,4944084,True,"[66, 24, 7, 8]",5,lib/tests/builtin/host-return.zy,original
debug,0,312498,131,58,5248463,True,"[66, 24, 7, 8]",6,lib/tests/builtin/host-return.zy,explicit
debug,0,301120,131,58,5178126,True,"[66, 24, 7, 8]",6,lib/tests/builtin/host-return.zy,recursive
debug,0,340542,131,58,5018208,True,"[66, 24, 7, 8]",6,lib/tests/builtin/host-return.zy,original
debug,0,296874,131,58,4873038,True,"[66, 24, 7, 8]",6,lib/tests/builtin/host-return.zy,jobs
debug,0,318124,131,58,5212832,True,"[66, 24, 7, 8]",7,lib/tests/builtin/host-return.zy,recursive
debug,0,298669,131,58,4966251,True,"[66, 24, 7, 8]",7,lib/tests/builtin/host-return.zy,original
debug,0,289830,131,58,4890837,True,"[66, 24, 7, 8]",7,lib/tests/builtin/host-return.zy,jobs
debug,0,292378,131,58,5261459,True,"[66, 24, 7, 8]",7,lib/tests/builtin/host-return.zy,explicit
debug,0,303505,131,58,5133463,True,"[66, 24, 7, 8]",8,lib/tests/builtin/host-return.zy,original
debug,0,313378,131,58,5167544,True,"[66, 24, 7, 8]",8,lib/tests/builtin/host-return.zy,jobs
debug,0,289457,131,58,5250626,True,"[66, 24, 7, 8]",8,lib/tests/builtin/host-return.zy,explicit
debug,0,298623,131,58,5188420,True,"[66, 24, 7, 8]",8,lib/tests/builtin/host-return.zy,recursive
debug,0,288798,131,58,4884999,True,"[66, 24, 7, 8]",9,lib/tests/builtin/host-return.zy,jobs
debug,0,292626,131,58,5238296,True,"[66, 24, 7, 8]",9,lib/tests/builtin/host-return.zy,explicit
debug,0,289871,131,58,5169538,True,"[66, 24, 7, 8]",9,lib/tests/builtin/host-return.zy,recursive
debug,0,296957,131,58,4998334,True,"[66, 24, 7, 8]",9,lib/tests/builtin/host-return.zy,original
debug,0,307545,131,58,5315581,True,"[66, 24, 7, 8]",10,lib/tests/builtin/host-return.zy,explicit
debug,0,308624,131,58,5125081,True,"[66, 24, 7, 8]",10,lib/tests/builtin/host-return.zy,recursive
debug,0,310750,131,58,4940666,True,"[66, 24, 7, 8]",10,lib/tests/builtin/host-return.zy,original
debug,0,305414,131,58,4881580,True,"[66, 24, 7, 8]",10,lib/tests/builtin/host-return.zy,jobs
debug,0,298170,131,58,5181711,True,"[66, 24, 7, 8]",11,lib/tests/builtin/host-return.zy,recursive
debug,0,296412,131,58,5003416,True,"[66, 24, 7, 8]",11,lib/tests/builtin/host-return.zy,original
debug,0,289959,131,58,4878505,True,"[66, 24, 7, 8]",11,lib/tests/builtin/host-return.zy,jobs
debug,0,299295,131,58,5299624,True,"[66, 24, 7, 8]",11,lib/tests/builtin/host-return.zy,explicit
debug,0,304877,131,58,5070290,True,"[66, 24, 7, 8]",12,lib/tests/builtin/host-return.zy,original
debug,0,291252,131,58,4873829,True,"[66, 24, 7, 8]",12,lib/tests/builtin/host-return.zy,jobs
debug,0,311168,131,58,5386079,True,"[66, 24, 7, 8]",12,lib/tests/builtin/host-return.zy,explicit
debug,0,300294,131,58,5185540,True,"[66, 24, 7, 8]",12,lib/tests/builtin/host-return.zy,recursive
debug,0,292371,131,58,4856919,True,"[66, 24, 7, 8]",13,lib/tests/builtin/host-return.zy,jobs
debug,0,319250,131,58,5490709,True,"[66, 24, 7, 8]",13,lib/tests/builtin/host-return.zy,explicit
debug,0,299040,131,58,5187332,True,"[66, 24, 7, 8]",13,lib/tests/builtin/host-return.zy,recursive
debug,0,287417,131,58,4948835,True,"[66, 24, 7, 8]",13,lib/tests/builtin/host-return.zy,original
debug,0,289254,131,58,5260629,True,"[66, 24, 7, 8]",14,lib/tests/builtin/host-return.zy,explicit
debug,0,290916,131,58,5122624,True,"[66, 24, 7, 8]",14,lib/tests/builtin/host-return.zy,recursive
debug,0,301631,131,58,4986582,True,"[66, 24, 7, 8]",14,lib/tests/builtin/host-return.zy,original
debug,0,294710,131,58,4888539,True,"[66, 24, 7, 8]",14,lib/tests/builtin/host-return.zy,jobs
debug,0,290584,131,58,5134207,True,"[66, 24, 7, 8]",15,lib/tests/builtin/host-return.zy,recursive
debug,0,293712,131,58,4957040,True,"[66, 24, 7, 8]",15,lib/tests/builtin/host-return.zy,original
debug,0,287455,131,58,4847377,True,"[66, 24, 7, 8]",15,lib/tests/builtin/host-return.zy,jobs
debug,0,328164,131,58,5334831,True,"[66, 24, 7, 8]",15,lib/tests/builtin/host-return.zy,explicit
debug,0,306164,131,58,4948918,True,"[66, 24, 7, 8]",16,lib/tests/builtin/host-return.zy,original
debug,0,294583,131,58,4853127,True,"[66, 24, 7, 8]",16,lib/tests/builtin/host-return.zy,jobs
debug,0,306210,131,58,5250707,True,"[66, 24, 7, 8]",16,lib/tests/builtin/host-return.zy,explicit
debug,0,298754,131,58,5144706,True,"[66, 24, 7, 8]",16,lib/tests/builtin/host-return.zy,recursive
debug,0,293583,131,58,4886416,True,"[66, 24, 7, 8]",17,lib/tests/builtin/host-return.zy,jobs
debug,0,303832,131,58,5354335,True,"[66, 24, 7, 8]",17,lib/tests/builtin/host-return.zy,explicit
debug,0,320336,131,58,5233791,True,"[66, 24, 7, 8]",17,lib/tests/builtin/host-return.zy,recursive
debug,0,294712,131,58,4989620,True,"[66, 24, 7, 8]",17,lib/tests/builtin/host-return.zy,original
debug,0,293212,131,58,5239461,True,"[66, 24, 7, 8]",18,lib/tests/builtin/host-return.zy,explicit
debug,0,362332,131,58,5694874,True,"[66, 24, 7, 8]",18,lib/tests/builtin/host-return.zy,recursive
debug,0,494496,131,58,6480421,True,"[66, 24, 7, 8]",18,lib/tests/builtin/host-return.zy,original
debug,0,291332,131,58,4901502,True,"[66, 24, 7, 8]",18,lib/tests/builtin/host-return.zy,jobs
debug,0,291671,131,58,5140001,True,"[66, 24, 7, 8]",19,lib/tests/builtin/host-return.zy,recursive
debug,0,296794,131,58,4951296,True,"[66, 24, 7, 8]",19,lib/tests/builtin/host-return.zy,original
debug,0,290086,131,58,4873040,True,"[66, 24, 7, 8]",19,lib/tests/builtin/host-return.zy,jobs
debug,0,317958,131,58,5531329,True,"[66, 24, 7, 8]",19,lib/tests/builtin/host-return.zy,explicit
debug,0,307290,131,58,5262500,True,"[66, 24, 7, 8]",20,lib/tests/builtin/host-return.zy,original
debug,0,339833,131,58,5015582,True,"[66, 24, 7, 8]",20,lib/tests/builtin/host-return.zy,jobs
debug,0,307373,131,58,5415498,True,"[66, 24, 7, 8]",20,lib/tests/builtin/host-return.zy,explicit
debug,0,294210,131,58,5132086,True,"[66, 24, 7, 8]",20,lib/tests/builtin/host-return.zy,recursive
debug,0,299835,131,58,4908376,True,"[66, 24, 7, 8]",21,lib/tests/builtin/host-return.zy,jobs
debug,0,317000,131,58,5379336,True,"[66, 24, 7, 8]",21,lib/tests/builtin/host-return.zy,explicit
debug,0,312838,131,58,5288415,True,"[66, 24, 7, 8]",21,lib/tests/builtin/host-return.zy,recursive
debug,0,319374,131,58,5144957,True,"[66, 24, 7, 8]",21,lib/tests/builtin/host-return.zy,original
debug,0,309669,131,58,5616250,True,"[66, 24, 7, 8]",22,lib/tests/builtin/host-return.zy,explicit
debug,0,320544,131,58,5398999,True,"[66, 24, 7, 8]",22,lib/tests/builtin/host-return.zy,recursive
debug,0,302209,131,58,5103162,True,"[66, 24, 7, 8]",22,lib/tests/builtin/host-return.zy,original
debug,0,303584,131,58,4941711,True,"[66, 24, 7, 8]",22,lib/tests/builtin/host-return.zy,jobs
debug,0,304038,131,58,5174456,True,"[66, 24, 7, 8]",23,lib/tests/builtin/host-return.zy,recursive
debug,0,308878,131,58,5032292,True,"[66, 24, 7, 8]",23,lib/tests/builtin/host-return.zy,original
debug,0,313125,131,58,4992210,True,"[66, 24, 7, 8]",23,lib/tests/builtin/host-return.zy,jobs
debug,0,305002,131,58,5369793,True,"[66, 24, 7, 8]",23,lib/tests/builtin/host-return.zy,explicit
debug,0,306041,131,58,5104374,True,"[66, 24, 7, 8]",24,lib/tests/builtin/host-return.zy,original
debug,0,308917,131,58,5031290,True,"[66, 24, 7, 8]",24,lib/tests/builtin/host-return.zy,jobs
debug,0,311919,131,58,5405664,True,"[66, 24, 7, 8]",24,lib/tests/builtin/host-return.zy,explicit
debug,0,303832,131,58,5259378,True,"[66, 24, 7, 8]",24,lib/tests/builtin/host-return.zy,recursive
debug,0,303090,131,58,5006330,True,"[66, 24, 7, 8]",25,lib/tests/builtin/host-return.zy,jobs
debug,0,304498,131,58,5350420,True,"[66, 24, 7, 8]",25,lib/tests/builtin/host-return.zy,explicit
debug,0,302590,131,58,5208249,True,"[66, 24, 7, 8]",25,lib/tests/builtin/host-return.zy,recursive
debug,0,306504,131,58,4979627,True,"[66, 24, 7, 8]",25,lib/tests/builtin/host-return.zy,original
debug,0,297458,131,58,5273830,True,"[66, 24, 7, 8]",26,lib/tests/builtin/host-return.zy,explicit
debug,0,310379,131,58,5373751,True,"[66, 24, 7, 8]",26,lib/tests/builtin/host-return.zy,recursive
debug,0,305622,131,58,4997960,True,"[66, 24, 7, 8]",26,lib/tests/builtin/host-return.zy,original
debug,0,303290,131,58,4932792,True,"[66, 24, 7, 8]",26,lib/tests/builtin/host-return.zy,jobs
debug,0,304123,131,58,5229956,True,"[66, 24, 7, 8]",27,lib/tests/builtin/host-return.zy,recursive
debug,0,294586,131,58,4981458,True,"[66, 24, 7, 8]",27,lib/tests/builtin/host-return.zy,original
debug,0,307583,131,58,4944957,True,"[66, 24, 7, 8]",27,lib/tests/builtin/host-return.zy,jobs
debug,0,296792,131,58,5320044,True,"[66, 24, 7, 8]",27,lib/tests/builtin/host-return.zy,explicit
debug,0,293295,131,58,4971417,True,"[66, 24, 7, 8]",28,lib/tests/builtin/host-return.zy,original
debug,0,294172,131,58,4866794,True,"[66, 24, 7, 8]",28,lib/tests/builtin/host-return.zy,jobs
debug,0,299838,131,58,5302959,True,"[66, 24, 7, 8]",28,lib/tests/builtin/host-return.zy,explicit
debug,0,301919,131,58,5229587,True,"[66, 24, 7, 8]",28,lib/tests/builtin/host-return.zy,recursive
debug,0,311043,131,58,4999252,True,"[66, 24, 7, 8]",29,lib/tests/builtin/host-return.zy,jobs
debug,0,300288,131,58,5369255,True,"[66, 24, 7, 8]",29,lib/tests/builtin/host-return.zy,explicit
debug,0,302837,131,58,5270619,True,"[66, 24, 7, 8]",29,lib/tests/builtin/host-return.zy,recursive
debug,0,303503,131,58,4987871,True,"[66, 24, 7, 8]",29,lib/tests/builtin/host-return.zy,original
debug,0,303169,131,58,5329333,True,"[66, 24, 7, 8]",30,lib/tests/builtin/host-return.zy,explicit
debug,0,305876,131,58,5280627,True,"[66, 24, 7, 8]",30,lib/tests/builtin/host-return.zy,recursive
debug,0,317328,131,58,5232960,True,"[66, 24, 7, 8]",30,lib/tests/builtin/host-return.zy,original
debug,0,305791,131,58,5070795,True,"[66, 24, 7, 8]",30,lib/tests/builtin/host-return.zy,jobs
debug,0,331835,131,58,5287037,True,"[66, 24, 7, 8]",31,lib/tests/builtin/host-return.zy,recursive
debug,0,300961,131,58,4977040,True,"[66, 24, 7, 8]",31,lib/tests/builtin/host-return.zy,original
debug,0,316460,131,58,4904336,True,"[66, 24, 7, 8]",31,lib/tests/builtin/host-return.zy,jobs
debug,0,303167,131,58,5370456,True,"[66, 24, 7, 8]",31,lib/tests/builtin/host-return.zy,explicit
debug,0,228710,692,7,4528708,False,"[525, 160, 38, 0]",0,lib/tests/builtin/host-runtime.zy,original
debug,0,233832,692,7,4471875,False,"[525, 160, 38, 0]",0,lib/tests/builtin/host-runtime.zy,jobs
debug,0,240042,692,7,5040125,False,"[525, 160, 38, 0]",0,lib/tests/builtin/host-runtime.zy,explicit
debug,0,232624,692,7,4795667,False,"[525, 160, 38, 0]",0,lib/tests/builtin/host-runtime.zy,recursive
debug,0,237834,692,7,4410835,False,"[525, 160, 38, 0]",1,lib/tests/builtin/host-runtime.zy,jobs
debug,0,237583,692,7,4929166,False,"[525, 160, 38, 0]",1,lib/tests/builtin/host-runtime.zy,explicit
debug,0,267167,692,7,4918667,False,"[525, 160, 38, 0]",1,lib/tests/builtin/host-runtime.zy,recursive
debug,0,246248,692,7,4674500,False,"[525, 160, 38, 0]",1,lib/tests/builtin/host-runtime.zy,original
debug,0,239876,692,7,5095418,False,"[525, 160, 38, 0]",2,lib/tests/builtin/host-runtime.zy,explicit
debug,0,237249,692,7,4806625,False,"[525, 160, 38, 0]",2,lib/tests/builtin/host-runtime.zy,recursive
debug,0,253082,692,7,4622582,False,"[525, 160, 38, 0]",2,lib/tests/builtin/host-runtime.zy,original
debug,0,237249,692,7,4457458,False,"[525, 160, 38, 0]",2,lib/tests/builtin/host-runtime.zy,jobs
debug,0,242622,692,7,5066375,False,"[525, 160, 38, 0]",3,lib/tests/builtin/host-runtime.zy,recursive
debug,0,234500,692,7,4587415,False,"[525, 160, 38, 0]",3,lib/tests/builtin/host-runtime.zy,original
debug,0,239751,692,7,4450666,False,"[525, 160, 38, 0]",3,lib/tests/builtin/host-runtime.zy,jobs
debug,0,235540,692,7,4950125,False,"[525, 160, 38, 0]",3,lib/tests/builtin/host-runtime.zy,explicit
debug,0,243958,692,7,4684043,False,"[525, 160, 38, 0]",4,lib/tests/builtin/host-runtime.zy,original
debug,0,239041,692,7,4490832,False,"[525, 160, 38, 0]",4,lib/tests/builtin/host-runtime.zy,jobs
debug,0,238291,692,7,4974583,False,"[525, 160, 38, 0]",4,lib/tests/builtin/host-runtime.zy,explicit
debug,0,244081,692,7,4904374,False,"[525, 160, 38, 0]",4,lib/tests/builtin/host-runtime.zy,recursive
debug,0,238000,692,7,4422541,False,"[525, 160, 38, 0]",5,lib/tests/builtin/host-runtime.zy,jobs
debug,0,245750,692,7,5033999,False,"[525, 160, 38, 0]",5,lib/tests/builtin/host-runtime.zy,explicit
debug,0,240167,692,7,4882792,False,"[525, 160, 38, 0]",5,lib/tests/builtin/host-runtime.zy,recursive
debug,0,241498,692,7,4608167,False,"[525, 160, 38, 0]",5,lib/tests/builtin/host-runtime.zy,original
debug,0,234750,692,7,4964834,False,"[525, 160, 38, 0]",6,lib/tests/builtin/host-runtime.zy,explicit
debug,0,251458,692,7,4916583,False,"[525, 160, 38, 0]",6,lib/tests/builtin/host-runtime.zy,recursive
debug,0,235292,692,7,4654834,False,"[525, 160, 38, 0]",6,lib/tests/builtin/host-runtime.zy,original
debug,0,236334,692,7,4488291,False,"[525, 160, 38, 0]",6,lib/tests/builtin/host-runtime.zy,jobs
debug,0,235042,692,7,4821832,False,"[525, 160, 38, 0]",7,lib/tests/builtin/host-runtime.zy,recursive
debug,0,251126,692,7,4833125,False,"[525, 160, 38, 0]",7,lib/tests/builtin/host-runtime.zy,original
debug,0,230584,692,7,4500707,False,"[525, 160, 38, 0]",7,lib/tests/builtin/host-runtime.zy,jobs
debug,0,236708,692,7,5022626,False,"[525, 160, 38, 0]",7,lib/tests/builtin/host-runtime.zy,explicit
debug,0,250958,692,7,4734709,False,"[525, 160, 38, 0]",8,lib/tests/builtin/host-runtime.zy,original
debug,0,238668,692,7,4491417,False,"[525, 160, 38, 0]",8,lib/tests/builtin/host-runtime.zy,jobs
debug,0,234001,692,7,4936292,False,"[525, 160, 38, 0]",8,lib/tests/builtin/host-runtime.zy,explicit
debug,0,231165,692,7,4751292,False,"[525, 160, 38, 0]",8,lib/tests/builtin/host-runtime.zy,recursive
debug,0,238586,692,7,4502459,False,"[525, 160, 38, 0]",9,lib/tests/builtin/host-runtime.zy,jobs
debug,0,230126,692,7,4872668,False,"[525, 160, 38, 0]",9,lib/tests/builtin/host-runtime.zy,explicit
debug,0,238291,692,7,4880083,False,"[525, 160, 38, 0]",9,lib/tests/builtin/host-runtime.zy,recursive
debug,0,233625,692,7,4525667,False,"[525, 160, 38, 0]",9,lib/tests/builtin/host-runtime.zy,original
debug,0,229249,692,7,4848040,False,"[525, 160, 38, 0]",10,lib/tests/builtin/host-runtime.zy,explicit
debug,0,251626,692,7,4898919,False,"[525, 160, 38, 0]",10,lib/tests/builtin/host-runtime.zy,recursive
debug,0,235499,692,7,4521207,False,"[525, 160, 38, 0]",10,lib/tests/builtin/host-runtime.zy,original
debug,0,236374,692,7,4580834,False,"[525, 160, 38, 0]",10,lib/tests/builtin/host-runtime.zy,jobs
debug,0,236749,692,7,4853791,False,"[525, 160, 38, 0]",11,lib/tests/builtin/host-runtime.zy,recursive
debug,0,252458,692,7,4563832,False,"[525, 160, 38, 0]",11,lib/tests/builtin/host-runtime.zy,original
debug,0,239666,692,7,4457750,False,"[525, 160, 38, 0]",11,lib/tests/builtin/host-runtime.zy,jobs
debug,0,238207,692,7,4906457,False,"[525, 160, 38, 0]",11,lib/tests/builtin/host-runtime.zy,explicit
debug,0,231001,692,7,4538250,False,"[525, 160, 38, 0]",12,lib/tests/builtin/host-runtime.zy,original
debug,0,228084,692,7,4405959,False,"[525, 160, 38, 0]",12,lib/tests/builtin/host-runtime.zy,jobs
debug,0,229375,692,7,4911543,False,"[525, 160, 38, 0]",12,lib/tests/builtin/host-runtime.zy,explicit
debug,0,269334,692,7,4809833,False,"[525, 160, 38, 0]",12,lib/tests/builtin/host-runtime.zy,recursive
debug,0,252126,692,7,4503961,False,"[525, 160, 38, 0]",13,lib/tests/builtin/host-runtime.zy,jobs
debug,0,248376,692,7,4993208,False,"[525, 160, 38, 0]",13,lib/tests/builtin/host-runtime.zy,explicit
debug,0,246208,692,7,4775042,False,"[525, 160, 38, 0]",13,lib/tests/builtin/host-runtime.zy,recursive
debug,0,242376,692,7,4596377,False,"[525, 160, 38, 0]",13,lib/tests/builtin/host-runtime.zy,original
debug,0,236249,692,7,4987875,False,"[525, 160, 38, 0]",14,lib/tests/builtin/host-runtime.zy,explicit
debug,0,229124,692,7,4801916,False,"[525, 160, 38, 0]",14,lib/tests/builtin/host-runtime.zy,recursive
debug,0,239874,692,7,4549668,False,"[525, 160, 38, 0]",14,lib/tests/builtin/host-runtime.zy,original
debug,0,235834,692,7,4524249,False,"[525, 160, 38, 0]",14,lib/tests/builtin/host-runtime.zy,jobs
debug,0,232584,692,7,4790668,False,"[525, 160, 38, 0]",15,lib/tests/builtin/host-runtime.zy,recursive
debug,0,230876,692,7,4515333,False,"[525, 160, 38, 0]",15,lib/tests/builtin/host-runtime.zy,original
debug,0,234460,692,7,4443376,False,"[525, 160, 38, 0]",15,lib/tests/builtin/host-runtime.zy,jobs
debug,0,229499,692,7,4944918,False,"[525, 160, 38, 0]",15,lib/tests/builtin/host-runtime.zy,explicit
debug,0,233376,692,7,4516875,False,"[525, 160, 38, 0]",16,lib/tests/builtin/host-runtime.zy,original
debug,0,233417,692,7,4422125,False,"[525, 160, 38, 0]",16,lib/tests/builtin/host-runtime.zy,jobs
debug,0,229290,692,7,4873209,False,"[525, 160, 38, 0]",16,lib/tests/builtin/host-runtime.zy,explicit
debug,0,234750,692,7,4749084,False,"[525, 160, 38, 0]",16,lib/tests/builtin/host-runtime.zy,recursive
debug,0,229791,692,7,4455334,False,"[525, 160, 38, 0]",17,lib/tests/builtin/host-runtime.zy,jobs
debug,0,229085,692,7,4904627,False,"[525, 160, 38, 0]",17,lib/tests/builtin/host-runtime.zy,explicit
debug,0,231707,692,7,4908208,False,"[525, 160, 38, 0]",17,lib/tests/builtin/host-runtime.zy,recursive
debug,0,233709,692,7,4522834,False,"[525, 160, 38, 0]",17,lib/tests/builtin/host-runtime.zy,original
debug,0,227958,692,7,4857916,False,"[525, 160, 38, 0]",18,lib/tests/builtin/host-runtime.zy,explicit
debug,0,230000,692,7,4766124,False,"[525, 160, 38, 0]",18,lib/tests/builtin/host-runtime.zy,recursive
debug,0,227209,692,7,4520875,False,"[525, 160, 38, 0]",18,lib/tests/builtin/host-runtime.zy,original
debug,0,277334,692,7,4707333,False,"[525, 160, 38, 0]",18,lib/tests/builtin/host-runtime.zy,jobs
debug,0,290125,692,7,5078792,False,"[525, 160, 38, 0]",19,lib/tests/builtin/host-runtime.zy,recursive
debug,0,294251,692,7,5033832,False,"[525, 160, 38, 0]",19,lib/tests/builtin/host-runtime.zy,original
debug,0,252749,692,7,4615000,False,"[525, 160, 38, 0]",19,lib/tests/builtin/host-runtime.zy,jobs
debug,0,250499,692,7,5119791,False,"[525, 160, 38, 0]",19,lib/tests/builtin/host-runtime.zy,explicit
debug,0,252498,692,7,4616623,False,"[525, 160, 38, 0]",20,lib/tests/builtin/host-runtime.zy,original
debug,0,261835,692,7,4570958,False,"[525, 160, 38, 0]",20,lib/tests/builtin/host-runtime.zy,jobs
debug,0,253206,692,7,5231709,False,"[525, 160, 38, 0]",20,lib/tests/builtin/host-runtime.zy,explicit
debug,0,259751,692,7,5029251,False,"[525, 160, 38, 0]",20,lib/tests/builtin/host-runtime.zy,recursive
debug,0,239665,692,7,4562167,False,"[525, 160, 38, 0]",21,lib/tests/builtin/host-runtime.zy,jobs
debug,0,244416,692,7,5004167,False,"[525, 160, 38, 0]",21,lib/tests/builtin/host-runtime.zy,explicit
debug,0,249333,692,7,5038083,False,"[525, 160, 38, 0]",21,lib/tests/builtin/host-runtime.zy,recursive
debug,0,247625,692,7,4802082,False,"[525, 160, 38, 0]",21,lib/tests/builtin/host-runtime.zy,original
debug,0,240083,692,7,5043543,False,"[525, 160, 38, 0]",22,lib/tests/builtin/host-runtime.zy,explicit
debug,0,239082,692,7,4970039,False,"[525, 160, 38, 0]",22,lib/tests/builtin/host-runtime.zy,recursive
debug,0,235126,692,7,4616792,False,"[525, 160, 38, 0]",22,lib/tests/builtin/host-runtime.zy,original
debug,0,254000,692,7,4727333,False,"[525, 160, 38, 0]",22,lib/tests/builtin/host-runtime.zy,jobs
debug,0,247333,692,7,5059833,False,"[525, 160, 38, 0]",23,lib/tests/builtin/host-runtime.zy,recursive
debug,0,237041,692,7,4731167,False,"[525, 160, 38, 0]",23,lib/tests/builtin/host-runtime.zy,original
debug,0,243500,692,7,4610458,False,"[525, 160, 38, 0]",23,lib/tests/builtin/host-runtime.zy,jobs
debug,0,241792,692,7,5058541,False,"[525, 160, 38, 0]",23,lib/tests/builtin/host-runtime.zy,explicit
debug,0,234586,692,7,4565959,False,"[525, 160, 38, 0]",24,lib/tests/builtin/host-runtime.zy,original
debug,0,254500,692,7,4603834,False,"[525, 160, 38, 0]",24,lib/tests/builtin/host-runtime.zy,jobs
debug,0,250918,692,7,4977750,False,"[525, 160, 38, 0]",24,lib/tests/builtin/host-runtime.zy,explicit
debug,0,235667,692,7,4781919,False,"[525, 160, 38, 0]",24,lib/tests/builtin/host-runtime.zy,recursive
debug,0,240836,692,7,4526875,False,"[525, 160, 38, 0]",25,lib/tests/builtin/host-runtime.zy,jobs
debug,0,247374,692,7,5006500,False,"[525, 160, 38, 0]",25,lib/tests/builtin/host-runtime.zy,explicit
debug,0,302459,692,7,5020376,False,"[525, 160, 38, 0]",25,lib/tests/builtin/host-runtime.zy,recursive
debug,0,329584,692,7,4698791,False,"[525, 160, 38, 0]",25,lib/tests/builtin/host-runtime.zy,original
debug,0,247000,692,7,4959541,False,"[525, 160, 38, 0]",26,lib/tests/builtin/host-runtime.zy,explicit
debug,0,233000,692,7,4872457,False,"[525, 160, 38, 0]",26,lib/tests/builtin/host-runtime.zy,recursive
debug,0,243291,692,7,4646625,False,"[525, 160, 38, 0]",26,lib/tests/builtin/host-runtime.zy,original
debug,0,233875,692,7,4437540,False,"[525, 160, 38, 0]",26,lib/tests/builtin/host-runtime.zy,jobs
debug,0,241374,692,7,4927334,False,"[525, 160, 38, 0]",27,lib/tests/builtin/host-runtime.zy,recursive
debug,0,231375,692,7,4525834,False,"[525, 160, 38, 0]",27,lib/tests/builtin/host-runtime.zy,original
debug,0,240002,692,7,4550416,False,"[525, 160, 38, 0]",27,lib/tests/builtin/host-runtime.zy,jobs
debug,0,253958,692,7,5028000,False,"[525, 160, 38, 0]",27,lib/tests/builtin/host-runtime.zy,explicit
debug,0,236084,692,7,4652751,False,"[525, 160, 38, 0]",28,lib/tests/builtin/host-runtime.zy,original
debug,0,228916,692,7,4461667,False,"[525, 160, 38, 0]",28,lib/tests/builtin/host-runtime.zy,jobs
debug,0,254084,692,7,4967335,False,"[525, 160, 38, 0]",28,lib/tests/builtin/host-runtime.zy,explicit
debug,0,227709,692,7,4803918,False,"[525, 160, 38, 0]",28,lib/tests/builtin/host-runtime.zy,recursive
debug,0,236416,692,7,4550499,False,"[525, 160, 38, 0]",29,lib/tests/builtin/host-runtime.zy,jobs
debug,0,234834,692,7,5036708,False,"[525, 160, 38, 0]",29,lib/tests/builtin/host-runtime.zy,explicit
debug,0,232415,692,7,4781086,False,"[525, 160, 38, 0]",29,lib/tests/builtin/host-runtime.zy,recursive
debug,0,241834,692,7,4604002,False,"[525, 160, 38, 0]",29,lib/tests/builtin/host-runtime.zy,original
debug,0,239126,692,7,4906960,False,"[525, 160, 38, 0]",30,lib/tests/builtin/host-runtime.zy,explicit
debug,0,236626,692,7,4852835,False,"[525, 160, 38, 0]",30,lib/tests/builtin/host-runtime.zy,recursive
debug,0,242542,692,7,4568874,False,"[525, 160, 38, 0]",30,lib/tests/builtin/host-runtime.zy,original
debug,0,236500,692,7,4474417,False,"[525, 160, 38, 0]",30,lib/tests/builtin/host-runtime.zy,jobs
debug,0,230918,692,7,4943748,False,"[525, 160, 38, 0]",31,lib/tests/builtin/host-runtime.zy,recursive
debug,0,229166,692,7,4475251,False,"[525, 160, 38, 0]",31,lib/tests/builtin/host-runtime.zy,original
debug,0,237292,692,7,4424916,False,"[525, 160, 38, 0]",31,lib/tests/builtin/host-runtime.zy,jobs
debug,0,239750,692,7,4893042,False,"[525, 160, 38, 0]",31,lib/tests/builtin/host-runtime.zy,explicit
debug,0,272960,692,10,4732920,True,"[383, 160, 38, 39]",0,lib/tests/builtin/host-runtime.zy,original
debug,0,270126,692,10,4623875,True,"[383, 160, 38, 39]",0,lib/tests/builtin/host-runtime.zy,jobs
debug,0,269458,692,10,5054249,True,"[383, 160, 38, 39]",0,lib/tests/builtin/host-runtime.zy,explicit
debug,0,276997,692,10,4974167,True,"[383, 160, 38, 39]",0,lib/tests/builtin/host-runtime.zy,recursive
debug,0,273874,692,10,4723041,True,"[383, 160, 38, 39]",1,lib/tests/builtin/host-runtime.zy,jobs
debug,0,278876,692,10,5140500,True,"[383, 160, 38, 39]",1,lib/tests/builtin/host-runtime.zy,explicit
debug,0,270168,692,10,4996917,True,"[383, 160, 38, 39]",1,lib/tests/builtin/host-runtime.zy,recursive
debug,0,271084,692,10,4794124,True,"[383, 160, 38, 39]",1,lib/tests/builtin/host-runtime.zy,original
debug,0,267999,692,10,5098750,True,"[383, 160, 38, 39]",2,lib/tests/builtin/host-runtime.zy,explicit
debug,0,275626,692,10,5012042,True,"[383, 160, 38, 39]",2,lib/tests/builtin/host-runtime.zy,recursive
debug,0,267125,692,10,4763876,True,"[383, 160, 38, 39]",2,lib/tests/builtin/host-runtime.zy,original
debug,0,266418,692,10,4625083,True,"[383, 160, 38, 39]",2,lib/tests/builtin/host-runtime.zy,jobs
debug,0,267918,692,10,5081958,True,"[383, 160, 38, 39]",3,lib/tests/builtin/host-runtime.zy,recursive
debug,0,266250,692,10,4713916,True,"[383, 160, 38, 39]",3,lib/tests/builtin/host-runtime.zy,original
debug,0,262205,692,10,4595084,True,"[383, 160, 38, 39]",3,lib/tests/builtin/host-runtime.zy,jobs
debug,0,271876,692,10,5027875,True,"[383, 160, 38, 39]",3,lib/tests/builtin/host-runtime.zy,explicit
debug,0,276876,692,10,4773085,True,"[383, 160, 38, 39]",4,lib/tests/builtin/host-runtime.zy,original
debug,0,430707,692,10,5327500,True,"[383, 160, 38, 39]",4,lib/tests/builtin/host-runtime.zy,jobs
debug,0,278210,692,10,5240292,True,"[383, 160, 38, 39]",4,lib/tests/builtin/host-runtime.zy,explicit
debug,0,267376,692,10,4992041,True,"[383, 160, 38, 39]",4,lib/tests/builtin/host-runtime.zy,recursive
debug,0,291666,692,10,4812791,True,"[383, 160, 38, 39]",5,lib/tests/builtin/host-runtime.zy,jobs
debug,0,282166,692,10,5357624,True,"[383, 160, 38, 39]",5,lib/tests/builtin/host-runtime.zy,explicit
debug,0,273083,692,10,5016042,True,"[383, 160, 38, 39]",5,lib/tests/builtin/host-runtime.zy,recursive
debug,0,273082,692,10,4821085,True,"[383, 160, 38, 39]",5,lib/tests/builtin/host-runtime.zy,original
debug,0,269250,692,10,5042832,True,"[383, 160, 38, 39]",6,lib/tests/builtin/host-runtime.zy,explicit
debug,0,261625,692,10,4925707,True,"[383, 160, 38, 39]",6,lib/tests/builtin/host-runtime.zy,recursive
debug,0,290917,692,10,5020332,True,"[383, 160, 38, 39]",6,lib/tests/builtin/host-runtime.zy,original
debug,0,294126,692,10,4893416,True,"[383, 160, 38, 39]",6,lib/tests/builtin/host-runtime.zy,jobs
debug,0,281955,692,10,5117417,True,"[383, 160, 38, 39]",7,lib/tests/builtin/host-runtime.zy,recursive
debug,0,284458,692,10,4867334,True,"[383, 160, 38, 39]",7,lib/tests/builtin/host-runtime.zy,original
debug,0,392581,692,10,5138750,True,"[383, 160, 38, 39]",7,lib/tests/builtin/host-runtime.zy,jobs
debug,0,293168,692,10,5412125,True,"[383, 160, 38, 39]",7,lib/tests/builtin/host-runtime.zy,explicit
debug,0,273291,692,10,4887752,True,"[383, 160, 38, 39]",8,lib/tests/builtin/host-runtime.zy,original
debug,0,267041,692,10,4608750,True,"[383, 160, 38, 39]",8,lib/tests/builtin/host-runtime.zy,jobs
debug,0,272415,692,10,5181708,True,"[383, 160, 38, 39]",8,lib/tests/builtin/host-runtime.zy,explicit
debug,0,298332,692,10,5179374,True,"[383, 160, 38, 39]",8,lib/tests/builtin/host-runtime.zy,recursive
debug,0,277333,692,10,4749330,True,"[383, 160, 38, 39]",9,lib/tests/builtin/host-runtime.zy,jobs
debug,0,272417,692,10,5221539,True,"[383, 160, 38, 39]",9,lib/tests/builtin/host-runtime.zy,explicit
debug,0,272625,692,10,5006127,True,"[383, 160, 38, 39]",9,lib/tests/builtin/host-runtime.zy,recursive
debug,0,293125,692,10,4767251,True,"[383, 160, 38, 39]",9,lib/tests/builtin/host-runtime.zy,original
debug,0,268709,692,10,5262877,True,"[383, 160, 38, 39]",10,lib/tests/builtin/host-runtime.zy,explicit
debug,0,284584,692,10,5173083,True,"[383, 160, 38, 39]",10,lib/tests/builtin/host-runtime.zy,recursive
debug,0,311084,692,10,5336709,True,"[383, 160, 38, 39]",10,lib/tests/builtin/host-runtime.zy,original
debug,0,367832,692,10,5874790,True,"[383, 160, 38, 39]",10,lib/tests/builtin/host-runtime.zy,jobs
debug,0,357374,692,10,5708292,True,"[383, 160, 38, 39]",11,lib/tests/builtin/host-runtime.zy,recursive
debug,0,280706,692,10,4814498,True,"[383, 160, 38, 39]",11,lib/tests/builtin/host-runtime.zy,original
debug,0,272124,692,10,4640417,True,"[383, 160, 38, 39]",11,lib/tests/builtin/host-runtime.zy,jobs
debug,0,294001,692,10,5168750,True,"[383, 160, 38, 39]",11,lib/tests/builtin/host-runtime.zy,explicit
debug,0,275791,692,10,4770000,True,"[383, 160, 38, 39]",12,lib/tests/builtin/host-runtime.zy,original
debug,0,279626,692,10,4783169,True,"[383, 160, 38, 39]",12,lib/tests/builtin/host-runtime.zy,jobs
debug,0,283498,692,10,5140292,True,"[383, 160, 38, 39]",12,lib/tests/builtin/host-runtime.zy,explicit
debug,0,278128,692,10,4952873,True,"[383, 160, 38, 39]",12,lib/tests/builtin/host-runtime.zy,recursive
debug,0,282584,692,10,4726667,True,"[383, 160, 38, 39]",13,lib/tests/builtin/host-runtime.zy,jobs
debug,0,271251,692,10,5082083,True,"[383, 160, 38, 39]",13,lib/tests/builtin/host-runtime.zy,explicit
debug,0,261624,692,10,4881374,True,"[383, 160, 38, 39]",13,lib/tests/builtin/host-runtime.zy,recursive
debug,0,266376,692,10,4735208,True,"[383, 160, 38, 39]",13,lib/tests/builtin/host-runtime.zy,original
debug,0,269000,692,10,5131334,True,"[383, 160, 38, 39]",14,lib/tests/builtin/host-runtime.zy,explicit
debug,0,264457,692,10,4922290,True,"[383, 160, 38, 39]",14,lib/tests/builtin/host-runtime.zy,recursive
debug,0,272585,692,10,4700291,True,"[383, 160, 38, 39]",14,lib/tests/builtin/host-runtime.zy,original
debug,0,267457,692,10,4648749,True,"[383, 160, 38, 39]",14,lib/tests/builtin/host-runtime.zy,jobs
debug,0,263626,692,10,4920377,True,"[383, 160, 38, 39]",15,lib/tests/builtin/host-runtime.zy,recursive
debug,0,262917,692,10,4707498,True,"[383, 160, 38, 39]",15,lib/tests/builtin/host-runtime.zy,original
debug,0,260332,692,10,4568458,True,"[383, 160, 38, 39]",15,lib/tests/builtin/host-runtime.zy,jobs
debug,0,259335,692,10,5016583,True,"[383, 160, 38, 39]",15,lib/tests/builtin/host-runtime.zy,explicit
debug,0,269000,692,10,4775293,True,"[383, 160, 38, 39]",16,lib/tests/builtin/host-runtime.zy,original
debug,0,262707,692,10,4615375,True,"[383, 160, 38, 39]",16,lib/tests/builtin/host-runtime.zy,jobs
debug,0,261124,692,10,5013294,True,"[383, 160, 38, 39]",16,lib/tests/builtin/host-runtime.zy,explicit
debug,0,262207,692,10,5004541,True,"[383, 160, 38, 39]",16,lib/tests/builtin/host-runtime.zy,recursive
debug,0,275249,692,10,4637416,True,"[383, 160, 38, 39]",17,lib/tests/builtin/host-runtime.zy,jobs
debug,0,267791,692,10,5093581,True,"[383, 160, 38, 39]",17,lib/tests/builtin/host-runtime.zy,explicit
debug,0,266541,692,10,4939084,True,"[383, 160, 38, 39]",17,lib/tests/builtin/host-runtime.zy,recursive
debug,0,271457,692,10,4706708,True,"[383, 160, 38, 39]",17,lib/tests/builtin/host-runtime.zy,original
debug,0,278916,692,10,5150044,True,"[383, 160, 38, 39]",18,lib/tests/builtin/host-runtime.zy,explicit
debug,0,269249,692,10,4982541,True,"[383, 160, 38, 39]",18,lib/tests/builtin/host-runtime.zy,recursive
debug,0,281666,692,10,4767834,True,"[383, 160, 38, 39]",18,lib/tests/builtin/host-runtime.zy,original
debug,0,264210,692,10,4625707,True,"[383, 160, 38, 39]",18,lib/tests/builtin/host-runtime.zy,jobs
debug,0,261707,692,10,4965039,True,"[383, 160, 38, 39]",19,lib/tests/builtin/host-runtime.zy,recursive
debug,0,263167,692,10,4669458,True,"[383, 160, 38, 39]",19,lib/tests/builtin/host-runtime.zy,original
debug,0,262083,692,10,4646124,True,"[383, 160, 38, 39]",19,lib/tests/builtin/host-runtime.zy,jobs
debug,0,260917,692,10,4997417,True,"[383, 160, 38, 39]",19,lib/tests/builtin/host-runtime.zy,explicit
debug,0,276583,692,10,4803293,True,"[383, 160, 38, 39]",20,lib/tests/builtin/host-runtime.zy,original
debug,0,260415,692,10,4603917,True,"[383, 160, 38, 39]",20,lib/tests/builtin/host-runtime.zy,jobs
debug,0,269625,692,10,5103167,True,"[383, 160, 38, 39]",20,lib/tests/builtin/host-runtime.zy,explicit
debug,0,261211,692,10,4935336,True,"[383, 160, 38, 39]",20,lib/tests/builtin/host-runtime.zy,recursive
debug,0,291292,692,10,4688709,True,"[383, 160, 38, 39]",21,lib/tests/builtin/host-runtime.zy,jobs
debug,0,295418,692,10,5189375,True,"[383, 160, 38, 39]",21,lib/tests/builtin/host-runtime.zy,explicit
debug,0,291418,692,10,5178457,True,"[383, 160, 38, 39]",21,lib/tests/builtin/host-runtime.zy,recursive
debug,0,282710,692,10,4758624,True,"[383, 160, 38, 39]",21,lib/tests/builtin/host-runtime.zy,original
debug,0,262083,692,10,5107376,True,"[383, 160, 38, 39]",22,lib/tests/builtin/host-runtime.zy,explicit
debug,0,273707,692,10,4928207,True,"[383, 160, 38, 39]",22,lib/tests/builtin/host-runtime.zy,recursive
debug,0,267582,692,10,4781329,True,"[383, 160, 38, 39]",22,lib/tests/builtin/host-runtime.zy,original
debug,0,296165,692,10,4693665,True,"[383, 160, 38, 39]",22,lib/tests/builtin/host-runtime.zy,jobs
debug,0,295166,692,10,5000708,True,"[383, 160, 38, 39]",23,lib/tests/builtin/host-runtime.zy,recursive
debug,0,267919,692,10,4765123,True,"[383, 160, 38, 39]",23,lib/tests/builtin/host-runtime.zy,original
debug,0,269623,692,10,4699957,True,"[383, 160, 38, 39]",23,lib/tests/builtin/host-runtime.zy,jobs
debug,0,265628,692,10,5040584,True,"[383, 160, 38, 39]",23,lib/tests/builtin/host-runtime.zy,explicit
debug,0,269874,692,10,4809461,True,"[383, 160, 38, 39]",24,lib/tests/builtin/host-runtime.zy,original
debug,0,275374,692,10,4692626,True,"[383, 160, 38, 39]",24,lib/tests/builtin/host-runtime.zy,jobs
debug,0,280041,692,10,5205877,True,"[383, 160, 38, 39]",24,lib/tests/builtin/host-runtime.zy,explicit
debug,0,292457,692,10,5112999,True,"[383, 160, 38, 39]",24,lib/tests/builtin/host-runtime.zy,recursive
debug,0,314209,692,10,5074039,True,"[383, 160, 38, 39]",25,lib/tests/builtin/host-runtime.zy,jobs
debug,0,285667,692,10,5255209,True,"[383, 160, 38, 39]",25,lib/tests/builtin/host-runtime.zy,explicit
debug,0,282374,692,10,5080959,True,"[383, 160, 38, 39]",25,lib/tests/builtin/host-runtime.zy,recursive
debug,0,286792,692,10,4967417,True,"[383, 160, 38, 39]",25,lib/tests/builtin/host-runtime.zy,original
debug,0,287581,692,10,5282208,True,"[383, 160, 38, 39]",26,lib/tests/builtin/host-runtime.zy,explicit
debug,0,278291,692,10,5297082,True,"[383, 160, 38, 39]",26,lib/tests/builtin/host-runtime.zy,recursive
debug,0,362833,692,10,5305999,True,"[383, 160, 38, 39]",26,lib/tests/builtin/host-runtime.zy,original
debug,0,289166,692,10,4805044,True,"[383, 160, 38, 39]",26,lib/tests/builtin/host-runtime.zy,jobs
debug,0,279250,692,10,5012792,True,"[383, 160, 38, 39]",27,lib/tests/builtin/host-runtime.zy,recursive
debug,0,260415,692,10,4710292,True,"[383, 160, 38, 39]",27,lib/tests/builtin/host-runtime.zy,original
debug,0,292459,692,10,4836000,True,"[383, 160, 38, 39]",27,lib/tests/builtin/host-runtime.zy,jobs
debug,0,295917,692,10,5469377,True,"[383, 160, 38, 39]",27,lib/tests/builtin/host-runtime.zy,explicit
debug,0,282836,692,10,5059960,True,"[383, 160, 38, 39]",28,lib/tests/builtin/host-runtime.zy,original
debug,0,275460,692,10,4772460,True,"[383, 160, 38, 39]",28,lib/tests/builtin/host-runtime.zy,jobs
debug,0,287665,692,10,5303707,True,"[383, 160, 38, 39]",28,lib/tests/builtin/host-runtime.zy,explicit
debug,0,295043,692,10,5293334,True,"[383, 160, 38, 39]",28,lib/tests/builtin/host-runtime.zy,recursive
debug,0,278333,692,10,4766833,True,"[383, 160, 38, 39]",29,lib/tests/builtin/host-runtime.zy,jobs
debug,0,287917,692,10,5323624,True,"[383, 160, 38, 39]",29,lib/tests/builtin/host-runtime.zy,explicit
debug,0,270207,692,10,4990791,True,"[383, 160, 38, 39]",29,lib/tests/builtin/host-runtime.zy,recursive
debug,0,275458,692,10,4755998,True,"[383, 160, 38, 39]",29,lib/tests/builtin/host-runtime.zy,original
debug,0,289833,692,10,5097001,True,"[383, 160, 38, 39]",30,lib/tests/builtin/host-runtime.zy,explicit
debug,0,273332,692,10,5170582,True,"[383, 160, 38, 39]",30,lib/tests/builtin/host-runtime.zy,recursive
debug,0,267667,692,10,4767332,True,"[383, 160, 38, 39]",30,lib/tests/builtin/host-runtime.zy,original
debug,0,271374,692,10,4645124,True,"[383, 160, 38, 39]",30,lib/tests/builtin/host-runtime.zy,jobs
debug,0,261584,692,10,4910501,True,"[383, 160, 38, 39]",31,lib/tests/builtin/host-runtime.zy,recursive
debug,0,270415,692,10,4870709,True,"[383, 160, 38, 39]",31,lib/tests/builtin/host-runtime.zy,original
debug,0,276458,692,10,4705332,True,"[383, 160, 38, 39]",31,lib/tests/builtin/host-runtime.zy,jobs
debug,0,274041,692,10,5253041,True,"[383, 160, 38, 39]",31,lib/tests/builtin/host-runtime.zy,explicit
debug,0,275581,251,23,5084665,False,"[191, 52, 14, 0]",0,lib/tests/delimcc/reset-shift-k.zy,original
debug,0,267374,251,23,4937959,False,"[191, 52, 14, 0]",0,lib/tests/delimcc/reset-shift-k.zy,jobs
debug,0,262374,251,23,5335625,False,"[191, 52, 14, 0]",0,lib/tests/delimcc/reset-shift-k.zy,explicit
debug,0,262999,251,23,5287666,False,"[191, 52, 14, 0]",0,lib/tests/delimcc/reset-shift-k.zy,recursive
debug,0,277045,251,23,5007125,False,"[191, 52, 14, 0]",1,lib/tests/delimcc/reset-shift-k.zy,jobs
debug,0,265584,251,23,5437877,False,"[191, 52, 14, 0]",1,lib/tests/delimcc/reset-shift-k.zy,explicit
debug,0,274081,251,23,5348125,False,"[191, 52, 14, 0]",1,lib/tests/delimcc/reset-shift-k.zy,recursive
debug,0,259791,251,23,4988378,False,"[191, 52, 14, 0]",1,lib/tests/delimcc/reset-shift-k.zy,original
debug,0,263579,251,23,5350502,False,"[191, 52, 14, 0]",2,lib/tests/delimcc/reset-shift-k.zy,explicit
debug,0,262254,251,23,5280171,False,"[191, 52, 14, 0]",2,lib/tests/delimcc/reset-shift-k.zy,recursive
debug,0,268038,251,23,5072955,False,"[191, 52, 14, 0]",2,lib/tests/delimcc/reset-shift-k.zy,original
debug,0,263000,251,23,4838375,False,"[191, 52, 14, 0]",2,lib/tests/delimcc/reset-shift-k.zy,jobs
debug,0,257082,251,23,5218792,False,"[191, 52, 14, 0]",3,lib/tests/delimcc/reset-shift-k.zy,recursive
debug,0,260662,251,23,4986916,False,"[191, 52, 14, 0]",3,lib/tests/delimcc/reset-shift-k.zy,original
debug,0,262625,251,23,4894206,False,"[191, 52, 14, 0]",3,lib/tests/delimcc/reset-shift-k.zy,jobs
debug,0,266920,251,23,5442793,False,"[191, 52, 14, 0]",3,lib/tests/delimcc/reset-shift-k.zy,explicit
debug,0,257250,251,23,4959916,False,"[191, 52, 14, 0]",4,lib/tests/delimcc/reset-shift-k.zy,original
debug,0,261291,251,23,4866205,False,"[191, 52, 14, 0]",4,lib/tests/delimcc/reset-shift-k.zy,jobs
debug,0,257667,251,23,5330457,False,"[191, 52, 14, 0]",4,lib/tests/delimcc/reset-shift-k.zy,explicit
debug,0,262416,251,23,5310956,False,"[191, 52, 14, 0]",4,lib/tests/delimcc/reset-shift-k.zy,recursive
debug,0,260708,251,23,4899501,False,"[191, 52, 14, 0]",5,lib/tests/delimcc/reset-shift-k.zy,jobs
debug,0,265708,251,23,5446872,False,"[191, 52, 14, 0]",5,lib/tests/delimcc/reset-shift-k.zy,explicit
debug,0,262542,251,23,5297746,False,"[191, 52, 14, 0]",5,lib/tests/delimcc/reset-shift-k.zy,recursive
debug,0,261543,251,23,5030288,False,"[191, 52, 14, 0]",5,lib/tests/delimcc/reset-shift-k.zy,original
debug,0,266169,251,23,5371045,False,"[191, 52, 14, 0]",6,lib/tests/delimcc/reset-shift-k.zy,explicit
debug,0,267250,251,23,5314711,False,"[191, 52, 14, 0]",6,lib/tests/delimcc/reset-shift-k.zy,recursive
debug,0,259417,251,23,4958168,False,"[191, 52, 14, 0]",6,lib/tests/delimcc/reset-shift-k.zy,original
debug,0,258418,251,23,4852418,False,"[191, 52, 14, 0]",6,lib/tests/delimcc/reset-shift-k.zy,jobs
debug,0,267663,251,23,5264708,False,"[191, 52, 14, 0]",7,lib/tests/delimcc/reset-shift-k.zy,recursive
debug,0,257499,251,23,5015207,False,"[191, 52, 14, 0]",7,lib/tests/delimcc/reset-shift-k.zy,original
debug,0,258082,251,23,4825334,False,"[191, 52, 14, 0]",7,lib/tests/delimcc/reset-shift-k.zy,jobs
debug,0,258710,251,23,5374959,False,"[191, 52, 14, 0]",7,lib/tests/delimcc/reset-shift-k.zy,explicit
debug,0,262751,251,23,5158792,False,"[191, 52, 14, 0]",8,lib/tests/delimcc/reset-shift-k.zy,original
debug,0,256334,251,23,4876205,False,"[191, 52, 14, 0]",8,lib/tests/delimcc/reset-shift-k.zy,jobs
debug,0,259625,251,23,5355044,False,"[191, 52, 14, 0]",8,lib/tests/delimcc/reset-shift-k.zy,explicit
debug,0,258748,251,23,5232460,False,"[191, 52, 14, 0]",8,lib/tests/delimcc/reset-shift-k.zy,recursive
debug,0,257206,251,23,4828878,False,"[191, 52, 14, 0]",9,lib/tests/delimcc/reset-shift-k.zy,jobs
debug,0,260586,251,23,5362626,False,"[191, 52, 14, 0]",9,lib/tests/delimcc/reset-shift-k.zy,explicit
debug,0,260997,251,23,5253085,False,"[191, 52, 14, 0]",9,lib/tests/delimcc/reset-shift-k.zy,recursive
debug,0,258417,251,23,4954749,False,"[191, 52, 14, 0]",9,lib/tests/delimcc/reset-shift-k.zy,original
debug,0,258956,251,23,5348164,False,"[191, 52, 14, 0]",10,lib/tests/delimcc/reset-shift-k.zy,explicit
debug,0,256664,251,23,5222749,False,"[191, 52, 14, 0]",10,lib/tests/delimcc/reset-shift-k.zy,recursive
debug,0,260250,251,23,4991999,False,"[191, 52, 14, 0]",10,lib/tests/delimcc/reset-shift-k.zy,original
debug,0,261915,251,23,4891875,False,"[191, 52, 14, 0]",10,lib/tests/delimcc/reset-shift-k.zy,jobs
debug,0,259084,251,23,5211791,False,"[191, 52, 14, 0]",11,lib/tests/delimcc/reset-shift-k.zy,recursive
debug,0,299960,251,23,5238584,False,"[191, 52, 14, 0]",11,lib/tests/delimcc/reset-shift-k.zy,original
debug,0,268541,251,23,4950912,False,"[191, 52, 14, 0]",11,lib/tests/delimcc/reset-shift-k.zy,jobs
debug,0,263540,251,23,5521541,False,"[191, 52, 14, 0]",11,lib/tests/delimcc/reset-shift-k.zy,explicit
debug,0,268959,251,23,5096834,False,"[191, 52, 14, 0]",12,lib/tests/delimcc/reset-shift-k.zy,original
debug,0,298329,251,23,5140917,False,"[191, 52, 14, 0]",12,lib/tests/delimcc/reset-shift-k.zy,jobs
debug,0,270498,251,23,5678211,False,"[191, 52, 14, 0]",12,lib/tests/delimcc/reset-shift-k.zy,explicit
debug,0,265083,251,23,5421665,False,"[191, 52, 14, 0]",12,lib/tests/delimcc/reset-shift-k.zy,recursive
debug,0,274165,251,23,4913459,False,"[191, 52, 14, 0]",13,lib/tests/delimcc/reset-shift-k.zy,jobs
debug,0,290453,251,23,5917459,False,"[191, 52, 14, 0]",13,lib/tests/delimcc/reset-shift-k.zy,explicit
debug,0,328543,251,23,5534294,False,"[191, 52, 14, 0]",13,lib/tests/delimcc/reset-shift-k.zy,recursive
debug,0,308208,251,23,5389625,False,"[191, 52, 14, 0]",13,lib/tests/delimcc/reset-shift-k.zy,original
debug,0,300872,251,23,5769623,False,"[191, 52, 14, 0]",14,lib/tests/delimcc/reset-shift-k.zy,explicit
debug,0,261541,251,23,5251294,False,"[191, 52, 14, 0]",14,lib/tests/delimcc/reset-shift-k.zy,recursive
debug,0,269500,251,23,5240170,False,"[191, 52, 14, 0]",14,lib/tests/delimcc/reset-shift-k.zy,original
debug,0,260624,251,23,4924745,False,"[191, 52, 14, 0]",14,lib/tests/delimcc/reset-shift-k.zy,jobs
debug,0,271039,251,23,5498918,False,"[191, 52, 14, 0]",15,lib/tests/delimcc/reset-shift-k.zy,recursive
debug,0,291374,251,23,5337291,False,"[191, 52, 14, 0]",15,lib/tests/delimcc/reset-shift-k.zy,original
debug,0,264954,251,23,4902372,False,"[191, 52, 14, 0]",15,lib/tests/delimcc/reset-shift-k.zy,jobs
debug,0,274211,251,23,5487625,False,"[191, 52, 14, 0]",15,lib/tests/delimcc/reset-shift-k.zy,explicit
debug,0,267463,251,23,5097419,False,"[191, 52, 14, 0]",16,lib/tests/delimcc/reset-shift-k.zy,original
debug,0,262829,251,23,4901627,False,"[191, 52, 14, 0]",16,lib/tests/delimcc/reset-shift-k.zy,jobs
debug,0,272375,251,23,5472458,False,"[191, 52, 14, 0]",16,lib/tests/delimcc/reset-shift-k.zy,explicit
debug,0,271543,251,23,5486710,False,"[191, 52, 14, 0]",16,lib/tests/delimcc/reset-shift-k.zy,recursive
debug,0,263293,251,23,4861001,False,"[191, 52, 14, 0]",17,lib/tests/delimcc/reset-shift-k.zy,jobs
debug,0,267496,251,23,5512083,False,"[191, 52, 14, 0]",17,lib/tests/delimcc/reset-shift-k.zy,explicit
debug,0,273414,251,23,5333585,False,"[191, 52, 14, 0]",17,lib/tests/delimcc/reset-shift-k.zy,recursive
debug,0,305626,251,23,5590335,False,"[191, 52, 14, 0]",17,lib/tests/delimcc/reset-shift-k.zy,original
debug,0,273626,251,23,5440166,False,"[191, 52, 14, 0]",18,lib/tests/delimcc/reset-shift-k.zy,explicit
debug,0,261876,251,23,5238207,False,"[191, 52, 14, 0]",18,lib/tests/delimcc/reset-shift-k.zy,recursive
debug,0,273750,251,23,5209623,False,"[191, 52, 14, 0]",18,lib/tests/delimcc/reset-shift-k.zy,original
debug,0,275874,251,23,4932707,False,"[191, 52, 14, 0]",18,lib/tests/delimcc/reset-shift-k.zy,jobs
debug,0,277416,251,23,5357791,False,"[191, 52, 14, 0]",19,lib/tests/delimcc/reset-shift-k.zy,recursive
debug,0,265250,251,23,5027248,False,"[191, 52, 14, 0]",19,lib/tests/delimcc/reset-shift-k.zy,original
debug,0,263295,251,23,4949251,False,"[191, 52, 14, 0]",19,lib/tests/delimcc/reset-shift-k.zy,jobs
debug,0,590167,251,23,8153167,False,"[191, 52, 14, 0]",19,lib/tests/delimcc/reset-shift-k.zy,explicit
debug,0,287667,251,23,5101335,False,"[191, 52, 14, 0]",20,lib/tests/delimcc/reset-shift-k.zy,original
debug,0,266249,251,23,4919337,False,"[191, 52, 14, 0]",20,lib/tests/delimcc/reset-shift-k.zy,jobs
debug,0,263835,251,23,5437746,False,"[191, 52, 14, 0]",20,lib/tests/delimcc/reset-shift-k.zy,explicit
debug,0,269041,251,23,5301459,False,"[191, 52, 14, 0]",20,lib/tests/delimcc/reset-shift-k.zy,recursive
debug,0,299662,251,23,5027627,False,"[191, 52, 14, 0]",21,lib/tests/delimcc/reset-shift-k.zy,jobs
debug,0,293586,251,23,5741250,False,"[191, 52, 14, 0]",21,lib/tests/delimcc/reset-shift-k.zy,explicit
debug,0,268164,251,23,5356457,False,"[191, 52, 14, 0]",21,lib/tests/delimcc/reset-shift-k.zy,recursive
debug,0,259875,251,23,5012621,False,"[191, 52, 14, 0]",21,lib/tests/delimcc/reset-shift-k.zy,original
debug,0,258084,251,23,5336291,False,"[191, 52, 14, 0]",22,lib/tests/delimcc/reset-shift-k.zy,explicit
debug,0,261539,251,23,5223459,False,"[191, 52, 14, 0]",22,lib/tests/delimcc/reset-shift-k.zy,recursive
debug,0,261336,251,23,5002791,False,"[191, 52, 14, 0]",22,lib/tests/delimcc/reset-shift-k.zy,original
debug,0,267749,251,23,4862831,False,"[191, 52, 14, 0]",22,lib/tests/delimcc/reset-shift-k.zy,jobs
debug,0,281750,251,23,5322834,False,"[191, 52, 14, 0]",23,lib/tests/delimcc/reset-shift-k.zy,recursive
debug,0,272665,251,23,5031837,False,"[191, 52, 14, 0]",23,lib/tests/delimcc/reset-shift-k.zy,original
debug,0,262542,251,23,4870332,False,"[191, 52, 14, 0]",23,lib/tests/delimcc/reset-shift-k.zy,jobs
debug,0,261000,251,23,5352081,False,"[191, 52, 14, 0]",23,lib/tests/delimcc/reset-shift-k.zy,explicit
debug,0,260584,251,23,4967752,False,"[191, 52, 14, 0]",24,lib/tests/delimcc/reset-shift-k.zy,original
debug,0,261710,251,23,4928793,False,"[191, 52, 14, 0]",24,lib/tests/delimcc/reset-shift-k.zy,jobs
debug,0,261249,251,23,5487873,False,"[191, 52, 14, 0]",24,lib/tests/delimcc/reset-shift-k.zy,explicit
debug,0,265748,251,23,5240374,False,"[191, 52, 14, 0]",24,lib/tests/delimcc/reset-shift-k.zy,recursive
debug,0,256166,251,23,4898628,False,"[191, 52, 14, 0]",25,lib/tests/delimcc/reset-shift-k.zy,jobs
debug,0,267335,251,23,5382209,False,"[191, 52, 14, 0]",25,lib/tests/delimcc/reset-shift-k.zy,explicit
debug,0,262002,251,23,5229958,False,"[191, 52, 14, 0]",25,lib/tests/delimcc/reset-shift-k.zy,recursive
debug,0,264624,251,23,5011749,False,"[191, 52, 14, 0]",25,lib/tests/delimcc/reset-shift-k.zy,original
debug,0,269749,251,23,5396833,False,"[191, 52, 14, 0]",26,lib/tests/delimcc/reset-shift-k.zy,explicit
debug,0,277459,251,23,5252665,False,"[191, 52, 14, 0]",26,lib/tests/delimcc/reset-shift-k.zy,recursive
debug,0,258000,251,23,4951916,False,"[191, 52, 14, 0]",26,lib/tests/delimcc/reset-shift-k.zy,original
debug,0,261996,251,23,4885208,False,"[191, 52, 14, 0]",26,lib/tests/delimcc/reset-shift-k.zy,jobs
debug,0,259082,251,23,5308002,False,"[191, 52, 14, 0]",27,lib/tests/delimcc/reset-shift-k.zy,recursive
debug,0,263624,251,23,5070833,False,"[191, 52, 14, 0]",27,lib/tests/delimcc/reset-shift-k.zy,original
debug,0,263208,251,23,4847288,False,"[191, 52, 14, 0]",27,lib/tests/delimcc/reset-shift-k.zy,jobs
debug,0,257628,251,23,5337582,False,"[191, 52, 14, 0]",27,lib/tests/delimcc/reset-shift-k.zy,explicit
debug,0,268378,251,23,4980544,False,"[191, 52, 14, 0]",28,lib/tests/delimcc/reset-shift-k.zy,original
debug,0,263500,251,23,4906083,False,"[191, 52, 14, 0]",28,lib/tests/delimcc/reset-shift-k.zy,jobs
debug,0,268875,251,23,5466999,False,"[191, 52, 14, 0]",28,lib/tests/delimcc/reset-shift-k.zy,explicit
debug,0,262709,251,23,5298040,False,"[191, 52, 14, 0]",28,lib/tests/delimcc/reset-shift-k.zy,recursive
debug,0,275417,251,23,4911455,False,"[191, 52, 14, 0]",29,lib/tests/delimcc/reset-shift-k.zy,jobs
debug,0,259336,251,23,5343462,False,"[191, 52, 14, 0]",29,lib/tests/delimcc/reset-shift-k.zy,explicit
debug,0,262083,251,23,5278959,False,"[191, 52, 14, 0]",29,lib/tests/delimcc/reset-shift-k.zy,recursive
debug,0,268041,251,23,5049292,False,"[191, 52, 14, 0]",29,lib/tests/delimcc/reset-shift-k.zy,original
debug,0,266042,251,23,5387461,False,"[191, 52, 14, 0]",30,lib/tests/delimcc/reset-shift-k.zy,explicit
debug,0,258668,251,23,5205956,False,"[191, 52, 14, 0]",30,lib/tests/delimcc/reset-shift-k.zy,recursive
debug,0,269337,251,23,5016791,False,"[191, 52, 14, 0]",30,lib/tests/delimcc/reset-shift-k.zy,original
debug,0,258667,251,23,4848627,False,"[191, 52, 14, 0]",30,lib/tests/delimcc/reset-shift-k.zy,jobs
debug,0,266459,251,23,5291625,False,"[191, 52, 14, 0]",31,lib/tests/delimcc/reset-shift-k.zy,recursive
debug,0,266748,251,23,5048005,False,"[191, 52, 14, 0]",31,lib/tests/delimcc/reset-shift-k.zy,original
debug,0,260962,251,23,4840876,False,"[191, 52, 14, 0]",31,lib/tests/delimcc/reset-shift-k.zy,jobs
debug,0,283373,251,23,5447666,False,"[191, 52, 14, 0]",31,lib/tests/delimcc/reset-shift-k.zy,explicit
debug,0,284541,251,23,4971835,True,"[184, 51, 14, 13]",0,lib/tests/delimcc/reset-shift-k.zy,original
debug,0,278124,251,23,4826751,True,"[184, 51, 14, 13]",0,lib/tests/delimcc/reset-shift-k.zy,jobs
debug,0,273371,251,23,5278420,True,"[184, 51, 14, 13]",0,lib/tests/delimcc/reset-shift-k.zy,explicit
debug,0,270497,251,23,5172795,True,"[184, 51, 14, 13]",0,lib/tests/delimcc/reset-shift-k.zy,recursive
debug,0,274919,251,23,4853789,True,"[184, 51, 14, 13]",1,lib/tests/delimcc/reset-shift-k.zy,jobs
debug,0,278250,251,23,5306667,True,"[184, 51, 14, 13]",1,lib/tests/delimcc/reset-shift-k.zy,explicit
debug,0,283579,251,23,5312418,True,"[184, 51, 14, 13]",1,lib/tests/delimcc/reset-shift-k.zy,recursive
debug,0,282834,251,23,4977501,True,"[184, 51, 14, 13]",1,lib/tests/delimcc/reset-shift-k.zy,original
debug,0,276794,251,23,5278208,True,"[184, 51, 14, 13]",2,lib/tests/delimcc/reset-shift-k.zy,explicit
debug,0,297628,251,23,5332709,True,"[184, 51, 14, 13]",2,lib/tests/delimcc/reset-shift-k.zy,recursive
debug,0,306164,251,23,5204000,True,"[184, 51, 14, 13]",2,lib/tests/delimcc/reset-shift-k.zy,original
debug,0,298664,251,23,5102330,True,"[184, 51, 14, 13]",2,lib/tests/delimcc/reset-shift-k.zy,jobs
debug,0,279584,251,23,5210500,True,"[184, 51, 14, 13]",3,lib/tests/delimcc/reset-shift-k.zy,recursive
debug,0,278457,251,23,4986126,True,"[184, 51, 14, 13]",3,lib/tests/delimcc/reset-shift-k.zy,original
debug,0,283127,251,23,4867792,True,"[184, 51, 14, 13]",3,lib/tests/delimcc/reset-shift-k.zy,jobs
debug,0,275377,251,23,5262625,True,"[184, 51, 14, 13]",3,lib/tests/delimcc/reset-shift-k.zy,explicit
debug,0,275708,251,23,4931996,True,"[184, 51, 14, 13]",4,lib/tests/delimcc/reset-shift-k.zy,original
debug,0,275457,251,23,4876957,True,"[184, 51, 14, 13]",4,lib/tests/delimcc/reset-shift-k.zy,jobs
debug,0,276748,251,23,5329003,True,"[184, 51, 14, 13]",4,lib/tests/delimcc/reset-shift-k.zy,explicit
debug,0,274627,251,23,5138502,True,"[184, 51, 14, 13]",4,lib/tests/delimcc/reset-shift-k.zy,recursive
debug,0,274790,251,23,4821962,True,"[184, 51, 14, 13]",5,lib/tests/delimcc/reset-shift-k.zy,jobs
debug,0,307999,251,23,5297752,True,"[184, 51, 14, 13]",5,lib/tests/delimcc/reset-shift-k.zy,explicit
debug,0,293669,251,23,5231834,True,"[184, 51, 14, 13]",5,lib/tests/delimcc/reset-shift-k.zy,recursive
debug,0,295457,251,23,4976668,True,"[184, 51, 14, 13]",5,lib/tests/delimcc/reset-shift-k.zy,original
debug,0,282002,251,23,5301416,True,"[184, 51, 14, 13]",6,lib/tests/delimcc/reset-shift-k.zy,explicit
debug,0,289709,251,23,5205791,True,"[184, 51, 14, 13]",6,lib/tests/delimcc/reset-shift-k.zy,recursive
debug,0,286958,251,23,5020294,True,"[184, 51, 14, 13]",6,lib/tests/delimcc/reset-shift-k.zy,original
debug,0,281458,251,23,4912088,True,"[184, 51, 14, 13]",6,lib/tests/delimcc/reset-shift-k.zy,jobs
debug,0,280373,251,23,5225709,True,"[184, 51, 14, 13]",7,lib/tests/delimcc/reset-shift-k.zy,recursive
debug,0,276542,251,23,4916167,True,"[184, 51, 14, 13]",7,lib/tests/delimcc/reset-shift-k.zy,original
debug,0,283289,251,23,4845002,True,"[184, 51, 14, 13]",7,lib/tests/delimcc/reset-shift-k.zy,jobs
debug,0,278836,251,23,5268917,True,"[184, 51, 14, 13]",7,lib/tests/delimcc/reset-shift-k.zy,explicit
debug,0,277543,251,23,4983125,True,"[184, 51, 14, 13]",8,lib/tests/delimcc/reset-shift-k.zy,original
debug,0,286750,251,23,4828163,True,"[184, 51, 14, 13]",8,lib/tests/delimcc/reset-shift-k.zy,jobs
debug,0,317627,251,23,6353081,True,"[184, 51, 14, 13]",8,lib/tests/delimcc/reset-shift-k.zy,explicit
debug,0,334000,251,23,5803457,True,"[184, 51, 14, 13]",8,lib/tests/delimcc/reset-shift-k.zy,recursive
debug,0,343705,251,23,5340793,True,"[184, 51, 14, 13]",9,lib/tests/delimcc/reset-shift-k.zy,jobs
debug,0,339501,251,23,6154081,True,"[184, 51, 14, 13]",9,lib/tests/delimcc/reset-shift-k.zy,explicit
debug,0,334876,251,23,5944580,True,"[184, 51, 14, 13]",9,lib/tests/delimcc/reset-shift-k.zy,recursive
debug,0,313833,251,23,5237917,True,"[184, 51, 14, 13]",9,lib/tests/delimcc/reset-shift-k.zy,original
debug,0,335459,251,23,5840540,True,"[184, 51, 14, 13]",10,lib/tests/delimcc/reset-shift-k.zy,explicit
debug,0,323957,251,23,5920251,True,"[184, 51, 14, 13]",10,lib/tests/delimcc/reset-shift-k.zy,recursive
debug,0,301206,251,23,5134499,True,"[184, 51, 14, 13]",10,lib/tests/delimcc/reset-shift-k.zy,original
debug,0,289708,251,23,4841000,True,"[184, 51, 14, 13]",10,lib/tests/delimcc/reset-shift-k.zy,jobs
debug,0,288333,251,23,5238041,True,"[184, 51, 14, 13]",11,lib/tests/delimcc/reset-shift-k.zy,recursive
debug,0,298959,251,23,5053584,True,"[184, 51, 14, 13]",11,lib/tests/delimcc/reset-shift-k.zy,original
debug,0,286502,251,23,4829167,True,"[184, 51, 14, 13]",11,lib/tests/delimcc/reset-shift-k.zy,jobs
debug,0,278836,251,23,5318710,True,"[184, 51, 14, 13]",11,lib/tests/delimcc/reset-shift-k.zy,explicit
debug,0,284043,251,23,5025126,True,"[184, 51, 14, 13]",12,lib/tests/delimcc/reset-shift-k.zy,original
debug,0,289957,251,23,4921043,True,"[184, 51, 14, 13]",12,lib/tests/delimcc/reset-shift-k.zy,jobs
debug,0,277668,251,23,5305835,True,"[184, 51, 14, 13]",12,lib/tests/delimcc/reset-shift-k.zy,explicit
debug,0,278625,251,23,5245707,True,"[184, 51, 14, 13]",12,lib/tests/delimcc/reset-shift-k.zy,recursive
debug,0,277291,251,23,4889710,True,"[184, 51, 14, 13]",13,lib/tests/delimcc/reset-shift-k.zy,jobs
debug,0,273084,251,23,5343125,True,"[184, 51, 14, 13]",13,lib/tests/delimcc/reset-shift-k.zy,explicit
debug,0,272371,251,23,5152796,True,"[184, 51, 14, 13]",13,lib/tests/delimcc/reset-shift-k.zy,recursive
debug,0,273126,251,23,4973874,True,"[184, 51, 14, 13]",13,lib/tests/delimcc/reset-shift-k.zy,original
debug,0,272378,251,23,5297794,True,"[184, 51, 14, 13]",14,lib/tests/delimcc/reset-shift-k.zy,explicit
debug,0,272875,251,23,5238585,True,"[184, 51, 14, 13]",14,lib/tests/delimcc/reset-shift-k.zy,recursive
debug,0,312248,251,23,4952873,True,"[184, 51, 14, 13]",14,lib/tests/delimcc/reset-shift-k.zy,original
debug,0,271917,251,23,4811336,True,"[184, 51, 14, 13]",14,lib/tests/delimcc/reset-shift-k.zy,jobs
debug,0,285459,251,23,5269373,True,"[184, 51, 14, 13]",15,lib/tests/delimcc/reset-shift-k.zy,recursive
debug,0,285586,251,23,4977125,True,"[184, 51, 14, 13]",15,lib/tests/delimcc/reset-shift-k.zy,original
debug,0,282166,251,23,4854749,True,"[184, 51, 14, 13]",15,lib/tests/delimcc/reset-shift-k.zy,jobs
debug,0,288417,251,23,5412919,True,"[184, 51, 14, 13]",15,lib/tests/delimcc/reset-shift-k.zy,explicit
debug,0,275833,251,23,4953709,True,"[184, 51, 14, 13]",16,lib/tests/delimcc/reset-shift-k.zy,original
debug,0,296372,251,23,5152708,True,"[184, 51, 14, 13]",16,lib/tests/delimcc/reset-shift-k.zy,jobs
debug,0,314459,251,23,5568626,True,"[184, 51, 14, 13]",16,lib/tests/delimcc/reset-shift-k.zy,explicit
debug,0,343833,251,23,5987918,True,"[184, 51, 14, 13]",16,lib/tests/delimcc/reset-shift-k.zy,recursive
debug,0,333170,251,23,5657873,True,"[184, 51, 14, 13]",17,lib/tests/delimcc/reset-shift-k.zy,jobs
debug,0,448415,251,23,11202621,True,"[184, 51, 14, 13]",17,lib/tests/delimcc/reset-shift-k.zy,explicit
debug,0,340417,251,23,6178542,True,"[184, 51, 14, 13]",17,lib/tests/delimcc/reset-shift-k.zy,recursive
debug,0,366582,251,23,6038748,True,"[184, 51, 14, 13]",17,lib/tests/delimcc/reset-shift-k.zy,original
debug,0,355790,251,23,6377542,True,"[184, 51, 14, 13]",18,lib/tests/delimcc/reset-shift-k.zy,explicit
debug,0,325165,251,23,6227499,True,"[184, 51, 14, 13]",18,lib/tests/delimcc/reset-shift-k.zy,recursive
debug,0,328413,251,23,5782459,True,"[184, 51, 14, 13]",18,lib/tests/delimcc/reset-shift-k.zy,original
debug,0,335166,251,23,5694539,True,"[184, 51, 14, 13]",18,lib/tests/delimcc/reset-shift-k.zy,jobs
debug,0,386046,251,23,6319752,True,"[184, 51, 14, 13]",19,lib/tests/delimcc/reset-shift-k.zy,recursive
debug,0,494667,251,23,6658460,True,"[184, 51, 14, 13]",19,lib/tests/delimcc/reset-shift-k.zy,original
debug,0,335041,251,23,5713834,True,"[184, 51, 14, 13]",19,lib/tests/delimcc/reset-shift-k.zy,jobs
debug,0,391832,251,23,7612166,True,"[184, 51, 14, 13]",19,lib/tests/delimcc/reset-shift-k.zy,explicit
debug,0,345375,251,23,5959416,True,"[184, 51, 14, 13]",20,lib/tests/delimcc/reset-shift-k.zy,original
debug,0,348293,251,23,5509790,True,"[184, 51, 14, 13]",20,lib/tests/delimcc/reset-shift-k.zy,jobs
debug,0,372790,251,23,7210996,True,"[184, 51, 14, 13]",20,lib/tests/delimcc/reset-shift-k.zy,explicit
debug,0,406290,251,23,6884750,True,"[184, 51, 14, 13]",20,lib/tests/delimcc/reset-shift-k.zy,recursive
debug,0,335125,251,23,6203626,True,"[184, 51, 14, 13]",21,lib/tests/delimcc/reset-shift-k.zy,jobs
debug,0,338000,251,23,6284375,True,"[184, 51, 14, 13]",21,lib/tests/delimcc/reset-shift-k.zy,explicit
debug,0,420918,251,23,6344499,True,"[184, 51, 14, 13]",21,lib/tests/delimcc/reset-shift-k.zy,recursive
debug,0,345583,251,23,6030375,True,"[184, 51, 14, 13]",21,lib/tests/delimcc/reset-shift-k.zy,original
debug,0,340377,251,23,6536877,True,"[184, 51, 14, 13]",22,lib/tests/delimcc/reset-shift-k.zy,explicit
debug,0,351586,251,23,5977625,True,"[184, 51, 14, 13]",22,lib/tests/delimcc/reset-shift-k.zy,recursive
debug,0,361125,251,23,5694461,True,"[184, 51, 14, 13]",22,lib/tests/delimcc/reset-shift-k.zy,original
debug,0,349621,251,23,5827290,True,"[184, 51, 14, 13]",22,lib/tests/delimcc/reset-shift-k.zy,jobs
debug,0,305251,251,23,5501957,True,"[184, 51, 14, 13]",23,lib/tests/delimcc/reset-shift-k.zy,recursive
debug,0,396665,251,23,6283169,True,"[184, 51, 14, 13]",23,lib/tests/delimcc/reset-shift-k.zy,original
debug,0,340623,251,23,5725290,True,"[184, 51, 14, 13]",23,lib/tests/delimcc/reset-shift-k.zy,jobs
debug,0,325750,251,23,5963878,True,"[184, 51, 14, 13]",23,lib/tests/delimcc/reset-shift-k.zy,explicit
debug,0,343001,251,23,7008460,True,"[184, 51, 14, 13]",24,lib/tests/delimcc/reset-shift-k.zy,original
debug,0,329667,251,23,5543832,True,"[184, 51, 14, 13]",24,lib/tests/delimcc/reset-shift-k.zy,jobs
debug,0,325374,251,23,6226710,True,"[184, 51, 14, 13]",24,lib/tests/delimcc/reset-shift-k.zy,explicit
debug,0,387334,251,23,5731043,True,"[184, 51, 14, 13]",24,lib/tests/delimcc/reset-shift-k.zy,recursive
debug,0,370083,251,23,5836168,True,"[184, 51, 14, 13]",25,lib/tests/delimcc/reset-shift-k.zy,jobs
debug,0,328125,251,23,7695501,True,"[184, 51, 14, 13]",25,lib/tests/delimcc/reset-shift-k.zy,explicit
debug,0,349793,251,23,6254126,True,"[184, 51, 14, 13]",25,lib/tests/delimcc/reset-shift-k.zy,recursive
debug,0,338540,251,23,6106123,True,"[184, 51, 14, 13]",25,lib/tests/delimcc/reset-shift-k.zy,original
debug,0,347998,251,23,6446790,True,"[184, 51, 14, 13]",26,lib/tests/delimcc/reset-shift-k.zy,explicit
debug,0,371460,251,23,6476584,True,"[184, 51, 14, 13]",26,lib/tests/delimcc/reset-shift-k.zy,recursive
debug,0,301208,251,23,5085877,True,"[184, 51, 14, 13]",26,lib/tests/delimcc/reset-shift-k.zy,original
debug,0,288706,251,23,4921456,True,"[184, 51, 14, 13]",26,lib/tests/delimcc/reset-shift-k.zy,jobs
debug,0,278207,251,23,5212250,True,"[184, 51, 14, 13]",27,lib/tests/delimcc/reset-shift-k.zy,recursive
debug,0,325668,251,23,5474710,True,"[184, 51, 14, 13]",27,lib/tests/delimcc/reset-shift-k.zy,original
debug,0,397916,251,23,4935957,True,"[184, 51, 14, 13]",27,lib/tests/delimcc/reset-shift-k.zy,jobs
debug,0,300957,251,23,5627876,True,"[184, 51, 14, 13]",27,lib/tests/delimcc/reset-shift-k.zy,explicit
debug,0,285831,251,23,5007376,True,"[184, 51, 14, 13]",28,lib/tests/delimcc/reset-shift-k.zy,original
debug,0,283463,251,23,4912002,True,"[184, 51, 14, 13]",28,lib/tests/delimcc/reset-shift-k.zy,jobs
debug,0,272125,251,23,5284207,True,"[184, 51, 14, 13]",28,lib/tests/delimcc/reset-shift-k.zy,explicit
debug,0,314169,251,23,5426625,True,"[184, 51, 14, 13]",28,lib/tests/delimcc/reset-shift-k.zy,recursive
debug,0,298874,251,23,4860248,True,"[184, 51, 14, 13]",29,lib/tests/delimcc/reset-shift-k.zy,jobs
debug,0,291124,251,23,5621124,True,"[184, 51, 14, 13]",29,lib/tests/delimcc/reset-shift-k.zy,explicit
debug,0,288790,251,23,5246834,True,"[184, 51, 14, 13]",29,lib/tests/delimcc/reset-shift-k.zy,recursive
debug,0,286084,251,23,5038999,True,"[184, 51, 14, 13]",29,lib/tests/delimcc/reset-shift-k.zy,original
debug,0,295044,251,23,5398167,True,"[184, 51, 14, 13]",30,lib/tests/delimcc/reset-shift-k.zy,explicit
debug,0,299793,251,23,5300165,True,"[184, 51, 14, 13]",30,lib/tests/delimcc/reset-shift-k.zy,recursive
debug,0,288956,251,23,5009420,True,"[184, 51, 14, 13]",30,lib/tests/delimcc/reset-shift-k.zy,original
debug,0,296250,251,23,4949417,True,"[184, 51, 14, 13]",30,lib/tests/delimcc/reset-shift-k.zy,jobs
debug,0,283203,251,23,5303831,True,"[184, 51, 14, 13]",31,lib/tests/delimcc/reset-shift-k.zy,recursive
debug,0,287915,251,23,4990919,True,"[184, 51, 14, 13]",31,lib/tests/delimcc/reset-shift-k.zy,original
debug,0,300999,251,23,5090710,True,"[184, 51, 14, 13]",31,lib/tests/delimcc/reset-shift-k.zy,jobs
debug,0,278954,251,23,5326667,True,"[184, 51, 14, 13]",31,lib/tests/delimcc/reset-shift-k.zy,explicit
debug,0,273501,516,10,4823919,False,"[439, 163, 16, 0]",0,lib/tests/core/gc-stress.zy,original
debug,0,258333,516,10,4665582,False,"[439, 163, 16, 0]",0,lib/tests/core/gc-stress.zy,jobs
debug,0,274125,516,10,5504207,False,"[439, 163, 16, 0]",0,lib/tests/core/gc-stress.zy,explicit
debug,0,268294,516,10,5123792,False,"[439, 163, 16, 0]",0,lib/tests/core/gc-stress.zy,recursive
debug,0,252621,516,10,4694918,False,"[439, 163, 16, 0]",1,lib/tests/core/gc-stress.zy,jobs
debug,0,261083,516,10,5294709,False,"[439, 163, 16, 0]",1,lib/tests/core/gc-stress.zy,explicit
debug,0,257708,516,10,5069374,False,"[439, 163, 16, 0]",1,lib/tests/core/gc-stress.zy,recursive
debug,0,263083,516,10,4855542,False,"[439, 163, 16, 0]",1,lib/tests/core/gc-stress.zy,original
debug,0,272957,516,10,5291373,False,"[439, 163, 16, 0]",2,lib/tests/core/gc-stress.zy,explicit
debug,0,294291,516,10,5345833,False,"[439, 163, 16, 0]",2,lib/tests/core/gc-stress.zy,recursive
debug,0,279708,516,10,4961501,False,"[439, 163, 16, 0]",2,lib/tests/core/gc-stress.zy,original
debug,0,269918,516,10,4698250,False,"[439, 163, 16, 0]",2,lib/tests/core/gc-stress.zy,jobs
debug,0,262666,516,10,5091499,False,"[439, 163, 16, 0]",3,lib/tests/core/gc-stress.zy,recursive
debug,0,286169,516,10,5110875,False,"[439, 163, 16, 0]",3,lib/tests/core/gc-stress.zy,original
debug,0,359624,516,10,5973584,False,"[439, 163, 16, 0]",3,lib/tests/core/gc-stress.zy,jobs
debug,0,353417,516,10,6242084,False,"[439, 163, 16, 0]",3,lib/tests/core/gc-stress.zy,explicit
debug,0,265084,516,10,4953333,False,"[439, 163, 16, 0]",4,lib/tests/core/gc-stress.zy,original
debug,0,321291,516,10,5295210,False,"[439, 163, 16, 0]",4,lib/tests/core/gc-stress.zy,jobs
debug,0,315418,516,10,5781209,False,"[439, 163, 16, 0]",4,lib/tests/core/gc-stress.zy,explicit
debug,0,257999,516,10,5055708,False,"[439, 163, 16, 0]",4,lib/tests/core/gc-stress.zy,recursive
debug,0,264083,516,10,4698291,False,"[439, 163, 16, 0]",5,lib/tests/core/gc-stress.zy,jobs
debug,0,259122,516,10,5209956,False,"[439, 163, 16, 0]",5,lib/tests/core/gc-stress.zy,explicit
debug,0,325041,516,10,5678668,False,"[439, 163, 16, 0]",5,lib/tests/core/gc-stress.zy,recursive
debug,0,283002,516,10,5070458,False,"[439, 163, 16, 0]",5,lib/tests/core/gc-stress.zy,original
debug,0,333249,516,10,6027708,False,"[439, 163, 16, 0]",6,lib/tests/core/gc-stress.zy,explicit
debug,0,329499,516,10,5776416,False,"[439, 163, 16, 0]",6,lib/tests/core/gc-stress.zy,recursive
debug,0,364043,516,10,6718042,False,"[439, 163, 16, 0]",6,lib/tests/core/gc-stress.zy,original
debug,0,294042,516,10,4780582,False,"[439, 163, 16, 0]",6,lib/tests/core/gc-stress.zy,jobs
debug,0,366541,516,10,6173456,False,"[439, 163, 16, 0]",7,lib/tests/core/gc-stress.zy,recursive
debug,0,320418,516,10,5215628,False,"[439, 163, 16, 0]",7,lib/tests/core/gc-stress.zy,original
debug,0,350750,516,10,5650585,False,"[439, 163, 16, 0]",7,lib/tests/core/gc-stress.zy,jobs
debug,0,346917,516,10,6210001,False,"[439, 163, 16, 0]",7,lib/tests/core/gc-stress.zy,explicit
debug,0,302041,516,10,5117876,False,"[439, 163, 16, 0]",8,lib/tests/core/gc-stress.zy,original
debug,0,367539,516,10,5548627,False,"[439, 163, 16, 0]",8,lib/tests/core/gc-stress.zy,jobs
debug,0,458584,516,10,5706414,False,"[439, 163, 16, 0]",8,lib/tests/core/gc-stress.zy,explicit
debug,0,312877,516,10,5639667,False,"[439, 163, 16, 0]",8,lib/tests/core/gc-stress.zy,recursive
debug,0,363877,516,10,6137291,False,"[439, 163, 16, 0]",9,lib/tests/core/gc-stress.zy,jobs
debug,0,324794,516,10,5895167,False,"[439, 163, 16, 0]",9,lib/tests/core/gc-stress.zy,explicit
debug,0,420374,516,10,6955543,False,"[439, 163, 16, 0]",9,lib/tests/core/gc-stress.zy,recursive
debug,0,344667,516,10,5702916,False,"[439, 163, 16, 0]",9,lib/tests/core/gc-stress.zy,original
debug,0,380542,516,10,6299665,False,"[439, 163, 16, 0]",10,lib/tests/core/gc-stress.zy,explicit
debug,0,285958,516,10,5252707,False,"[439, 163, 16, 0]",10,lib/tests/core/gc-stress.zy,recursive
debug,0,295376,516,10,5172375,False,"[439, 163, 16, 0]",10,lib/tests/core/gc-stress.zy,original
debug,0,272793,516,10,4799417,False,"[439, 163, 16, 0]",10,lib/tests/core/gc-stress.zy,jobs
debug,0,263832,516,10,5124208,False,"[439, 163, 16, 0]",11,lib/tests/core/gc-stress.zy,recursive
debug,0,273959,516,10,4994625,False,"[439, 163, 16, 0]",11,lib/tests/core/gc-stress.zy,original
debug,0,252957,516,10,4649999,False,"[439, 163, 16, 0]",11,lib/tests/core/gc-stress.zy,jobs
debug,0,259707,516,10,5307916,False,"[439, 163, 16, 0]",11,lib/tests/core/gc-stress.zy,explicit
debug,0,255334,516,10,4886707,False,"[439, 163, 16, 0]",12,lib/tests/core/gc-stress.zy,original
debug,0,253417,516,10,4710832,False,"[439, 163, 16, 0]",12,lib/tests/core/gc-stress.zy,jobs
debug,0,288709,516,10,5432083,False,"[439, 163, 16, 0]",12,lib/tests/core/gc-stress.zy,explicit
debug,0,278502,516,10,5148044,False,"[439, 163, 16, 0]",12,lib/tests/core/gc-stress.zy,recursive
debug,0,266624,516,10,4764374,False,"[439, 163, 16, 0]",13,lib/tests/core/gc-stress.zy,jobs
debug,0,260084,516,10,5205083,False,"[439, 163, 16, 0]",13,lib/tests/core/gc-stress.zy,explicit
debug,0,272833,516,10,5206790,False,"[439, 163, 16, 0]",13,lib/tests/core/gc-stress.zy,recursive
debug,0,264623,516,10,4919499,False,"[439, 163, 16, 0]",13,lib/tests/core/gc-stress.zy,original
debug,0,259582,516,10,5208335,False,"[439, 163, 16, 0]",14,lib/tests/core/gc-stress.zy,explicit
debug,0,293209,516,10,5845291,False,"[439, 163, 16, 0]",14,lib/tests/core/gc-stress.zy,recursive
debug,0,275874,516,10,4953459,False,"[439, 163, 16, 0]",14,lib/tests/core/gc-stress.zy,original
debug,0,285165,516,10,4912292,False,"[439, 163, 16, 0]",14,lib/tests/core/gc-stress.zy,jobs
debug,0,271212,516,10,5121586,False,"[439, 163, 16, 0]",15,lib/tests/core/gc-stress.zy,recursive
debug,0,262626,516,10,4936833,False,"[439, 163, 16, 0]",15,lib/tests/core/gc-stress.zy,original
debug,0,255710,516,10,4694834,False,"[439, 163, 16, 0]",15,lib/tests/core/gc-stress.zy,jobs
debug,0,280708,516,10,5439584,False,"[439, 163, 16, 0]",15,lib/tests/core/gc-stress.zy,explicit
debug,0,274211,516,10,4946167,False,"[439, 163, 16, 0]",16,lib/tests/core/gc-stress.zy,original
debug,0,284333,516,10,4810209,False,"[439, 163, 16, 0]",16,lib/tests/core/gc-stress.zy,jobs
debug,0,266292,516,10,5261667,False,"[439, 163, 16, 0]",16,lib/tests/core/gc-stress.zy,explicit
debug,0,273417,516,10,5135040,False,"[439, 163, 16, 0]",16,lib/tests/core/gc-stress.zy,recursive
debug,0,260293,516,10,4681456,False,"[439, 163, 16, 0]",17,lib/tests/core/gc-stress.zy,jobs
debug,0,264835,516,10,5456123,False,"[439, 163, 16, 0]",17,lib/tests/core/gc-stress.zy,explicit
debug,0,261334,516,10,5096708,False,"[439, 163, 16, 0]",17,lib/tests/core/gc-stress.zy,recursive
debug,0,269333,516,10,4852668,False,"[439, 163, 16, 0]",17,lib/tests/core/gc-stress.zy,original
debug,0,262792,516,10,5210126,False,"[439, 163, 16, 0]",18,lib/tests/core/gc-stress.zy,explicit
debug,0,256957,516,10,5031916,False,"[439, 163, 16, 0]",18,lib/tests/core/gc-stress.zy,recursive
debug,0,268915,516,10,4831166,False,"[439, 163, 16, 0]",18,lib/tests/core/gc-stress.zy,original
debug,0,255999,516,10,4712084,False,"[439, 163, 16, 0]",18,lib/tests/core/gc-stress.zy,jobs
debug,0,263710,516,10,5157834,False,"[439, 163, 16, 0]",19,lib/tests/core/gc-stress.zy,recursive
debug,0,254083,516,10,4894666,False,"[439, 163, 16, 0]",19,lib/tests/core/gc-stress.zy,original
debug,0,260208,516,10,4692250,False,"[439, 163, 16, 0]",19,lib/tests/core/gc-stress.zy,jobs
debug,0,258332,516,10,5197332,False,"[439, 163, 16, 0]",19,lib/tests/core/gc-stress.zy,explicit
debug,0,262123,516,10,4915791,False,"[439, 163, 16, 0]",20,lib/tests/core/gc-stress.zy,original
debug,0,260500,516,10,4695499,False,"[439, 163, 16, 0]",20,lib/tests/core/gc-stress.zy,jobs
debug,0,259041,516,10,5243541,False,"[439, 163, 16, 0]",20,lib/tests/core/gc-stress.zy,explicit
debug,0,287750,516,10,5136625,False,"[439, 163, 16, 0]",20,lib/tests/core/gc-stress.zy,recursive
debug,0,255624,516,10,4692625,False,"[439, 163, 16, 0]",21,lib/tests/core/gc-stress.zy,jobs
debug,0,252497,516,10,5161417,False,"[439, 163, 16, 0]",21,lib/tests/core/gc-stress.zy,explicit
debug,0,267834,516,10,5145457,False,"[439, 163, 16, 0]",21,lib/tests/core/gc-stress.zy,recursive
debug,0,261999,516,10,4775918,False,"[439, 163, 16, 0]",21,lib/tests/core/gc-stress.zy,original
debug,0,268501,516,10,5367834,False,"[439, 163, 16, 0]",22,lib/tests/core/gc-stress.zy,explicit
debug,0,256375,516,10,5029501,False,"[439, 163, 16, 0]",22,lib/tests/core/gc-stress.zy,recursive
debug,0,258249,516,10,4803166,False,"[439, 163, 16, 0]",22,lib/tests/core/gc-stress.zy,original
debug,0,263709,516,10,4693249,False,"[439, 163, 16, 0]",22,lib/tests/core/gc-stress.zy,jobs
debug,0,263833,516,10,5143499,False,"[439, 163, 16, 0]",23,lib/tests/core/gc-stress.zy,recursive
debug,0,259168,516,10,4783793,False,"[439, 163, 16, 0]",23,lib/tests/core/gc-stress.zy,original
debug,0,257000,516,10,4686123,False,"[439, 163, 16, 0]",23,lib/tests/core/gc-stress.zy,jobs
debug,0,257001,516,10,5224330,False,"[439, 163, 16, 0]",23,lib/tests/core/gc-stress.zy,explicit
debug,0,265042,516,10,4788624,False,"[439, 163, 16, 0]",24,lib/tests/core/gc-stress.zy,original
debug,0,272249,516,10,4877210,False,"[439, 163, 16, 0]",24,lib/tests/core/gc-stress.zy,jobs
debug,0,273876,516,10,5393374,False,"[439, 163, 16, 0]",24,lib/tests/core/gc-stress.zy,explicit
debug,0,286043,516,10,5614252,False,"[439, 163, 16, 0]",24,lib/tests/core/gc-stress.zy,recursive
debug,0,320586,516,10,5150751,False,"[439, 163, 16, 0]",25,lib/tests/core/gc-stress.zy,jobs
debug,0,264375,516,10,5272624,False,"[439, 163, 16, 0]",25,lib/tests/core/gc-stress.zy,explicit
debug,0,255208,516,10,5126873,False,"[439, 163, 16, 0]",25,lib/tests/core/gc-stress.zy,recursive
debug,0,269751,516,10,4845041,False,"[439, 163, 16, 0]",25,lib/tests/core/gc-stress.zy,original
debug,0,298001,516,10,5765043,False,"[439, 163, 16, 0]",26,lib/tests/core/gc-stress.zy,explicit
debug,0,379835,516,10,6203582,False,"[439, 163, 16, 0]",26,lib/tests/core/gc-stress.zy,recursive
debug,0,307167,516,10,5165583,False,"[439, 163, 16, 0]",26,lib/tests/core/gc-stress.zy,original
debug,0,267334,516,10,4782708,False,"[439, 163, 16, 0]",26,lib/tests/core/gc-stress.zy,jobs
debug,0,276750,516,10,5257125,False,"[439, 163, 16, 0]",27,lib/tests/core/gc-stress.zy,recursive
debug,0,277624,516,10,5009793,False,"[439, 163, 16, 0]",27,lib/tests/core/gc-stress.zy,original
debug,0,289250,516,10,5185040,False,"[439, 163, 16, 0]",27,lib/tests/core/gc-stress.zy,jobs
debug,0,267667,516,10,5321916,False,"[439, 163, 16, 0]",27,lib/tests/core/gc-stress.zy,explicit
debug,0,279873,516,10,5064420,False,"[439, 163, 16, 0]",28,lib/tests/core/gc-stress.zy,original
debug,0,423959,516,10,5677875,False,"[439, 163, 16, 0]",28,lib/tests/core/gc-stress.zy,jobs
debug,0,359666,516,10,6398458,False,"[439, 163, 16, 0]",28,lib/tests/core/gc-stress.zy,explicit
debug,0,362374,516,10,6077626,False,"[439, 163, 16, 0]",28,lib/tests/core/gc-stress.zy,recursive
debug,0,348250,516,10,5560166,False,"[439, 163, 16, 0]",29,lib/tests/core/gc-stress.zy,jobs
debug,0,392581,516,10,6409750,False,"[439, 163, 16, 0]",29,lib/tests/core/gc-stress.zy,explicit
debug,0,382166,516,10,6088875,False,"[439, 163, 16, 0]",29,lib/tests/core/gc-stress.zy,recursive
debug,0,366250,516,10,5823416,False,"[439, 163, 16, 0]",29,lib/tests/core/gc-stress.zy,original
debug,0,468831,516,10,7232457,False,"[439, 163, 16, 0]",30,lib/tests/core/gc-stress.zy,explicit
debug,0,351542,516,10,6006791,False,"[439, 163, 16, 0]",30,lib/tests/core/gc-stress.zy,recursive
debug,0,358708,516,10,5767041,False,"[439, 163, 16, 0]",30,lib/tests/core/gc-stress.zy,original
debug,0,327792,516,10,5516166,False,"[439, 163, 16, 0]",30,lib/tests/core/gc-stress.zy,jobs
debug,0,411417,516,10,8694082,False,"[439, 163, 16, 0]",31,lib/tests/core/gc-stress.zy,recursive
debug,0,288001,516,10,5349835,False,"[439, 163, 16, 0]",31,lib/tests/core/gc-stress.zy,original
debug,0,390375,516,10,6104625,False,"[439, 163, 16, 0]",31,lib/tests/core/gc-stress.zy,jobs
debug,0,333541,516,10,5964376,False,"[439, 163, 16, 0]",31,lib/tests/core/gc-stress.zy,explicit
debug,0,254417,516,9,4319335,True,"[422, 163, 16, 15]",0,lib/tests/core/gc-stress.zy,original
debug,0,262876,516,9,4394667,True,"[422, 163, 16, 15]",0,lib/tests/core/gc-stress.zy,jobs
debug,0,258874,516,9,4773875,True,"[422, 163, 16, 15]",0,lib/tests/core/gc-stress.zy,explicit
debug,0,256083,516,9,4612917,True,"[422, 163, 16, 15]",0,lib/tests/core/gc-stress.zy,recursive
debug,0,250000,516,9,4317461,True,"[422, 163, 16, 15]",1,lib/tests/core/gc-stress.zy,jobs
debug,0,248793,516,9,4762250,True,"[422, 163, 16, 15]",1,lib/tests/core/gc-stress.zy,explicit
debug,0,245083,516,9,4706416,True,"[422, 163, 16, 15]",1,lib/tests/core/gc-stress.zy,recursive
debug,0,231377,516,9,4243792,True,"[422, 163, 16, 15]",1,lib/tests/core/gc-stress.zy,original
debug,0,236502,516,9,4611544,True,"[422, 163, 16, 15]",2,lib/tests/core/gc-stress.zy,explicit
debug,0,258209,516,9,4631084,True,"[422, 163, 16, 15]",2,lib/tests/core/gc-stress.zy,recursive
debug,0,252752,516,9,4469003,True,"[422, 163, 16, 15]",2,lib/tests/core/gc-stress.zy,original
debug,0,249208,516,9,4330917,True,"[422, 163, 16, 15]",2,lib/tests/core/gc-stress.zy,jobs
debug,0,291750,516,9,4792041,True,"[422, 163, 16, 15]",3,lib/tests/core/gc-stress.zy,recursive
debug,0,251458,516,9,4336167,True,"[422, 163, 16, 15]",3,lib/tests/core/gc-stress.zy,original
debug,0,235959,516,9,4165833,True,"[422, 163, 16, 15]",3,lib/tests/core/gc-stress.zy,jobs
debug,0,232959,516,9,4615457,True,"[422, 163, 16, 15]",3,lib/tests/core/gc-stress.zy,explicit
debug,0,252002,516,9,4310291,True,"[422, 163, 16, 15]",4,lib/tests/core/gc-stress.zy,original
debug,0,243375,516,9,4211875,True,"[422, 163, 16, 15]",4,lib/tests/core/gc-stress.zy,jobs
debug,0,293331,516,9,5135206,True,"[422, 163, 16, 15]",4,lib/tests/core/gc-stress.zy,explicit
debug,0,240039,516,9,4446959,True,"[422, 163, 16, 15]",4,lib/tests/core/gc-stress.zy,recursive
debug,0,288249,516,9,4316667,True,"[422, 163, 16, 15]",5,lib/tests/core/gc-stress.zy,jobs
debug,0,237458,516,9,4622918,True,"[422, 163, 16, 15]",5,lib/tests/core/gc-stress.zy,explicit
debug,0,231916,516,9,4432790,True,"[422, 163, 16, 15]",5,lib/tests/core/gc-stress.zy,recursive
debug,0,238248,516,9,4293417,True,"[422, 163, 16, 15]",5,lib/tests/core/gc-stress.zy,original
debug,0,234875,516,9,4533459,True,"[422, 163, 16, 15]",6,lib/tests/core/gc-stress.zy,explicit
debug,0,239543,516,9,4586750,True,"[422, 163, 16, 15]",6,lib/tests/core/gc-stress.zy,recursive
debug,0,243333,516,9,4376083,True,"[422, 163, 16, 15]",6,lib/tests/core/gc-stress.zy,original
debug,0,240624,516,9,4154457,True,"[422, 163, 16, 15]",6,lib/tests/core/gc-stress.zy,jobs
debug,0,236001,516,9,4448250,True,"[422, 163, 16, 15]",7,lib/tests/core/gc-stress.zy,recursive
debug,0,237585,516,9,4260874,True,"[422, 163, 16, 15]",7,lib/tests/core/gc-stress.zy,original
debug,0,237124,516,9,4149666,True,"[422, 163, 16, 15]",7,lib/tests/core/gc-stress.zy,jobs
debug,0,233166,516,9,4574667,True,"[422, 163, 16, 15]",7,lib/tests/core/gc-stress.zy,explicit
debug,0,289375,516,9,4476041,True,"[422, 163, 16, 15]",8,lib/tests/core/gc-stress.zy,original
debug,0,244542,516,9,4222750,True,"[422, 163, 16, 15]",8,lib/tests/core/gc-stress.zy,jobs
debug,0,252123,516,9,4790959,True,"[422, 163, 16, 15]",8,lib/tests/core/gc-stress.zy,explicit
debug,0,239458,516,9,4490583,True,"[422, 163, 16, 15]",8,lib/tests/core/gc-stress.zy,recursive
debug,0,260042,516,9,4340625,True,"[422, 163, 16, 15]",9,lib/tests/core/gc-stress.zy,jobs
debug,0,247875,516,9,4645876,True,"[422, 163, 16, 15]",9,lib/tests/core/gc-stress.zy,explicit
debug,0,247873,516,9,4697248,True,"[422, 163, 16, 15]",9,lib/tests/core/gc-stress.zy,recursive
debug,0,240542,516,9,4312999,True,"[422, 163, 16, 15]",9,lib/tests/core/gc-stress.zy,original
debug,0,242081,516,9,4528000,True,"[422, 163, 16, 15]",10,lib/tests/core/gc-stress.zy,explicit
debug,0,250375,516,9,4594835,True,"[422, 163, 16, 15]",10,lib/tests/core/gc-stress.zy,recursive
debug,0,273458,516,9,4506373,True,"[422, 163, 16, 15]",10,lib/tests/core/gc-stress.zy,original
debug,0,253042,516,9,4167878,True,"[422, 163, 16, 15]",10,lib/tests/core/gc-stress.zy,jobs
debug,0,244083,516,9,4463792,True,"[422, 163, 16, 15]",11,lib/tests/core/gc-stress.zy,recursive
debug,0,243750,516,9,4226914,True,"[422, 163, 16, 15]",11,lib/tests/core/gc-stress.zy,original
debug,0,241294,516,9,4106290,True,"[422, 163, 16, 15]",11,lib/tests/core/gc-stress.zy,jobs
debug,0,240791,516,9,4521832,True,"[422, 163, 16, 15]",11,lib/tests/core/gc-stress.zy,explicit
debug,0,247208,516,9,4320751,True,"[422, 163, 16, 15]",12,lib/tests/core/gc-stress.zy,original
debug,0,251541,516,9,4230874,True,"[422, 163, 16, 15]",12,lib/tests/core/gc-stress.zy,jobs
debug,0,250374,516,9,4798959,True,"[422, 163, 16, 15]",12,lib/tests/core/gc-stress.zy,explicit
debug,0,241543,516,9,4507539,True,"[422, 163, 16, 15]",12,lib/tests/core/gc-stress.zy,recursive
debug,0,306334,516,9,4405335,True,"[422, 163, 16, 15]",13,lib/tests/core/gc-stress.zy,jobs
debug,0,272166,516,9,5105415,True,"[422, 163, 16, 15]",13,lib/tests/core/gc-stress.zy,explicit
debug,0,267792,516,9,4959832,True,"[422, 163, 16, 15]",13,lib/tests/core/gc-stress.zy,recursive
debug,0,278873,516,9,4681001,True,"[422, 163, 16, 15]",13,lib/tests/core/gc-stress.zy,original
debug,0,315709,516,9,5210584,True,"[422, 163, 16, 15]",14,lib/tests/core/gc-stress.zy,explicit
debug,0,278918,516,9,4876168,True,"[422, 163, 16, 15]",14,lib/tests/core/gc-stress.zy,recursive
debug,0,265124,516,9,4360419,True,"[422, 163, 16, 15]",14,lib/tests/core/gc-stress.zy,original
debug,0,300708,516,9,4762292,True,"[422, 163, 16, 15]",14,lib/tests/core/gc-stress.zy,jobs
debug,0,284459,516,9,4831833,True,"[422, 163, 16, 15]",15,lib/tests/core/gc-stress.zy,recursive
debug,0,340002,516,9,4688830,True,"[422, 163, 16, 15]",15,lib/tests/core/gc-stress.zy,original
debug,0,255960,516,9,4478957,True,"[422, 163, 16, 15]",15,lib/tests/core/gc-stress.zy,jobs
debug,0,274292,516,9,4973877,True,"[422, 163, 16, 15]",15,lib/tests/core/gc-stress.zy,explicit
debug,0,268377,516,9,4640625,True,"[422, 163, 16, 15]",16,lib/tests/core/gc-stress.zy,original
debug,0,253210,516,9,4340584,True,"[422, 163, 16, 15]",16,lib/tests/core/gc-stress.zy,jobs
debug,0,269208,516,9,4930750,True,"[422, 163, 16, 15]",16,lib/tests/core/gc-stress.zy,explicit
debug,0,259875,516,9,4706750,True,"[422, 163, 16, 15]",16,lib/tests/core/gc-stress.zy,recursive
debug,0,264457,516,9,4530749,True,"[422, 163, 16, 15]",17,lib/tests/core/gc-stress.zy,jobs
debug,0,293125,516,9,5161749,True,"[422, 163, 16, 15]",17,lib/tests/core/gc-stress.zy,explicit
debug,0,344790,516,9,5516749,True,"[422, 163, 16, 15]",17,lib/tests/core/gc-stress.zy,recursive
debug,0,339376,516,9,4992000,True,"[422, 163, 16, 15]",17,lib/tests/core/gc-stress.zy,original
debug,0,269002,516,9,5016125,True,"[422, 163, 16, 15]",18,lib/tests/core/gc-stress.zy,explicit
debug,0,267501,516,9,4900331,True,"[422, 163, 16, 15]",18,lib/tests/core/gc-stress.zy,recursive
debug,0,248708,516,9,4335209,True,"[422, 163, 16, 15]",18,lib/tests/core/gc-stress.zy,original
debug,0,272207,516,9,4354458,True,"[422, 163, 16, 15]",18,lib/tests/core/gc-stress.zy,jobs
debug,0,286749,516,9,4697085,True,"[422, 163, 16, 15]",19,lib/tests/core/gc-stress.zy,recursive
debug,0,276461,516,9,4527376,True,"[422, 163, 16, 15]",19,lib/tests/core/gc-stress.zy,original
debug,0,265165,516,9,4499208,True,"[422, 163, 16, 15]",19,lib/tests/core/gc-stress.zy,jobs
debug,0,345625,516,9,5567626,True,"[422, 163, 16, 15]",19,lib/tests/core/gc-stress.zy,explicit
debug,0,316460,516,9,5283624,True,"[422, 163, 16, 15]",20,lib/tests/core/gc-stress.zy,original
debug,0,362836,516,9,5029707,True,"[422, 163, 16, 15]",20,lib/tests/core/gc-stress.zy,jobs
debug,0,304376,516,9,5168208,True,"[422, 163, 16, 15]",20,lib/tests/core/gc-stress.zy,explicit
debug,0,337211,516,9,5444624,True,"[422, 163, 16, 15]",20,lib/tests/core/gc-stress.zy,recursive
debug,0,339665,516,9,4814665,True,"[422, 163, 16, 15]",21,lib/tests/core/gc-stress.zy,jobs
debug,0,311458,516,9,5129541,True,"[422, 163, 16, 15]",21,lib/tests/core/gc-stress.zy,explicit
debug,0,282667,516,9,6233668,True,"[422, 163, 16, 15]",21,lib/tests/core/gc-stress.zy,recursive
debug,0,312166,516,9,4843665,True,"[422, 163, 16, 15]",21,lib/tests/core/gc-stress.zy,original
debug,0,289377,516,9,5097292,True,"[422, 163, 16, 15]",22,lib/tests/core/gc-stress.zy,explicit
debug,0,333666,516,9,5315001,True,"[422, 163, 16, 15]",22,lib/tests/core/gc-stress.zy,recursive
debug,0,242624,516,9,4250374,True,"[422, 163, 16, 15]",22,lib/tests/core/gc-stress.zy,original
debug,0,402707,516,9,5057542,True,"[422, 163, 16, 15]",22,lib/tests/core/gc-stress.zy,jobs
debug,0,308750,516,9,5193250,True,"[422, 163, 16, 15]",23,lib/tests/core/gc-stress.zy,recursive
debug,0,295208,516,9,4831208,True,"[422, 163, 16, 15]",23,lib/tests/core/gc-stress.zy,original
debug,0,306791,516,9,4760873,True,"[422, 163, 16, 15]",23,lib/tests/core/gc-stress.zy,jobs
debug,0,318958,516,9,5503125,True,"[422, 163, 16, 15]",23,lib/tests/core/gc-stress.zy,explicit
debug,0,274791,516,9,4630875,True,"[422, 163, 16, 15]",24,lib/tests/core/gc-stress.zy,original
debug,0,318999,516,9,4952626,True,"[422, 163, 16, 15]",24,lib/tests/core/gc-stress.zy,jobs
debug,0,286165,516,9,5042667,True,"[422, 163, 16, 15]",24,lib/tests/core/gc-stress.zy,explicit
debug,0,274791,516,9,4830377,True,"[422, 163, 16, 15]",24,lib/tests/core/gc-stress.zy,recursive
debug,0,346791,516,9,5100126,True,"[422, 163, 16, 15]",25,lib/tests/core/gc-stress.zy,jobs
debug,0,321165,516,9,5250959,True,"[422, 163, 16, 15]",25,lib/tests/core/gc-stress.zy,explicit
debug,0,304666,516,9,4981919,True,"[422, 163, 16, 15]",25,lib/tests/core/gc-stress.zy,recursive
debug,0,284959,516,9,5233834,True,"[422, 163, 16, 15]",25,lib/tests/core/gc-stress.zy,original
debug,0,410624,516,9,5021999,True,"[422, 163, 16, 15]",26,lib/tests/core/gc-stress.zy,explicit
debug,0,264584,516,9,5264544,True,"[422, 163, 16, 15]",26,lib/tests/core/gc-stress.zy,recursive
debug,0,310542,516,9,4674208,True,"[422, 163, 16, 15]",26,lib/tests/core/gc-stress.zy,original
debug,0,256332,516,9,4473376,True,"[422, 163, 16, 15]",26,lib/tests/core/gc-stress.zy,jobs
debug,0,302625,516,9,5663166,True,"[422, 163, 16, 15]",27,lib/tests/core/gc-stress.zy,recursive
debug,0,268291,516,9,4567417,True,"[422, 163, 16, 15]",27,lib/tests/core/gc-stress.zy,original
debug,0,251290,516,9,4218125,True,"[422, 163, 16, 15]",27,lib/tests/core/gc-stress.zy,jobs
debug,0,335168,516,9,4983666,True,"[422, 163, 16, 15]",27,lib/tests/core/gc-stress.zy,explicit
debug,0,235501,516,9,4218375,True,"[422, 163, 16, 15]",28,lib/tests/core/gc-stress.zy,original
debug,0,304917,516,9,4720916,True,"[422, 163, 16, 15]",28,lib/tests/core/gc-stress.zy,jobs
debug,0,237042,516,9,4566083,True,"[422, 163, 16, 15]",28,lib/tests/core/gc-stress.zy,explicit
debug,0,236792,516,9,4499208,True,"[422, 163, 16, 15]",28,lib/tests/core/gc-stress.zy,recursive
debug,0,248418,516,9,4290542,True,"[422, 163, 16, 15]",29,lib/tests/core/gc-stress.zy,jobs
debug,0,254958,516,9,4823083,True,"[422, 163, 16, 15]",29,lib/tests/core/gc-stress.zy,explicit
debug,0,231917,516,9,4461499,True,"[422, 163, 16, 15]",29,lib/tests/core/gc-stress.zy,recursive
debug,0,229335,516,9,4213210,True,"[422, 163, 16, 15]",29,lib/tests/core/gc-stress.zy,original
debug,0,253249,516,9,4745500,True,"[422, 163, 16, 15]",30,lib/tests/core/gc-stress.zy,explicit
debug,0,262291,516,9,4646458,True,"[422, 163, 16, 15]",30,lib/tests/core/gc-stress.zy,recursive
debug,0,254791,516,9,4455002,True,"[422, 163, 16, 15]",30,lib/tests/core/gc-stress.zy,original
debug,0,296667,516,9,4445875,True,"[422, 163, 16, 15]",30,lib/tests/core/gc-stress.zy,jobs
debug,0,233333,516,9,4461208,True,"[422, 163, 16, 15]",31,lib/tests/core/gc-stress.zy,recursive
debug,0,240166,516,9,4213085,True,"[422, 163, 16, 15]",31,lib/tests/core/gc-stress.zy,original
debug,0,248458,516,9,4254126,True,"[422, 163, 16, 15]",31,lib/tests/core/gc-stress.zy,jobs
debug,0,251794,516,9,4757040,True,"[422, 163, 16, 15]",31,lib/tests/core/gc-stress.zy,explicit
debug,1,266830,343,16,5040125,False,"[276, 90, 14, 0]",0,lib/tests/core/fact.zy,original
debug,1,267543,343,16,4996291,False,"[276, 90, 14, 0]",0,lib/tests/core/fact.zy,jobs
debug,1,263625,343,16,5487124,False,"[276, 90, 14, 0]",0,lib/tests/core/fact.zy,explicit
debug,1,254668,343,16,5299291,False,"[276, 90, 14, 0]",0,lib/tests/core/fact.zy,recursive
debug,1,274042,343,16,4950665,False,"[276, 90, 14, 0]",1,lib/tests/core/fact.zy,jobs
debug,1,261877,343,16,5472540,False,"[276, 90, 14, 0]",1,lib/tests/core/fact.zy,explicit
debug,1,254792,343,16,5263372,False,"[276, 90, 14, 0]",1,lib/tests/core/fact.zy,recursive
debug,1,245042,343,16,5040251,False,"[276, 90, 14, 0]",1,lib/tests/core/fact.zy,original
debug,1,249543,343,16,5418209,False,"[276, 90, 14, 0]",2,lib/tests/core/fact.zy,explicit
debug,1,251790,343,16,5282251,False,"[276, 90, 14, 0]",2,lib/tests/core/fact.zy,recursive
debug,1,259832,343,16,5060752,False,"[276, 90, 14, 0]",2,lib/tests/core/fact.zy,original
debug,1,258045,343,16,4927752,False,"[276, 90, 14, 0]",2,lib/tests/core/fact.zy,jobs
debug,1,255462,343,16,5319875,False,"[276, 90, 14, 0]",3,lib/tests/core/fact.zy,recursive
debug,1,254040,343,16,5102541,False,"[276, 90, 14, 0]",3,lib/tests/core/fact.zy,original
debug,1,249124,343,16,4843375,False,"[276, 90, 14, 0]",3,lib/tests/core/fact.zy,jobs
debug,1,254499,343,16,5414292,False,"[276, 90, 14, 0]",3,lib/tests/core/fact.zy,explicit
debug,1,252041,343,16,5074042,False,"[276, 90, 14, 0]",4,lib/tests/core/fact.zy,original
debug,1,274001,343,16,4967754,False,"[276, 90, 14, 0]",4,lib/tests/core/fact.zy,jobs
debug,1,247835,343,16,5362667,False,"[276, 90, 14, 0]",4,lib/tests/core/fact.zy,explicit
debug,1,257039,343,16,5323834,False,"[276, 90, 14, 0]",4,lib/tests/core/fact.zy,recursive
debug,1,273332,343,16,5007830,False,"[276, 90, 14, 0]",5,lib/tests/core/fact.zy,jobs
debug,1,279456,343,16,5717792,False,"[276, 90, 14, 0]",5,lib/tests/core/fact.zy,explicit
debug,1,281957,343,16,5445502,False,"[276, 90, 14, 0]",5,lib/tests/core/fact.zy,recursive
debug,1,251291,343,16,5065293,False,"[276, 90, 14, 0]",5,lib/tests/core/fact.zy,original
debug,1,256288,343,16,5373874,False,"[276, 90, 14, 0]",6,lib/tests/core/fact.zy,explicit
debug,1,258000,343,16,5313249,False,"[276, 90, 14, 0]",6,lib/tests/core/fact.zy,recursive
debug,1,253791,343,16,4990961,False,"[276, 90, 14, 0]",6,lib/tests/core/fact.zy,original
debug,1,265628,343,16,4979459,False,"[276, 90, 14, 0]",6,lib/tests/core/fact.zy,jobs
debug,1,257918,343,16,5520295,False,"[276, 90, 14, 0]",7,lib/tests/core/fact.zy,recursive
debug,1,269252,343,16,5212166,False,"[276, 90, 14, 0]",7,lib/tests/core/fact.zy,original
debug,1,275501,343,16,5115919,False,"[276, 90, 14, 0]",7,lib/tests/core/fact.zy,jobs
debug,1,266207,343,16,5808877,False,"[276, 90, 14, 0]",7,lib/tests/core/fact.zy,explicit
debug,1,265458,343,16,5247917,False,"[276, 90, 14, 0]",8,lib/tests/core/fact.zy,original
debug,1,260001,343,16,5032457,False,"[276, 90, 14, 0]",8,lib/tests/core/fact.zy,jobs
debug,1,278709,343,16,5699624,False,"[276, 90, 14, 0]",8,lib/tests/core/fact.zy,explicit
debug,1,274666,343,16,5523166,False,"[276, 90, 14, 0]",8,lib/tests/core/fact.zy,recursive
debug,1,272587,343,16,5222458,False,"[276, 90, 14, 0]",9,lib/tests/core/fact.zy,jobs
debug,1,314710,343,16,5693958,False,"[276, 90, 14, 0]",9,lib/tests/core/fact.zy,explicit
debug,1,263916,343,16,5564790,False,"[276, 90, 14, 0]",9,lib/tests/core/fact.zy,recursive
debug,1,267795,343,16,5224710,False,"[276, 90, 14, 0]",9,lib/tests/core/fact.zy,original
debug,1,280708,343,16,5719416,False,"[276, 90, 14, 0]",10,lib/tests/core/fact.zy,explicit
debug,1,278042,343,16,5646000,False,"[276, 90, 14, 0]",10,lib/tests/core/fact.zy,recursive
debug,1,257376,343,16,5075251,False,"[276, 90, 14, 0]",10,lib/tests/core/fact.zy,original
debug,1,258995,343,16,5034291,False,"[276, 90, 14, 0]",10,lib/tests/core/fact.zy,jobs
debug,1,255746,343,16,5333706,False,"[276, 90, 14, 0]",11,lib/tests/core/fact.zy,recursive
debug,1,278667,343,16,5304834,False,"[276, 90, 14, 0]",11,lib/tests/core/fact.zy,original
debug,1,274250,343,16,5252166,False,"[276, 90, 14, 0]",11,lib/tests/core/fact.zy,jobs
debug,1,269999,343,16,5936333,False,"[276, 90, 14, 0]",11,lib/tests/core/fact.zy,explicit
debug,1,285416,343,16,5265833,False,"[276, 90, 14, 0]",12,lib/tests/core/fact.zy,original
debug,1,287957,343,16,5235334,False,"[276, 90, 14, 0]",12,lib/tests/core/fact.zy,jobs
debug,1,276749,343,16,5913165,False,"[276, 90, 14, 0]",12,lib/tests/core/fact.zy,explicit
debug,1,258625,343,16,5477250,False,"[276, 90, 14, 0]",12,lib/tests/core/fact.zy,recursive
debug,1,253790,343,16,5009001,False,"[276, 90, 14, 0]",13,lib/tests/core/fact.zy,jobs
debug,1,256917,343,16,5659000,False,"[276, 90, 14, 0]",13,lib/tests/core/fact.zy,explicit
debug,1,254667,343,16,5387837,False,"[276, 90, 14, 0]",13,lib/tests/core/fact.zy,recursive
debug,1,256209,343,16,5004081,False,"[276, 90, 14, 0]",13,lib/tests/core/fact.zy,original
debug,1,282706,343,16,5641917,False,"[276, 90, 14, 0]",14,lib/tests/core/fact.zy,explicit
debug,1,255543,343,16,5461543,False,"[276, 90, 14, 0]",14,lib/tests/core/fact.zy,recursive
debug,1,265584,343,16,5090085,False,"[276, 90, 14, 0]",14,lib/tests/core/fact.zy,original
debug,1,259917,343,16,4959752,False,"[276, 90, 14, 0]",14,lib/tests/core/fact.zy,jobs
debug,1,252835,343,16,5352249,False,"[276, 90, 14, 0]",15,lib/tests/core/fact.zy,recursive
debug,1,260790,343,16,5108122,False,"[276, 90, 14, 0]",15,lib/tests/core/fact.zy,original
debug,1,259207,343,16,4864541,False,"[276, 90, 14, 0]",15,lib/tests/core/fact.zy,jobs
debug,1,266207,343,16,5663501,False,"[276, 90, 14, 0]",15,lib/tests/core/fact.zy,explicit
debug,1,256209,343,16,5098919,False,"[276, 90, 14, 0]",16,lib/tests/core/fact.zy,original
debug,1,247750,343,16,4875459,False,"[276, 90, 14, 0]",16,lib/tests/core/fact.zy,jobs
debug,1,250751,343,16,5548666,False,"[276, 90, 14, 0]",16,lib/tests/core/fact.zy,explicit
debug,1,257583,343,16,5406334,False,"[276, 90, 14, 0]",16,lib/tests/core/fact.zy,recursive
debug,1,250834,343,16,4996919,False,"[276, 90, 14, 0]",17,lib/tests/core/fact.zy,jobs
debug,1,257960,343,16,5543332,False,"[276, 90, 14, 0]",17,lib/tests/core/fact.zy,explicit
debug,1,271375,343,16,5488708,False,"[276, 90, 14, 0]",17,lib/tests/core/fact.zy,recursive
debug,1,255708,343,16,5009336,False,"[276, 90, 14, 0]",17,lib/tests/core/fact.zy,original
debug,1,258041,343,16,5572626,False,"[276, 90, 14, 0]",18,lib/tests/core/fact.zy,explicit
debug,1,258544,343,16,5529664,False,"[276, 90, 14, 0]",18,lib/tests/core/fact.zy,recursive
debug,1,255916,343,16,4988624,False,"[276, 90, 14, 0]",18,lib/tests/core/fact.zy,original
debug,1,258001,343,16,5076122,False,"[276, 90, 14, 0]",18,lib/tests/core/fact.zy,jobs
debug,1,262834,343,16,5273042,False,"[276, 90, 14, 0]",19,lib/tests/core/fact.zy,recursive
debug,1,255958,343,16,5036668,False,"[276, 90, 14, 0]",19,lib/tests/core/fact.zy,original
debug,1,250373,343,16,4936540,False,"[276, 90, 14, 0]",19,lib/tests/core/fact.zy,jobs
debug,1,258041,343,16,5463625,False,"[276, 90, 14, 0]",19,lib/tests/core/fact.zy,explicit
debug,1,258082,343,16,5027502,False,"[276, 90, 14, 0]",20,lib/tests/core/fact.zy,original
debug,1,260372,343,16,4907961,False,"[276, 90, 14, 0]",20,lib/tests/core/fact.zy,jobs
debug,1,257083,343,16,5346208,False,"[276, 90, 14, 0]",20,lib/tests/core/fact.zy,explicit
debug,1,245585,343,16,5258458,False,"[276, 90, 14, 0]",20,lib/tests/core/fact.zy,recursive
debug,1,254542,343,16,4892542,False,"[276, 90, 14, 0]",21,lib/tests/core/fact.zy,jobs
debug,1,252917,343,16,5535499,False,"[276, 90, 14, 0]",21,lib/tests/core/fact.zy,explicit
debug,1,245709,343,16,5257622,False,"[276, 90, 14, 0]",21,lib/tests/core/fact.zy,recursive
debug,1,264582,343,16,5102709,False,"[276, 90, 14, 0]",21,lib/tests/core/fact.zy,original
debug,1,263541,343,16,5496582,False,"[276, 90, 14, 0]",22,lib/tests/core/fact.zy,explicit
debug,1,248417,343,16,5320249,False,"[276, 90, 14, 0]",22,lib/tests/core/fact.zy,recursive
debug,1,249960,343,16,5065461,False,"[276, 90, 14, 0]",22,lib/tests/core/fact.zy,original
debug,1,260292,343,16,4971917,False,"[276, 90, 14, 0]",22,lib/tests/core/fact.zy,jobs
debug,1,262419,343,16,5398545,False,"[276, 90, 14, 0]",23,lib/tests/core/fact.zy,recursive
debug,1,251416,343,16,5029209,False,"[276, 90, 14, 0]",23,lib/tests/core/fact.zy,original
debug,1,249791,343,16,4967626,False,"[276, 90, 14, 0]",23,lib/tests/core/fact.zy,jobs
debug,1,252083,343,16,5416331,False,"[276, 90, 14, 0]",23,lib/tests/core/fact.zy,explicit
debug,1,254666,343,16,5091335,False,"[276, 90, 14, 0]",24,lib/tests/core/fact.zy,original
debug,1,255792,343,16,4954249,False,"[276, 90, 14, 0]",24,lib/tests/core/fact.zy,jobs
debug,1,251333,343,16,5553543,False,"[276, 90, 14, 0]",24,lib/tests/core/fact.zy,explicit
debug,1,247917,343,16,5322041,False,"[276, 90, 14, 0]",24,lib/tests/core/fact.zy,recursive
debug,1,249792,343,16,4885247,False,"[276, 90, 14, 0]",25,lib/tests/core/fact.zy,jobs
debug,1,258126,343,16,5634000,False,"[276, 90, 14, 0]",25,lib/tests/core/fact.zy,explicit
debug,1,257211,343,16,5496710,False,"[276, 90, 14, 0]",25,lib/tests/core/fact.zy,recursive
debug,1,254294,343,16,5029708,False,"[276, 90, 14, 0]",25,lib/tests/core/fact.zy,original
debug,1,268791,343,16,5420210,False,"[276, 90, 14, 0]",26,lib/tests/core/fact.zy,explicit
debug,1,259128,343,16,5350416,False,"[276, 90, 14, 0]",26,lib/tests/core/fact.zy,recursive
debug,1,248250,343,16,4942709,False,"[276, 90, 14, 0]",26,lib/tests/core/fact.zy,original
debug,1,284961,343,16,5074792,False,"[276, 90, 14, 0]",26,lib/tests/core/fact.zy,jobs
debug,1,261251,343,16,5345459,False,"[276, 90, 14, 0]",27,lib/tests/core/fact.zy,recursive
debug,1,251208,343,16,5041830,False,"[276, 90, 14, 0]",27,lib/tests/core/fact.zy,original
debug,1,255253,343,16,4950792,False,"[276, 90, 14, 0]",27,lib/tests/core/fact.zy,jobs
debug,1,272625,343,16,5512502,False,"[276, 90, 14, 0]",27,lib/tests/core/fact.zy,explicit
debug,1,260793,343,16,5121458,False,"[276, 90, 14, 0]",28,lib/tests/core/fact.zy,original
debug,1,259501,343,16,5035167,False,"[276, 90, 14, 0]",28,lib/tests/core/fact.zy,jobs
debug,1,252749,343,16,5429497,False,"[276, 90, 14, 0]",28,lib/tests/core/fact.zy,explicit
debug,1,249292,343,16,5217249,False,"[276, 90, 14, 0]",28,lib/tests/core/fact.zy,recursive
debug,1,266916,343,16,5003669,False,"[276, 90, 14, 0]",29,lib/tests/core/fact.zy,jobs
debug,1,249499,343,16,5400043,False,"[276, 90, 14, 0]",29,lib/tests/core/fact.zy,explicit
debug,1,247958,343,16,5298123,False,"[276, 90, 14, 0]",29,lib/tests/core/fact.zy,recursive
debug,1,249999,343,16,5092456,False,"[276, 90, 14, 0]",29,lib/tests/core/fact.zy,original
debug,1,246793,343,16,5417376,False,"[276, 90, 14, 0]",30,lib/tests/core/fact.zy,explicit
debug,1,260875,343,16,5361333,False,"[276, 90, 14, 0]",30,lib/tests/core/fact.zy,recursive
debug,1,248998,343,16,4981419,False,"[276, 90, 14, 0]",30,lib/tests/core/fact.zy,original
debug,1,251459,343,16,4936249,False,"[276, 90, 14, 0]",30,lib/tests/core/fact.zy,jobs
debug,1,253585,343,16,5380961,False,"[276, 90, 14, 0]",31,lib/tests/core/fact.zy,recursive
debug,1,253040,343,16,5029916,False,"[276, 90, 14, 0]",31,lib/tests/core/fact.zy,original
debug,1,245123,343,16,4895336,False,"[276, 90, 14, 0]",31,lib/tests/core/fact.zy,jobs
debug,1,248252,343,16,5422708,False,"[276, 90, 14, 0]",31,lib/tests/core/fact.zy,explicit
debug,1,270582,343,16,4939333,True,"[265, 89, 14, 13]",0,lib/tests/core/fact.zy,original
debug,1,269374,343,16,4906334,True,"[265, 89, 14, 13]",0,lib/tests/core/fact.zy,jobs
debug,1,266375,343,16,5285334,True,"[265, 89, 14, 13]",0,lib/tests/core/fact.zy,explicit
debug,1,263334,343,16,5240084,True,"[265, 89, 14, 13]",0,lib/tests/core/fact.zy,recursive
debug,1,262540,343,16,4824000,True,"[265, 89, 14, 13]",1,lib/tests/core/fact.zy,jobs
debug,1,257373,343,16,5312499,True,"[265, 89, 14, 13]",1,lib/tests/core/fact.zy,explicit
debug,1,257208,343,16,5123544,True,"[265, 89, 14, 13]",1,lib/tests/core/fact.zy,recursive
debug,1,257500,343,16,4984959,True,"[265, 89, 14, 13]",1,lib/tests/core/fact.zy,original
debug,1,251750,343,16,5260249,True,"[265, 89, 14, 13]",2,lib/tests/core/fact.zy,explicit
debug,1,260332,343,16,5172667,True,"[265, 89, 14, 13]",2,lib/tests/core/fact.zy,recursive
debug,1,262877,343,16,4961458,True,"[265, 89, 14, 13]",2,lib/tests/core/fact.zy,original
debug,1,267248,343,16,4810499,True,"[265, 89, 14, 13]",2,lib/tests/core/fact.zy,jobs
debug,1,273999,343,16,5171707,True,"[265, 89, 14, 13]",3,lib/tests/core/fact.zy,recursive
debug,1,252544,343,16,4957416,True,"[265, 89, 14, 13]",3,lib/tests/core/fact.zy,original
debug,1,250832,343,16,4767210,True,"[265, 89, 14, 13]",3,lib/tests/core/fact.zy,jobs
debug,1,258252,343,16,5299459,True,"[265, 89, 14, 13]",3,lib/tests/core/fact.zy,explicit
debug,1,261669,343,16,5007335,True,"[265, 89, 14, 13]",4,lib/tests/core/fact.zy,original
debug,1,252999,343,16,4805166,True,"[265, 89, 14, 13]",4,lib/tests/core/fact.zy,jobs
debug,1,258500,343,16,5262375,True,"[265, 89, 14, 13]",4,lib/tests/core/fact.zy,explicit
debug,1,253169,343,16,5129874,True,"[265, 89, 14, 13]",4,lib/tests/core/fact.zy,recursive
debug,1,269419,343,16,4760454,True,"[265, 89, 14, 13]",5,lib/tests/core/fact.zy,jobs
debug,1,261793,343,16,5313208,True,"[265, 89, 14, 13]",5,lib/tests/core/fact.zy,explicit
debug,1,257084,343,16,5080833,True,"[265, 89, 14, 13]",5,lib/tests/core/fact.zy,recursive
debug,1,272248,343,16,4949166,True,"[265, 89, 14, 13]",5,lib/tests/core/fact.zy,original
debug,1,262877,343,16,5315747,True,"[265, 89, 14, 13]",6,lib/tests/core/fact.zy,explicit
debug,1,255290,343,16,5111955,True,"[265, 89, 14, 13]",6,lib/tests/core/fact.zy,recursive
debug,1,253041,343,16,4951917,True,"[265, 89, 14, 13]",6,lib/tests/core/fact.zy,original
debug,1,264834,343,16,4972000,True,"[265, 89, 14, 13]",6,lib/tests/core/fact.zy,jobs
debug,1,252124,343,16,5167459,True,"[265, 89, 14, 13]",7,lib/tests/core/fact.zy,recursive
debug,1,250084,343,16,4907584,True,"[265, 89, 14, 13]",7,lib/tests/core/fact.zy,original
debug,1,259835,343,16,4823459,True,"[265, 89, 14, 13]",7,lib/tests/core/fact.zy,jobs
debug,1,257456,343,16,5326167,True,"[265, 89, 14, 13]",7,lib/tests/core/fact.zy,explicit
debug,1,252625,343,16,4952167,True,"[265, 89, 14, 13]",8,lib/tests/core/fact.zy,original
debug,1,254085,343,16,4930708,True,"[265, 89, 14, 13]",8,lib/tests/core/fact.zy,jobs
debug,1,265210,343,16,5422336,True,"[265, 89, 14, 13]",8,lib/tests/core/fact.zy,explicit
debug,1,267002,343,16,5226125,True,"[265, 89, 14, 13]",8,lib/tests/core/fact.zy,recursive
debug,1,282874,343,16,4854206,True,"[265, 89, 14, 13]",9,lib/tests/core/fact.zy,jobs
debug,1,250001,343,16,5355503,True,"[265, 89, 14, 13]",9,lib/tests/core/fact.zy,explicit
debug,1,262665,343,16,5232086,True,"[265, 89, 14, 13]",9,lib/tests/core/fact.zy,recursive
debug,1,253670,343,16,4946582,True,"[265, 89, 14, 13]",9,lib/tests/core/fact.zy,original
debug,1,254376,343,16,5446500,True,"[265, 89, 14, 13]",10,lib/tests/core/fact.zy,explicit
debug,1,254708,343,16,5187877,True,"[265, 89, 14, 13]",10,lib/tests/core/fact.zy,recursive
debug,1,250541,343,16,4946749,True,"[265, 89, 14, 13]",10,lib/tests/core/fact.zy,original
debug,1,254582,343,16,4848582,True,"[265, 89, 14, 13]",10,lib/tests/core/fact.zy,jobs
debug,1,255958,343,16,5185960,True,"[265, 89, 14, 13]",11,lib/tests/core/fact.zy,recursive
debug,1,254664,343,16,4919419,True,"[265, 89, 14, 13]",11,lib/tests/core/fact.zy,original
debug,1,276583,343,16,4864876,True,"[265, 89, 14, 13]",11,lib/tests/core/fact.zy,jobs
debug,1,273166,343,16,5374963,True,"[265, 89, 14, 13]",11,lib/tests/core/fact.zy,explicit
debug,1,254832,343,16,5019585,True,"[265, 89, 14, 13]",12,lib/tests/core/fact.zy,original
debug,1,257374,343,16,4878083,True,"[265, 89, 14, 13]",12,lib/tests/core/fact.zy,jobs
debug,1,269833,343,16,5299335,True,"[265, 89, 14, 13]",12,lib/tests/core/fact.zy,explicit
debug,1,254166,343,16,5180251,True,"[265, 89, 14, 13]",12,lib/tests/core/fact.zy,recursive
debug,1,257915,343,16,4880583,True,"[265, 89, 14, 13]",13,lib/tests/core/fact.zy,jobs
debug,1,260793,343,16,5322625,True,"[265, 89, 14, 13]",13,lib/tests/core/fact.zy,explicit
debug,1,269545,343,16,5194832,True,"[265, 89, 14, 13]",13,lib/tests/core/fact.zy,recursive
debug,1,252584,343,16,4879499,True,"[265, 89, 14, 13]",13,lib/tests/core/fact.zy,original
debug,1,251000,343,16,5332336,True,"[265, 89, 14, 13]",14,lib/tests/core/fact.zy,explicit
debug,1,271002,343,16,5266958,True,"[265, 89, 14, 13]",14,lib/tests/core/fact.zy,recursive
debug,1,299834,343,16,5025665,True,"[265, 89, 14, 13]",14,lib/tests/core/fact.zy,original
debug,1,254248,343,16,4900333,True,"[265, 89, 14, 13]",14,lib/tests/core/fact.zy,jobs
debug,1,254751,343,16,5251791,True,"[265, 89, 14, 13]",15,lib/tests/core/fact.zy,recursive
debug,1,254875,343,16,4966043,True,"[265, 89, 14, 13]",15,lib/tests/core/fact.zy,original
debug,1,253961,343,16,4959126,True,"[265, 89, 14, 13]",15,lib/tests/core/fact.zy,jobs
debug,1,272749,343,16,5635708,True,"[265, 89, 14, 13]",15,lib/tests/core/fact.zy,explicit
debug,1,259084,343,16,4922125,True,"[265, 89, 14, 13]",16,lib/tests/core/fact.zy,original
debug,1,254041,343,16,4841834,True,"[265, 89, 14, 13]",16,lib/tests/core/fact.zy,jobs
debug,1,253207,343,16,5318627,True,"[265, 89, 14, 13]",16,lib/tests/core/fact.zy,explicit
debug,1,258457,343,16,5213287,True,"[265, 89, 14, 13]",16,lib/tests/core/fact.zy,recursive
debug,1,263918,343,16,4837377,True,"[265, 89, 14, 13]",17,lib/tests/core/fact.zy,jobs
debug,1,260458,343,16,5330414,True,"[265, 89, 14, 13]",17,lib/tests/core/fact.zy,explicit
debug,1,255876,343,16,5282083,True,"[265, 89, 14, 13]",17,lib/tests/core/fact.zy,recursive
debug,1,273038,343,16,5090043,True,"[265, 89, 14, 13]",17,lib/tests/core/fact.zy,original
debug,1,255460,343,16,5321668,True,"[265, 89, 14, 13]",18,lib/tests/core/fact.zy,explicit
debug,1,252460,343,16,5202253,True,"[265, 89, 14, 13]",18,lib/tests/core/fact.zy,recursive
debug,1,256247,343,16,4937460,True,"[265, 89, 14, 13]",18,lib/tests/core/fact.zy,original
debug,1,264958,343,16,4889915,True,"[265, 89, 14, 13]",18,lib/tests/core/fact.zy,jobs
debug,1,253378,343,16,5160167,True,"[265, 89, 14, 13]",19,lib/tests/core/fact.zy,recursive
debug,1,260748,343,16,5106334,True,"[265, 89, 14, 13]",19,lib/tests/core/fact.zy,original
debug,1,254872,343,16,4800544,True,"[265, 89, 14, 13]",19,lib/tests/core/fact.zy,jobs
debug,1,267124,343,16,5416293,True,"[265, 89, 14, 13]",19,lib/tests/core/fact.zy,explicit
debug,1,261708,343,16,4974709,True,"[265, 89, 14, 13]",20,lib/tests/core/fact.zy,original
debug,1,257500,343,16,4996165,True,"[265, 89, 14, 13]",20,lib/tests/core/fact.zy,jobs
debug,1,250543,343,16,5344084,True,"[265, 89, 14, 13]",20,lib/tests/core/fact.zy,explicit
debug,1,253413,343,16,5226127,True,"[265, 89, 14, 13]",20,lib/tests/core/fact.zy,recursive
debug,1,263500,343,16,4982041,True,"[265, 89, 14, 13]",21,lib/tests/core/fact.zy,jobs
debug,1,270584,343,16,5395378,True,"[265, 89, 14, 13]",21,lib/tests/core/fact.zy,explicit
debug,1,266375,343,16,5283626,True,"[265, 89, 14, 13]",21,lib/tests/core/fact.zy,recursive
debug,1,259625,343,16,4936125,True,"[265, 89, 14, 13]",21,lib/tests/core/fact.zy,original
debug,1,263292,343,16,5504502,True,"[265, 89, 14, 13]",22,lib/tests/core/fact.zy,explicit
debug,1,251666,343,16,5164540,True,"[265, 89, 14, 13]",22,lib/tests/core/fact.zy,recursive
debug,1,256832,343,16,4942209,True,"[265, 89, 14, 13]",22,lib/tests/core/fact.zy,original
debug,1,258957,343,16,4862541,True,"[265, 89, 14, 13]",22,lib/tests/core/fact.zy,jobs
debug,1,254832,343,16,5164207,True,"[265, 89, 14, 13]",23,lib/tests/core/fact.zy,recursive
debug,1,251001,343,16,4991169,True,"[265, 89, 14, 13]",23,lib/tests/core/fact.zy,original
debug,1,249542,343,16,4769416,True,"[265, 89, 14, 13]",23,lib/tests/core/fact.zy,jobs
debug,1,265293,343,16,5341374,True,"[265, 89, 14, 13]",23,lib/tests/core/fact.zy,explicit
debug,1,259582,343,16,4965291,True,"[265, 89, 14, 13]",24,lib/tests/core/fact.zy,original
debug,1,263749,343,16,4976875,True,"[265, 89, 14, 13]",24,lib/tests/core/fact.zy,jobs
debug,1,254044,343,16,5270542,True,"[265, 89, 14, 13]",24,lib/tests/core/fact.zy,explicit
debug,1,251623,343,16,5289959,True,"[265, 89, 14, 13]",24,lib/tests/core/fact.zy,recursive
debug,1,253912,343,16,4841417,True,"[265, 89, 14, 13]",25,lib/tests/core/fact.zy,jobs
debug,1,264666,343,16,5357084,True,"[265, 89, 14, 13]",25,lib/tests/core/fact.zy,explicit
debug,1,250456,343,16,5163585,True,"[265, 89, 14, 13]",25,lib/tests/core/fact.zy,recursive
debug,1,263664,343,16,5010831,True,"[265, 89, 14, 13]",25,lib/tests/core/fact.zy,original
debug,1,253125,343,16,5343250,True,"[265, 89, 14, 13]",26,lib/tests/core/fact.zy,explicit
debug,1,250335,343,16,5101873,True,"[265, 89, 14, 13]",26,lib/tests/core/fact.zy,recursive
debug,1,256666,343,16,5004249,True,"[265, 89, 14, 13]",26,lib/tests/core/fact.zy,original
debug,1,259254,343,16,4805750,True,"[265, 89, 14, 13]",26,lib/tests/core/fact.zy,jobs
debug,1,270003,343,16,5294917,True,"[265, 89, 14, 13]",27,lib/tests/core/fact.zy,recursive
debug,1,252960,343,16,4951583,True,"[265, 89, 14, 13]",27,lib/tests/core/fact.zy,original
debug,1,255835,343,16,4870500,True,"[265, 89, 14, 13]",27,lib/tests/core/fact.zy,jobs
debug,1,256959,343,16,5288751,True,"[265, 89, 14, 13]",27,lib/tests/core/fact.zy,explicit
debug,1,255663,343,16,5018250,True,"[265, 89, 14, 13]",28,lib/tests/core/fact.zy,original
debug,1,259543,343,16,4831250,True,"[265, 89, 14, 13]",28,lib/tests/core/fact.zy,jobs
debug,1,270959,343,16,5324502,True,"[265, 89, 14, 13]",28,lib/tests/core/fact.zy,explicit
debug,1,255334,343,16,5202917,True,"[265, 89, 14, 13]",28,lib/tests/core/fact.zy,recursive
debug,1,253666,343,16,4833083,True,"[265, 89, 14, 13]",29,lib/tests/core/fact.zy,jobs
debug,1,264128,343,16,5181668,True,"[265, 89, 14, 13]",29,lib/tests/core/fact.zy,explicit
debug,1,257791,343,16,5279626,True,"[265, 89, 14, 13]",29,lib/tests/core/fact.zy,recursive
debug,1,264664,343,16,5029624,True,"[265, 89, 14, 13]",29,lib/tests/core/fact.zy,original
debug,1,256957,343,16,5369082,True,"[265, 89, 14, 13]",30,lib/tests/core/fact.zy,explicit
debug,1,247248,343,16,5161544,True,"[265, 89, 14, 13]",30,lib/tests/core/fact.zy,recursive
debug,1,257083,343,16,4837751,True,"[265, 89, 14, 13]",30,lib/tests/core/fact.zy,original
debug,1,265622,343,16,4937000,True,"[265, 89, 14, 13]",30,lib/tests/core/fact.zy,jobs
debug,1,254084,343,16,5227585,True,"[265, 89, 14, 13]",31,lib/tests/core/fact.zy,recursive
debug,1,250666,343,16,4890832,True,"[265, 89, 14, 13]",31,lib/tests/core/fact.zy,original
debug,1,253458,343,16,4844166,True,"[265, 89, 14, 13]",31,lib/tests/core/fact.zy,jobs
debug,1,255457,343,16,5319288,True,"[265, 89, 14, 13]",31,lib/tests/core/fact.zy,explicit
debug,1,233627,4,1024,1323586,False,"[2, 0, 0, 0]",0,lib/tests/core/pattern-alias.zy,original
debug,1,227332,4,1024,1323491,False,"[2, 0, 0, 0]",0,lib/tests/core/pattern-alias.zy,jobs
debug,1,239589,4,1024,1616636,False,"[2, 0, 0, 0]",0,lib/tests/core/pattern-alias.zy,explicit
debug,1,226001,4,1024,1495522,False,"[2, 0, 0, 0]",0,lib/tests/core/pattern-alias.zy,recursive
debug,1,234460,4,1024,1327942,False,"[2, 0, 0, 0]",1,lib/tests/core/pattern-alias.zy,jobs
debug,1,241330,4,1024,1605275,False,"[2, 0, 0, 0]",1,lib/tests/core/pattern-alias.zy,explicit
debug,1,232998,4,1024,1523490,False,"[2, 0, 0, 0]",1,lib/tests/core/pattern-alias.zy,recursive
debug,1,228756,4,1024,1293209,False,"[2, 0, 0, 0]",1,lib/tests/core/pattern-alias.zy,original
debug,1,239215,4,1024,1611414,False,"[2, 0, 0, 0]",2,lib/tests/core/pattern-alias.zy,explicit
debug,1,249027,4,1024,1501452,False,"[2, 0, 0, 0]",2,lib/tests/core/pattern-alias.zy,recursive
debug,1,238838,4,1024,1374029,False,"[2, 0, 0, 0]",2,lib/tests/core/pattern-alias.zy,original
debug,1,248077,4,1024,1350986,False,"[2, 0, 0, 0]",2,lib/tests/core/pattern-alias.zy,jobs
debug,1,250366,4,1024,1599684,False,"[2, 0, 0, 0]",3,lib/tests/core/pattern-alias.zy,recursive
debug,1,241203,4,1024,1374343,False,"[2, 0, 0, 0]",3,lib/tests/core/pattern-alias.zy,original
debug,1,231368,4,1024,1315000,False,"[2, 0, 0, 0]",3,lib/tests/core/pattern-alias.zy,jobs
debug,1,238531,4,1024,1637197,False,"[2, 0, 0, 0]",3,lib/tests/core/pattern-alias.zy,explicit
debug,1,235847,4,1024,1372988,False,"[2, 0, 0, 0]",4,lib/tests/core/pattern-alias.zy,original
debug,1,230231,4,1024,1319109,False,"[2, 0, 0, 0]",4,lib/tests/core/pattern-alias.zy,jobs
debug,1,230766,4,1024,1572445,False,"[2, 0, 0, 0]",4,lib/tests/core/pattern-alias.zy,explicit
debug,1,254438,4,1024,1548655,False,"[2, 0, 0, 0]",4,lib/tests/core/pattern-alias.zy,recursive
debug,1,224631,4,1024,1297863,False,"[2, 0, 0, 0]",5,lib/tests/core/pattern-alias.zy,jobs
debug,1,228713,4,1024,1553078,False,"[2, 0, 0, 0]",5,lib/tests/core/pattern-alias.zy,explicit
debug,1,236499,4,1024,1565940,False,"[2, 0, 0, 0]",5,lib/tests/core/pattern-alias.zy,recursive
debug,1,227710,4,1024,1323203,False,"[2, 0, 0, 0]",5,lib/tests/core/pattern-alias.zy,original
debug,1,235678,4,1024,1628547,False,"[2, 0, 0, 0]",6,lib/tests/core/pattern-alias.zy,explicit
debug,1,233163,4,1024,1524699,False,"[2, 0, 0, 0]",6,lib/tests/core/pattern-alias.zy,recursive
debug,1,229872,4,1024,1327087,False,"[2, 0, 0, 0]",6,lib/tests/core/pattern-alias.zy,original
debug,1,233938,4,1024,1330657,False,"[2, 0, 0, 0]",6,lib/tests/core/pattern-alias.zy,jobs
debug,1,233267,4,1024,1531863,False,"[2, 0, 0, 0]",7,lib/tests/core/pattern-alias.zy,recursive
debug,1,229583,4,1024,1366248,False,"[2, 0, 0, 0]",7,lib/tests/core/pattern-alias.zy,original
debug,1,238127,4,1024,1341863,False,"[2, 0, 0, 0]",7,lib/tests/core/pattern-alias.zy,jobs
debug,1,230548,4,1024,1562696,False,"[2, 0, 0, 0]",7,lib/tests/core/pattern-alias.zy,explicit
debug,1,229957,4,1024,1347297,False,"[2, 0, 0, 0]",8,lib/tests/core/pattern-alias.zy,original
debug,1,238241,4,1024,1328778,False,"[2, 0, 0, 0]",8,lib/tests/core/pattern-alias.zy,jobs
debug,1,230555,4,1024,1576391,False,"[2, 0, 0, 0]",8,lib/tests/core/pattern-alias.zy,explicit
debug,1,228773,4,1024,1517214,False,"[2, 0, 0, 0]",8,lib/tests/core/pattern-alias.zy,recursive
debug,1,232830,4,1024,1342676,False,"[2, 0, 0, 0]",9,lib/tests/core/pattern-alias.zy,jobs
debug,1,230883,4,1024,1577198,False,"[2, 0, 0, 0]",9,lib/tests/core/pattern-alias.zy,explicit
debug,1,231684,4,1024,1555745,False,"[2, 0, 0, 0]",9,lib/tests/core/pattern-alias.zy,recursive
debug,1,248048,4,1024,1384252,False,"[2, 0, 0, 0]",9,lib/tests/core/pattern-alias.zy,original
debug,1,224784,4,1024,1558198,False,"[2, 0, 0, 0]",10,lib/tests/core/pattern-alias.zy,explicit
debug,1,233875,4,1024,1552587,False,"[2, 0, 0, 0]",10,lib/tests/core/pattern-alias.zy,recursive
debug,1,232293,4,1024,1341670,False,"[2, 0, 0, 0]",10,lib/tests/core/pattern-alias.zy,original
debug,1,233926,4,1024,1309175,False,"[2, 0, 0, 0]",10,lib/tests/core/pattern-alias.zy,jobs
debug,1,275050,4,1024,1563871,False,"[2, 0, 0, 0]",11,lib/tests/core/pattern-alias.zy,recursive
debug,1,223827,4,1024,1310659,False,"[2, 0, 0, 0]",11,lib/tests/core/pattern-alias.zy,original
debug,1,228564,4,1024,1326124,False,"[2, 0, 0, 0]",11,lib/tests/core/pattern-alias.zy,jobs
debug,1,237276,4,1024,1610507,False,"[2, 0, 0, 0]",11,lib/tests/core/pattern-alias.zy,explicit
debug,1,238668,4,1024,1374743,False,"[2, 0, 0, 0]",12,lib/tests/core/pattern-alias.zy,original
debug,1,232888,4,1024,1321088,False,"[2, 0, 0, 0]",12,lib/tests/core/pattern-alias.zy,jobs
debug,1,240292,4,1024,1652071,False,"[2, 0, 0, 0]",12,lib/tests/core/pattern-alias.zy,explicit
debug,1,228700,4,1024,1531292,False,"[2, 0, 0, 0]",12,lib/tests/core/pattern-alias.zy,recursive
debug,1,262845,4,1024,1459390,False,"[2, 0, 0, 0]",13,lib/tests/core/pattern-alias.zy,jobs
debug,1,240380,4,1024,1587172,False,"[2, 0, 0, 0]",13,lib/tests/core/pattern-alias.zy,explicit
debug,1,229176,4,1024,1503393,False,"[2, 0, 0, 0]",13,lib/tests/core/pattern-alias.zy,recursive
debug,1,235834,4,1024,1372572,False,"[2, 0, 0, 0]",13,lib/tests/core/pattern-alias.zy,original
debug,1,230538,4,1024,1569204,False,"[2, 0, 0, 0]",14,lib/tests/core/pattern-alias.zy,explicit
debug,1,226679,4,1024,1514135,False,"[2, 0, 0, 0]",14,lib/tests/core/pattern-alias.zy,recursive
debug,1,246758,4,1024,1391123,False,"[2, 0, 0, 0]",14,lib/tests/core/pattern-alias.zy,original
debug,1,230036,4,1024,1320696,False,"[2, 0, 0, 0]",14,lib/tests/core/pattern-alias.zy,jobs
debug,1,229245,4,1024,1520234,False,"[2, 0, 0, 0]",15,lib/tests/core/pattern-alias.zy,recursive
debug,1,237952,4,1024,1348261,False,"[2, 0, 0, 0]",15,lib/tests/core/pattern-alias.zy,original
debug,1,229289,4,1024,1307542,False,"[2, 0, 0, 0]",15,lib/tests/core/pattern-alias.zy,jobs
debug,1,230794,4,1024,1590427,False,"[2, 0, 0, 0]",15,lib/tests/core/pattern-alias.zy,explicit
debug,1,250921,4,1024,1429337,False,"[2, 0, 0, 0]",16,lib/tests/core/pattern-alias.zy,original
debug,1,244339,4,1024,1384314,False,"[2, 0, 0, 0]",16,lib/tests/core/pattern-alias.zy,jobs
debug,1,245208,4,1024,1636070,False,"[2, 0, 0, 0]",16,lib/tests/core/pattern-alias.zy,explicit
debug,1,236806,4,1024,1551562,False,"[2, 0, 0, 0]",16,lib/tests/core/pattern-alias.zy,recursive
debug,1,242719,4,1024,1404924,False,"[2, 0, 0, 0]",17,lib/tests/core/pattern-alias.zy,jobs
debug,1,237096,4,1024,1631618,False,"[2, 0, 0, 0]",17,lib/tests/core/pattern-alias.zy,explicit
debug,1,231488,4,1024,1507605,False,"[2, 0, 0, 0]",17,lib/tests/core/pattern-alias.zy,recursive
debug,1,234263,4,1024,1380678,False,"[2, 0, 0, 0]",17,lib/tests/core/pattern-alias.zy,original
debug,1,240998,4,1024,1667134,False,"[2, 0, 0, 0]",18,lib/tests/core/pattern-alias.zy,explicit
debug,1,229232,4,1024,1556869,False,"[2, 0, 0, 0]",18,lib/tests/core/pattern-alias.zy,recursive
debug,1,241192,4,1024,1367708,False,"[2, 0, 0, 0]",18,lib/tests/core/pattern-alias.zy,original
debug,1,234156,4,1024,1344306,False,"[2, 0, 0, 0]",18,lib/tests/core/pattern-alias.zy,jobs
debug,1,229889,4,1024,1512352,False,"[2, 0, 0, 0]",19,lib/tests/core/pattern-alias.zy,recursive
debug,1,237788,4,1024,1358780,False,"[2, 0, 0, 0]",19,lib/tests/core/pattern-alias.zy,original
debug,1,232356,4,1024,1315792,False,"[2, 0, 0, 0]",19,lib/tests/core/pattern-alias.zy,jobs
debug,1,230834,4,1024,1593099,False,"[2, 0, 0, 0]",19,lib/tests/core/pattern-alias.zy,explicit
debug,1,242075,4,1024,1409549,False,"[2, 0, 0, 0]",20,lib/tests/core/pattern-alias.zy,original
debug,1,231569,4,1024,1317955,False,"[2, 0, 0, 0]",20,lib/tests/core/pattern-alias.zy,jobs
debug,1,229758,4,1024,1580379,False,"[2, 0, 0, 0]",20,lib/tests/core/pattern-alias.zy,explicit
debug,1,251464,4,1024,1608379,False,"[2, 0, 0, 0]",20,lib/tests/core/pattern-alias.zy,recursive
debug,1,235215,4,1024,1350222,False,"[2, 0, 0, 0]",21,lib/tests/core/pattern-alias.zy,jobs
debug,1,244126,4,1024,1596712,False,"[2, 0, 0, 0]",21,lib/tests/core/pattern-alias.zy,explicit
debug,1,232923,4,1024,1535464,False,"[2, 0, 0, 0]",21,lib/tests/core/pattern-alias.zy,recursive
debug,1,237252,4,1024,1317548,False,"[2, 0, 0, 0]",21,lib/tests/core/pattern-alias.zy,original
debug,1,240290,4,1024,1636251,False,"[2, 0, 0, 0]",22,lib/tests/core/pattern-alias.zy,explicit
debug,1,233695,4,1024,1510940,False,"[2, 0, 0, 0]",22,lib/tests/core/pattern-alias.zy,recursive
debug,1,226377,4,1024,1304919,False,"[2, 0, 0, 0]",22,lib/tests/core/pattern-alias.zy,original
debug,1,240219,4,1024,1363582,False,"[2, 0, 0, 0]",22,lib/tests/core/pattern-alias.zy,jobs
debug,1,232315,4,1024,1501584,False,"[2, 0, 0, 0]",23,lib/tests/core/pattern-alias.zy,recursive
debug,1,237206,4,1024,1325297,False,"[2, 0, 0, 0]",23,lib/tests/core/pattern-alias.zy,original
debug,1,240667,4,1024,1388049,False,"[2, 0, 0, 0]",23,lib/tests/core/pattern-alias.zy,jobs
debug,1,226752,4,1024,1532592,False,"[2, 0, 0, 0]",23,lib/tests/core/pattern-alias.zy,explicit
debug,1,227063,4,1024,1362924,False,"[2, 0, 0, 0]",24,lib/tests/core/pattern-alias.zy,original
debug,1,236161,4,1024,1349826,False,"[2, 0, 0, 0]",24,lib/tests/core/pattern-alias.zy,jobs
debug,1,241318,4,1024,1657521,False,"[2, 0, 0, 0]",24,lib/tests/core/pattern-alias.zy,explicit
debug,1,244003,4,1024,1586953,False,"[2, 0, 0, 0]",24,lib/tests/core/pattern-alias.zy,recursive
debug,1,241182,4,1024,1372313,False,"[2, 0, 0, 0]",25,lib/tests/core/pattern-alias.zy,jobs
debug,1,245878,4,1024,1717888,False,"[2, 0, 0, 0]",25,lib/tests/core/pattern-alias.zy,explicit
debug,1,242321,4,1024,1577341,False,"[2, 0, 0, 0]",25,lib/tests/core/pattern-alias.zy,recursive
debug,1,250486,4,1024,1425776,False,"[2, 0, 0, 0]",25,lib/tests/core/pattern-alias.zy,original
debug,1,250250,4,1024,1656561,False,"[2, 0, 0, 0]",26,lib/tests/core/pattern-alias.zy,explicit
debug,1,245876,4,1024,1613867,False,"[2, 0, 0, 0]",26,lib/tests/core/pattern-alias.zy,recursive
debug,1,228025,4,1024,1336917,False,"[2, 0, 0, 0]",26,lib/tests/core/pattern-alias.zy,original
debug,1,231464,4,1024,1342381,False,"[2, 0, 0, 0]",26,lib/tests/core/pattern-alias.zy,jobs
debug,1,252154,4,1024,1604767,False,"[2, 0, 0, 0]",27,lib/tests/core/pattern-alias.zy,recursive
debug,1,247067,4,1024,1428909,False,"[2, 0, 0, 0]",27,lib/tests/core/pattern-alias.zy,original
debug,1,242347,4,1024,1394191,False,"[2, 0, 0, 0]",27,lib/tests/core/pattern-alias.zy,jobs
debug,1,240224,4,1024,1602435,False,"[2, 0, 0, 0]",27,lib/tests/core/pattern-alias.zy,explicit
debug,1,234962,4,1024,1351278,False,"[2, 0, 0, 0]",28,lib/tests/core/pattern-alias.zy,original
debug,1,242833,4,1024,1364284,False,"[2, 0, 0, 0]",28,lib/tests/core/pattern-alias.zy,jobs
debug,1,239048,4,1024,1613580,False,"[2, 0, 0, 0]",28,lib/tests/core/pattern-alias.zy,explicit
debug,1,240950,4,1024,1608136,False,"[2, 0, 0, 0]",28,lib/tests/core/pattern-alias.zy,recursive
debug,1,231839,4,1024,1328175,False,"[2, 0, 0, 0]",29,lib/tests/core/pattern-alias.zy,jobs
debug,1,241415,4,1024,1635353,False,"[2, 0, 0, 0]",29,lib/tests/core/pattern-alias.zy,explicit
debug,1,244532,4,1024,1628822,False,"[2, 0, 0, 0]",29,lib/tests/core/pattern-alias.zy,recursive
debug,1,239107,4,1024,1334000,False,"[2, 0, 0, 0]",29,lib/tests/core/pattern-alias.zy,original
debug,1,250519,4,1024,1551309,False,"[2, 0, 0, 0]",30,lib/tests/core/pattern-alias.zy,explicit
debug,1,248343,4,1024,1594411,False,"[2, 0, 0, 0]",30,lib/tests/core/pattern-alias.zy,recursive
debug,1,234994,4,1024,1353128,False,"[2, 0, 0, 0]",30,lib/tests/core/pattern-alias.zy,original
debug,1,243331,4,1024,1354877,False,"[2, 0, 0, 0]",30,lib/tests/core/pattern-alias.zy,jobs
debug,1,262223,4,1024,1592228,False,"[2, 0, 0, 0]",31,lib/tests/core/pattern-alias.zy,recursive
debug,1,240752,4,1024,1393042,False,"[2, 0, 0, 0]",31,lib/tests/core/pattern-alias.zy,original
debug,1,238357,4,1024,1334600,False,"[2, 0, 0, 0]",31,lib/tests/core/pattern-alias.zy,jobs
debug,1,240056,4,1024,1607358,False,"[2, 0, 0, 0]",31,lib/tests/core/pattern-alias.zy,explicit
debug,1,339846,4,1024,1478751,True,"[2, 0, 0, 1]",0,lib/tests/core/pattern-alias.zy,original
debug,1,314094,4,1024,1419884,True,"[2, 0, 0, 1]",0,lib/tests/core/pattern-alias.zy,jobs
debug,1,303245,4,1024,1643799,True,"[2, 0, 0, 1]",0,lib/tests/core/pattern-alias.zy,explicit
debug,1,303735,4,1024,1565859,True,"[2, 0, 0, 1]",0,lib/tests/core/pattern-alias.zy,recursive
debug,1,309245,4,1024,1405405,True,"[2, 0, 0, 1]",1,lib/tests/core/pattern-alias.zy,jobs
debug,1,299994,4,1024,1626758,True,"[2, 0, 0, 1]",1,lib/tests/core/pattern-alias.zy,explicit
debug,1,313981,4,1024,1688662,True,"[2, 0, 0, 1]",1,lib/tests/core/pattern-alias.zy,recursive
debug,1,307536,4,1024,1446030,True,"[2, 0, 0, 1]",1,lib/tests/core/pattern-alias.zy,original
debug,1,320718,4,1024,1762526,True,"[2, 0, 0, 1]",2,lib/tests/core/pattern-alias.zy,explicit
debug,1,315274,4,1024,1606544,True,"[2, 0, 0, 1]",2,lib/tests/core/pattern-alias.zy,recursive
debug,1,304091,4,1024,1393776,True,"[2, 0, 0, 1]",2,lib/tests/core/pattern-alias.zy,original
debug,1,306401,4,1024,1405697,True,"[2, 0, 0, 1]",2,lib/tests/core/pattern-alias.zy,jobs
debug,1,310953,4,1024,1620217,True,"[2, 0, 0, 1]",3,lib/tests/core/pattern-alias.zy,recursive
debug,1,323895,4,1024,1506893,True,"[2, 0, 0, 1]",3,lib/tests/core/pattern-alias.zy,original
debug,1,308820,4,1024,1396611,True,"[2, 0, 0, 1]",3,lib/tests/core/pattern-alias.zy,jobs
debug,1,309105,4,1024,1657739,True,"[2, 0, 0, 1]",3,lib/tests/core/pattern-alias.zy,explicit
debug,1,317054,4,1024,1451965,True,"[2, 0, 0, 1]",4,lib/tests/core/pattern-alias.zy,original
debug,1,333087,4,1024,1462029,True,"[2, 0, 0, 1]",4,lib/tests/core/pattern-alias.zy,jobs
debug,1,298958,4,1024,1611695,True,"[2, 0, 0, 1]",4,lib/tests/core/pattern-alias.zy,explicit
debug,1,303712,4,1024,1607028,True,"[2, 0, 0, 1]",4,lib/tests/core/pattern-alias.zy,recursive
debug,1,308466,4,1024,1402790,True,"[2, 0, 0, 1]",5,lib/tests/core/pattern-alias.zy,jobs
debug,1,314840,4,1024,1629161,True,"[2, 0, 0, 1]",5,lib/tests/core/pattern-alias.zy,explicit
debug,1,321286,4,1024,1605170,True,"[2, 0, 0, 1]",5,lib/tests/core/pattern-alias.zy,recursive
debug,1,298927,4,1024,1380125,True,"[2, 0, 0, 1]",5,lib/tests/core/pattern-alias.zy,original
debug,1,299991,4,1024,1659499,True,"[2, 0, 0, 1]",6,lib/tests/core/pattern-alias.zy,explicit
debug,1,303978,4,1024,1603064,True,"[2, 0, 0, 1]",6,lib/tests/core/pattern-alias.zy,recursive
debug,1,293541,4,1024,1389045,True,"[2, 0, 0, 1]",6,lib/tests/core/pattern-alias.zy,original
debug,1,303117,4,1024,1423243,True,"[2, 0, 0, 1]",6,lib/tests/core/pattern-alias.zy,jobs
debug,1,311704,4,1024,1594620,True,"[2, 0, 0, 1]",7,lib/tests/core/pattern-alias.zy,recursive
debug,1,296921,4,1024,1388902,True,"[2, 0, 0, 1]",7,lib/tests/core/pattern-alias.zy,original
debug,1,322005,4,1024,1401109,True,"[2, 0, 0, 1]",7,lib/tests/core/pattern-alias.zy,jobs
debug,1,306075,4,1024,1629507,True,"[2, 0, 0, 1]",7,lib/tests/core/pattern-alias.zy,explicit
debug,1,296546,4,1024,1400196,True,"[2, 0, 0, 1]",8,lib/tests/core/pattern-alias.zy,original
debug,1,323201,4,1024,1451313,True,"[2, 0, 0, 1]",8,lib/tests/core/pattern-alias.zy,jobs
debug,1,297729,4,1024,1600426,True,"[2, 0, 0, 1]",8,lib/tests/core/pattern-alias.zy,explicit
debug,1,308039,4,1024,1623306,True,"[2, 0, 0, 1]",8,lib/tests/core/pattern-alias.zy,recursive
debug,1,303443,4,1024,1365263,True,"[2, 0, 0, 1]",9,lib/tests/core/pattern-alias.zy,jobs
debug,1,298898,4,1024,1642288,True,"[2, 0, 0, 1]",9,lib/tests/core/pattern-alias.zy,explicit
debug,1,312043,4,1024,1625689,True,"[2, 0, 0, 1]",9,lib/tests/core/pattern-alias.zy,recursive
debug,1,303699,4,1024,1403205,True,"[2, 0, 0, 1]",9,lib/tests/core/pattern-alias.zy,original
debug,1,299462,4,1024,1615326,True,"[2, 0, 0, 1]",10,lib/tests/core/pattern-alias.zy,explicit
debug,1,308391,4,1024,1598168,True,"[2, 0, 0, 1]",10,lib/tests/core/pattern-alias.zy,recursive
debug,1,305303,4,1024,1386588,True,"[2, 0, 0, 1]",10,lib/tests/core/pattern-alias.zy,original
debug,1,305171,4,1024,1410142,True,"[2, 0, 0, 1]",10,lib/tests/core/pattern-alias.zy,jobs
debug,1,302808,4,1024,1583035,True,"[2, 0, 0, 1]",11,lib/tests/core/pattern-alias.zy,recursive
debug,1,312504,4,1024,1495496,True,"[2, 0, 0, 1]",11,lib/tests/core/pattern-alias.zy,original
debug,1,320505,4,1024,1434748,True,"[2, 0, 0, 1]",11,lib/tests/core/pattern-alias.zy,jobs
debug,1,300458,4,1024,1606887,True,"[2, 0, 0, 1]",11,lib/tests/core/pattern-alias.zy,explicit
debug,1,296725,4,1024,1388865,True,"[2, 0, 0, 1]",12,lib/tests/core/pattern-alias.zy,original
debug,1,323925,4,1024,1465766,True,"[2, 0, 0, 1]",12,lib/tests/core/pattern-alias.zy,jobs
debug,1,303170,4,1024,1638942,True,"[2, 0, 0, 1]",12,lib/tests/core/pattern-alias.zy,explicit
debug,1,345274,4,1024,1614981,True,"[2, 0, 0, 1]",12,lib/tests/core/pattern-alias.zy,recursive
debug,1,308665,4,1024,1420958,True,"[2, 0, 0, 1]",13,lib/tests/core/pattern-alias.zy,jobs
debug,1,298462,4,1024,1606372,True,"[2, 0, 0, 1]",13,lib/tests/core/pattern-alias.zy,explicit
debug,1,305384,4,1024,1592205,True,"[2, 0, 0, 1]",13,lib/tests/core/pattern-alias.zy,recursive
debug,1,298150,4,1024,1382541,True,"[2, 0, 0, 1]",13,lib/tests/core/pattern-alias.zy,original
debug,1,300300,4,1024,1646097,True,"[2, 0, 0, 1]",14,lib/tests/core/pattern-alias.zy,explicit
debug,1,300689,4,1024,1593469,True,"[2, 0, 0, 1]",14,lib/tests/core/pattern-alias.zy,recursive
debug,1,304548,4,1024,1415998,True,"[2, 0, 0, 1]",14,lib/tests/core/pattern-alias.zy,original
debug,1,305419,4,1024,1397381,True,"[2, 0, 0, 1]",14,lib/tests/core/pattern-alias.zy,jobs
debug,1,311067,4,1024,1654626,True,"[2, 0, 0, 1]",15,lib/tests/core/pattern-alias.zy,recursive
debug,1,305177,4,1024,1408791,True,"[2, 0, 0, 1]",15,lib/tests/core/pattern-alias.zy,original
debug,1,315837,4,1024,1456669,True,"[2, 0, 0, 1]",15,lib/tests/core/pattern-alias.zy,jobs
debug,1,315087,4,1024,1712968,True,"[2, 0, 0, 1]",15,lib/tests/core/pattern-alias.zy,explicit
debug,1,309161,4,1024,1466115,True,"[2, 0, 0, 1]",16,lib/tests/core/pattern-alias.zy,original
debug,1,305143,4,1024,1438207,True,"[2, 0, 0, 1]",16,lib/tests/core/pattern-alias.zy,jobs
debug,1,309013,4,1024,1681199,True,"[2, 0, 0, 1]",16,lib/tests/core/pattern-alias.zy,explicit
debug,1,304539,4,1024,1597112,True,"[2, 0, 0, 1]",16,lib/tests/core/pattern-alias.zy,recursive
debug,1,300886,4,1024,1383494,True,"[2, 0, 0, 1]",17,lib/tests/core/pattern-alias.zy,jobs
debug,1,309909,4,1024,1600969,True,"[2, 0, 0, 1]",17,lib/tests/core/pattern-alias.zy,explicit
debug,1,309255,4,1024,1576328,True,"[2, 0, 0, 1]",17,lib/tests/core/pattern-alias.zy,recursive
debug,1,299727,4,1024,1378980,True,"[2, 0, 0, 1]",17,lib/tests/core/pattern-alias.zy,original
debug,1,314587,4,1024,1678548,True,"[2, 0, 0, 1]",18,lib/tests/core/pattern-alias.zy,explicit
debug,1,325005,4,1024,1624722,True,"[2, 0, 0, 1]",18,lib/tests/core/pattern-alias.zy,recursive
debug,1,304786,4,1024,1368197,True,"[2, 0, 0, 1]",18,lib/tests/core/pattern-alias.zy,original
debug,1,328034,4,1024,1495255,True,"[2, 0, 0, 1]",18,lib/tests/core/pattern-alias.zy,jobs
debug,1,301091,4,1024,1587878,True,"[2, 0, 0, 1]",19,lib/tests/core/pattern-alias.zy,recursive
debug,1,306488,4,1024,1447434,True,"[2, 0, 0, 1]",19,lib/tests/core/pattern-alias.zy,original
debug,1,337425,4,1024,1494202,True,"[2, 0, 0, 1]",19,lib/tests/core/pattern-alias.zy,jobs
debug,1,298005,4,1024,1626786,True,"[2, 0, 0, 1]",19,lib/tests/core/pattern-alias.zy,explicit
debug,1,306016,4,1024,1401789,True,"[2, 0, 0, 1]",20,lib/tests/core/pattern-alias.zy,original
debug,1,306290,4,1024,1405705,True,"[2, 0, 0, 1]",20,lib/tests/core/pattern-alias.zy,jobs
debug,1,314256,4,1024,1750512,True,"[2, 0, 0, 1]",20,lib/tests/core/pattern-alias.zy,explicit
debug,1,321802,4,1024,1649006,True,"[2, 0, 0, 1]",20,lib/tests/core/pattern-alias.zy,recursive
debug,1,302299,4,1024,1388456,True,"[2, 0, 0, 1]",21,lib/tests/core/pattern-alias.zy,jobs
debug,1,294415,4,1024,1640134,True,"[2, 0, 0, 1]",21,lib/tests/core/pattern-alias.zy,explicit
debug,1,309571,4,1024,1624338,True,"[2, 0, 0, 1]",21,lib/tests/core/pattern-alias.zy,recursive
debug,1,315261,4,1024,1385628,True,"[2, 0, 0, 1]",21,lib/tests/core/pattern-alias.zy,original
debug,1,322123,4,1024,1671999,True,"[2, 0, 0, 1]",22,lib/tests/core/pattern-alias.zy,explicit
debug,1,298475,4,1024,1585556,True,"[2, 0, 0, 1]",22,lib/tests/core/pattern-alias.zy,recursive
debug,1,299212,4,1024,1395986,True,"[2, 0, 0, 1]",22,lib/tests/core/pattern-alias.zy,original
debug,1,319438,4,1024,1427539,True,"[2, 0, 0, 1]",22,lib/tests/core/pattern-alias.zy,jobs
debug,1,294080,4,1024,1535110,True,"[2, 0, 0, 1]",23,lib/tests/core/pattern-alias.zy,recursive
debug,1,291216,4,1024,1360321,True,"[2, 0, 0, 1]",23,lib/tests/core/pattern-alias.zy,original
debug,1,323361,4,1024,1393415,True,"[2, 0, 0, 1]",23,lib/tests/core/pattern-alias.zy,jobs
debug,1,303465,4,1024,1664204,True,"[2, 0, 0, 1]",23,lib/tests/core/pattern-alias.zy,explicit
debug,1,300850,4,1024,1390127,True,"[2, 0, 0, 1]",24,lib/tests/core/pattern-alias.zy,original
debug,1,300873,4,1024,1349677,True,"[2, 0, 0, 1]",24,lib/tests/core/pattern-alias.zy,jobs
debug,1,301526,4,1024,1623314,True,"[2, 0, 0, 1]",24,lib/tests/core/pattern-alias.zy,explicit
debug,1,307243,4,1024,1593653,True,"[2, 0, 0, 1]",24,lib/tests/core/pattern-alias.zy,recursive
debug,1,310340,4,1024,1352756,True,"[2, 0, 0, 1]",25,lib/tests/core/pattern-alias.zy,jobs
debug,1,293967,4,1024,1601600,True,"[2, 0, 0, 1]",25,lib/tests/core/pattern-alias.zy,explicit
debug,1,314016,4,1024,1598771,True,"[2, 0, 0, 1]",25,lib/tests/core/pattern-alias.zy,recursive
debug,1,295532,4,1024,1369711,True,"[2, 0, 0, 1]",25,lib/tests/core/pattern-alias.zy,original
debug,1,306220,4,1024,1690570,True,"[2, 0, 0, 1]",26,lib/tests/core/pattern-alias.zy,explicit
debug,1,300491,4,1024,1554428,True,"[2, 0, 0, 1]",26,lib/tests/core/pattern-alias.zy,recursive
debug,1,300597,4,1024,1385622,True,"[2, 0, 0, 1]",26,lib/tests/core/pattern-alias.zy,original
debug,1,304124,4,1024,1381674,True,"[2, 0, 0, 1]",26,lib/tests/core/pattern-alias.zy,jobs
debug,1,307058,4,1024,1547243,True,"[2, 0, 0, 1]",27,lib/tests/core/pattern-alias.zy,recursive
debug,1,291745,4,1024,1376296,True,"[2, 0, 0, 1]",27,lib/tests/core/pattern-alias.zy,original
debug,1,315224,4,1024,1441558,True,"[2, 0, 0, 1]",27,lib/tests/core/pattern-alias.zy,jobs
debug,1,302178,4,1024,1640342,True,"[2, 0, 0, 1]",27,lib/tests/core/pattern-alias.zy,explicit
debug,1,302891,4,1024,1410093,True,"[2, 0, 0, 1]",28,lib/tests/core/pattern-alias.zy,original
debug,1,317140,4,1024,1434711,True,"[2, 0, 0, 1]",28,lib/tests/core/pattern-alias.zy,jobs
debug,1,307589,4,1024,1619849,True,"[2, 0, 0, 1]",28,lib/tests/core/pattern-alias.zy,explicit
debug,1,305498,4,1024,1616127,True,"[2, 0, 0, 1]",28,lib/tests/core/pattern-alias.zy,recursive
debug,1,304131,4,1024,1358210,True,"[2, 0, 0, 1]",29,lib/tests/core/pattern-alias.zy,jobs
debug,1,299090,4,1024,1641379,True,"[2, 0, 0, 1]",29,lib/tests/core/pattern-alias.zy,explicit
debug,1,306268,4,1024,1589326,True,"[2, 0, 0, 1]",29,lib/tests/core/pattern-alias.zy,recursive
debug,1,300272,4,1024,1364066,True,"[2, 0, 0, 1]",29,lib/tests/core/pattern-alias.zy,original
debug,1,314477,4,1024,1713972,True,"[2, 0, 0, 1]",30,lib/tests/core/pattern-alias.zy,explicit
debug,1,320107,4,1024,1684528,True,"[2, 0, 0, 1]",30,lib/tests/core/pattern-alias.zy,recursive
debug,1,319763,4,1024,1538321,True,"[2, 0, 0, 1]",30,lib/tests/core/pattern-alias.zy,original
debug,1,314619,4,1024,1423654,True,"[2, 0, 0, 1]",30,lib/tests/core/pattern-alias.zy,jobs
debug,1,317152,4,1024,1644039,True,"[2, 0, 0, 1]",31,lib/tests/core/pattern-alias.zy,recursive
debug,1,306246,4,1024,1404466,True,"[2, 0, 0, 1]",31,lib/tests/core/pattern-alias.zy,original
debug,1,315829,4,1024,1430331,True,"[2, 0, 0, 1]",31,lib/tests/core/pattern-alias.zy,jobs
debug,1,316505,4,1024,1708809,True,"[2, 0, 0, 1]",31,lib/tests/core/pattern-alias.zy,explicit
debug,1,318502,135,44,5429627,False,"[104, 26, 8, 0]",0,lib/tests/core/native-frames.zy,original
debug,1,284080,135,44,4945251,False,"[104, 26, 8, 0]",0,lib/tests/core/native-frames.zy,jobs
debug,1,276500,135,44,5406501,False,"[104, 26, 8, 0]",0,lib/tests/core/native-frames.zy,explicit
debug,1,286585,135,44,5297964,False,"[104, 26, 8, 0]",0,lib/tests/core/native-frames.zy,recursive
debug,1,282214,135,44,4869999,False,"[104, 26, 8, 0]",1,lib/tests/core/native-frames.zy,jobs
debug,1,275373,135,44,5366168,False,"[104, 26, 8, 0]",1,lib/tests/core/native-frames.zy,explicit
debug,1,282414,135,44,5329999,False,"[104, 26, 8, 0]",1,lib/tests/core/native-frames.zy,recursive
debug,1,281708,135,44,5055579,False,"[104, 26, 8, 0]",1,lib/tests/core/native-frames.zy,original
debug,1,284544,135,44,5433957,False,"[104, 26, 8, 0]",2,lib/tests/core/native-frames.zy,explicit
debug,1,281082,135,44,5275121,False,"[104, 26, 8, 0]",2,lib/tests/core/native-frames.zy,recursive
debug,1,281502,135,44,5021251,False,"[104, 26, 8, 0]",2,lib/tests/core/native-frames.zy,original
debug,1,275125,135,44,4879750,False,"[104, 26, 8, 0]",2,lib/tests/core/native-frames.zy,jobs
debug,1,284212,135,44,5297085,False,"[104, 26, 8, 0]",3,lib/tests/core/native-frames.zy,recursive
debug,1,270585,135,44,4961626,False,"[104, 26, 8, 0]",3,lib/tests/core/native-frames.zy,original
debug,1,271751,135,44,4870421,False,"[104, 26, 8, 0]",3,lib/tests/core/native-frames.zy,jobs
debug,1,280338,135,44,5456794,False,"[104, 26, 8, 0]",3,lib/tests/core/native-frames.zy,explicit
debug,1,278625,135,44,5020625,False,"[104, 26, 8, 0]",4,lib/tests/core/native-frames.zy,original
debug,1,284917,135,44,4898959,False,"[104, 26, 8, 0]",4,lib/tests/core/native-frames.zy,jobs
debug,1,274373,135,44,5433415,False,"[104, 26, 8, 0]",4,lib/tests/core/native-frames.zy,explicit
debug,1,281413,135,44,5289331,False,"[104, 26, 8, 0]",4,lib/tests/core/native-frames.zy,recursive
debug,1,281915,135,44,4864834,False,"[104, 26, 8, 0]",5,lib/tests/core/native-frames.zy,jobs
debug,1,280211,135,44,5440830,False,"[104, 26, 8, 0]",5,lib/tests/core/native-frames.zy,explicit
debug,1,276670,135,44,5292463,False,"[104, 26, 8, 0]",5,lib/tests/core/native-frames.zy,recursive
debug,1,272041,135,44,4970958,False,"[104, 26, 8, 0]",5,lib/tests/core/native-frames.zy,original
debug,1,271043,135,44,5326925,False,"[104, 26, 8, 0]",6,lib/tests/core/native-frames.zy,explicit
debug,1,279878,135,44,5291705,False,"[104, 26, 8, 0]",6,lib/tests/core/native-frames.zy,recursive
debug,1,286793,135,44,5003746,False,"[104, 26, 8, 0]",6,lib/tests/core/native-frames.zy,original
debug,1,278208,135,44,4874042,False,"[104, 26, 8, 0]",6,lib/tests/core/native-frames.zy,jobs
debug,1,276960,135,44,5335167,False,"[104, 26, 8, 0]",7,lib/tests/core/native-frames.zy,recursive
debug,1,270538,135,44,4948124,False,"[104, 26, 8, 0]",7,lib/tests/core/native-frames.zy,original
debug,1,275625,135,44,4853753,False,"[104, 26, 8, 0]",7,lib/tests/core/native-frames.zy,jobs
debug,1,294747,135,44,5403124,False,"[104, 26, 8, 0]",7,lib/tests/core/native-frames.zy,explicit
debug,1,285413,135,44,5227834,False,"[104, 26, 8, 0]",8,lib/tests/core/native-frames.zy,original
debug,1,276794,135,44,4924961,False,"[104, 26, 8, 0]",8,lib/tests/core/native-frames.zy,jobs
debug,1,279962,135,44,5485042,False,"[104, 26, 8, 0]",8,lib/tests/core/native-frames.zy,explicit
debug,1,275670,135,44,5258206,False,"[104, 26, 8, 0]",8,lib/tests/core/native-frames.zy,recursive
debug,1,327750,135,44,5691713,False,"[104, 26, 8, 0]",9,lib/tests/core/native-frames.zy,jobs
debug,1,305124,135,44,5750212,False,"[104, 26, 8, 0]",9,lib/tests/core/native-frames.zy,explicit
debug,1,352496,135,44,5650962,False,"[104, 26, 8, 0]",9,lib/tests/core/native-frames.zy,recursive
debug,1,291335,135,44,5300460,False,"[104, 26, 8, 0]",9,lib/tests/core/native-frames.zy,original
debug,1,294415,135,44,5706834,False,"[104, 26, 8, 0]",10,lib/tests/core/native-frames.zy,explicit
debug,1,283119,135,44,5322339,False,"[104, 26, 8, 0]",10,lib/tests/core/native-frames.zy,recursive
debug,1,274871,135,44,4976833,False,"[104, 26, 8, 0]",10,lib/tests/core/native-frames.zy,original
debug,1,279130,135,44,4882006,False,"[104, 26, 8, 0]",10,lib/tests/core/native-frames.zy,jobs
debug,1,282500,135,44,5295710,False,"[104, 26, 8, 0]",11,lib/tests/core/native-frames.zy,recursive
debug,1,277541,135,44,5009665,False,"[104, 26, 8, 0]",11,lib/tests/core/native-frames.zy,original
debug,1,276921,135,44,4858667,False,"[104, 26, 8, 0]",11,lib/tests/core/native-frames.zy,jobs
debug,1,276836,135,44,5418579,False,"[104, 26, 8, 0]",11,lib/tests/core/native-frames.zy,explicit
debug,1,278418,135,44,4993752,False,"[104, 26, 8, 0]",12,lib/tests/core/native-frames.zy,original
debug,1,275874,135,44,4895790,False,"[104, 26, 8, 0]",12,lib/tests/core/native-frames.zy,jobs
debug,1,276460,135,44,5419293,False,"[104, 26, 8, 0]",12,lib/tests/core/native-frames.zy,explicit
debug,1,280424,135,44,5296245,False,"[104, 26, 8, 0]",12,lib/tests/core/native-frames.zy,recursive
debug,1,289627,135,44,4916122,False,"[104, 26, 8, 0]",13,lib/tests/core/native-frames.zy,jobs
debug,1,280582,135,44,5442961,False,"[104, 26, 8, 0]",13,lib/tests/core/native-frames.zy,explicit
debug,1,279836,135,44,5352665,False,"[104, 26, 8, 0]",13,lib/tests/core/native-frames.zy,recursive
debug,1,273373,135,44,4935874,False,"[104, 26, 8, 0]",13,lib/tests/core/native-frames.zy,original
debug,1,281123,135,44,5389748,False,"[104, 26, 8, 0]",14,lib/tests/core/native-frames.zy,explicit
debug,1,274626,135,44,5243835,False,"[104, 26, 8, 0]",14,lib/tests/core/native-frames.zy,recursive
debug,1,268709,135,44,4930791,False,"[104, 26, 8, 0]",14,lib/tests/core/native-frames.zy,original
debug,1,275333,135,44,4923082,False,"[104, 26, 8, 0]",14,lib/tests/core/native-frames.zy,jobs
debug,1,284957,135,44,5326456,False,"[104, 26, 8, 0]",15,lib/tests/core/native-frames.zy,recursive
debug,1,276298,135,44,4963916,False,"[104, 26, 8, 0]",15,lib/tests/core/native-frames.zy,original
debug,1,276414,135,44,4884751,False,"[104, 26, 8, 0]",15,lib/tests/core/native-frames.zy,jobs
debug,1,278210,135,44,5418917,False,"[104, 26, 8, 0]",15,lib/tests/core/native-frames.zy,explicit
debug,1,274129,135,44,4993208,False,"[104, 26, 8, 0]",16,lib/tests/core/native-frames.zy,original
debug,1,272167,135,44,4844498,False,"[104, 26, 8, 0]",16,lib/tests/core/native-frames.zy,jobs
debug,1,283460,135,44,5360040,False,"[104, 26, 8, 0]",16,lib/tests/core/native-frames.zy,explicit
debug,1,283376,135,44,5285998,False,"[104, 26, 8, 0]",16,lib/tests/core/native-frames.zy,recursive
debug,1,275542,135,44,4891751,False,"[104, 26, 8, 0]",17,lib/tests/core/native-frames.zy,jobs
debug,1,282835,135,44,5424755,False,"[104, 26, 8, 0]",17,lib/tests/core/native-frames.zy,explicit
debug,1,284207,135,44,5291541,False,"[104, 26, 8, 0]",17,lib/tests/core/native-frames.zy,recursive
debug,1,296836,135,44,5045329,False,"[104, 26, 8, 0]",17,lib/tests/core/native-frames.zy,original
debug,1,289705,135,44,5453377,False,"[104, 26, 8, 0]",18,lib/tests/core/native-frames.zy,explicit
debug,1,288709,135,44,5304124,False,"[104, 26, 8, 0]",18,lib/tests/core/native-frames.zy,recursive
debug,1,281166,135,44,4995378,False,"[104, 26, 8, 0]",18,lib/tests/core/native-frames.zy,original
debug,1,299167,135,44,4813250,False,"[104, 26, 8, 0]",18,lib/tests/core/native-frames.zy,jobs
debug,1,285418,135,44,5315495,False,"[104, 26, 8, 0]",19,lib/tests/core/native-frames.zy,recursive
debug,1,276207,135,44,4999749,False,"[104, 26, 8, 0]",19,lib/tests/core/native-frames.zy,original
debug,1,274002,135,44,4824455,False,"[104, 26, 8, 0]",19,lib/tests/core/native-frames.zy,jobs
debug,1,274460,135,44,5392039,False,"[104, 26, 8, 0]",19,lib/tests/core/native-frames.zy,explicit
debug,1,283998,135,44,5003752,False,"[104, 26, 8, 0]",20,lib/tests/core/native-frames.zy,original
debug,1,274458,135,44,4849001,False,"[104, 26, 8, 0]",20,lib/tests/core/native-frames.zy,jobs
debug,1,277998,135,44,5403040,False,"[104, 26, 8, 0]",20,lib/tests/core/native-frames.zy,explicit
debug,1,284669,135,44,5262124,False,"[104, 26, 8, 0]",20,lib/tests/core/native-frames.zy,recursive
debug,1,282167,135,44,4885921,False,"[104, 26, 8, 0]",21,lib/tests/core/native-frames.zy,jobs
debug,1,275957,135,44,5441287,False,"[104, 26, 8, 0]",21,lib/tests/core/native-frames.zy,explicit
debug,1,274041,135,44,5266831,False,"[104, 26, 8, 0]",21,lib/tests/core/native-frames.zy,recursive
debug,1,270415,135,44,4962377,False,"[104, 26, 8, 0]",21,lib/tests/core/native-frames.zy,original
debug,1,291333,135,44,5547456,False,"[104, 26, 8, 0]",22,lib/tests/core/native-frames.zy,explicit
debug,1,275750,135,44,5351373,False,"[104, 26, 8, 0]",22,lib/tests/core/native-frames.zy,recursive
debug,1,277211,135,44,5015374,False,"[104, 26, 8, 0]",22,lib/tests/core/native-frames.zy,original
debug,1,288210,135,44,4985628,False,"[104, 26, 8, 0]",22,lib/tests/core/native-frames.zy,jobs
debug,1,279582,135,44,5310707,False,"[104, 26, 8, 0]",23,lib/tests/core/native-frames.zy,recursive
debug,1,269168,135,44,4947709,False,"[104, 26, 8, 0]",23,lib/tests/core/native-frames.zy,original
debug,1,275709,135,44,4901415,False,"[104, 26, 8, 0]",23,lib/tests/core/native-frames.zy,jobs
debug,1,281002,135,44,5439541,False,"[104, 26, 8, 0]",23,lib/tests/core/native-frames.zy,explicit
debug,1,274623,135,44,4981797,False,"[104, 26, 8, 0]",24,lib/tests/core/native-frames.zy,original
debug,1,274459,135,44,4878959,False,"[104, 26, 8, 0]",24,lib/tests/core/native-frames.zy,jobs
debug,1,278086,135,44,5408959,False,"[104, 26, 8, 0]",24,lib/tests/core/native-frames.zy,explicit
debug,1,275789,135,44,5269087,False,"[104, 26, 8, 0]",24,lib/tests/core/native-frames.zy,recursive
debug,1,271084,135,44,4835462,False,"[104, 26, 8, 0]",25,lib/tests/core/native-frames.zy,jobs
debug,1,271416,135,44,5381745,False,"[104, 26, 8, 0]",25,lib/tests/core/native-frames.zy,explicit
debug,1,275461,135,44,5278753,False,"[104, 26, 8, 0]",25,lib/tests/core/native-frames.zy,recursive
debug,1,280170,135,44,5025039,False,"[104, 26, 8, 0]",25,lib/tests/core/native-frames.zy,original
debug,1,276000,135,44,5383419,False,"[104, 26, 8, 0]",26,lib/tests/core/native-frames.zy,explicit
debug,1,275417,135,44,5277877,False,"[104, 26, 8, 0]",26,lib/tests/core/native-frames.zy,recursive
debug,1,271501,135,44,4959167,False,"[104, 26, 8, 0]",26,lib/tests/core/native-frames.zy,original
debug,1,273420,135,44,4923584,False,"[104, 26, 8, 0]",26,lib/tests/core/native-frames.zy,jobs
debug,1,275458,135,44,5255588,False,"[104, 26, 8, 0]",27,lib/tests/core/native-frames.zy,recursive
debug,1,274168,135,44,4991790,False,"[104, 26, 8, 0]",27,lib/tests/core/native-frames.zy,original
debug,1,273919,135,44,4845914,False,"[104, 26, 8, 0]",27,lib/tests/core/native-frames.zy,jobs
debug,1,274038,135,44,5439702,False,"[104, 26, 8, 0]",27,lib/tests/core/native-frames.zy,explicit
debug,1,268916,135,44,5039458,False,"[104, 26, 8, 0]",28,lib/tests/core/native-frames.zy,original
debug,1,273706,135,44,4850001,False,"[104, 26, 8, 0]",28,lib/tests/core/native-frames.zy,jobs
debug,1,276458,135,44,5396415,False,"[104, 26, 8, 0]",28,lib/tests/core/native-frames.zy,explicit
debug,1,274961,135,44,5287330,False,"[104, 26, 8, 0]",28,lib/tests/core/native-frames.zy,recursive
debug,1,270921,135,44,4831625,False,"[104, 26, 8, 0]",29,lib/tests/core/native-frames.zy,jobs
debug,1,280869,135,44,5406791,False,"[104, 26, 8, 0]",29,lib/tests/core/native-frames.zy,explicit
debug,1,282501,135,44,5345833,False,"[104, 26, 8, 0]",29,lib/tests/core/native-frames.zy,recursive
debug,1,277957,135,44,5038046,False,"[104, 26, 8, 0]",29,lib/tests/core/native-frames.zy,original
debug,1,275206,135,44,5460253,False,"[104, 26, 8, 0]",30,lib/tests/core/native-frames.zy,explicit
debug,1,292041,135,44,5311751,False,"[104, 26, 8, 0]",30,lib/tests/core/native-frames.zy,recursive
debug,1,273211,135,44,4971918,False,"[104, 26, 8, 0]",30,lib/tests/core/native-frames.zy,original
debug,1,276585,135,44,4913334,False,"[104, 26, 8, 0]",30,lib/tests/core/native-frames.zy,jobs
debug,1,277207,135,44,5283581,False,"[104, 26, 8, 0]",31,lib/tests/core/native-frames.zy,recursive
debug,1,271460,135,44,4925587,False,"[104, 26, 8, 0]",31,lib/tests/core/native-frames.zy,original
debug,1,287169,135,44,4870580,False,"[104, 26, 8, 0]",31,lib/tests/core/native-frames.zy,jobs
debug,1,278876,135,44,5400581,False,"[104, 26, 8, 0]",31,lib/tests/core/native-frames.zy,explicit
debug,1,297208,135,46,4980752,True,"[97, 25, 8, 9]",0,lib/tests/core/native-frames.zy,original
debug,1,301120,135,46,4907164,True,"[97, 25, 8, 9]",0,lib/tests/core/native-frames.zy,jobs
debug,1,297045,135,46,5376376,True,"[97, 25, 8, 9]",0,lib/tests/core/native-frames.zy,explicit
debug,1,310918,135,46,5436540,True,"[97, 25, 8, 9]",0,lib/tests/core/native-frames.zy,recursive
debug,1,286915,135,46,4962874,True,"[97, 25, 8, 9]",1,lib/tests/core/native-frames.zy,jobs
debug,1,300293,135,46,5389288,True,"[97, 25, 8, 9]",1,lib/tests/core/native-frames.zy,explicit
debug,1,289797,135,46,5321332,True,"[97, 25, 8, 9]",1,lib/tests/core/native-frames.zy,recursive
debug,1,292207,135,46,5081790,True,"[97, 25, 8, 9]",1,lib/tests/core/native-frames.zy,original
debug,1,332666,135,46,5640881,True,"[97, 25, 8, 9]",2,lib/tests/core/native-frames.zy,explicit
debug,1,311380,135,46,5434207,True,"[97, 25, 8, 9]",2,lib/tests/core/native-frames.zy,recursive
debug,1,302457,135,46,5141795,True,"[97, 25, 8, 9]",2,lib/tests/core/native-frames.zy,original
debug,1,305707,135,46,5078585,True,"[97, 25, 8, 9]",2,lib/tests/core/native-frames.zy,jobs
debug,1,313420,135,46,5483961,True,"[97, 25, 8, 9]",3,lib/tests/core/native-frames.zy,recursive
debug,1,301291,135,46,5190751,True,"[97, 25, 8, 9]",3,lib/tests/core/native-frames.zy,original
debug,1,305250,135,46,5065626,True,"[97, 25, 8, 9]",3,lib/tests/core/native-frames.zy,jobs
debug,1,294042,135,46,5501415,True,"[97, 25, 8, 9]",3,lib/tests/core/native-frames.zy,explicit
debug,1,293330,135,46,5272000,True,"[97, 25, 8, 9]",4,lib/tests/core/native-frames.zy,original
debug,1,288414,135,46,4988878,True,"[97, 25, 8, 9]",4,lib/tests/core/native-frames.zy,jobs
debug,1,295997,135,46,5518337,True,"[97, 25, 8, 9]",4,lib/tests/core/native-frames.zy,explicit
debug,1,392124,135,46,5445881,True,"[97, 25, 8, 9]",4,lib/tests/core/native-frames.zy,recursive
debug,1,305498,135,46,4995251,True,"[97, 25, 8, 9]",5,lib/tests/core/native-frames.zy,jobs
debug,1,307125,135,46,5587456,True,"[97, 25, 8, 9]",5,lib/tests/core/native-frames.zy,explicit
debug,1,322207,135,46,5357752,True,"[97, 25, 8, 9]",5,lib/tests/core/native-frames.zy,recursive
debug,1,353669,135,46,5379212,True,"[97, 25, 8, 9]",5,lib/tests/core/native-frames.zy,original
debug,1,333710,135,46,5628918,True,"[97, 25, 8, 9]",6,lib/tests/core/native-frames.zy,explicit
debug,1,326750,135,46,5472835,True,"[97, 25, 8, 9]",6,lib/tests/core/native-frames.zy,recursive
debug,1,303455,135,46,5072455,True,"[97, 25, 8, 9]",6,lib/tests/core/native-frames.zy,original
debug,1,302290,135,46,4962708,True,"[97, 25, 8, 9]",6,lib/tests/core/native-frames.zy,jobs
debug,1,304835,135,46,5373956,True,"[97, 25, 8, 9]",7,lib/tests/core/native-frames.zy,recursive
debug,1,325084,135,46,5064376,True,"[97, 25, 8, 9]",7,lib/tests/core/native-frames.zy,original
debug,1,284710,135,46,4900662,True,"[97, 25, 8, 9]",7,lib/tests/core/native-frames.zy,jobs
debug,1,314960,135,46,5469414,True,"[97, 25, 8, 9]",7,lib/tests/core/native-frames.zy,explicit
debug,1,294542,135,46,5069664,True,"[97, 25, 8, 9]",8,lib/tests/core/native-frames.zy,original
debug,1,293585,135,46,4918830,True,"[97, 25, 8, 9]",8,lib/tests/core/native-frames.zy,jobs
debug,1,290122,135,46,5351874,True,"[97, 25, 8, 9]",8,lib/tests/core/native-frames.zy,explicit
debug,1,290498,135,46,5241335,True,"[97, 25, 8, 9]",8,lib/tests/core/native-frames.zy,recursive
debug,1,318704,135,46,5013665,True,"[97, 25, 8, 9]",9,lib/tests/core/native-frames.zy,jobs
debug,1,336334,135,46,5938625,True,"[97, 25, 8, 9]",9,lib/tests/core/native-frames.zy,explicit
debug,1,346497,135,46,5770876,True,"[97, 25, 8, 9]",9,lib/tests/core/native-frames.zy,recursive
debug,1,306916,135,46,5179209,True,"[97, 25, 8, 9]",9,lib/tests/core/native-frames.zy,original
debug,1,294210,135,46,5406918,True,"[97, 25, 8, 9]",10,lib/tests/core/native-frames.zy,explicit
debug,1,320041,135,46,5562078,True,"[97, 25, 8, 9]",10,lib/tests/core/native-frames.zy,recursive
debug,1,381665,135,46,5944085,True,"[97, 25, 8, 9]",10,lib/tests/core/native-frames.zy,original
debug,1,315709,135,46,5212955,True,"[97, 25, 8, 9]",10,lib/tests/core/native-frames.zy,jobs
debug,1,349083,135,46,5686460,True,"[97, 25, 8, 9]",11,lib/tests/core/native-frames.zy,recursive
debug,1,387753,135,46,6378247,True,"[97, 25, 8, 9]",11,lib/tests/core/native-frames.zy,original
debug,1,429209,135,46,5465129,True,"[97, 25, 8, 9]",11,lib/tests/core/native-frames.zy,jobs
debug,1,439171,135,46,7101586,True,"[97, 25, 8, 9]",11,lib/tests/core/native-frames.zy,explicit
debug,1,379087,135,46,6779496,True,"[97, 25, 8, 9]",12,lib/tests/core/native-frames.zy,original
debug,1,331498,135,46,5320665,True,"[97, 25, 8, 9]",12,lib/tests/core/native-frames.zy,jobs
debug,1,306790,135,46,5478711,True,"[97, 25, 8, 9]",12,lib/tests/core/native-frames.zy,explicit
debug,1,367247,135,46,5388413,True,"[97, 25, 8, 9]",12,lib/tests/core/native-frames.zy,recursive
debug,1,314753,135,46,5056790,True,"[97, 25, 8, 9]",13,lib/tests/core/native-frames.zy,jobs
debug,1,312789,135,46,5526747,True,"[97, 25, 8, 9]",13,lib/tests/core/native-frames.zy,explicit
debug,1,302377,135,46,5425539,True,"[97, 25, 8, 9]",13,lib/tests/core/native-frames.zy,recursive
debug,1,305042,135,46,5143714,True,"[97, 25, 8, 9]",13,lib/tests/core/native-frames.zy,original
debug,1,315163,135,46,5581540,True,"[97, 25, 8, 9]",14,lib/tests/core/native-frames.zy,explicit
debug,1,291043,135,46,5260082,True,"[97, 25, 8, 9]",14,lib/tests/core/native-frames.zy,recursive
debug,1,296460,135,46,5045998,True,"[97, 25, 8, 9]",14,lib/tests/core/native-frames.zy,original
debug,1,289339,135,46,4886123,True,"[97, 25, 8, 9]",14,lib/tests/core/native-frames.zy,jobs
debug,1,304998,135,46,5332619,True,"[97, 25, 8, 9]",15,lib/tests/core/native-frames.zy,recursive
debug,1,292537,135,46,5089249,True,"[97, 25, 8, 9]",15,lib/tests/core/native-frames.zy,original
debug,1,287498,135,46,4948295,True,"[97, 25, 8, 9]",15,lib/tests/core/native-frames.zy,jobs
debug,1,293791,135,46,5384582,True,"[97, 25, 8, 9]",15,lib/tests/core/native-frames.zy,explicit
debug,1,299209,135,46,4984166,True,"[97, 25, 8, 9]",16,lib/tests/core/native-frames.zy,original
debug,1,289662,135,46,4962254,True,"[97, 25, 8, 9]",16,lib/tests/core/native-frames.zy,jobs
debug,1,289620,135,46,5430292,True,"[97, 25, 8, 9]",16,lib/tests/core/native-frames.zy,explicit
debug,1,300125,135,46,5366288,True,"[97, 25, 8, 9]",16,lib/tests/core/native-frames.zy,recursive
debug,1,288792,135,46,4947923,True,"[97, 25, 8, 9]",17,lib/tests/core/native-frames.zy,jobs
debug,1,315082,135,46,5565250,True,"[97, 25, 8, 9]",17,lib/tests/core/native-frames.zy,explicit
debug,1,334786,135,46,5290420,True,"[97, 25, 8, 9]",17,lib/tests/core/native-frames.zy,recursive
debug,1,296709,135,46,5086331,True,"[97, 25, 8, 9]",17,lib/tests/core/native-frames.zy,original
debug,1,301624,135,46,5406628,True,"[97, 25, 8, 9]",18,lib/tests/core/native-frames.zy,explicit
debug,1,290624,135,46,5249204,True,"[97, 25, 8, 9]",18,lib/tests/core/native-frames.zy,recursive
debug,1,293209,135,46,5049624,True,"[97, 25, 8, 9]",18,lib/tests/core/native-frames.zy,original
debug,1,291333,135,46,4982917,True,"[97, 25, 8, 9]",18,lib/tests/core/native-frames.zy,jobs
debug,1,288623,135,46,5293629,True,"[97, 25, 8, 9]",19,lib/tests/core/native-frames.zy,recursive
debug,1,289088,135,46,5059706,True,"[97, 25, 8, 9]",19,lib/tests/core/native-frames.zy,original
debug,1,289707,135,46,4955459,True,"[97, 25, 8, 9]",19,lib/tests/core/native-frames.zy,jobs
debug,1,289250,135,46,5366209,True,"[97, 25, 8, 9]",19,lib/tests/core/native-frames.zy,explicit
debug,1,286791,135,46,5023912,True,"[97, 25, 8, 9]",20,lib/tests/core/native-frames.zy,original
debug,1,292420,135,46,4914834,True,"[97, 25, 8, 9]",20,lib/tests/core/native-frames.zy,jobs
debug,1,293205,135,46,5546540,True,"[97, 25, 8, 9]",20,lib/tests/core/native-frames.zy,explicit
debug,1,344462,135,46,5248789,True,"[97, 25, 8, 9]",20,lib/tests/core/native-frames.zy,recursive
debug,1,285414,135,46,4863168,True,"[97, 25, 8, 9]",21,lib/tests/core/native-frames.zy,jobs
debug,1,290165,135,46,5371663,True,"[97, 25, 8, 9]",21,lib/tests/core/native-frames.zy,explicit
debug,1,287627,135,46,5244250,True,"[97, 25, 8, 9]",21,lib/tests/core/native-frames.zy,recursive
debug,1,292083,135,46,5151251,True,"[97, 25, 8, 9]",21,lib/tests/core/native-frames.zy,original
debug,1,293416,135,46,5474039,True,"[97, 25, 8, 9]",22,lib/tests/core/native-frames.zy,explicit
debug,1,287877,135,46,5291626,True,"[97, 25, 8, 9]",22,lib/tests/core/native-frames.zy,recursive
debug,1,288129,135,46,4988587,True,"[97, 25, 8, 9]",22,lib/tests/core/native-frames.zy,original
debug,1,291710,135,46,4913749,True,"[97, 25, 8, 9]",22,lib/tests/core/native-frames.zy,jobs
debug,1,310541,135,46,5387880,True,"[97, 25, 8, 9]",23,lib/tests/core/native-frames.zy,recursive
debug,1,289331,135,46,4994373,True,"[97, 25, 8, 9]",23,lib/tests/core/native-frames.zy,original
debug,1,292044,135,46,4973498,True,"[97, 25, 8, 9]",23,lib/tests/core/native-frames.zy,jobs
debug,1,290334,135,46,5477668,True,"[97, 25, 8, 9]",23,lib/tests/core/native-frames.zy,explicit
debug,1,313539,135,46,5052753,True,"[97, 25, 8, 9]",24,lib/tests/core/native-frames.zy,original
debug,1,288622,135,46,4942541,True,"[97, 25, 8, 9]",24,lib/tests/core/native-frames.zy,jobs
debug,1,296542,135,46,5542249,True,"[97, 25, 8, 9]",24,lib/tests/core/native-frames.zy,explicit
debug,1,299292,135,46,5423207,True,"[97, 25, 8, 9]",24,lib/tests/core/native-frames.zy,recursive
debug,1,285042,135,46,4860123,True,"[97, 25, 8, 9]",25,lib/tests/core/native-frames.zy,jobs
debug,1,290338,135,46,5395584,True,"[97, 25, 8, 9]",25,lib/tests/core/native-frames.zy,explicit
debug,1,287543,135,46,5257418,True,"[97, 25, 8, 9]",25,lib/tests/core/native-frames.zy,recursive
debug,1,287916,135,46,5142168,True,"[97, 25, 8, 9]",25,lib/tests/core/native-frames.zy,original
debug,1,295584,135,46,5424750,True,"[97, 25, 8, 9]",26,lib/tests/core/native-frames.zy,explicit
debug,1,295954,135,46,5268710,True,"[97, 25, 8, 9]",26,lib/tests/core/native-frames.zy,recursive
debug,1,293797,135,46,5095500,True,"[97, 25, 8, 9]",26,lib/tests/core/native-frames.zy,original
debug,1,287207,135,46,4903627,True,"[97, 25, 8, 9]",26,lib/tests/core/native-frames.zy,jobs
debug,1,329918,135,46,5341710,True,"[97, 25, 8, 9]",27,lib/tests/core/native-frames.zy,recursive
debug,1,290128,135,46,4998665,True,"[97, 25, 8, 9]",27,lib/tests/core/native-frames.zy,original
debug,1,295373,135,46,4972504,True,"[97, 25, 8, 9]",27,lib/tests/core/native-frames.zy,jobs
debug,1,292584,135,46,5519539,True,"[97, 25, 8, 9]",27,lib/tests/core/native-frames.zy,explicit
debug,1,291833,135,46,5107418,True,"[97, 25, 8, 9]",28,lib/tests/core/native-frames.zy,original
debug,1,295251,135,46,4976250,True,"[97, 25, 8, 9]",28,lib/tests/core/native-frames.zy,jobs
debug,1,295795,135,46,5528668,True,"[97, 25, 8, 9]",28,lib/tests/core/native-frames.zy,explicit
debug,1,296498,135,46,5359665,True,"[97, 25, 8, 9]",28,lib/tests/core/native-frames.zy,recursive
debug,1,289081,135,46,4971339,True,"[97, 25, 8, 9]",29,lib/tests/core/native-frames.zy,jobs
debug,1,303838,135,46,5644712,True,"[97, 25, 8, 9]",29,lib/tests/core/native-frames.zy,explicit
debug,1,289624,135,46,5276083,True,"[97, 25, 8, 9]",29,lib/tests/core/native-frames.zy,recursive
debug,1,289500,135,46,5065122,True,"[97, 25, 8, 9]",29,lib/tests/core/native-frames.zy,original
debug,1,296498,135,46,5420790,True,"[97, 25, 8, 9]",30,lib/tests/core/native-frames.zy,explicit
debug,1,291873,135,46,5216666,True,"[97, 25, 8, 9]",30,lib/tests/core/native-frames.zy,recursive
debug,1,293751,135,46,5104630,True,"[97, 25, 8, 9]",30,lib/tests/core/native-frames.zy,original
debug,1,287291,135,46,4892166,True,"[97, 25, 8, 9]",30,lib/tests/core/native-frames.zy,jobs
debug,1,287919,135,46,5240833,True,"[97, 25, 8, 9]",31,lib/tests/core/native-frames.zy,recursive
debug,1,286166,135,46,4997795,True,"[97, 25, 8, 9]",31,lib/tests/core/native-frames.zy,original
debug,1,295088,135,46,5006125,True,"[97, 25, 8, 9]",31,lib/tests/core/native-frames.zy,jobs
debug,1,292874,135,46,5376958,True,"[97, 25, 8, 9]",31,lib/tests/core/native-frames.zy,explicit
debug,1,281203,131,46,4896251,False,"[93, 26, 7, 0]",0,lib/tests/builtin/host-return.zy,original
debug,1,278500,131,46,4943168,False,"[93, 26, 7, 0]",0,lib/tests/builtin/host-return.zy,jobs
debug,1,291328,131,46,5402411,False,"[93, 26, 7, 0]",0,lib/tests/builtin/host-return.zy,explicit
debug,1,295587,131,46,5281707,False,"[93, 26, 7, 0]",0,lib/tests/builtin/host-return.zy,recursive
debug,1,273293,131,46,4791960,False,"[93, 26, 7, 0]",1,lib/tests/builtin/host-return.zy,jobs
debug,1,277873,131,46,5366542,False,"[93, 26, 7, 0]",1,lib/tests/builtin/host-return.zy,explicit
debug,1,273953,131,46,5212873,False,"[93, 26, 7, 0]",1,lib/tests/builtin/host-return.zy,recursive
debug,1,273794,131,46,4935878,False,"[93, 26, 7, 0]",1,lib/tests/builtin/host-return.zy,original
debug,1,271504,131,46,5319661,False,"[93, 26, 7, 0]",2,lib/tests/builtin/host-return.zy,explicit
debug,1,277458,131,46,5248667,False,"[93, 26, 7, 0]",2,lib/tests/builtin/host-return.zy,recursive
debug,1,271792,131,46,4941789,False,"[93, 26, 7, 0]",2,lib/tests/builtin/host-return.zy,original
debug,1,278580,131,46,4830583,False,"[93, 26, 7, 0]",2,lib/tests/builtin/host-return.zy,jobs
debug,1,278167,131,46,5233753,False,"[93, 26, 7, 0]",3,lib/tests/builtin/host-return.zy,recursive
debug,1,270164,131,46,4926874,False,"[93, 26, 7, 0]",3,lib/tests/builtin/host-return.zy,original
debug,1,273297,131,46,4769880,False,"[93, 26, 7, 0]",3,lib/tests/builtin/host-return.zy,jobs
debug,1,280921,131,46,5368709,False,"[93, 26, 7, 0]",3,lib/tests/builtin/host-return.zy,explicit
debug,1,273752,131,46,4914916,False,"[93, 26, 7, 0]",4,lib/tests/builtin/host-return.zy,original
debug,1,270795,131,46,4803707,False,"[93, 26, 7, 0]",4,lib/tests/builtin/host-return.zy,jobs
debug,1,271583,131,46,5322917,False,"[93, 26, 7, 0]",4,lib/tests/builtin/host-return.zy,explicit
debug,1,271037,131,46,5220791,False,"[93, 26, 7, 0]",4,lib/tests/builtin/host-return.zy,recursive
debug,1,272296,131,46,4865001,False,"[93, 26, 7, 0]",5,lib/tests/builtin/host-return.zy,jobs
debug,1,271789,131,46,5346544,False,"[93, 26, 7, 0]",5,lib/tests/builtin/host-return.zy,explicit
debug,1,277121,131,46,5232167,False,"[93, 26, 7, 0]",5,lib/tests/builtin/host-return.zy,recursive
debug,1,272253,131,46,4948961,False,"[93, 26, 7, 0]",5,lib/tests/builtin/host-return.zy,original
debug,1,278630,131,46,5370370,False,"[93, 26, 7, 0]",6,lib/tests/builtin/host-return.zy,explicit
debug,1,282755,131,46,5261000,False,"[93, 26, 7, 0]",6,lib/tests/builtin/host-return.zy,recursive
debug,1,282747,131,46,4894045,False,"[93, 26, 7, 0]",6,lib/tests/builtin/host-return.zy,original
debug,1,270916,131,46,4816624,False,"[93, 26, 7, 0]",6,lib/tests/builtin/host-return.zy,jobs
debug,1,271129,131,46,5211084,False,"[93, 26, 7, 0]",7,lib/tests/builtin/host-return.zy,recursive
debug,1,268709,131,46,4878917,False,"[93, 26, 7, 0]",7,lib/tests/builtin/host-return.zy,original
debug,1,271043,131,46,4837209,False,"[93, 26, 7, 0]",7,lib/tests/builtin/host-return.zy,jobs
debug,1,285960,131,46,5443708,False,"[93, 26, 7, 0]",7,lib/tests/builtin/host-return.zy,explicit
debug,1,269622,131,46,4866331,False,"[93, 26, 7, 0]",8,lib/tests/builtin/host-return.zy,original
debug,1,274499,131,46,4833751,False,"[93, 26, 7, 0]",8,lib/tests/builtin/host-return.zy,jobs
debug,1,274832,131,46,5361879,False,"[93, 26, 7, 0]",8,lib/tests/builtin/host-return.zy,explicit
debug,1,271500,131,46,5186205,False,"[93, 26, 7, 0]",8,lib/tests/builtin/host-return.zy,recursive
debug,1,266414,131,46,4770462,False,"[93, 26, 7, 0]",9,lib/tests/builtin/host-return.zy,jobs
debug,1,276164,131,46,5396040,False,"[93, 26, 7, 0]",9,lib/tests/builtin/host-return.zy,explicit
debug,1,276962,131,46,5230752,False,"[93, 26, 7, 0]",9,lib/tests/builtin/host-return.zy,recursive
debug,1,274500,131,46,4874959,False,"[93, 26, 7, 0]",9,lib/tests/builtin/host-return.zy,original
debug,1,272087,131,46,5322001,False,"[93, 26, 7, 0]",10,lib/tests/builtin/host-return.zy,explicit
debug,1,276875,131,46,5251830,False,"[93, 26, 7, 0]",10,lib/tests/builtin/host-return.zy,recursive
debug,1,281583,131,46,4976498,False,"[93, 26, 7, 0]",10,lib/tests/builtin/host-return.zy,original
debug,1,268622,131,46,4859956,False,"[93, 26, 7, 0]",10,lib/tests/builtin/host-return.zy,jobs
debug,1,272836,131,46,5194043,False,"[93, 26, 7, 0]",11,lib/tests/builtin/host-return.zy,recursive
debug,1,271916,131,46,4906296,False,"[93, 26, 7, 0]",11,lib/tests/builtin/host-return.zy,original
debug,1,267289,131,46,4782875,False,"[93, 26, 7, 0]",11,lib/tests/builtin/host-return.zy,jobs
debug,1,271546,131,46,5303212,False,"[93, 26, 7, 0]",11,lib/tests/builtin/host-return.zy,explicit
debug,1,269088,131,46,4929414,False,"[93, 26, 7, 0]",12,lib/tests/builtin/host-return.zy,original
debug,1,269870,131,46,4786500,False,"[93, 26, 7, 0]",12,lib/tests/builtin/host-return.zy,jobs
debug,1,267123,131,46,5302498,False,"[93, 26, 7, 0]",12,lib/tests/builtin/host-return.zy,explicit
debug,1,272286,131,46,5216831,False,"[93, 26, 7, 0]",12,lib/tests/builtin/host-return.zy,recursive
debug,1,266915,131,46,4797254,False,"[93, 26, 7, 0]",13,lib/tests/builtin/host-return.zy,jobs
debug,1,270499,131,46,5364290,False,"[93, 26, 7, 0]",13,lib/tests/builtin/host-return.zy,explicit
debug,1,274830,131,46,5282956,False,"[93, 26, 7, 0]",13,lib/tests/builtin/host-return.zy,recursive
debug,1,273461,131,46,4913707,False,"[93, 26, 7, 0]",13,lib/tests/builtin/host-return.zy,original
debug,1,274372,131,46,5330332,False,"[93, 26, 7, 0]",14,lib/tests/builtin/host-return.zy,explicit
debug,1,269624,131,46,5193664,False,"[93, 26, 7, 0]",14,lib/tests/builtin/host-return.zy,recursive
debug,1,271378,131,46,4886250,False,"[93, 26, 7, 0]",14,lib/tests/builtin/host-return.zy,original
debug,1,271169,131,46,4798664,False,"[93, 26, 7, 0]",14,lib/tests/builtin/host-return.zy,jobs
debug,1,271287,131,46,5189086,False,"[93, 26, 7, 0]",15,lib/tests/builtin/host-return.zy,recursive
debug,1,271036,131,46,4924829,False,"[93, 26, 7, 0]",15,lib/tests/builtin/host-return.zy,original
debug,1,280834,131,46,4903661,False,"[93, 26, 7, 0]",15,lib/tests/builtin/host-return.zy,jobs
debug,1,346248,131,46,6458707,False,"[93, 26, 7, 0]",15,lib/tests/builtin/host-return.zy,explicit
debug,1,318418,131,46,5458377,False,"[93, 26, 7, 0]",16,lib/tests/builtin/host-return.zy,original
debug,1,339338,131,46,4832545,False,"[93, 26, 7, 0]",16,lib/tests/builtin/host-return.zy,jobs
debug,1,277373,131,46,5388878,False,"[93, 26, 7, 0]",16,lib/tests/builtin/host-return.zy,explicit
debug,1,275915,131,46,5256330,False,"[93, 26, 7, 0]",16,lib/tests/builtin/host-return.zy,recursive
debug,1,276502,131,46,4900084,False,"[93, 26, 7, 0]",17,lib/tests/builtin/host-return.zy,jobs
debug,1,286000,131,46,5518665,False,"[93, 26, 7, 0]",17,lib/tests/builtin/host-return.zy,explicit
debug,1,295504,131,46,5423749,False,"[93, 26, 7, 0]",17,lib/tests/builtin/host-return.zy,recursive
debug,1,309876,131,46,5503957,False,"[93, 26, 7, 0]",17,lib/tests/builtin/host-return.zy,original
debug,1,328625,131,46,6119835,False,"[93, 26, 7, 0]",18,lib/tests/builtin/host-return.zy,explicit
debug,1,323253,131,46,5385457,False,"[93, 26, 7, 0]",18,lib/tests/builtin/host-return.zy,recursive
debug,1,298837,131,46,5332252,False,"[93, 26, 7, 0]",18,lib/tests/builtin/host-return.zy,original
debug,1,305628,131,46,6248000,False,"[93, 26, 7, 0]",18,lib/tests/builtin/host-return.zy,jobs
debug,1,298623,131,46,5454044,False,"[93, 26, 7, 0]",19,lib/tests/builtin/host-return.zy,recursive
debug,1,317498,131,46,6002332,False,"[93, 26, 7, 0]",19,lib/tests/builtin/host-return.zy,original
debug,1,282874,131,46,4849708,False,"[93, 26, 7, 0]",19,lib/tests/builtin/host-return.zy,jobs
debug,1,313794,131,46,5821001,False,"[93, 26, 7, 0]",19,lib/tests/builtin/host-return.zy,explicit
debug,1,290833,131,46,5033455,False,"[93, 26, 7, 0]",20,lib/tests/builtin/host-return.zy,original
debug,1,289915,131,46,5008202,False,"[93, 26, 7, 0]",20,lib/tests/builtin/host-return.zy,jobs
debug,1,299917,131,46,6371830,False,"[93, 26, 7, 0]",20,lib/tests/builtin/host-return.zy,explicit
debug,1,287748,131,46,5285759,False,"[93, 26, 7, 0]",20,lib/tests/builtin/host-return.zy,recursive
debug,1,324080,131,46,5355917,False,"[93, 26, 7, 0]",21,lib/tests/builtin/host-return.zy,jobs
debug,1,356424,131,46,6194919,False,"[93, 26, 7, 0]",21,lib/tests/builtin/host-return.zy,explicit
debug,1,305083,131,46,5460289,False,"[93, 26, 7, 0]",21,lib/tests/builtin/host-return.zy,recursive
debug,1,329542,131,46,5993002,False,"[93, 26, 7, 0]",21,lib/tests/builtin/host-return.zy,original
debug,1,295250,131,46,5564836,False,"[93, 26, 7, 0]",22,lib/tests/builtin/host-return.zy,explicit
debug,1,349001,131,46,6089664,False,"[93, 26, 7, 0]",22,lib/tests/builtin/host-return.zy,recursive
debug,1,315835,131,46,5669712,False,"[93, 26, 7, 0]",22,lib/tests/builtin/host-return.zy,original
debug,1,285211,131,46,4915046,False,"[93, 26, 7, 0]",22,lib/tests/builtin/host-return.zy,jobs
debug,1,356377,131,46,6101127,False,"[93, 26, 7, 0]",23,lib/tests/builtin/host-return.zy,recursive
debug,1,313798,131,46,5227748,False,"[93, 26, 7, 0]",23,lib/tests/builtin/host-return.zy,original
debug,1,309622,131,46,5068544,False,"[93, 26, 7, 0]",23,lib/tests/builtin/host-return.zy,jobs
debug,1,400251,131,46,6092044,False,"[93, 26, 7, 0]",23,lib/tests/builtin/host-return.zy,explicit
debug,1,283003,131,46,4964962,False,"[93, 26, 7, 0]",24,lib/tests/builtin/host-return.zy,original
debug,1,298708,131,46,5113751,False,"[93, 26, 7, 0]",24,lib/tests/builtin/host-return.zy,jobs
debug,1,321330,131,46,5751958,False,"[93, 26, 7, 0]",24,lib/tests/builtin/host-return.zy,explicit
debug,1,285790,131,46,5253834,False,"[93, 26, 7, 0]",24,lib/tests/builtin/host-return.zy,recursive
debug,1,276533,131,46,4875664,False,"[93, 26, 7, 0]",25,lib/tests/builtin/host-return.zy,jobs
debug,1,281250,131,46,5381836,False,"[93, 26, 7, 0]",25,lib/tests/builtin/host-return.zy,explicit
debug,1,279753,131,46,5213705,False,"[93, 26, 7, 0]",25,lib/tests/builtin/host-return.zy,recursive
debug,1,278463,131,46,4928328,False,"[93, 26, 7, 0]",25,lib/tests/builtin/host-return.zy,original
debug,1,285915,131,46,5391083,False,"[93, 26, 7, 0]",26,lib/tests/builtin/host-return.zy,explicit
debug,1,278750,131,46,5291003,False,"[93, 26, 7, 0]",26,lib/tests/builtin/host-return.zy,recursive
debug,1,292500,131,46,5085790,False,"[93, 26, 7, 0]",26,lib/tests/builtin/host-return.zy,original
debug,1,300456,131,46,5006418,False,"[93, 26, 7, 0]",26,lib/tests/builtin/host-return.zy,jobs
debug,1,281714,131,46,5341254,False,"[93, 26, 7, 0]",27,lib/tests/builtin/host-return.zy,recursive
debug,1,312877,131,46,5165202,False,"[93, 26, 7, 0]",27,lib/tests/builtin/host-return.zy,original
debug,1,299375,131,46,5019375,False,"[93, 26, 7, 0]",27,lib/tests/builtin/host-return.zy,jobs
debug,1,320960,131,46,5519749,False,"[93, 26, 7, 0]",27,lib/tests/builtin/host-return.zy,explicit
debug,1,309336,131,46,5339580,False,"[93, 26, 7, 0]",28,lib/tests/builtin/host-return.zy,original
debug,1,298372,131,46,4978832,False,"[93, 26, 7, 0]",28,lib/tests/builtin/host-return.zy,jobs
debug,1,295416,131,46,5446583,False,"[93, 26, 7, 0]",28,lib/tests/builtin/host-return.zy,explicit
debug,1,289414,131,46,5298540,False,"[93, 26, 7, 0]",28,lib/tests/builtin/host-return.zy,recursive
debug,1,294453,131,46,5066332,False,"[93, 26, 7, 0]",29,lib/tests/builtin/host-return.zy,jobs
debug,1,303376,131,46,5561293,False,"[93, 26, 7, 0]",29,lib/tests/builtin/host-return.zy,explicit
debug,1,291582,131,46,5365959,False,"[93, 26, 7, 0]",29,lib/tests/builtin/host-return.zy,recursive
debug,1,299500,131,46,5102088,False,"[93, 26, 7, 0]",29,lib/tests/builtin/host-return.zy,original
debug,1,298875,131,46,5351710,False,"[93, 26, 7, 0]",30,lib/tests/builtin/host-return.zy,explicit
debug,1,276917,131,46,5275710,False,"[93, 26, 7, 0]",30,lib/tests/builtin/host-return.zy,recursive
debug,1,282334,131,46,4982419,False,"[93, 26, 7, 0]",30,lib/tests/builtin/host-return.zy,original
debug,1,275541,131,46,4842248,False,"[93, 26, 7, 0]",30,lib/tests/builtin/host-return.zy,jobs
debug,1,276044,131,46,5196296,False,"[93, 26, 7, 0]",31,lib/tests/builtin/host-return.zy,recursive
debug,1,278341,131,46,4990041,False,"[93, 26, 7, 0]",31,lib/tests/builtin/host-return.zy,original
debug,1,342998,131,46,5407537,False,"[93, 26, 7, 0]",31,lib/tests/builtin/host-return.zy,jobs
debug,1,315836,131,46,5841625,False,"[93, 26, 7, 0]",31,lib/tests/builtin/host-return.zy,explicit
debug,1,316253,131,57,5209325,True,"[66, 24, 7, 8]",0,lib/tests/builtin/host-return.zy,original
debug,1,300581,131,57,4793004,True,"[66, 24, 7, 8]",0,lib/tests/builtin/host-return.zy,jobs
debug,1,321492,131,57,5529751,True,"[66, 24, 7, 8]",0,lib/tests/builtin/host-return.zy,explicit
debug,1,344083,131,57,5489206,True,"[66, 24, 7, 8]",0,lib/tests/builtin/host-return.zy,recursive
debug,1,357084,131,57,5157289,True,"[66, 24, 7, 8]",1,lib/tests/builtin/host-return.zy,jobs
debug,1,341951,131,57,5451793,True,"[66, 24, 7, 8]",1,lib/tests/builtin/host-return.zy,explicit
debug,1,451582,131,57,5955038,True,"[66, 24, 7, 8]",1,lib/tests/builtin/host-return.zy,recursive
debug,1,362296,131,57,5552916,True,"[66, 24, 7, 8]",1,lib/tests/builtin/host-return.zy,original
debug,1,401083,131,57,5991210,True,"[66, 24, 7, 8]",2,lib/tests/builtin/host-return.zy,explicit
debug,1,456838,131,57,6137629,True,"[66, 24, 7, 8]",2,lib/tests/builtin/host-return.zy,recursive
debug,1,376798,131,57,5990960,True,"[66, 24, 7, 8]",2,lib/tests/builtin/host-return.zy,original
debug,1,401084,131,57,5976374,True,"[66, 24, 7, 8]",2,lib/tests/builtin/host-return.zy,jobs
debug,1,316294,131,57,5340746,True,"[66, 24, 7, 8]",3,lib/tests/builtin/host-return.zy,recursive
debug,1,310250,131,57,4960836,True,"[66, 24, 7, 8]",3,lib/tests/builtin/host-return.zy,original
debug,1,323752,131,57,5107290,True,"[66, 24, 7, 8]",3,lib/tests/builtin/host-return.zy,jobs
debug,1,288786,131,57,5193249,True,"[66, 24, 7, 8]",3,lib/tests/builtin/host-return.zy,explicit
debug,1,291292,131,57,4883331,True,"[66, 24, 7, 8]",4,lib/tests/builtin/host-return.zy,original
debug,1,291294,131,57,4903917,True,"[66, 24, 7, 8]",4,lib/tests/builtin/host-return.zy,jobs
debug,1,307370,131,57,5420625,True,"[66, 24, 7, 8]",4,lib/tests/builtin/host-return.zy,explicit
debug,1,344250,131,57,5352129,True,"[66, 24, 7, 8]",4,lib/tests/builtin/host-return.zy,recursive
debug,1,295582,131,57,4830629,True,"[66, 24, 7, 8]",5,lib/tests/builtin/host-return.zy,jobs
debug,1,356958,131,57,5280547,True,"[66, 24, 7, 8]",5,lib/tests/builtin/host-return.zy,explicit
debug,1,310917,131,57,5161626,True,"[66, 24, 7, 8]",5,lib/tests/builtin/host-return.zy,recursive
debug,1,303162,131,57,4951084,True,"[66, 24, 7, 8]",5,lib/tests/builtin/host-return.zy,original
debug,1,292378,131,57,5247252,True,"[66, 24, 7, 8]",6,lib/tests/builtin/host-return.zy,explicit
debug,1,291541,131,57,5148293,True,"[66, 24, 7, 8]",6,lib/tests/builtin/host-return.zy,recursive
debug,1,300960,131,57,5003833,True,"[66, 24, 7, 8]",6,lib/tests/builtin/host-return.zy,original
debug,1,285956,131,57,4826501,True,"[66, 24, 7, 8]",6,lib/tests/builtin/host-return.zy,jobs
debug,1,285876,131,57,5048666,True,"[66, 24, 7, 8]",7,lib/tests/builtin/host-return.zy,recursive
debug,1,303751,131,57,5060874,True,"[66, 24, 7, 8]",7,lib/tests/builtin/host-return.zy,original
debug,1,319502,131,57,4941621,True,"[66, 24, 7, 8]",7,lib/tests/builtin/host-return.zy,jobs
debug,1,288872,131,57,5161961,True,"[66, 24, 7, 8]",7,lib/tests/builtin/host-return.zy,explicit
debug,1,286711,131,57,4868666,True,"[66, 24, 7, 8]",8,lib/tests/builtin/host-return.zy,original
debug,1,282171,131,57,4809461,True,"[66, 24, 7, 8]",8,lib/tests/builtin/host-return.zy,jobs
debug,1,379960,131,57,5317621,True,"[66, 24, 7, 8]",8,lib/tests/builtin/host-return.zy,explicit
debug,1,294920,131,57,5067128,True,"[66, 24, 7, 8]",8,lib/tests/builtin/host-return.zy,recursive
debug,1,299881,131,57,4815497,True,"[66, 24, 7, 8]",9,lib/tests/builtin/host-return.zy,jobs
debug,1,296251,131,57,5238584,True,"[66, 24, 7, 8]",9,lib/tests/builtin/host-return.zy,explicit
debug,1,303462,131,57,5131040,True,"[66, 24, 7, 8]",9,lib/tests/builtin/host-return.zy,recursive
debug,1,287796,131,57,4843832,True,"[66, 24, 7, 8]",9,lib/tests/builtin/host-return.zy,original
debug,1,293502,131,57,5226000,True,"[66, 24, 7, 8]",10,lib/tests/builtin/host-return.zy,explicit
debug,1,288788,131,57,5099790,True,"[66, 24, 7, 8]",10,lib/tests/builtin/host-return.zy,recursive
debug,1,321506,131,57,5124083,True,"[66, 24, 7, 8]",10,lib/tests/builtin/host-return.zy,original
debug,1,290626,131,57,4802459,True,"[66, 24, 7, 8]",10,lib/tests/builtin/host-return.zy,jobs
debug,1,289205,131,57,5102043,True,"[66, 24, 7, 8]",11,lib/tests/builtin/host-return.zy,recursive
debug,1,308292,131,57,5104377,True,"[66, 24, 7, 8]",11,lib/tests/builtin/host-return.zy,original
debug,1,298541,131,57,4814916,True,"[66, 24, 7, 8]",11,lib/tests/builtin/host-return.zy,jobs
debug,1,343411,131,57,5830920,True,"[66, 24, 7, 8]",11,lib/tests/builtin/host-return.zy,explicit
debug,1,300456,131,57,5006125,True,"[66, 24, 7, 8]",12,lib/tests/builtin/host-return.zy,original
debug,1,290957,131,57,4922834,True,"[66, 24, 7, 8]",12,lib/tests/builtin/host-return.zy,jobs
debug,1,326247,131,57,5430340,True,"[66, 24, 7, 8]",12,lib/tests/builtin/host-return.zy,explicit
debug,1,287919,131,57,5046337,True,"[66, 24, 7, 8]",12,lib/tests/builtin/host-return.zy,recursive
debug,1,288250,131,57,4801085,True,"[66, 24, 7, 8]",13,lib/tests/builtin/host-return.zy,jobs
debug,1,287586,131,57,5167174,True,"[66, 24, 7, 8]",13,lib/tests/builtin/host-return.zy,explicit
debug,1,285915,131,57,5050584,True,"[66, 24, 7, 8]",13,lib/tests/builtin/host-return.zy,recursive
debug,1,291002,131,57,4904584,True,"[66, 24, 7, 8]",13,lib/tests/builtin/host-return.zy,original
debug,1,295169,131,57,5217000,True,"[66, 24, 7, 8]",14,lib/tests/builtin/host-return.zy,explicit
debug,1,294040,131,57,5090627,True,"[66, 24, 7, 8]",14,lib/tests/builtin/host-return.zy,recursive
debug,1,295415,131,57,4875089,True,"[66, 24, 7, 8]",14,lib/tests/builtin/host-return.zy,original
debug,1,285081,131,57,4809458,True,"[66, 24, 7, 8]",14,lib/tests/builtin/host-return.zy,jobs
debug,1,290378,131,57,5077379,True,"[66, 24, 7, 8]",15,lib/tests/builtin/host-return.zy,recursive
debug,1,287501,131,57,4855665,True,"[66, 24, 7, 8]",15,lib/tests/builtin/host-return.zy,original
debug,1,285750,131,57,4768708,True,"[66, 24, 7, 8]",15,lib/tests/builtin/host-return.zy,jobs
debug,1,290957,131,57,5293252,True,"[66, 24, 7, 8]",15,lib/tests/builtin/host-return.zy,explicit
debug,1,288915,131,57,4946791,True,"[66, 24, 7, 8]",16,lib/tests/builtin/host-return.zy,original
debug,1,282374,131,57,4757165,True,"[66, 24, 7, 8]",16,lib/tests/builtin/host-return.zy,jobs
debug,1,285290,131,57,5149705,True,"[66, 24, 7, 8]",16,lib/tests/builtin/host-return.zy,explicit
debug,1,303586,131,57,5130292,True,"[66, 24, 7, 8]",16,lib/tests/builtin/host-return.zy,recursive
debug,1,280833,131,57,4768332,True,"[66, 24, 7, 8]",17,lib/tests/builtin/host-return.zy,jobs
debug,1,287791,131,57,5263333,True,"[66, 24, 7, 8]",17,lib/tests/builtin/host-return.zy,explicit
debug,1,287961,131,57,5067960,True,"[66, 24, 7, 8]",17,lib/tests/builtin/host-return.zy,recursive
debug,1,285548,131,57,4858589,True,"[66, 24, 7, 8]",17,lib/tests/builtin/host-return.zy,original
debug,1,287622,131,57,5171668,True,"[66, 24, 7, 8]",18,lib/tests/builtin/host-return.zy,explicit
debug,1,286129,131,57,5031418,True,"[66, 24, 7, 8]",18,lib/tests/builtin/host-return.zy,recursive
debug,1,285373,131,57,4855170,True,"[66, 24, 7, 8]",18,lib/tests/builtin/host-return.zy,original
debug,1,279125,131,57,4760293,True,"[66, 24, 7, 8]",18,lib/tests/builtin/host-return.zy,jobs
debug,1,291498,131,57,5234125,True,"[66, 24, 7, 8]",19,lib/tests/builtin/host-return.zy,recursive
debug,1,298791,131,57,4921626,True,"[66, 24, 7, 8]",19,lib/tests/builtin/host-return.zy,original
debug,1,288039,131,57,4822127,True,"[66, 24, 7, 8]",19,lib/tests/builtin/host-return.zy,jobs
debug,1,292003,131,57,5248294,True,"[66, 24, 7, 8]",19,lib/tests/builtin/host-return.zy,explicit
debug,1,285497,131,57,4857084,True,"[66, 24, 7, 8]",20,lib/tests/builtin/host-return.zy,original
debug,1,287042,131,57,4831668,True,"[66, 24, 7, 8]",20,lib/tests/builtin/host-return.zy,jobs
debug,1,292416,131,57,5171039,True,"[66, 24, 7, 8]",20,lib/tests/builtin/host-return.zy,explicit
debug,1,294878,131,57,5124669,True,"[66, 24, 7, 8]",20,lib/tests/builtin/host-return.zy,recursive
debug,1,287414,131,57,4770254,True,"[66, 24, 7, 8]",21,lib/tests/builtin/host-return.zy,jobs
debug,1,285170,131,57,5152665,True,"[66, 24, 7, 8]",21,lib/tests/builtin/host-return.zy,explicit
debug,1,292708,131,57,5133206,True,"[66, 24, 7, 8]",21,lib/tests/builtin/host-return.zy,recursive
debug,1,297167,131,57,5082288,True,"[66, 24, 7, 8]",21,lib/tests/builtin/host-return.zy,original
debug,1,293123,131,57,5243251,True,"[66, 24, 7, 8]",22,lib/tests/builtin/host-return.zy,explicit
debug,1,301586,131,57,5255791,True,"[66, 24, 7, 8]",22,lib/tests/builtin/host-return.zy,recursive
debug,1,295419,131,57,5012503,True,"[66, 24, 7, 8]",22,lib/tests/builtin/host-return.zy,original
debug,1,294040,131,57,4905002,True,"[66, 24, 7, 8]",22,lib/tests/builtin/host-return.zy,jobs
debug,1,290414,131,57,5170207,True,"[66, 24, 7, 8]",23,lib/tests/builtin/host-return.zy,recursive
debug,1,285664,131,57,4826623,True,"[66, 24, 7, 8]",23,lib/tests/builtin/host-return.zy,original
debug,1,280665,131,57,4756000,True,"[66, 24, 7, 8]",23,lib/tests/builtin/host-return.zy,jobs
debug,1,286790,131,57,5152293,True,"[66, 24, 7, 8]",23,lib/tests/builtin/host-return.zy,explicit
debug,1,282788,131,57,4828673,True,"[66, 24, 7, 8]",24,lib/tests/builtin/host-return.zy,original
debug,1,292374,131,57,4904792,True,"[66, 24, 7, 8]",24,lib/tests/builtin/host-return.zy,jobs
debug,1,288417,131,57,5194838,True,"[66, 24, 7, 8]",24,lib/tests/builtin/host-return.zy,explicit
debug,1,294497,131,57,5171628,True,"[66, 24, 7, 8]",24,lib/tests/builtin/host-return.zy,recursive
debug,1,286710,131,57,4791041,True,"[66, 24, 7, 8]",25,lib/tests/builtin/host-return.zy,jobs
debug,1,285916,131,57,5152415,True,"[66, 24, 7, 8]",25,lib/tests/builtin/host-return.zy,explicit
debug,1,285502,131,57,5071667,True,"[66, 24, 7, 8]",25,lib/tests/builtin/host-return.zy,recursive
debug,1,300086,131,57,4990086,True,"[66, 24, 7, 8]",25,lib/tests/builtin/host-return.zy,original
debug,1,287458,131,57,5214459,True,"[66, 24, 7, 8]",26,lib/tests/builtin/host-return.zy,explicit
debug,1,284504,131,57,5025628,True,"[66, 24, 7, 8]",26,lib/tests/builtin/host-return.zy,recursive
debug,1,286127,131,57,4822875,True,"[66, 24, 7, 8]",26,lib/tests/builtin/host-return.zy,original
debug,1,286585,131,57,4765001,True,"[66, 24, 7, 8]",26,lib/tests/builtin/host-return.zy,jobs
debug,1,286668,131,57,5046125,True,"[66, 24, 7, 8]",27,lib/tests/builtin/host-return.zy,recursive
debug,1,287046,131,57,4897043,True,"[66, 24, 7, 8]",27,lib/tests/builtin/host-return.zy,original
debug,1,294170,131,57,4949748,True,"[66, 24, 7, 8]",27,lib/tests/builtin/host-return.zy,jobs
debug,1,296918,131,57,5196870,True,"[66, 24, 7, 8]",27,lib/tests/builtin/host-return.zy,explicit
debug,1,289667,131,57,4842917,True,"[66, 24, 7, 8]",28,lib/tests/builtin/host-return.zy,original
debug,1,282001,131,57,4786706,True,"[66, 24, 7, 8]",28,lib/tests/builtin/host-return.zy,jobs
debug,1,287088,131,57,5170126,True,"[66, 24, 7, 8]",28,lib/tests/builtin/host-return.zy,explicit
debug,1,283833,131,57,5045421,True,"[66, 24, 7, 8]",28,lib/tests/builtin/host-return.zy,recursive
debug,1,283798,131,57,4798420,True,"[66, 24, 7, 8]",29,lib/tests/builtin/host-return.zy,jobs
debug,1,284631,131,57,5169208,True,"[66, 24, 7, 8]",29,lib/tests/builtin/host-return.zy,explicit
debug,1,291794,131,57,5135743,True,"[66, 24, 7, 8]",29,lib/tests/builtin/host-return.zy,recursive
debug,1,287251,131,57,4848915,True,"[66, 24, 7, 8]",29,lib/tests/builtin/host-return.zy,original
debug,1,290791,131,57,5178959,True,"[66, 24, 7, 8]",30,lib/tests/builtin/host-return.zy,explicit
debug,1,285288,131,57,5021298,True,"[66, 24, 7, 8]",30,lib/tests/builtin/host-return.zy,recursive
debug,1,292580,131,57,4874794,True,"[66, 24, 7, 8]",30,lib/tests/builtin/host-return.zy,original
debug,1,289376,131,57,4853131,True,"[66, 24, 7, 8]",30,lib/tests/builtin/host-return.zy,jobs
debug,1,312334,131,57,5162251,True,"[66, 24, 7, 8]",31,lib/tests/builtin/host-return.zy,recursive
debug,1,303038,131,57,5019253,True,"[66, 24, 7, 8]",31,lib/tests/builtin/host-return.zy,original
debug,1,280705,131,57,4753415,True,"[66, 24, 7, 8]",31,lib/tests/builtin/host-return.zy,jobs
debug,1,290378,131,57,5146916,True,"[66, 24, 7, 8]",31,lib/tests/builtin/host-return.zy,explicit
debug,1,235416,692,7,4500916,False,"[525, 160, 38, 0]",0,lib/tests/builtin/host-runtime.zy,original
debug,1,238125,692,7,4450041,False,"[525, 160, 38, 0]",0,lib/tests/builtin/host-runtime.zy,jobs
debug,1,235624,692,7,4911875,False,"[525, 160, 38, 0]",0,lib/tests/builtin/host-runtime.zy,explicit
debug,1,227292,692,7,4732208,False,"[525, 160, 38, 0]",0,lib/tests/builtin/host-runtime.zy,recursive
debug,1,229000,692,7,4415625,False,"[525, 160, 38, 0]",1,lib/tests/builtin/host-runtime.zy,jobs
debug,1,232918,692,7,4925792,False,"[525, 160, 38, 0]",1,lib/tests/builtin/host-runtime.zy,explicit
debug,1,242876,692,7,4982544,False,"[525, 160, 38, 0]",1,lib/tests/builtin/host-runtime.zy,recursive
debug,1,231959,692,7,4564832,False,"[525, 160, 38, 0]",1,lib/tests/builtin/host-runtime.zy,original
debug,1,256668,692,7,5003083,False,"[525, 160, 38, 0]",2,lib/tests/builtin/host-runtime.zy,explicit
debug,1,230125,692,7,4770708,False,"[525, 160, 38, 0]",2,lib/tests/builtin/host-runtime.zy,recursive
debug,1,227791,692,7,4520792,False,"[525, 160, 38, 0]",2,lib/tests/builtin/host-runtime.zy,original
debug,1,233167,692,7,4513457,False,"[525, 160, 38, 0]",2,lib/tests/builtin/host-runtime.zy,jobs
debug,1,232084,692,7,4859458,False,"[525, 160, 38, 0]",3,lib/tests/builtin/host-runtime.zy,recursive
debug,1,252791,692,7,4738333,False,"[525, 160, 38, 0]",3,lib/tests/builtin/host-runtime.zy,original
debug,1,234750,692,7,4453958,False,"[525, 160, 38, 0]",3,lib/tests/builtin/host-runtime.zy,jobs
debug,1,232250,692,7,4910583,False,"[525, 160, 38, 0]",3,lib/tests/builtin/host-runtime.zy,explicit
debug,1,241875,692,7,4564375,False,"[525, 160, 38, 0]",4,lib/tests/builtin/host-runtime.zy,original
debug,1,251583,692,7,4485833,False,"[525, 160, 38, 0]",4,lib/tests/builtin/host-runtime.zy,jobs
debug,1,258042,692,7,4934208,False,"[525, 160, 38, 0]",4,lib/tests/builtin/host-runtime.zy,explicit
debug,1,245000,692,7,4779749,False,"[525, 160, 38, 0]",4,lib/tests/builtin/host-runtime.zy,recursive
debug,1,231958,692,7,4526208,False,"[525, 160, 38, 0]",5,lib/tests/builtin/host-runtime.zy,jobs
debug,1,235333,692,7,5024457,False,"[525, 160, 38, 0]",5,lib/tests/builtin/host-runtime.zy,explicit
debug,1,238083,692,7,4794501,False,"[525, 160, 38, 0]",5,lib/tests/builtin/host-runtime.zy,recursive
debug,1,247208,692,7,4621833,False,"[525, 160, 38, 0]",5,lib/tests/builtin/host-runtime.zy,original
debug,1,238918,692,7,5048833,False,"[525, 160, 38, 0]",6,lib/tests/builtin/host-runtime.zy,explicit
debug,1,248583,692,7,4933293,False,"[525, 160, 38, 0]",6,lib/tests/builtin/host-runtime.zy,recursive
debug,1,233792,692,7,4584042,False,"[525, 160, 38, 0]",6,lib/tests/builtin/host-runtime.zy,original
debug,1,229666,692,7,4486124,False,"[525, 160, 38, 0]",6,lib/tests/builtin/host-runtime.zy,jobs
debug,1,239918,692,7,4914501,False,"[525, 160, 38, 0]",7,lib/tests/builtin/host-runtime.zy,recursive
debug,1,231708,692,7,4532792,False,"[525, 160, 38, 0]",7,lib/tests/builtin/host-runtime.zy,original
debug,1,236208,692,7,4483626,False,"[525, 160, 38, 0]",7,lib/tests/builtin/host-runtime.zy,jobs
debug,1,239500,692,7,4977417,False,"[525, 160, 38, 0]",7,lib/tests/builtin/host-runtime.zy,explicit
debug,1,236084,692,7,4560792,False,"[525, 160, 38, 0]",8,lib/tests/builtin/host-runtime.zy,original
debug,1,230167,692,7,4510500,False,"[525, 160, 38, 0]",8,lib/tests/builtin/host-runtime.zy,jobs
debug,1,231415,692,7,4927624,False,"[525, 160, 38, 0]",8,lib/tests/builtin/host-runtime.zy,explicit
debug,1,228168,692,7,4762833,False,"[525, 160, 38, 0]",8,lib/tests/builtin/host-runtime.zy,recursive
debug,1,228999,692,7,4421334,False,"[525, 160, 38, 0]",9,lib/tests/builtin/host-runtime.zy,jobs
debug,1,231835,692,7,4918668,False,"[525, 160, 38, 0]",9,lib/tests/builtin/host-runtime.zy,explicit
debug,1,234041,692,7,4793210,False,"[525, 160, 38, 0]",9,lib/tests/builtin/host-runtime.zy,recursive
debug,1,233457,692,7,4530374,False,"[525, 160, 38, 0]",9,lib/tests/builtin/host-runtime.zy,original
debug,1,229583,692,7,4869000,False,"[525, 160, 38, 0]",10,lib/tests/builtin/host-runtime.zy,explicit
debug,1,229375,692,7,4773293,False,"[525, 160, 38, 0]",10,lib/tests/builtin/host-runtime.zy,recursive
debug,1,234457,692,7,4641292,False,"[525, 160, 38, 0]",10,lib/tests/builtin/host-runtime.zy,original
debug,1,234793,692,7,4464459,False,"[525, 160, 38, 0]",10,lib/tests/builtin/host-runtime.zy,jobs
debug,1,231251,692,7,4752917,False,"[525, 160, 38, 0]",11,lib/tests/builtin/host-runtime.zy,recursive
debug,1,234959,692,7,4625458,False,"[525, 160, 38, 0]",11,lib/tests/builtin/host-runtime.zy,original
debug,1,235876,692,7,4466876,False,"[525, 160, 38, 0]",11,lib/tests/builtin/host-runtime.zy,jobs
debug,1,233249,692,7,4905499,False,"[525, 160, 38, 0]",11,lib/tests/builtin/host-runtime.zy,explicit
debug,1,231834,692,7,4537457,False,"[525, 160, 38, 0]",12,lib/tests/builtin/host-runtime.zy,original
debug,1,234126,692,7,4473834,False,"[525, 160, 38, 0]",12,lib/tests/builtin/host-runtime.zy,jobs
debug,1,239708,692,7,4854168,False,"[525, 160, 38, 0]",12,lib/tests/builtin/host-runtime.zy,explicit
debug,1,237459,692,7,4809875,False,"[525, 160, 38, 0]",12,lib/tests/builtin/host-runtime.zy,recursive
debug,1,239334,692,7,4568168,False,"[525, 160, 38, 0]",13,lib/tests/builtin/host-runtime.zy,jobs
debug,1,228293,692,7,4913542,False,"[525, 160, 38, 0]",13,lib/tests/builtin/host-runtime.zy,explicit
debug,1,227666,692,7,4738792,False,"[525, 160, 38, 0]",13,lib/tests/builtin/host-runtime.zy,recursive
debug,1,244790,692,7,4654958,False,"[525, 160, 38, 0]",13,lib/tests/builtin/host-runtime.zy,original
debug,1,240750,692,7,4929417,False,"[525, 160, 38, 0]",14,lib/tests/builtin/host-runtime.zy,explicit
debug,1,237417,692,7,4752291,False,"[525, 160, 38, 0]",14,lib/tests/builtin/host-runtime.zy,recursive
debug,1,232293,692,7,4545833,False,"[525, 160, 38, 0]",14,lib/tests/builtin/host-runtime.zy,original
debug,1,230707,692,7,4397377,False,"[525, 160, 38, 0]",14,lib/tests/builtin/host-runtime.zy,jobs
debug,1,230250,692,7,4803833,False,"[525, 160, 38, 0]",15,lib/tests/builtin/host-runtime.zy,recursive
debug,1,230082,692,7,4507082,False,"[525, 160, 38, 0]",15,lib/tests/builtin/host-runtime.zy,original
debug,1,232625,692,7,4446083,False,"[525, 160, 38, 0]",15,lib/tests/builtin/host-runtime.zy,jobs
debug,1,235082,692,7,4890959,False,"[525, 160, 38, 0]",15,lib/tests/builtin/host-runtime.zy,explicit
debug,1,230792,692,7,4536000,False,"[525, 160, 38, 0]",16,lib/tests/builtin/host-runtime.zy,original
debug,1,229457,692,7,4408499,False,"[525, 160, 38, 0]",16,lib/tests/builtin/host-runtime.zy,jobs
debug,1,246376,692,7,4963083,False,"[525, 160, 38, 0]",16,lib/tests/builtin/host-runtime.zy,explicit
debug,1,229249,692,7,4779416,False,"[525, 160, 38, 0]",16,lib/tests/builtin/host-runtime.zy,recursive
debug,1,237460,692,7,4561582,False,"[525, 160, 38, 0]",17,lib/tests/builtin/host-runtime.zy,jobs
debug,1,229833,692,7,4899250,False,"[525, 160, 38, 0]",17,lib/tests/builtin/host-runtime.zy,explicit
debug,1,240626,692,7,4775415,False,"[525, 160, 38, 0]",17,lib/tests/builtin/host-runtime.zy,recursive
debug,1,230793,692,7,4588208,False,"[525, 160, 38, 0]",17,lib/tests/builtin/host-runtime.zy,original
debug,1,227832,692,7,4826252,False,"[525, 160, 38, 0]",18,lib/tests/builtin/host-runtime.zy,explicit
debug,1,230708,692,7,4749794,False,"[525, 160, 38, 0]",18,lib/tests/builtin/host-runtime.zy,recursive
debug,1,238583,692,7,4576960,False,"[525, 160, 38, 0]",18,lib/tests/builtin/host-runtime.zy,original
debug,1,235541,692,7,4427167,False,"[525, 160, 38, 0]",18,lib/tests/builtin/host-runtime.zy,jobs
debug,1,230415,692,7,4769958,False,"[525, 160, 38, 0]",19,lib/tests/builtin/host-runtime.zy,recursive
debug,1,228876,692,7,4493625,False,"[525, 160, 38, 0]",19,lib/tests/builtin/host-runtime.zy,original
debug,1,227667,692,7,4406959,False,"[525, 160, 38, 0]",19,lib/tests/builtin/host-runtime.zy,jobs
debug,1,228125,692,7,4914959,False,"[525, 160, 38, 0]",19,lib/tests/builtin/host-runtime.zy,explicit
debug,1,229333,692,7,4546458,False,"[525, 160, 38, 0]",20,lib/tests/builtin/host-runtime.zy,original
debug,1,242457,692,7,4525581,False,"[525, 160, 38, 0]",20,lib/tests/builtin/host-runtime.zy,jobs
debug,1,226460,692,7,4854457,False,"[525, 160, 38, 0]",20,lib/tests/builtin/host-runtime.zy,explicit
debug,1,233460,692,7,4725751,False,"[525, 160, 38, 0]",20,lib/tests/builtin/host-runtime.zy,recursive
debug,1,234458,692,7,4458998,False,"[525, 160, 38, 0]",21,lib/tests/builtin/host-runtime.zy,jobs
debug,1,233959,692,7,4865668,False,"[525, 160, 38, 0]",21,lib/tests/builtin/host-runtime.zy,explicit
debug,1,235625,692,7,4755001,False,"[525, 160, 38, 0]",21,lib/tests/builtin/host-runtime.zy,recursive
debug,1,232998,692,7,4558041,False,"[525, 160, 38, 0]",21,lib/tests/builtin/host-runtime.zy,original
debug,1,232125,692,7,4972626,False,"[525, 160, 38, 0]",22,lib/tests/builtin/host-runtime.zy,explicit
debug,1,227040,692,7,4730749,False,"[525, 160, 38, 0]",22,lib/tests/builtin/host-runtime.zy,recursive
debug,1,240418,692,7,4553209,False,"[525, 160, 38, 0]",22,lib/tests/builtin/host-runtime.zy,original
debug,1,233085,692,7,4415209,False,"[525, 160, 38, 0]",22,lib/tests/builtin/host-runtime.zy,jobs
debug,1,230458,692,7,4766915,False,"[525, 160, 38, 0]",23,lib/tests/builtin/host-runtime.zy,recursive
debug,1,227916,692,7,4526875,False,"[525, 160, 38, 0]",23,lib/tests/builtin/host-runtime.zy,original
debug,1,233376,692,7,4465958,False,"[525, 160, 38, 0]",23,lib/tests/builtin/host-runtime.zy,jobs
debug,1,237835,692,7,4888667,False,"[525, 160, 38, 0]",23,lib/tests/builtin/host-runtime.zy,explicit
debug,1,232166,692,7,4508374,False,"[525, 160, 38, 0]",24,lib/tests/builtin/host-runtime.zy,original
debug,1,244334,692,7,4459792,False,"[525, 160, 38, 0]",24,lib/tests/builtin/host-runtime.zy,jobs
debug,1,229418,692,7,4965708,False,"[525, 160, 38, 0]",24,lib/tests/builtin/host-runtime.zy,explicit
debug,1,243667,692,7,4809125,False,"[525, 160, 38, 0]",24,lib/tests/builtin/host-runtime.zy,recursive
debug,1,228917,692,7,4410209,False,"[525, 160, 38, 0]",25,lib/tests/builtin/host-runtime.zy,jobs
debug,1,226208,692,7,4859126,False,"[525, 160, 38, 0]",25,lib/tests/builtin/host-runtime.zy,explicit
debug,1,227292,692,7,4731791,False,"[525, 160, 38, 0]",25,lib/tests/builtin/host-runtime.zy,recursive
debug,1,226335,692,7,4503125,False,"[525, 160, 38, 0]",25,lib/tests/builtin/host-runtime.zy,original
debug,1,225667,692,7,4855541,False,"[525, 160, 38, 0]",26,lib/tests/builtin/host-runtime.zy,explicit
debug,1,226251,692,7,4710791,False,"[525, 160, 38, 0]",26,lib/tests/builtin/host-runtime.zy,recursive
debug,1,234169,692,7,4559751,False,"[525, 160, 38, 0]",26,lib/tests/builtin/host-runtime.zy,original
debug,1,242958,692,7,4569874,False,"[525, 160, 38, 0]",26,lib/tests/builtin/host-runtime.zy,jobs
debug,1,229959,692,7,4736001,False,"[525, 160, 38, 0]",27,lib/tests/builtin/host-runtime.zy,recursive
debug,1,242250,692,7,4589084,False,"[525, 160, 38, 0]",27,lib/tests/builtin/host-runtime.zy,original
debug,1,233790,692,7,4418001,False,"[525, 160, 38, 0]",27,lib/tests/builtin/host-runtime.zy,jobs
debug,1,229584,692,7,4877584,False,"[525, 160, 38, 0]",27,lib/tests/builtin/host-runtime.zy,explicit
debug,1,229043,692,7,4512000,False,"[525, 160, 38, 0]",28,lib/tests/builtin/host-runtime.zy,original
debug,1,234626,692,7,4498293,False,"[525, 160, 38, 0]",28,lib/tests/builtin/host-runtime.zy,jobs
debug,1,231999,692,7,4870750,False,"[525, 160, 38, 0]",28,lib/tests/builtin/host-runtime.zy,explicit
debug,1,231500,692,7,4737752,False,"[525, 160, 38, 0]",28,lib/tests/builtin/host-runtime.zy,recursive
debug,1,247209,692,7,4552374,False,"[525, 160, 38, 0]",29,lib/tests/builtin/host-runtime.zy,jobs
debug,1,247332,692,7,4895125,False,"[525, 160, 38, 0]",29,lib/tests/builtin/host-runtime.zy,explicit
debug,1,229835,692,7,4745335,False,"[525, 160, 38, 0]",29,lib/tests/builtin/host-runtime.zy,recursive
debug,1,228918,692,7,4565835,False,"[525, 160, 38, 0]",29,lib/tests/builtin/host-runtime.zy,original
debug,1,232582,692,7,4915125,False,"[525, 160, 38, 0]",30,lib/tests/builtin/host-runtime.zy,explicit
debug,1,238333,692,7,4747874,False,"[525, 160, 38, 0]",30,lib/tests/builtin/host-runtime.zy,recursive
debug,1,289542,692,7,4777165,False,"[525, 160, 38, 0]",30,lib/tests/builtin/host-runtime.zy,original
debug,1,280918,692,7,4730417,False,"[525, 160, 38, 0]",30,lib/tests/builtin/host-runtime.zy,jobs
debug,1,242459,692,7,4863876,False,"[525, 160, 38, 0]",31,lib/tests/builtin/host-runtime.zy,recursive
debug,1,246334,692,7,4630249,False,"[525, 160, 38, 0]",31,lib/tests/builtin/host-runtime.zy,original
debug,1,233458,692,7,4481792,False,"[525, 160, 38, 0]",31,lib/tests/builtin/host-runtime.zy,jobs
debug,1,230833,692,7,4917416,False,"[525, 160, 38, 0]",31,lib/tests/builtin/host-runtime.zy,explicit
debug,1,267874,692,10,4806540,True,"[383, 160, 38, 39]",0,lib/tests/builtin/host-runtime.zy,original
debug,1,291334,692,10,4665375,True,"[383, 160, 38, 39]",0,lib/tests/builtin/host-runtime.zy,jobs
debug,1,263582,692,10,5080917,True,"[383, 160, 38, 39]",0,lib/tests/builtin/host-runtime.zy,explicit
debug,1,259791,692,10,4891250,True,"[383, 160, 38, 39]",0,lib/tests/builtin/host-runtime.zy,recursive
debug,1,274833,692,10,4678874,True,"[383, 160, 38, 39]",1,lib/tests/builtin/host-runtime.zy,jobs
debug,1,276794,692,10,5089875,True,"[383, 160, 38, 39]",1,lib/tests/builtin/host-runtime.zy,explicit
debug,1,259207,692,10,4947833,True,"[383, 160, 38, 39]",1,lib/tests/builtin/host-runtime.zy,recursive
debug,1,266750,692,10,4772043,True,"[383, 160, 38, 39]",1,lib/tests/builtin/host-runtime.zy,original
debug,1,261957,692,10,5099584,True,"[383, 160, 38, 39]",2,lib/tests/builtin/host-runtime.zy,explicit
debug,1,295749,692,10,4970334,True,"[383, 160, 38, 39]",2,lib/tests/builtin/host-runtime.zy,recursive
debug,1,260208,692,10,4729460,True,"[383, 160, 38, 39]",2,lib/tests/builtin/host-runtime.zy,original
debug,1,264710,692,10,4599626,True,"[383, 160, 38, 39]",2,lib/tests/builtin/host-runtime.zy,jobs
debug,1,258334,692,10,4921458,True,"[383, 160, 38, 39]",3,lib/tests/builtin/host-runtime.zy,recursive
debug,1,257085,692,10,4693124,True,"[383, 160, 38, 39]",3,lib/tests/builtin/host-runtime.zy,original
debug,1,260167,692,10,4721083,True,"[383, 160, 38, 39]",3,lib/tests/builtin/host-runtime.zy,jobs
debug,1,275500,692,10,5327542,True,"[383, 160, 38, 39]",3,lib/tests/builtin/host-runtime.zy,explicit
debug,1,327542,692,10,5825043,True,"[383, 160, 38, 39]",4,lib/tests/builtin/host-runtime.zy,original
debug,1,393126,692,10,5707585,True,"[383, 160, 38, 39]",4,lib/tests/builtin/host-runtime.zy,jobs
debug,1,365291,692,10,5892584,True,"[383, 160, 38, 39]",4,lib/tests/builtin/host-runtime.zy,explicit
debug,1,322791,692,10,5587374,True,"[383, 160, 38, 39]",4,lib/tests/builtin/host-runtime.zy,recursive
debug,1,323957,692,10,5266957,True,"[383, 160, 38, 39]",5,lib/tests/builtin/host-runtime.zy,jobs
debug,1,360084,692,10,5823624,True,"[383, 160, 38, 39]",5,lib/tests/builtin/host-runtime.zy,explicit
debug,1,356625,692,10,6490875,True,"[383, 160, 38, 39]",5,lib/tests/builtin/host-runtime.zy,recursive
debug,1,405207,692,10,5973542,True,"[383, 160, 38, 39]",5,lib/tests/builtin/host-runtime.zy,original
debug,1,354958,692,10,5973167,True,"[383, 160, 38, 39]",6,lib/tests/builtin/host-runtime.zy,explicit
debug,1,370002,692,10,5450584,True,"[383, 160, 38, 39]",6,lib/tests/builtin/host-runtime.zy,recursive
debug,1,288084,692,10,4945541,True,"[383, 160, 38, 39]",6,lib/tests/builtin/host-runtime.zy,original
debug,1,301291,692,10,4810372,True,"[383, 160, 38, 39]",6,lib/tests/builtin/host-runtime.zy,jobs
debug,1,277211,692,10,5031877,True,"[383, 160, 38, 39]",7,lib/tests/builtin/host-runtime.zy,recursive
debug,1,267000,692,10,4830876,True,"[383, 160, 38, 39]",7,lib/tests/builtin/host-runtime.zy,original
debug,1,274083,692,10,4731333,True,"[383, 160, 38, 39]",7,lib/tests/builtin/host-runtime.zy,jobs
debug,1,272208,692,10,5230376,True,"[383, 160, 38, 39]",7,lib/tests/builtin/host-runtime.zy,explicit
debug,1,267293,692,10,4787877,True,"[383, 160, 38, 39]",8,lib/tests/builtin/host-runtime.zy,original
debug,1,270957,692,10,4693708,True,"[383, 160, 38, 39]",8,lib/tests/builtin/host-runtime.zy,jobs
debug,1,280585,692,10,5195957,True,"[383, 160, 38, 39]",8,lib/tests/builtin/host-runtime.zy,explicit
debug,1,277625,692,10,4970292,True,"[383, 160, 38, 39]",8,lib/tests/builtin/host-runtime.zy,recursive
debug,1,261708,692,10,4619459,True,"[383, 160, 38, 39]",9,lib/tests/builtin/host-runtime.zy,jobs
debug,1,276791,692,10,5288418,True,"[383, 160, 38, 39]",9,lib/tests/builtin/host-runtime.zy,explicit
debug,1,269752,692,10,4942499,True,"[383, 160, 38, 39]",9,lib/tests/builtin/host-runtime.zy,recursive
debug,1,272919,692,10,4841084,True,"[383, 160, 38, 39]",9,lib/tests/builtin/host-runtime.zy,original
debug,1,260583,692,10,5028876,True,"[383, 160, 38, 39]",10,lib/tests/builtin/host-runtime.zy,explicit
debug,1,267248,692,10,5088458,True,"[383, 160, 38, 39]",10,lib/tests/builtin/host-runtime.zy,recursive
debug,1,261125,692,10,4734251,True,"[383, 160, 38, 39]",10,lib/tests/builtin/host-runtime.zy,original
debug,1,274499,692,10,4759874,True,"[383, 160, 38, 39]",10,lib/tests/builtin/host-runtime.zy,jobs
debug,1,273791,692,10,5021166,True,"[383, 160, 38, 39]",11,lib/tests/builtin/host-runtime.zy,recursive
debug,1,270541,692,10,4979626,True,"[383, 160, 38, 39]",11,lib/tests/builtin/host-runtime.zy,original
debug,1,342207,692,10,4843041,True,"[383, 160, 38, 39]",11,lib/tests/builtin/host-runtime.zy,jobs
debug,1,282251,692,10,5149126,True,"[383, 160, 38, 39]",11,lib/tests/builtin/host-runtime.zy,explicit
debug,1,268833,692,10,4729961,True,"[383, 160, 38, 39]",12,lib/tests/builtin/host-runtime.zy,original
debug,1,289000,692,10,4946708,True,"[383, 160, 38, 39]",12,lib/tests/builtin/host-runtime.zy,jobs
debug,1,267165,692,10,5142375,True,"[383, 160, 38, 39]",12,lib/tests/builtin/host-runtime.zy,explicit
debug,1,294626,692,10,4977790,True,"[383, 160, 38, 39]",12,lib/tests/builtin/host-runtime.zy,recursive
debug,1,271833,692,10,4751584,True,"[383, 160, 38, 39]",13,lib/tests/builtin/host-runtime.zy,jobs
debug,1,275249,692,10,5184041,True,"[383, 160, 38, 39]",13,lib/tests/builtin/host-runtime.zy,explicit
debug,1,282333,692,10,5079834,True,"[383, 160, 38, 39]",13,lib/tests/builtin/host-runtime.zy,recursive
debug,1,261083,692,10,4707416,True,"[383, 160, 38, 39]",13,lib/tests/builtin/host-runtime.zy,original
debug,1,257082,692,10,5102460,True,"[383, 160, 38, 39]",14,lib/tests/builtin/host-runtime.zy,explicit
debug,1,279456,692,10,5030626,True,"[383, 160, 38, 39]",14,lib/tests/builtin/host-runtime.zy,recursive
debug,1,263001,692,10,4744041,True,"[383, 160, 38, 39]",14,lib/tests/builtin/host-runtime.zy,original
debug,1,258166,692,10,4614336,True,"[383, 160, 38, 39]",14,lib/tests/builtin/host-runtime.zy,jobs
debug,1,257958,692,10,4936417,True,"[383, 160, 38, 39]",15,lib/tests/builtin/host-runtime.zy,recursive
debug,1,256751,692,10,4720127,True,"[383, 160, 38, 39]",15,lib/tests/builtin/host-runtime.zy,original
debug,1,260668,692,10,4693793,True,"[383, 160, 38, 39]",15,lib/tests/builtin/host-runtime.zy,jobs
debug,1,265042,692,10,5080625,True,"[383, 160, 38, 39]",15,lib/tests/builtin/host-runtime.zy,explicit
debug,1,264625,692,10,4724333,True,"[383, 160, 38, 39]",16,lib/tests/builtin/host-runtime.zy,original
debug,1,265582,692,10,4630459,True,"[383, 160, 38, 39]",16,lib/tests/builtin/host-runtime.zy,jobs
debug,1,276208,692,10,5284376,True,"[383, 160, 38, 39]",16,lib/tests/builtin/host-runtime.zy,explicit
debug,1,273791,692,10,5048375,True,"[383, 160, 38, 39]",16,lib/tests/builtin/host-runtime.zy,recursive
debug,1,260832,692,10,4700958,True,"[383, 160, 38, 39]",17,lib/tests/builtin/host-runtime.zy,jobs
debug,1,256542,692,10,5000541,True,"[383, 160, 38, 39]",17,lib/tests/builtin/host-runtime.zy,explicit
debug,1,256332,692,10,4886583,True,"[383, 160, 38, 39]",17,lib/tests/builtin/host-runtime.zy,recursive
debug,1,256999,692,10,4689085,True,"[383, 160, 38, 39]",17,lib/tests/builtin/host-runtime.zy,original
debug,1,261583,692,10,5072125,True,"[383, 160, 38, 39]",18,lib/tests/builtin/host-runtime.zy,explicit
debug,1,265959,692,10,4990708,True,"[383, 160, 38, 39]",18,lib/tests/builtin/host-runtime.zy,recursive
debug,1,278501,692,10,4733043,True,"[383, 160, 38, 39]",18,lib/tests/builtin/host-runtime.zy,original
debug,1,267999,692,10,4703625,True,"[383, 160, 38, 39]",18,lib/tests/builtin/host-runtime.zy,jobs
debug,1,255583,692,10,4919584,True,"[383, 160, 38, 39]",19,lib/tests/builtin/host-runtime.zy,recursive
debug,1,255125,692,10,4709334,True,"[383, 160, 38, 39]",19,lib/tests/builtin/host-runtime.zy,original
debug,1,291877,692,10,4641083,True,"[383, 160, 38, 39]",19,lib/tests/builtin/host-runtime.zy,jobs
debug,1,264416,692,10,5108293,True,"[383, 160, 38, 39]",19,lib/tests/builtin/host-runtime.zy,explicit
debug,1,257959,692,10,4680668,True,"[383, 160, 38, 39]",20,lib/tests/builtin/host-runtime.zy,original
debug,1,260541,692,10,4562335,True,"[383, 160, 38, 39]",20,lib/tests/builtin/host-runtime.zy,jobs
debug,1,260293,692,10,5003124,True,"[383, 160, 38, 39]",20,lib/tests/builtin/host-runtime.zy,explicit
debug,1,270750,692,10,4981918,True,"[383, 160, 38, 39]",20,lib/tests/builtin/host-runtime.zy,recursive
debug,1,264168,692,10,4640165,True,"[383, 160, 38, 39]",21,lib/tests/builtin/host-runtime.zy,jobs
debug,1,292999,692,10,5182125,True,"[383, 160, 38, 39]",21,lib/tests/builtin/host-runtime.zy,explicit
debug,1,283543,692,10,4976540,True,"[383, 160, 38, 39]",21,lib/tests/builtin/host-runtime.zy,recursive
debug,1,264250,692,10,4718211,True,"[383, 160, 38, 39]",21,lib/tests/builtin/host-runtime.zy,original
debug,1,259626,692,10,5082251,True,"[383, 160, 38, 39]",22,lib/tests/builtin/host-runtime.zy,explicit
debug,1,256544,692,10,4892167,True,"[383, 160, 38, 39]",22,lib/tests/builtin/host-runtime.zy,recursive
debug,1,257418,692,10,4697581,True,"[383, 160, 38, 39]",22,lib/tests/builtin/host-runtime.zy,original
debug,1,277042,692,10,4603251,True,"[383, 160, 38, 39]",22,lib/tests/builtin/host-runtime.zy,jobs
debug,1,273958,692,10,5031250,True,"[383, 160, 38, 39]",23,lib/tests/builtin/host-runtime.zy,recursive
debug,1,262623,692,10,4768793,True,"[383, 160, 38, 39]",23,lib/tests/builtin/host-runtime.zy,original
debug,1,255751,692,10,4608376,True,"[383, 160, 38, 39]",23,lib/tests/builtin/host-runtime.zy,jobs
debug,1,261957,692,10,5071249,True,"[383, 160, 38, 39]",23,lib/tests/builtin/host-runtime.zy,explicit
debug,1,263252,692,10,4730751,True,"[383, 160, 38, 39]",24,lib/tests/builtin/host-runtime.zy,original
debug,1,264793,692,10,4647543,True,"[383, 160, 38, 39]",24,lib/tests/builtin/host-runtime.zy,jobs
debug,1,261334,692,10,5070541,True,"[383, 160, 38, 39]",24,lib/tests/builtin/host-runtime.zy,explicit
debug,1,260915,692,10,5031752,True,"[383, 160, 38, 39]",24,lib/tests/builtin/host-runtime.zy,recursive
debug,1,329542,692,10,4767708,True,"[383, 160, 38, 39]",25,lib/tests/builtin/host-runtime.zy,jobs
debug,1,272250,692,10,5126458,True,"[383, 160, 38, 39]",25,lib/tests/builtin/host-runtime.zy,explicit
debug,1,263292,692,10,4953956,True,"[383, 160, 38, 39]",25,lib/tests/builtin/host-runtime.zy,recursive
debug,1,277416,692,10,4753167,True,"[383, 160, 38, 39]",25,lib/tests/builtin/host-runtime.zy,original
debug,1,257334,692,10,5036207,True,"[383, 160, 38, 39]",26,lib/tests/builtin/host-runtime.zy,explicit
debug,1,266415,692,10,5010793,True,"[383, 160, 38, 39]",26,lib/tests/builtin/host-runtime.zy,recursive
debug,1,269624,692,10,4790998,True,"[383, 160, 38, 39]",26,lib/tests/builtin/host-runtime.zy,original
debug,1,303041,692,10,4690416,True,"[383, 160, 38, 39]",26,lib/tests/builtin/host-runtime.zy,jobs
debug,1,256749,692,10,4895332,True,"[383, 160, 38, 39]",27,lib/tests/builtin/host-runtime.zy,recursive
debug,1,264710,692,10,4667458,True,"[383, 160, 38, 39]",27,lib/tests/builtin/host-runtime.zy,original
debug,1,260541,692,10,4617124,True,"[383, 160, 38, 39]",27,lib/tests/builtin/host-runtime.zy,jobs
debug,1,270498,692,10,5062751,True,"[383, 160, 38, 39]",27,lib/tests/builtin/host-runtime.zy,explicit
debug,1,268668,692,10,4719750,True,"[383, 160, 38, 39]",28,lib/tests/builtin/host-runtime.zy,original
debug,1,264374,692,10,4667417,True,"[383, 160, 38, 39]",28,lib/tests/builtin/host-runtime.zy,jobs
debug,1,261459,692,10,5114043,True,"[383, 160, 38, 39]",28,lib/tests/builtin/host-runtime.zy,explicit
debug,1,262460,692,10,4978708,True,"[383, 160, 38, 39]",28,lib/tests/builtin/host-runtime.zy,recursive
debug,1,269418,692,10,4698627,True,"[383, 160, 38, 39]",29,lib/tests/builtin/host-runtime.zy,jobs
debug,1,263959,692,10,5096375,True,"[383, 160, 38, 39]",29,lib/tests/builtin/host-runtime.zy,explicit
debug,1,259542,692,10,4918374,True,"[383, 160, 38, 39]",29,lib/tests/builtin/host-runtime.zy,recursive
debug,1,257251,692,10,4698165,True,"[383, 160, 38, 39]",29,lib/tests/builtin/host-runtime.zy,original
debug,1,261959,692,10,5015002,True,"[383, 160, 38, 39]",30,lib/tests/builtin/host-runtime.zy,explicit
debug,1,259249,692,10,4896460,True,"[383, 160, 38, 39]",30,lib/tests/builtin/host-runtime.zy,recursive
debug,1,270748,692,10,4996832,True,"[383, 160, 38, 39]",30,lib/tests/builtin/host-runtime.zy,original
debug,1,279500,692,10,4797501,True,"[383, 160, 38, 39]",30,lib/tests/builtin/host-runtime.zy,jobs
debug,1,273751,692,10,5001126,True,"[383, 160, 38, 39]",31,lib/tests/builtin/host-runtime.zy,recursive
debug,1,284666,692,10,4881957,True,"[383, 160, 38, 39]",31,lib/tests/builtin/host-runtime.zy,original
debug,1,261748,692,10,4713292,True,"[383, 160, 38, 39]",31,lib/tests/builtin/host-runtime.zy,jobs
debug,1,268751,692,10,5069542,True,"[383, 160, 38, 39]",31,lib/tests/builtin/host-runtime.zy,explicit
debug,1,247500,251,22,4733086,False,"[191, 52, 14, 0]",0,lib/tests/delimcc/reset-shift-k.zy,original
debug,1,254876,251,22,4664959,False,"[191, 52, 14, 0]",0,lib/tests/delimcc/reset-shift-k.zy,jobs
debug,1,255129,251,22,5191752,False,"[191, 52, 14, 0]",0,lib/tests/delimcc/reset-shift-k.zy,explicit
debug,1,253128,251,22,5085330,False,"[191, 52, 14, 0]",0,lib/tests/delimcc/reset-shift-k.zy,recursive
debug,1,260293,251,22,4966874,False,"[191, 52, 14, 0]",1,lib/tests/delimcc/reset-shift-k.zy,jobs
debug,1,257666,251,22,5239165,False,"[191, 52, 14, 0]",1,lib/tests/delimcc/reset-shift-k.zy,explicit
debug,1,250248,251,22,5026663,False,"[191, 52, 14, 0]",1,lib/tests/delimcc/reset-shift-k.zy,recursive
debug,1,253791,251,22,4865460,False,"[191, 52, 14, 0]",1,lib/tests/delimcc/reset-shift-k.zy,original
debug,1,255792,251,22,5255415,False,"[191, 52, 14, 0]",2,lib/tests/delimcc/reset-shift-k.zy,explicit
debug,1,262667,251,22,5130001,False,"[191, 52, 14, 0]",2,lib/tests/delimcc/reset-shift-k.zy,recursive
debug,1,250123,251,22,4739042,False,"[191, 52, 14, 0]",2,lib/tests/delimcc/reset-shift-k.zy,original
debug,1,251875,251,22,4664331,False,"[191, 52, 14, 0]",2,lib/tests/delimcc/reset-shift-k.zy,jobs
debug,1,249082,251,22,5017665,False,"[191, 52, 14, 0]",3,lib/tests/delimcc/reset-shift-k.zy,recursive
debug,1,250668,251,22,4742502,False,"[191, 52, 14, 0]",3,lib/tests/delimcc/reset-shift-k.zy,original
debug,1,248459,251,22,4640790,False,"[191, 52, 14, 0]",3,lib/tests/delimcc/reset-shift-k.zy,jobs
debug,1,249748,251,22,5084128,False,"[191, 52, 14, 0]",3,lib/tests/delimcc/reset-shift-k.zy,explicit
debug,1,247373,251,22,4722420,False,"[191, 52, 14, 0]",4,lib/tests/delimcc/reset-shift-k.zy,original
debug,1,282915,251,22,4664622,False,"[191, 52, 14, 0]",4,lib/tests/delimcc/reset-shift-k.zy,jobs
debug,1,249415,251,22,5150878,False,"[191, 52, 14, 0]",4,lib/tests/delimcc/reset-shift-k.zy,explicit
debug,1,246417,251,22,5007333,False,"[191, 52, 14, 0]",4,lib/tests/delimcc/reset-shift-k.zy,recursive
debug,1,258582,251,22,4638043,False,"[191, 52, 14, 0]",5,lib/tests/delimcc/reset-shift-k.zy,jobs
debug,1,248168,251,22,5135834,False,"[191, 52, 14, 0]",5,lib/tests/delimcc/reset-shift-k.zy,explicit
debug,1,249916,251,22,5048669,False,"[191, 52, 14, 0]",5,lib/tests/delimcc/reset-shift-k.zy,recursive
debug,1,250750,251,22,4831836,False,"[191, 52, 14, 0]",5,lib/tests/delimcc/reset-shift-k.zy,original
debug,1,250461,251,22,5141880,False,"[191, 52, 14, 0]",6,lib/tests/delimcc/reset-shift-k.zy,explicit
debug,1,249958,251,22,5002665,False,"[191, 52, 14, 0]",6,lib/tests/delimcc/reset-shift-k.zy,recursive
debug,1,246500,251,22,4733081,False,"[191, 52, 14, 0]",6,lib/tests/delimcc/reset-shift-k.zy,original
debug,1,250459,251,22,4636831,False,"[191, 52, 14, 0]",6,lib/tests/delimcc/reset-shift-k.zy,jobs
debug,1,248873,251,22,5011625,False,"[191, 52, 14, 0]",7,lib/tests/delimcc/reset-shift-k.zy,recursive
debug,1,265708,251,22,4883669,False,"[191, 52, 14, 0]",7,lib/tests/delimcc/reset-shift-k.zy,original
debug,1,254121,251,22,4666041,False,"[191, 52, 14, 0]",7,lib/tests/delimcc/reset-shift-k.zy,jobs
debug,1,248749,251,22,5186920,False,"[191, 52, 14, 0]",7,lib/tests/delimcc/reset-shift-k.zy,explicit
debug,1,260167,251,22,4794873,False,"[191, 52, 14, 0]",8,lib/tests/delimcc/reset-shift-k.zy,original
debug,1,252500,251,22,4644078,False,"[191, 52, 14, 0]",8,lib/tests/delimcc/reset-shift-k.zy,jobs
debug,1,288290,251,22,5137667,False,"[191, 52, 14, 0]",8,lib/tests/delimcc/reset-shift-k.zy,explicit
debug,1,248419,251,22,5007418,False,"[191, 52, 14, 0]",8,lib/tests/delimcc/reset-shift-k.zy,recursive
debug,1,247413,251,22,4666667,False,"[191, 52, 14, 0]",9,lib/tests/delimcc/reset-shift-k.zy,jobs
debug,1,251332,251,22,5084376,False,"[191, 52, 14, 0]",9,lib/tests/delimcc/reset-shift-k.zy,explicit
debug,1,247250,251,22,4978707,False,"[191, 52, 14, 0]",9,lib/tests/delimcc/reset-shift-k.zy,recursive
debug,1,246585,251,22,4747624,False,"[191, 52, 14, 0]",9,lib/tests/delimcc/reset-shift-k.zy,original
debug,1,256501,251,22,5136331,False,"[191, 52, 14, 0]",10,lib/tests/delimcc/reset-shift-k.zy,explicit
debug,1,248000,251,22,4964709,False,"[191, 52, 14, 0]",10,lib/tests/delimcc/reset-shift-k.zy,recursive
debug,1,247250,251,22,4726416,False,"[191, 52, 14, 0]",10,lib/tests/delimcc/reset-shift-k.zy,original
debug,1,245792,251,22,4631498,False,"[191, 52, 14, 0]",10,lib/tests/delimcc/reset-shift-k.zy,jobs
debug,1,245461,251,22,4924583,False,"[191, 52, 14, 0]",11,lib/tests/delimcc/reset-shift-k.zy,recursive
debug,1,247627,251,22,4758664,False,"[191, 52, 14, 0]",11,lib/tests/delimcc/reset-shift-k.zy,original
debug,1,257540,251,22,4733667,False,"[191, 52, 14, 0]",11,lib/tests/delimcc/reset-shift-k.zy,jobs
debug,1,251167,251,22,5134332,False,"[191, 52, 14, 0]",11,lib/tests/delimcc/reset-shift-k.zy,explicit
debug,1,248668,251,22,4892416,False,"[191, 52, 14, 0]",12,lib/tests/delimcc/reset-shift-k.zy,original
debug,1,249166,251,22,4657791,False,"[191, 52, 14, 0]",12,lib/tests/delimcc/reset-shift-k.zy,jobs
debug,1,247876,251,22,5143961,False,"[191, 52, 14, 0]",12,lib/tests/delimcc/reset-shift-k.zy,explicit
debug,1,254917,251,22,5094036,False,"[191, 52, 14, 0]",12,lib/tests/delimcc/reset-shift-k.zy,recursive
debug,1,247208,251,22,4616957,False,"[191, 52, 14, 0]",13,lib/tests/delimcc/reset-shift-k.zy,jobs
debug,1,247292,251,22,5089209,False,"[191, 52, 14, 0]",13,lib/tests/delimcc/reset-shift-k.zy,explicit
debug,1,248834,251,22,4981624,False,"[191, 52, 14, 0]",13,lib/tests/delimcc/reset-shift-k.zy,recursive
debug,1,251625,251,22,4787750,False,"[191, 52, 14, 0]",13,lib/tests/delimcc/reset-shift-k.zy,original
debug,1,252044,251,22,5091084,False,"[191, 52, 14, 0]",14,lib/tests/delimcc/reset-shift-k.zy,explicit
debug,1,247666,251,22,4985417,False,"[191, 52, 14, 0]",14,lib/tests/delimcc/reset-shift-k.zy,recursive
debug,1,248919,251,22,4755584,False,"[191, 52, 14, 0]",14,lib/tests/delimcc/reset-shift-k.zy,original
debug,1,264293,251,22,4637708,False,"[191, 52, 14, 0]",14,lib/tests/delimcc/reset-shift-k.zy,jobs
debug,1,256874,251,22,5088208,False,"[191, 52, 14, 0]",15,lib/tests/delimcc/reset-shift-k.zy,recursive
debug,1,246959,251,22,4748212,False,"[191, 52, 14, 0]",15,lib/tests/delimcc/reset-shift-k.zy,original
debug,1,247207,251,22,4611460,False,"[191, 52, 14, 0]",15,lib/tests/delimcc/reset-shift-k.zy,jobs
debug,1,248000,251,22,5149956,False,"[191, 52, 14, 0]",15,lib/tests/delimcc/reset-shift-k.zy,explicit
debug,1,249250,251,22,4749498,False,"[191, 52, 14, 0]",16,lib/tests/delimcc/reset-shift-k.zy,original
debug,1,247498,251,22,4633168,False,"[191, 52, 14, 0]",16,lib/tests/delimcc/reset-shift-k.zy,jobs
debug,1,247793,251,22,5096415,False,"[191, 52, 14, 0]",16,lib/tests/delimcc/reset-shift-k.zy,explicit
debug,1,248707,251,22,4965336,False,"[191, 52, 14, 0]",16,lib/tests/delimcc/reset-shift-k.zy,recursive
debug,1,249832,251,22,4612834,False,"[191, 52, 14, 0]",17,lib/tests/delimcc/reset-shift-k.zy,jobs
debug,1,257543,251,22,5188371,False,"[191, 52, 14, 0]",17,lib/tests/delimcc/reset-shift-k.zy,explicit
debug,1,248414,251,22,5022333,False,"[191, 52, 14, 0]",17,lib/tests/delimcc/reset-shift-k.zy,recursive
debug,1,246750,251,22,4815378,False,"[191, 52, 14, 0]",17,lib/tests/delimcc/reset-shift-k.zy,original
debug,1,249833,251,22,5157499,False,"[191, 52, 14, 0]",18,lib/tests/delimcc/reset-shift-k.zy,explicit
debug,1,250999,251,22,5011709,False,"[191, 52, 14, 0]",18,lib/tests/delimcc/reset-shift-k.zy,recursive
debug,1,248749,251,22,4766625,False,"[191, 52, 14, 0]",18,lib/tests/delimcc/reset-shift-k.zy,original
debug,1,255292,251,22,4672625,False,"[191, 52, 14, 0]",18,lib/tests/delimcc/reset-shift-k.zy,jobs
debug,1,249833,251,22,5039249,False,"[191, 52, 14, 0]",19,lib/tests/delimcc/reset-shift-k.zy,recursive
debug,1,247833,251,22,4733834,False,"[191, 52, 14, 0]",19,lib/tests/delimcc/reset-shift-k.zy,original
debug,1,254668,251,22,4652418,False,"[191, 52, 14, 0]",19,lib/tests/delimcc/reset-shift-k.zy,jobs
debug,1,251208,251,22,5099957,False,"[191, 52, 14, 0]",19,lib/tests/delimcc/reset-shift-k.zy,explicit
debug,1,285584,251,22,4964255,False,"[191, 52, 14, 0]",20,lib/tests/delimcc/reset-shift-k.zy,original
debug,1,254000,251,22,4857458,False,"[191, 52, 14, 0]",20,lib/tests/delimcc/reset-shift-k.zy,jobs
debug,1,276710,251,22,5348127,False,"[191, 52, 14, 0]",20,lib/tests/delimcc/reset-shift-k.zy,explicit
debug,1,259540,251,22,5095999,False,"[191, 52, 14, 0]",20,lib/tests/delimcc/reset-shift-k.zy,recursive
debug,1,253792,251,22,4759622,False,"[191, 52, 14, 0]",21,lib/tests/delimcc/reset-shift-k.zy,jobs
debug,1,256251,251,22,5205585,False,"[191, 52, 14, 0]",21,lib/tests/delimcc/reset-shift-k.zy,explicit
debug,1,257875,251,22,5146665,False,"[191, 52, 14, 0]",21,lib/tests/delimcc/reset-shift-k.zy,recursive
debug,1,249248,251,22,4853001,False,"[191, 52, 14, 0]",21,lib/tests/delimcc/reset-shift-k.zy,original
debug,1,253666,251,22,5175047,False,"[191, 52, 14, 0]",22,lib/tests/delimcc/reset-shift-k.zy,explicit
debug,1,261416,251,22,5120166,False,"[191, 52, 14, 0]",22,lib/tests/delimcc/reset-shift-k.zy,recursive
debug,1,255292,251,22,4858666,False,"[191, 52, 14, 0]",22,lib/tests/delimcc/reset-shift-k.zy,original
debug,1,265955,251,22,4734627,False,"[191, 52, 14, 0]",22,lib/tests/delimcc/reset-shift-k.zy,jobs
debug,1,260083,251,22,5275667,False,"[191, 52, 14, 0]",23,lib/tests/delimcc/reset-shift-k.zy,recursive
debug,1,252878,251,22,4795123,False,"[191, 52, 14, 0]",23,lib/tests/delimcc/reset-shift-k.zy,original
debug,1,253874,251,22,4716375,False,"[191, 52, 14, 0]",23,lib/tests/delimcc/reset-shift-k.zy,jobs
debug,1,253583,251,22,5205832,False,"[191, 52, 14, 0]",23,lib/tests/delimcc/reset-shift-k.zy,explicit
debug,1,255251,251,22,4945082,False,"[191, 52, 14, 0]",24,lib/tests/delimcc/reset-shift-k.zy,original
debug,1,253206,251,22,4765541,False,"[191, 52, 14, 0]",24,lib/tests/delimcc/reset-shift-k.zy,jobs
debug,1,254543,251,22,5197169,False,"[191, 52, 14, 0]",24,lib/tests/delimcc/reset-shift-k.zy,explicit
debug,1,289499,251,22,5179917,False,"[191, 52, 14, 0]",24,lib/tests/delimcc/reset-shift-k.zy,recursive
debug,1,260459,251,22,4843250,False,"[191, 52, 14, 0]",25,lib/tests/delimcc/reset-shift-k.zy,jobs
debug,1,251329,251,22,5124208,False,"[191, 52, 14, 0]",25,lib/tests/delimcc/reset-shift-k.zy,explicit
debug,1,249585,251,22,5017833,False,"[191, 52, 14, 0]",25,lib/tests/delimcc/reset-shift-k.zy,recursive
debug,1,257374,251,22,4842086,False,"[191, 52, 14, 0]",25,lib/tests/delimcc/reset-shift-k.zy,original
debug,1,255958,251,22,5172457,False,"[191, 52, 14, 0]",26,lib/tests/delimcc/reset-shift-k.zy,explicit
debug,1,251586,251,22,5042709,False,"[191, 52, 14, 0]",26,lib/tests/delimcc/reset-shift-k.zy,recursive
debug,1,249168,251,22,4786875,False,"[191, 52, 14, 0]",26,lib/tests/delimcc/reset-shift-k.zy,original
debug,1,248336,251,22,4625499,False,"[191, 52, 14, 0]",26,lib/tests/delimcc/reset-shift-k.zy,jobs
debug,1,305041,251,22,5112499,False,"[191, 52, 14, 0]",27,lib/tests/delimcc/reset-shift-k.zy,recursive
debug,1,254290,251,22,4888751,False,"[191, 52, 14, 0]",27,lib/tests/delimcc/reset-shift-k.zy,original
debug,1,250625,251,22,4703749,False,"[191, 52, 14, 0]",27,lib/tests/delimcc/reset-shift-k.zy,jobs
debug,1,245584,251,22,5134333,False,"[191, 52, 14, 0]",27,lib/tests/delimcc/reset-shift-k.zy,explicit
debug,1,245252,251,22,4780666,False,"[191, 52, 14, 0]",28,lib/tests/delimcc/reset-shift-k.zy,original
debug,1,249209,251,22,4669792,False,"[191, 52, 14, 0]",28,lib/tests/delimcc/reset-shift-k.zy,jobs
debug,1,252290,251,22,5184704,False,"[191, 52, 14, 0]",28,lib/tests/delimcc/reset-shift-k.zy,explicit
debug,1,253416,251,22,5059000,False,"[191, 52, 14, 0]",28,lib/tests/delimcc/reset-shift-k.zy,recursive
debug,1,253038,251,22,4720917,False,"[191, 52, 14, 0]",29,lib/tests/delimcc/reset-shift-k.zy,jobs
debug,1,252166,251,22,5224707,False,"[191, 52, 14, 0]",29,lib/tests/delimcc/reset-shift-k.zy,explicit
debug,1,254126,251,22,5026627,False,"[191, 52, 14, 0]",29,lib/tests/delimcc/reset-shift-k.zy,recursive
debug,1,250876,251,22,4837126,False,"[191, 52, 14, 0]",29,lib/tests/delimcc/reset-shift-k.zy,original
debug,1,253542,251,22,5229166,False,"[191, 52, 14, 0]",30,lib/tests/delimcc/reset-shift-k.zy,explicit
debug,1,265499,251,22,5254415,False,"[191, 52, 14, 0]",30,lib/tests/delimcc/reset-shift-k.zy,recursive
debug,1,249083,251,22,4769041,False,"[191, 52, 14, 0]",30,lib/tests/delimcc/reset-shift-k.zy,original
debug,1,253751,251,22,4973708,False,"[191, 52, 14, 0]",30,lib/tests/delimcc/reset-shift-k.zy,jobs
debug,1,250834,251,22,5048459,False,"[191, 52, 14, 0]",31,lib/tests/delimcc/reset-shift-k.zy,recursive
debug,1,255128,251,22,4959376,False,"[191, 52, 14, 0]",31,lib/tests/delimcc/reset-shift-k.zy,original
debug,1,259000,251,22,4722294,False,"[191, 52, 14, 0]",31,lib/tests/delimcc/reset-shift-k.zy,jobs
debug,1,255083,251,22,5326418,False,"[191, 52, 14, 0]",31,lib/tests/delimcc/reset-shift-k.zy,explicit
debug,1,274541,251,23,4921501,True,"[184, 51, 14, 13]",0,lib/tests/delimcc/reset-shift-k.zy,original
debug,1,271083,251,23,4843541,True,"[184, 51, 14, 13]",0,lib/tests/delimcc/reset-shift-k.zy,jobs
debug,1,303540,251,23,5306662,True,"[184, 51, 14, 13]",0,lib/tests/delimcc/reset-shift-k.zy,explicit
debug,1,271248,251,23,5156787,True,"[184, 51, 14, 13]",0,lib/tests/delimcc/reset-shift-k.zy,recursive
debug,1,269748,251,23,4854252,True,"[184, 51, 14, 13]",1,lib/tests/delimcc/reset-shift-k.zy,jobs
debug,1,283003,251,23,5463876,True,"[184, 51, 14, 13]",1,lib/tests/delimcc/reset-shift-k.zy,explicit
debug,1,271874,251,23,5155167,True,"[184, 51, 14, 13]",1,lib/tests/delimcc/reset-shift-k.zy,recursive
debug,1,272545,251,23,4907543,True,"[184, 51, 14, 13]",1,lib/tests/delimcc/reset-shift-k.zy,original
debug,1,270542,251,23,5272459,True,"[184, 51, 14, 13]",2,lib/tests/delimcc/reset-shift-k.zy,explicit
debug,1,272545,251,23,5143959,True,"[184, 51, 14, 13]",2,lib/tests/delimcc/reset-shift-k.zy,recursive
debug,1,273832,251,23,4913376,True,"[184, 51, 14, 13]",2,lib/tests/delimcc/reset-shift-k.zy,original
debug,1,270209,251,23,4794915,True,"[184, 51, 14, 13]",2,lib/tests/delimcc/reset-shift-k.zy,jobs
debug,1,278501,251,23,5193873,True,"[184, 51, 14, 13]",3,lib/tests/delimcc/reset-shift-k.zy,recursive
debug,1,276917,251,23,5013042,True,"[184, 51, 14, 13]",3,lib/tests/delimcc/reset-shift-k.zy,original
debug,1,267918,251,23,4798835,True,"[184, 51, 14, 13]",3,lib/tests/delimcc/reset-shift-k.zy,jobs
debug,1,272750,251,23,5286043,True,"[184, 51, 14, 13]",3,lib/tests/delimcc/reset-shift-k.zy,explicit
debug,1,270126,251,23,4920084,True,"[184, 51, 14, 13]",4,lib/tests/delimcc/reset-shift-k.zy,original
debug,1,267128,251,23,4795581,True,"[184, 51, 14, 13]",4,lib/tests/delimcc/reset-shift-k.zy,jobs
debug,1,269416,251,23,5271291,True,"[184, 51, 14, 13]",4,lib/tests/delimcc/reset-shift-k.zy,explicit
debug,1,277290,251,23,5214794,True,"[184, 51, 14, 13]",4,lib/tests/delimcc/reset-shift-k.zy,recursive
debug,1,273291,251,23,4847332,True,"[184, 51, 14, 13]",5,lib/tests/delimcc/reset-shift-k.zy,jobs
debug,1,270961,251,23,5304084,True,"[184, 51, 14, 13]",5,lib/tests/delimcc/reset-shift-k.zy,explicit
debug,1,271124,251,23,5081002,True,"[184, 51, 14, 13]",5,lib/tests/delimcc/reset-shift-k.zy,recursive
debug,1,272125,251,23,4965916,True,"[184, 51, 14, 13]",5,lib/tests/delimcc/reset-shift-k.zy,original
debug,1,276125,251,23,5414915,True,"[184, 51, 14, 13]",6,lib/tests/delimcc/reset-shift-k.zy,explicit
debug,1,272293,251,23,5236211,True,"[184, 51, 14, 13]",6,lib/tests/delimcc/reset-shift-k.zy,recursive
debug,1,272418,251,23,4973378,True,"[184, 51, 14, 13]",6,lib/tests/delimcc/reset-shift-k.zy,original
debug,1,270624,251,23,4868875,True,"[184, 51, 14, 13]",6,lib/tests/delimcc/reset-shift-k.zy,jobs
debug,1,275252,251,23,5220999,True,"[184, 51, 14, 13]",7,lib/tests/delimcc/reset-shift-k.zy,recursive
debug,1,272666,251,23,5000001,True,"[184, 51, 14, 13]",7,lib/tests/delimcc/reset-shift-k.zy,original
debug,1,278708,251,23,5097918,True,"[184, 51, 14, 13]",7,lib/tests/delimcc/reset-shift-k.zy,jobs
debug,1,276624,251,23,5363166,True,"[184, 51, 14, 13]",7,lib/tests/delimcc/reset-shift-k.zy,explicit
debug,1,291331,251,23,5290086,True,"[184, 51, 14, 13]",8,lib/tests/delimcc/reset-shift-k.zy,original
debug,1,274585,251,23,4891545,True,"[184, 51, 14, 13]",8,lib/tests/delimcc/reset-shift-k.zy,jobs
debug,1,310669,251,23,5533875,True,"[184, 51, 14, 13]",8,lib/tests/delimcc/reset-shift-k.zy,explicit
debug,1,271210,251,23,5158166,True,"[184, 51, 14, 13]",8,lib/tests/delimcc/reset-shift-k.zy,recursive
debug,1,272582,251,23,4841335,True,"[184, 51, 14, 13]",9,lib/tests/delimcc/reset-shift-k.zy,jobs
debug,1,277376,251,23,5411954,True,"[184, 51, 14, 13]",9,lib/tests/delimcc/reset-shift-k.zy,explicit
debug,1,280169,251,23,5316712,True,"[184, 51, 14, 13]",9,lib/tests/delimcc/reset-shift-k.zy,recursive
debug,1,286752,251,23,5021788,True,"[184, 51, 14, 13]",9,lib/tests/delimcc/reset-shift-k.zy,original
debug,1,281208,251,23,5508500,True,"[184, 51, 14, 13]",10,lib/tests/delimcc/reset-shift-k.zy,explicit
debug,1,272750,251,23,5328541,True,"[184, 51, 14, 13]",10,lib/tests/delimcc/reset-shift-k.zy,recursive
debug,1,284208,251,23,5080252,True,"[184, 51, 14, 13]",10,lib/tests/delimcc/reset-shift-k.zy,original
debug,1,270667,251,23,4808166,True,"[184, 51, 14, 13]",10,lib/tests/delimcc/reset-shift-k.zy,jobs
debug,1,271920,251,23,5179374,True,"[184, 51, 14, 13]",11,lib/tests/delimcc/reset-shift-k.zy,recursive
debug,1,271835,251,23,4980292,True,"[184, 51, 14, 13]",11,lib/tests/delimcc/reset-shift-k.zy,original
debug,1,272918,251,23,4962288,True,"[184, 51, 14, 13]",11,lib/tests/delimcc/reset-shift-k.zy,jobs
debug,1,280624,251,23,5477629,True,"[184, 51, 14, 13]",11,lib/tests/delimcc/reset-shift-k.zy,explicit
debug,1,280377,251,23,5075628,True,"[184, 51, 14, 13]",12,lib/tests/delimcc/reset-shift-k.zy,original
debug,1,282874,251,23,4840874,True,"[184, 51, 14, 13]",12,lib/tests/delimcc/reset-shift-k.zy,jobs
debug,1,272875,251,23,5283040,True,"[184, 51, 14, 13]",12,lib/tests/delimcc/reset-shift-k.zy,explicit
debug,1,267377,251,23,5213165,True,"[184, 51, 14, 13]",12,lib/tests/delimcc/reset-shift-k.zy,recursive
debug,1,275626,251,23,4902250,True,"[184, 51, 14, 13]",13,lib/tests/delimcc/reset-shift-k.zy,jobs
debug,1,284292,251,23,5341583,True,"[184, 51, 14, 13]",13,lib/tests/delimcc/reset-shift-k.zy,explicit
debug,1,274372,251,23,5208497,True,"[184, 51, 14, 13]",13,lib/tests/delimcc/reset-shift-k.zy,recursive
debug,1,271623,251,23,5056666,True,"[184, 51, 14, 13]",13,lib/tests/delimcc/reset-shift-k.zy,original
debug,1,273666,251,23,5345872,True,"[184, 51, 14, 13]",14,lib/tests/delimcc/reset-shift-k.zy,explicit
debug,1,282627,251,23,5271291,True,"[184, 51, 14, 13]",14,lib/tests/delimcc/reset-shift-k.zy,recursive
debug,1,271461,251,23,4988457,True,"[184, 51, 14, 13]",14,lib/tests/delimcc/reset-shift-k.zy,original
debug,1,278418,251,23,5012125,True,"[184, 51, 14, 13]",14,lib/tests/delimcc/reset-shift-k.zy,jobs
debug,1,272248,251,23,5148540,True,"[184, 51, 14, 13]",15,lib/tests/delimcc/reset-shift-k.zy,recursive
debug,1,272664,251,23,5001835,True,"[184, 51, 14, 13]",15,lib/tests/delimcc/reset-shift-k.zy,original
debug,1,288790,251,23,4852166,True,"[184, 51, 14, 13]",15,lib/tests/delimcc/reset-shift-k.zy,jobs
debug,1,279543,251,23,5467125,True,"[184, 51, 14, 13]",15,lib/tests/delimcc/reset-shift-k.zy,explicit
debug,1,270166,251,23,4922751,True,"[184, 51, 14, 13]",16,lib/tests/delimcc/reset-shift-k.zy,original
debug,1,271417,251,23,4855871,True,"[184, 51, 14, 13]",16,lib/tests/delimcc/reset-shift-k.zy,jobs
debug,1,275166,251,23,5338207,True,"[184, 51, 14, 13]",16,lib/tests/delimcc/reset-shift-k.zy,explicit
debug,1,273000,251,23,5351962,True,"[184, 51, 14, 13]",16,lib/tests/delimcc/reset-shift-k.zy,recursive
debug,1,289750,251,23,4979747,True,"[184, 51, 14, 13]",17,lib/tests/delimcc/reset-shift-k.zy,jobs
debug,1,274671,251,23,5413416,True,"[184, 51, 14, 13]",17,lib/tests/delimcc/reset-shift-k.zy,explicit
debug,1,276792,251,23,5300498,True,"[184, 51, 14, 13]",17,lib/tests/delimcc/reset-shift-k.zy,recursive
debug,1,273373,251,23,5028748,True,"[184, 51, 14, 13]",17,lib/tests/delimcc/reset-shift-k.zy,original
debug,1,273708,251,23,5337040,True,"[184, 51, 14, 13]",18,lib/tests/delimcc/reset-shift-k.zy,explicit
debug,1,278541,251,23,5264086,True,"[184, 51, 14, 13]",18,lib/tests/delimcc/reset-shift-k.zy,recursive
debug,1,272627,251,23,4953212,True,"[184, 51, 14, 13]",18,lib/tests/delimcc/reset-shift-k.zy,original
debug,1,269455,251,23,4852082,True,"[184, 51, 14, 13]",18,lib/tests/delimcc/reset-shift-k.zy,jobs
debug,1,288959,251,23,5201372,True,"[184, 51, 14, 13]",19,lib/tests/delimcc/reset-shift-k.zy,recursive
debug,1,269668,251,23,4945707,True,"[184, 51, 14, 13]",19,lib/tests/delimcc/reset-shift-k.zy,original
debug,1,271790,251,23,4851293,True,"[184, 51, 14, 13]",19,lib/tests/delimcc/reset-shift-k.zy,jobs
debug,1,278376,251,23,5386625,True,"[184, 51, 14, 13]",19,lib/tests/delimcc/reset-shift-k.zy,explicit
debug,1,270624,251,23,5028044,True,"[184, 51, 14, 13]",20,lib/tests/delimcc/reset-shift-k.zy,original
debug,1,270458,251,23,4823668,True,"[184, 51, 14, 13]",20,lib/tests/delimcc/reset-shift-k.zy,jobs
debug,1,289457,251,23,5303707,True,"[184, 51, 14, 13]",20,lib/tests/delimcc/reset-shift-k.zy,explicit
debug,1,276501,251,23,5195876,True,"[184, 51, 14, 13]",20,lib/tests/delimcc/reset-shift-k.zy,recursive
debug,1,268125,251,23,4792250,True,"[184, 51, 14, 13]",21,lib/tests/delimcc/reset-shift-k.zy,jobs
debug,1,271791,251,23,5331375,True,"[184, 51, 14, 13]",21,lib/tests/delimcc/reset-shift-k.zy,explicit
debug,1,274250,251,23,5184835,True,"[184, 51, 14, 13]",21,lib/tests/delimcc/reset-shift-k.zy,recursive
debug,1,275291,251,23,4946792,True,"[184, 51, 14, 13]",21,lib/tests/delimcc/reset-shift-k.zy,original
debug,1,280001,251,23,5301337,True,"[184, 51, 14, 13]",22,lib/tests/delimcc/reset-shift-k.zy,explicit
debug,1,270708,251,23,5141460,True,"[184, 51, 14, 13]",22,lib/tests/delimcc/reset-shift-k.zy,recursive
debug,1,266791,251,23,4922333,True,"[184, 51, 14, 13]",22,lib/tests/delimcc/reset-shift-k.zy,original
debug,1,268832,251,23,4849916,True,"[184, 51, 14, 13]",22,lib/tests/delimcc/reset-shift-k.zy,jobs
debug,1,268999,251,23,5139501,True,"[184, 51, 14, 13]",23,lib/tests/delimcc/reset-shift-k.zy,recursive
debug,1,276332,251,23,4999835,True,"[184, 51, 14, 13]",23,lib/tests/delimcc/reset-shift-k.zy,original
debug,1,275420,251,23,4835415,True,"[184, 51, 14, 13]",23,lib/tests/delimcc/reset-shift-k.zy,jobs
debug,1,283836,251,23,5369538,True,"[184, 51, 14, 13]",23,lib/tests/delimcc/reset-shift-k.zy,explicit
debug,1,278459,251,23,5045000,True,"[184, 51, 14, 13]",24,lib/tests/delimcc/reset-shift-k.zy,original
debug,1,286665,251,23,5092668,True,"[184, 51, 14, 13]",24,lib/tests/delimcc/reset-shift-k.zy,jobs
debug,1,337914,251,23,5471416,True,"[184, 51, 14, 13]",24,lib/tests/delimcc/reset-shift-k.zy,explicit
debug,1,293998,251,23,5464753,True,"[184, 51, 14, 13]",24,lib/tests/delimcc/reset-shift-k.zy,recursive
debug,1,277166,251,23,4996792,True,"[184, 51, 14, 13]",25,lib/tests/delimcc/reset-shift-k.zy,jobs
debug,1,274958,251,23,5407459,True,"[184, 51, 14, 13]",25,lib/tests/delimcc/reset-shift-k.zy,explicit
debug,1,288794,251,23,5348204,True,"[184, 51, 14, 13]",25,lib/tests/delimcc/reset-shift-k.zy,recursive
debug,1,287456,251,23,5248705,True,"[184, 51, 14, 13]",25,lib/tests/delimcc/reset-shift-k.zy,original
debug,1,301750,251,23,5504795,True,"[184, 51, 14, 13]",26,lib/tests/delimcc/reset-shift-k.zy,explicit
debug,1,290748,251,23,5361041,True,"[184, 51, 14, 13]",26,lib/tests/delimcc/reset-shift-k.zy,recursive
debug,1,277918,251,23,5080833,True,"[184, 51, 14, 13]",26,lib/tests/delimcc/reset-shift-k.zy,original
debug,1,281374,251,23,4978415,True,"[184, 51, 14, 13]",26,lib/tests/delimcc/reset-shift-k.zy,jobs
debug,1,321791,251,23,5317832,True,"[184, 51, 14, 13]",27,lib/tests/delimcc/reset-shift-k.zy,recursive
debug,1,338666,251,23,5280789,True,"[184, 51, 14, 13]",27,lib/tests/delimcc/reset-shift-k.zy,original
debug,1,282541,251,23,4870502,True,"[184, 51, 14, 13]",27,lib/tests/delimcc/reset-shift-k.zy,jobs
debug,1,272916,251,23,5384791,True,"[184, 51, 14, 13]",27,lib/tests/delimcc/reset-shift-k.zy,explicit
debug,1,285455,251,23,5120834,True,"[184, 51, 14, 13]",28,lib/tests/delimcc/reset-shift-k.zy,original
debug,1,281459,251,23,4905792,True,"[184, 51, 14, 13]",28,lib/tests/delimcc/reset-shift-k.zy,jobs
debug,1,272836,251,23,5293875,True,"[184, 51, 14, 13]",28,lib/tests/delimcc/reset-shift-k.zy,explicit
debug,1,291123,251,23,5551378,True,"[184, 51, 14, 13]",28,lib/tests/delimcc/reset-shift-k.zy,recursive
debug,1,289002,251,23,4875377,True,"[184, 51, 14, 13]",29,lib/tests/delimcc/reset-shift-k.zy,jobs
debug,1,285207,251,23,5351664,True,"[184, 51, 14, 13]",29,lib/tests/delimcc/reset-shift-k.zy,explicit
debug,1,284753,251,23,5261247,True,"[184, 51, 14, 13]",29,lib/tests/delimcc/reset-shift-k.zy,recursive
debug,1,281667,251,23,5085873,True,"[184, 51, 14, 13]",29,lib/tests/delimcc/reset-shift-k.zy,original
debug,1,368874,251,23,6562666,True,"[184, 51, 14, 13]",30,lib/tests/delimcc/reset-shift-k.zy,explicit
debug,1,291791,251,23,5440667,True,"[184, 51, 14, 13]",30,lib/tests/delimcc/reset-shift-k.zy,recursive
debug,1,294749,251,23,5045458,True,"[184, 51, 14, 13]",30,lib/tests/delimcc/reset-shift-k.zy,original
debug,1,273254,251,23,4826041,True,"[184, 51, 14, 13]",30,lib/tests/delimcc/reset-shift-k.zy,jobs
debug,1,286543,251,23,5206295,True,"[184, 51, 14, 13]",31,lib/tests/delimcc/reset-shift-k.zy,recursive
debug,1,269291,251,23,4925416,True,"[184, 51, 14, 13]",31,lib/tests/delimcc/reset-shift-k.zy,original
debug,1,273958,251,23,4875498,True,"[184, 51, 14, 13]",31,lib/tests/delimcc/reset-shift-k.zy,jobs
debug,1,286788,251,23,5351706,True,"[184, 51, 14, 13]",31,lib/tests/delimcc/reset-shift-k.zy,explicit
debug,1,256542,516,10,4886957,False,"[439, 163, 16, 0]",0,lib/tests/core/gc-stress.zy,original
debug,1,247709,516,10,4431876,False,"[439, 163, 16, 0]",0,lib/tests/core/gc-stress.zy,jobs
debug,1,262999,516,10,5029292,False,"[439, 163, 16, 0]",0,lib/tests/core/gc-stress.zy,explicit
debug,1,255958,516,10,5058248,False,"[439, 163, 16, 0]",0,lib/tests/core/gc-stress.zy,recursive
debug,1,243252,516,10,4677458,False,"[439, 163, 16, 0]",1,lib/tests/core/gc-stress.zy,jobs
debug,1,256789,516,10,5141708,False,"[439, 163, 16, 0]",1,lib/tests/core/gc-stress.zy,explicit
debug,1,258208,516,10,5010208,False,"[439, 163, 16, 0]",1,lib/tests/core/gc-stress.zy,recursive
debug,1,242333,516,10,4711748,False,"[439, 163, 16, 0]",1,lib/tests/core/gc-stress.zy,original
debug,1,240250,516,10,4984545,False,"[439, 163, 16, 0]",2,lib/tests/core/gc-stress.zy,explicit
debug,1,245748,516,10,4856957,False,"[439, 163, 16, 0]",2,lib/tests/core/gc-stress.zy,recursive
debug,1,255000,516,10,4923417,False,"[439, 163, 16, 0]",2,lib/tests/core/gc-stress.zy,original
debug,1,254250,516,10,4654334,False,"[439, 163, 16, 0]",2,lib/tests/core/gc-stress.zy,jobs
debug,1,248750,516,10,5061460,False,"[439, 163, 16, 0]",3,lib/tests/core/gc-stress.zy,recursive
debug,1,238626,516,10,4637374,False,"[439, 163, 16, 0]",3,lib/tests/core/gc-stress.zy,original
debug,1,299207,516,10,4837334,False,"[439, 163, 16, 0]",3,lib/tests/core/gc-stress.zy,jobs
debug,1,252083,516,10,5231791,False,"[439, 163, 16, 0]",3,lib/tests/core/gc-stress.zy,explicit
debug,1,246956,516,10,4725417,False,"[439, 163, 16, 0]",4,lib/tests/core/gc-stress.zy,original
debug,1,257330,516,10,4603374,False,"[439, 163, 16, 0]",4,lib/tests/core/gc-stress.zy,jobs
debug,1,271459,516,10,5343418,False,"[439, 163, 16, 0]",4,lib/tests/core/gc-stress.zy,explicit
debug,1,240583,516,10,4936290,False,"[439, 163, 16, 0]",4,lib/tests/core/gc-stress.zy,recursive
debug,1,248874,516,10,4575082,False,"[439, 163, 16, 0]",5,lib/tests/core/gc-stress.zy,jobs
debug,1,249543,516,10,5213334,False,"[439, 163, 16, 0]",5,lib/tests/core/gc-stress.zy,explicit
debug,1,247416,516,10,4976251,False,"[439, 163, 16, 0]",5,lib/tests/core/gc-stress.zy,recursive
debug,1,254957,516,10,4637042,False,"[439, 163, 16, 0]",5,lib/tests/core/gc-stress.zy,original
debug,1,272209,516,10,5032667,False,"[439, 163, 16, 0]",6,lib/tests/core/gc-stress.zy,explicit
debug,1,247667,516,10,5029208,False,"[439, 163, 16, 0]",6,lib/tests/core/gc-stress.zy,recursive
debug,1,240916,516,10,4642167,False,"[439, 163, 16, 0]",6,lib/tests/core/gc-stress.zy,original
debug,1,249958,516,10,4534916,False,"[439, 163, 16, 0]",6,lib/tests/core/gc-stress.zy,jobs
debug,1,245207,516,10,4850250,False,"[439, 163, 16, 0]",7,lib/tests/core/gc-stress.zy,recursive
debug,1,241459,516,10,4633458,False,"[439, 163, 16, 0]",7,lib/tests/core/gc-stress.zy,original
debug,1,239084,516,10,4511208,False,"[439, 163, 16, 0]",7,lib/tests/core/gc-stress.zy,jobs
debug,1,243337,516,10,4974294,False,"[439, 163, 16, 0]",7,lib/tests/core/gc-stress.zy,explicit
debug,1,244708,516,10,4665834,False,"[439, 163, 16, 0]",8,lib/tests/core/gc-stress.zy,original
debug,1,239168,516,10,4527457,False,"[439, 163, 16, 0]",8,lib/tests/core/gc-stress.zy,jobs
debug,1,252582,516,10,5058002,False,"[439, 163, 16, 0]",8,lib/tests/core/gc-stress.zy,explicit
debug,1,253959,516,10,4935917,False,"[439, 163, 16, 0]",8,lib/tests/core/gc-stress.zy,recursive
debug,1,245249,516,10,4550625,False,"[439, 163, 16, 0]",9,lib/tests/core/gc-stress.zy,jobs
debug,1,269334,516,10,5124249,False,"[439, 163, 16, 0]",9,lib/tests/core/gc-stress.zy,explicit
debug,1,255457,516,10,5000170,False,"[439, 163, 16, 0]",9,lib/tests/core/gc-stress.zy,recursive
debug,1,250708,516,10,4732292,False,"[439, 163, 16, 0]",9,lib/tests/core/gc-stress.zy,original
debug,1,236998,516,10,5023876,False,"[439, 163, 16, 0]",10,lib/tests/core/gc-stress.zy,explicit
debug,1,241625,516,10,5059708,False,"[439, 163, 16, 0]",10,lib/tests/core/gc-stress.zy,recursive
debug,1,235916,516,10,4491792,False,"[439, 163, 16, 0]",10,lib/tests/core/gc-stress.zy,original
debug,1,243083,516,10,4576208,False,"[439, 163, 16, 0]",10,lib/tests/core/gc-stress.zy,jobs
debug,1,262623,516,10,5238501,False,"[439, 163, 16, 0]",11,lib/tests/core/gc-stress.zy,recursive
debug,1,257457,516,10,4792625,False,"[439, 163, 16, 0]",11,lib/tests/core/gc-stress.zy,original
debug,1,252041,516,10,4613375,False,"[439, 163, 16, 0]",11,lib/tests/core/gc-stress.zy,jobs
debug,1,267126,516,10,5161500,False,"[439, 163, 16, 0]",11,lib/tests/core/gc-stress.zy,explicit
debug,1,271668,516,10,4800291,False,"[439, 163, 16, 0]",12,lib/tests/core/gc-stress.zy,original
debug,1,250873,516,10,4711081,False,"[439, 163, 16, 0]",12,lib/tests/core/gc-stress.zy,jobs
debug,1,266042,516,10,5139126,False,"[439, 163, 16, 0]",12,lib/tests/core/gc-stress.zy,explicit
debug,1,243624,516,10,4827045,False,"[439, 163, 16, 0]",12,lib/tests/core/gc-stress.zy,recursive
debug,1,252001,516,10,4587831,False,"[439, 163, 16, 0]",13,lib/tests/core/gc-stress.zy,jobs
debug,1,253542,516,10,5246792,False,"[439, 163, 16, 0]",13,lib/tests/core/gc-stress.zy,explicit
debug,1,274209,516,10,5129957,False,"[439, 163, 16, 0]",13,lib/tests/core/gc-stress.zy,recursive
debug,1,249249,516,10,4874625,False,"[439, 163, 16, 0]",13,lib/tests/core/gc-stress.zy,original
debug,1,257499,516,10,5216958,False,"[439, 163, 16, 0]",14,lib/tests/core/gc-stress.zy,explicit
debug,1,243541,516,10,4871167,False,"[439, 163, 16, 0]",14,lib/tests/core/gc-stress.zy,recursive
debug,1,245209,516,10,4570084,False,"[439, 163, 16, 0]",14,lib/tests/core/gc-stress.zy,original
debug,1,242957,516,10,4500417,False,"[439, 163, 16, 0]",14,lib/tests/core/gc-stress.zy,jobs
debug,1,259334,516,10,4943664,False,"[439, 163, 16, 0]",15,lib/tests/core/gc-stress.zy,recursive
debug,1,249083,516,10,4748750,False,"[439, 163, 16, 0]",15,lib/tests/core/gc-stress.zy,original
debug,1,244917,516,10,4608794,False,"[439, 163, 16, 0]",15,lib/tests/core/gc-stress.zy,jobs
debug,1,247792,516,10,5061333,False,"[439, 163, 16, 0]",15,lib/tests/core/gc-stress.zy,explicit
debug,1,236418,516,10,4588418,False,"[439, 163, 16, 0]",16,lib/tests/core/gc-stress.zy,original
debug,1,244124,516,10,4662916,False,"[439, 163, 16, 0]",16,lib/tests/core/gc-stress.zy,jobs
debug,1,248251,516,10,5203457,False,"[439, 163, 16, 0]",16,lib/tests/core/gc-stress.zy,explicit
debug,1,248291,516,10,5024169,False,"[439, 163, 16, 0]",16,lib/tests/core/gc-stress.zy,recursive
debug,1,250416,516,10,4625415,False,"[439, 163, 16, 0]",17,lib/tests/core/gc-stress.zy,jobs
debug,1,259039,516,10,5164627,False,"[439, 163, 16, 0]",17,lib/tests/core/gc-stress.zy,explicit
debug,1,260584,516,10,5161793,False,"[439, 163, 16, 0]",17,lib/tests/core/gc-stress.zy,recursive
debug,1,248459,516,10,4801249,False,"[439, 163, 16, 0]",17,lib/tests/core/gc-stress.zy,original
debug,1,263124,516,10,5147209,False,"[439, 163, 16, 0]",18,lib/tests/core/gc-stress.zy,explicit
debug,1,250124,516,10,5048750,False,"[439, 163, 16, 0]",18,lib/tests/core/gc-stress.zy,recursive
debug,1,258126,516,10,4828209,False,"[439, 163, 16, 0]",18,lib/tests/core/gc-stress.zy,original
debug,1,247000,516,10,4646583,False,"[439, 163, 16, 0]",18,lib/tests/core/gc-stress.zy,jobs
debug,1,237251,516,10,4895378,False,"[439, 163, 16, 0]",19,lib/tests/core/gc-stress.zy,recursive
debug,1,239625,516,10,4720666,False,"[439, 163, 16, 0]",19,lib/tests/core/gc-stress.zy,original
debug,1,253292,516,10,4845126,False,"[439, 163, 16, 0]",19,lib/tests/core/gc-stress.zy,jobs
debug,1,248793,516,10,5169544,False,"[439, 163, 16, 0]",19,lib/tests/core/gc-stress.zy,explicit
debug,1,251041,516,10,4774793,False,"[439, 163, 16, 0]",20,lib/tests/core/gc-stress.zy,original
debug,1,256373,516,10,4754207,False,"[439, 163, 16, 0]",20,lib/tests/core/gc-stress.zy,jobs
debug,1,269083,516,10,5289957,False,"[439, 163, 16, 0]",20,lib/tests/core/gc-stress.zy,explicit
debug,1,240082,516,10,4847250,False,"[439, 163, 16, 0]",20,lib/tests/core/gc-stress.zy,recursive
debug,1,254415,516,10,4432625,False,"[439, 163, 16, 0]",21,lib/tests/core/gc-stress.zy,jobs
debug,1,243000,516,10,4954958,False,"[439, 163, 16, 0]",21,lib/tests/core/gc-stress.zy,explicit
debug,1,264458,516,10,5073458,False,"[439, 163, 16, 0]",21,lib/tests/core/gc-stress.zy,recursive
debug,1,259707,516,10,4858876,False,"[439, 163, 16, 0]",21,lib/tests/core/gc-stress.zy,original
debug,1,247960,516,10,5187293,False,"[439, 163, 16, 0]",22,lib/tests/core/gc-stress.zy,explicit
debug,1,250500,516,10,5075710,False,"[439, 163, 16, 0]",22,lib/tests/core/gc-stress.zy,recursive
debug,1,243584,516,10,4729331,False,"[439, 163, 16, 0]",22,lib/tests/core/gc-stress.zy,original
debug,1,237376,516,10,4496873,False,"[439, 163, 16, 0]",22,lib/tests/core/gc-stress.zy,jobs
debug,1,259501,516,10,4924748,False,"[439, 163, 16, 0]",23,lib/tests/core/gc-stress.zy,recursive
debug,1,251541,516,10,4663502,False,"[439, 163, 16, 0]",23,lib/tests/core/gc-stress.zy,original
debug,1,245583,516,10,4493625,False,"[439, 163, 16, 0]",23,lib/tests/core/gc-stress.zy,jobs
debug,1,259710,516,10,5303166,False,"[439, 163, 16, 0]",23,lib/tests/core/gc-stress.zy,explicit
debug,1,246626,516,10,4732334,False,"[439, 163, 16, 0]",24,lib/tests/core/gc-stress.zy,original
debug,1,256959,516,10,4577084,False,"[439, 163, 16, 0]",24,lib/tests/core/gc-stress.zy,jobs
debug,1,248709,516,10,4946166,False,"[439, 163, 16, 0]",24,lib/tests/core/gc-stress.zy,explicit
debug,1,282123,516,10,5031418,False,"[439, 163, 16, 0]",24,lib/tests/core/gc-stress.zy,recursive
debug,1,244500,516,10,4464166,False,"[439, 163, 16, 0]",25,lib/tests/core/gc-stress.zy,jobs
debug,1,241875,516,10,4989209,False,"[439, 163, 16, 0]",25,lib/tests/core/gc-stress.zy,explicit
debug,1,244247,516,10,4985543,False,"[439, 163, 16, 0]",25,lib/tests/core/gc-stress.zy,recursive
debug,1,251417,516,10,4775128,False,"[439, 163, 16, 0]",25,lib/tests/core/gc-stress.zy,original
debug,1,261709,516,10,5162334,False,"[439, 163, 16, 0]",26,lib/tests/core/gc-stress.zy,explicit
debug,1,252747,516,10,5177793,False,"[439, 163, 16, 0]",26,lib/tests/core/gc-stress.zy,recursive
debug,1,256459,516,10,4805542,False,"[439, 163, 16, 0]",26,lib/tests/core/gc-stress.zy,original
debug,1,244877,516,10,4709917,False,"[439, 163, 16, 0]",26,lib/tests/core/gc-stress.zy,jobs
debug,1,245081,516,10,5060501,False,"[439, 163, 16, 0]",27,lib/tests/core/gc-stress.zy,recursive
debug,1,253459,516,10,4704624,False,"[439, 163, 16, 0]",27,lib/tests/core/gc-stress.zy,original
debug,1,242333,516,10,4591541,False,"[439, 163, 16, 0]",27,lib/tests/core/gc-stress.zy,jobs
debug,1,260417,516,10,5270752,False,"[439, 163, 16, 0]",27,lib/tests/core/gc-stress.zy,explicit
debug,1,256126,516,10,4837164,False,"[439, 163, 16, 0]",28,lib/tests/core/gc-stress.zy,original
debug,1,271790,516,10,4828084,False,"[439, 163, 16, 0]",28,lib/tests/core/gc-stress.zy,jobs
debug,1,252375,516,10,5337707,False,"[439, 163, 16, 0]",28,lib/tests/core/gc-stress.zy,explicit
debug,1,250335,516,10,5077418,False,"[439, 163, 16, 0]",28,lib/tests/core/gc-stress.zy,recursive
debug,1,241458,516,10,4705874,False,"[439, 163, 16, 0]",29,lib/tests/core/gc-stress.zy,jobs
debug,1,244168,516,10,5131792,False,"[439, 163, 16, 0]",29,lib/tests/core/gc-stress.zy,explicit
debug,1,255710,516,10,5005002,False,"[439, 163, 16, 0]",29,lib/tests/core/gc-stress.zy,recursive
debug,1,241541,516,10,4894540,False,"[439, 163, 16, 0]",29,lib/tests/core/gc-stress.zy,original
debug,1,245126,516,10,5126876,False,"[439, 163, 16, 0]",30,lib/tests/core/gc-stress.zy,explicit
debug,1,241376,516,10,4872040,False,"[439, 163, 16, 0]",30,lib/tests/core/gc-stress.zy,recursive
debug,1,245418,516,10,4740334,False,"[439, 163, 16, 0]",30,lib/tests/core/gc-stress.zy,original
debug,1,245707,516,10,4620917,False,"[439, 163, 16, 0]",30,lib/tests/core/gc-stress.zy,jobs
debug,1,237167,516,10,4876083,False,"[439, 163, 16, 0]",31,lib/tests/core/gc-stress.zy,recursive
debug,1,244917,516,10,4552540,False,"[439, 163, 16, 0]",31,lib/tests/core/gc-stress.zy,original
debug,1,243793,516,10,4460165,False,"[439, 163, 16, 0]",31,lib/tests/core/gc-stress.zy,jobs
debug,1,266415,516,10,5311666,False,"[439, 163, 16, 0]",31,lib/tests/core/gc-stress.zy,explicit
debug,1,277123,516,11,4944333,True,"[422, 163, 16, 15]",0,lib/tests/core/gc-stress.zy,original
debug,1,268916,516,11,4882706,True,"[422, 163, 16, 15]",0,lib/tests/core/gc-stress.zy,jobs
debug,1,275542,516,11,5350084,True,"[422, 163, 16, 15]",0,lib/tests/core/gc-stress.zy,explicit
debug,1,288209,516,11,5270124,True,"[422, 163, 16, 15]",0,lib/tests/core/gc-stress.zy,recursive
debug,1,271040,516,11,4874333,True,"[422, 163, 16, 15]",1,lib/tests/core/gc-stress.zy,jobs
debug,1,265751,516,11,5424125,True,"[422, 163, 16, 15]",1,lib/tests/core/gc-stress.zy,explicit
debug,1,267418,516,11,5250250,True,"[422, 163, 16, 15]",1,lib/tests/core/gc-stress.zy,recursive
debug,1,260417,516,11,4919792,True,"[422, 163, 16, 15]",1,lib/tests/core/gc-stress.zy,original
debug,1,287833,516,11,5573085,True,"[422, 163, 16, 15]",2,lib/tests/core/gc-stress.zy,explicit
debug,1,272292,516,11,5381749,True,"[422, 163, 16, 15]",2,lib/tests/core/gc-stress.zy,recursive
debug,1,272708,516,11,5111208,True,"[422, 163, 16, 15]",2,lib/tests/core/gc-stress.zy,original
debug,1,266083,516,11,4864125,True,"[422, 163, 16, 15]",2,lib/tests/core/gc-stress.zy,jobs
debug,1,266794,516,11,5313918,True,"[422, 163, 16, 15]",3,lib/tests/core/gc-stress.zy,recursive
debug,1,272335,516,11,5026125,True,"[422, 163, 16, 15]",3,lib/tests/core/gc-stress.zy,original
debug,1,273667,516,11,4931875,True,"[422, 163, 16, 15]",3,lib/tests/core/gc-stress.zy,jobs
debug,1,263374,516,11,5340333,True,"[422, 163, 16, 15]",3,lib/tests/core/gc-stress.zy,explicit
debug,1,277208,516,11,5297958,True,"[422, 163, 16, 15]",4,lib/tests/core/gc-stress.zy,original
debug,1,277167,516,11,4969166,True,"[422, 163, 16, 15]",4,lib/tests/core/gc-stress.zy,jobs
debug,1,270790,516,11,5434792,True,"[422, 163, 16, 15]",4,lib/tests/core/gc-stress.zy,explicit
debug,1,275210,516,11,5416998,True,"[422, 163, 16, 15]",4,lib/tests/core/gc-stress.zy,recursive
debug,1,293209,516,11,5075750,True,"[422, 163, 16, 15]",5,lib/tests/core/gc-stress.zy,jobs
debug,1,277126,516,11,5511957,True,"[422, 163, 16, 15]",5,lib/tests/core/gc-stress.zy,explicit
debug,1,266418,516,11,5189833,True,"[422, 163, 16, 15]",5,lib/tests/core/gc-stress.zy,recursive
debug,1,279249,516,11,5117082,True,"[422, 163, 16, 15]",5,lib/tests/core/gc-stress.zy,original
debug,1,279917,516,11,5442752,True,"[422, 163, 16, 15]",6,lib/tests/core/gc-stress.zy,explicit
debug,1,264626,516,11,5244667,True,"[422, 163, 16, 15]",6,lib/tests/core/gc-stress.zy,recursive
debug,1,268459,516,11,4953043,True,"[422, 163, 16, 15]",6,lib/tests/core/gc-stress.zy,original
debug,1,275291,516,11,4869372,True,"[422, 163, 16, 15]",6,lib/tests/core/gc-stress.zy,jobs
debug,1,265083,516,11,5173583,True,"[422, 163, 16, 15]",7,lib/tests/core/gc-stress.zy,recursive
debug,1,269335,516,11,5010834,True,"[422, 163, 16, 15]",7,lib/tests/core/gc-stress.zy,original
debug,1,263707,516,11,4796581,True,"[422, 163, 16, 15]",7,lib/tests/core/gc-stress.zy,jobs
debug,1,279877,516,11,5312916,True,"[422, 163, 16, 15]",7,lib/tests/core/gc-stress.zy,explicit
debug,1,293041,516,11,5121209,True,"[422, 163, 16, 15]",8,lib/tests/core/gc-stress.zy,original
debug,1,274666,516,11,4873750,True,"[422, 163, 16, 15]",8,lib/tests/core/gc-stress.zy,jobs
debug,1,260709,516,11,5299540,True,"[422, 163, 16, 15]",8,lib/tests/core/gc-stress.zy,explicit
debug,1,267333,516,11,5346667,True,"[422, 163, 16, 15]",8,lib/tests/core/gc-stress.zy,recursive
debug,1,273247,516,11,4986084,True,"[422, 163, 16, 15]",9,lib/tests/core/gc-stress.zy,jobs
debug,1,283583,516,11,5610293,True,"[422, 163, 16, 15]",9,lib/tests/core/gc-stress.zy,explicit
debug,1,272374,516,11,5422541,True,"[422, 163, 16, 15]",9,lib/tests/core/gc-stress.zy,recursive
debug,1,270294,516,11,4952793,True,"[422, 163, 16, 15]",9,lib/tests/core/gc-stress.zy,original
debug,1,281586,516,11,5640666,True,"[422, 163, 16, 15]",10,lib/tests/core/gc-stress.zy,explicit
debug,1,263753,516,11,5179624,True,"[422, 163, 16, 15]",10,lib/tests/core/gc-stress.zy,recursive
debug,1,267042,516,11,4949791,True,"[422, 163, 16, 15]",10,lib/tests/core/gc-stress.zy,original
debug,1,276542,516,11,4858208,True,"[422, 163, 16, 15]",10,lib/tests/core/gc-stress.zy,jobs
debug,1,263834,516,11,5139292,True,"[422, 163, 16, 15]",11,lib/tests/core/gc-stress.zy,recursive
debug,1,269834,516,11,4966624,True,"[422, 163, 16, 15]",11,lib/tests/core/gc-stress.zy,original
debug,1,285334,516,11,5090084,True,"[422, 163, 16, 15]",11,lib/tests/core/gc-stress.zy,jobs
debug,1,282292,516,11,5510793,True,"[422, 163, 16, 15]",11,lib/tests/core/gc-stress.zy,explicit
debug,1,271290,516,11,5066419,True,"[422, 163, 16, 15]",12,lib/tests/core/gc-stress.zy,original
debug,1,266166,516,11,4757914,True,"[422, 163, 16, 15]",12,lib/tests/core/gc-stress.zy,jobs
debug,1,267167,516,11,5442081,True,"[422, 163, 16, 15]",12,lib/tests/core/gc-stress.zy,explicit
debug,1,269126,516,11,5211251,True,"[422, 163, 16, 15]",12,lib/tests/core/gc-stress.zy,recursive
debug,1,262459,516,11,4811042,True,"[422, 163, 16, 15]",13,lib/tests/core/gc-stress.zy,jobs
debug,1,279251,516,11,5419125,True,"[422, 163, 16, 15]",13,lib/tests/core/gc-stress.zy,explicit
debug,1,279376,516,11,5249665,True,"[422, 163, 16, 15]",13,lib/tests/core/gc-stress.zy,recursive
debug,1,266793,516,11,4840959,True,"[422, 163, 16, 15]",13,lib/tests/core/gc-stress.zy,original
debug,1,272792,516,11,5331708,True,"[422, 163, 16, 15]",14,lib/tests/core/gc-stress.zy,explicit
debug,1,261499,516,11,5182290,True,"[422, 163, 16, 15]",14,lib/tests/core/gc-stress.zy,recursive
debug,1,280084,516,11,4933209,True,"[422, 163, 16, 15]",14,lib/tests/core/gc-stress.zy,original
debug,1,270583,516,11,4947499,True,"[422, 163, 16, 15]",14,lib/tests/core/gc-stress.zy,jobs
debug,1,267541,516,11,5279916,True,"[422, 163, 16, 15]",15,lib/tests/core/gc-stress.zy,recursive
debug,1,274540,516,11,4929959,True,"[422, 163, 16, 15]",15,lib/tests/core/gc-stress.zy,original
debug,1,260251,516,11,4741625,True,"[422, 163, 16, 15]",15,lib/tests/core/gc-stress.zy,jobs
debug,1,266624,516,11,5341542,True,"[422, 163, 16, 15]",15,lib/tests/core/gc-stress.zy,explicit
debug,1,266583,516,11,5034167,True,"[422, 163, 16, 15]",16,lib/tests/core/gc-stress.zy,original
debug,1,261625,516,11,4768917,True,"[422, 163, 16, 15]",16,lib/tests/core/gc-stress.zy,jobs
debug,1,263875,516,11,5236791,True,"[422, 163, 16, 15]",16,lib/tests/core/gc-stress.zy,explicit
debug,1,271374,516,11,5195292,True,"[422, 163, 16, 15]",16,lib/tests/core/gc-stress.zy,recursive
debug,1,267081,516,11,4797543,True,"[422, 163, 16, 15]",17,lib/tests/core/gc-stress.zy,jobs
debug,1,272081,516,11,5461291,True,"[422, 163, 16, 15]",17,lib/tests/core/gc-stress.zy,explicit
debug,1,259626,516,11,5176792,True,"[422, 163, 16, 15]",17,lib/tests/core/gc-stress.zy,recursive
debug,1,259334,516,11,4928584,True,"[422, 163, 16, 15]",17,lib/tests/core/gc-stress.zy,original
debug,1,266251,516,11,5352502,True,"[422, 163, 16, 15]",18,lib/tests/core/gc-stress.zy,explicit
debug,1,267290,516,11,5288873,True,"[422, 163, 16, 15]",18,lib/tests/core/gc-stress.zy,recursive
debug,1,267999,516,11,5000791,True,"[422, 163, 16, 15]",18,lib/tests/core/gc-stress.zy,original
debug,1,269667,516,11,4944252,True,"[422, 163, 16, 15]",18,lib/tests/core/gc-stress.zy,jobs
debug,1,272750,516,11,5191709,True,"[422, 163, 16, 15]",19,lib/tests/core/gc-stress.zy,recursive
debug,1,283206,516,11,5050418,True,"[422, 163, 16, 15]",19,lib/tests/core/gc-stress.zy,original
debug,1,261043,516,11,4802749,True,"[422, 163, 16, 15]",19,lib/tests/core/gc-stress.zy,jobs
debug,1,262959,516,11,5296917,True,"[422, 163, 16, 15]",19,lib/tests/core/gc-stress.zy,explicit
debug,1,260583,516,11,4905373,True,"[422, 163, 16, 15]",20,lib/tests/core/gc-stress.zy,original
debug,1,261749,516,11,4811209,True,"[422, 163, 16, 15]",20,lib/tests/core/gc-stress.zy,jobs
debug,1,269915,516,11,5388418,True,"[422, 163, 16, 15]",20,lib/tests/core/gc-stress.zy,explicit
debug,1,257459,516,11,5166294,True,"[422, 163, 16, 15]",20,lib/tests/core/gc-stress.zy,recursive
debug,1,270041,516,11,4943625,True,"[422, 163, 16, 15]",21,lib/tests/core/gc-stress.zy,jobs
debug,1,267288,516,11,5333918,True,"[422, 163, 16, 15]",21,lib/tests/core/gc-stress.zy,explicit
debug,1,263082,516,11,5167250,True,"[422, 163, 16, 15]",21,lib/tests/core/gc-stress.zy,recursive
debug,1,263332,516,11,4932501,True,"[422, 163, 16, 15]",21,lib/tests/core/gc-stress.zy,original
debug,1,266874,516,11,5388167,True,"[422, 163, 16, 15]",22,lib/tests/core/gc-stress.zy,explicit
debug,1,269125,516,11,5170417,True,"[422, 163, 16, 15]",22,lib/tests/core/gc-stress.zy,recursive
debug,1,271540,516,11,5005251,True,"[422, 163, 16, 15]",22,lib/tests/core/gc-stress.zy,original
debug,1,263667,516,11,4836792,True,"[422, 163, 16, 15]",22,lib/tests/core/gc-stress.zy,jobs
debug,1,266584,516,11,5248751,True,"[422, 163, 16, 15]",23,lib/tests/core/gc-stress.zy,recursive
debug,1,260294,516,11,4879583,True,"[422, 163, 16, 15]",23,lib/tests/core/gc-stress.zy,original
debug,1,269917,516,11,4747417,True,"[422, 163, 16, 15]",23,lib/tests/core/gc-stress.zy,jobs
debug,1,288376,516,11,5352792,True,"[422, 163, 16, 15]",23,lib/tests/core/gc-stress.zy,explicit
debug,1,264793,516,11,4860123,True,"[422, 163, 16, 15]",24,lib/tests/core/gc-stress.zy,original
debug,1,263375,516,11,4872751,True,"[422, 163, 16, 15]",24,lib/tests/core/gc-stress.zy,jobs
debug,1,346584,516,11,5655709,True,"[422, 163, 16, 15]",24,lib/tests/core/gc-stress.zy,explicit
debug,1,273791,516,11,5310208,True,"[422, 163, 16, 15]",24,lib/tests/core/gc-stress.zy,recursive
debug,1,273500,516,11,4979041,True,"[422, 163, 16, 15]",25,lib/tests/core/gc-stress.zy,jobs
debug,1,267082,516,11,5477334,True,"[422, 163, 16, 15]",25,lib/tests/core/gc-stress.zy,explicit
debug,1,268667,516,11,5296417,True,"[422, 163, 16, 15]",25,lib/tests/core/gc-stress.zy,recursive
debug,1,279377,516,11,5031333,True,"[422, 163, 16, 15]",25,lib/tests/core/gc-stress.zy,original
debug,1,265415,516,11,5356168,True,"[422, 163, 16, 15]",26,lib/tests/core/gc-stress.zy,explicit
debug,1,259290,516,11,5106001,True,"[422, 163, 16, 15]",26,lib/tests/core/gc-stress.zy,recursive
debug,1,276750,516,11,5077791,True,"[422, 163, 16, 15]",26,lib/tests/core/gc-stress.zy,original
debug,1,285874,516,11,5157208,True,"[422, 163, 16, 15]",26,lib/tests/core/gc-stress.zy,jobs
debug,1,267710,516,11,5362416,True,"[422, 163, 16, 15]",27,lib/tests/core/gc-stress.zy,recursive
debug,1,260960,516,11,4974708,True,"[422, 163, 16, 15]",27,lib/tests/core/gc-stress.zy,original
debug,1,267665,516,11,4843960,True,"[422, 163, 16, 15]",27,lib/tests/core/gc-stress.zy,jobs
debug,1,266167,516,11,5417001,True,"[422, 163, 16, 15]",27,lib/tests/core/gc-stress.zy,explicit
debug,1,282251,516,11,5077918,True,"[422, 163, 16, 15]",28,lib/tests/core/gc-stress.zy,original
debug,1,270209,516,11,4827957,True,"[422, 163, 16, 15]",28,lib/tests/core/gc-stress.zy,jobs
debug,1,275294,516,11,5564792,True,"[422, 163, 16, 15]",28,lib/tests/core/gc-stress.zy,explicit
debug,1,267790,516,11,5468502,True,"[422, 163, 16, 15]",28,lib/tests/core/gc-stress.zy,recursive
debug,1,263375,516,11,4816832,True,"[422, 163, 16, 15]",29,lib/tests/core/gc-stress.zy,jobs
debug,1,272667,516,11,5457375,True,"[422, 163, 16, 15]",29,lib/tests/core/gc-stress.zy,explicit
debug,1,275706,516,11,5374499,True,"[422, 163, 16, 15]",29,lib/tests/core/gc-stress.zy,recursive
debug,1,275792,516,11,5184710,True,"[422, 163, 16, 15]",29,lib/tests/core/gc-stress.zy,original
debug,1,274876,516,11,5651121,True,"[422, 163, 16, 15]",30,lib/tests/core/gc-stress.zy,explicit
debug,1,274456,516,11,5469709,True,"[422, 163, 16, 15]",30,lib/tests/core/gc-stress.zy,recursive
debug,1,300041,516,11,5234455,True,"[422, 163, 16, 15]",30,lib/tests/core/gc-stress.zy,original
debug,1,283083,516,11,5036335,True,"[422, 163, 16, 15]",30,lib/tests/core/gc-stress.zy,jobs
debug,1,290625,516,11,5499001,True,"[422, 163, 16, 15]",31,lib/tests/core/gc-stress.zy,recursive
debug,1,299834,516,11,5261249,True,"[422, 163, 16, 15]",31,lib/tests/core/gc-stress.zy,original
debug,1,285708,516,11,5027209,True,"[422, 163, 16, 15]",31,lib/tests/core/gc-stress.zy,jobs
debug,1,273624,516,11,5429376,True,"[422, 163, 16, 15]",31,lib/tests/core/gc-stress.zy,explicit
release,0,932538,343,52,5815583,False,"[276, 90, 14, 0]",0,lib/tests/core/fact.zy,original
release,0,1113997,343,52,5666423,False,"[276, 90, 14, 0]",0,lib/tests/core/fact.zy,jobs
release,0,723507,343,52,5856668,False,"[276, 90, 14, 0]",0,lib/tests/core/fact.zy,explicit
release,0,1010543,343,52,5770334,False,"[276, 90, 14, 0]",0,lib/tests/core/fact.zy,recursive
release,0,1081336,343,52,5663291,False,"[276, 90, 14, 0]",1,lib/tests/core/fact.zy,jobs
release,0,812378,343,52,6190044,False,"[276, 90, 14, 0]",1,lib/tests/core/fact.zy,explicit
release,0,1006379,343,52,5525541,False,"[276, 90, 14, 0]",1,lib/tests/core/fact.zy,recursive
release,0,990086,343,52,5835790,False,"[276, 90, 14, 0]",1,lib/tests/core/fact.zy,original
release,0,1000914,343,52,6216630,False,"[276, 90, 14, 0]",2,lib/tests/core/fact.zy,explicit
release,0,945878,343,52,5670831,False,"[276, 90, 14, 0]",2,lib/tests/core/fact.zy,recursive
release,0,885254,343,52,5912458,False,"[276, 90, 14, 0]",2,lib/tests/core/fact.zy,original
release,0,801750,343,52,5719623,False,"[276, 90, 14, 0]",2,lib/tests/core/fact.zy,jobs
release,0,967541,343,52,5341962,False,"[276, 90, 14, 0]",3,lib/tests/core/fact.zy,recursive
release,0,844962,343,52,5551670,False,"[276, 90, 14, 0]",3,lib/tests/core/fact.zy,original
release,0,827334,343,52,4679000,False,"[276, 90, 14, 0]",3,lib/tests/core/fact.zy,jobs
release,0,895042,343,52,6417167,False,"[276, 90, 14, 0]",3,lib/tests/core/fact.zy,explicit
release,0,1025459,343,52,6497499,False,"[276, 90, 14, 0]",4,lib/tests/core/fact.zy,original
release,0,856086,343,52,5313752,False,"[276, 90, 14, 0]",4,lib/tests/core/fact.zy,jobs
release,0,908753,343,52,6396790,False,"[276, 90, 14, 0]",4,lib/tests/core/fact.zy,explicit
release,0,728793,343,52,5877751,False,"[276, 90, 14, 0]",4,lib/tests/core/fact.zy,recursive
release,0,809420,343,52,4947333,False,"[276, 90, 14, 0]",5,lib/tests/core/fact.zy,jobs
release,0,614291,343,52,5275872,False,"[276, 90, 14, 0]",5,lib/tests/core/fact.zy,explicit
release,0,870254,343,52,5149539,False,"[276, 90, 14, 0]",5,lib/tests/core/fact.zy,recursive
release,0,1196293,343,52,5672369,False,"[276, 90, 14, 0]",5,lib/tests/core/fact.zy,original
release,0,961084,343,52,5305374,False,"[276, 90, 14, 0]",6,lib/tests/core/fact.zy,explicit
release,0,896675,343,52,6184419,False,"[276, 90, 14, 0]",6,lib/tests/core/fact.zy,recursive
release,0,980953,343,52,5845041,False,"[276, 90, 14, 0]",6,lib/tests/core/fact.zy,original
release,0,760420,343,52,5239535,False,"[276, 90, 14, 0]",6,lib/tests/core/fact.zy,jobs
release,0,736210,343,52,5969207,False,"[276, 90, 14, 0]",7,lib/tests/core/fact.zy,recursive
release,0,888167,343,52,5185413,False,"[276, 90, 14, 0]",7,lib/tests/core/fact.zy,original
release,0,734704,343,52,4827461,False,"[276, 90, 14, 0]",7,lib/tests/core/fact.zy,jobs
release,0,1050338,343,52,6130793,False,"[276, 90, 14, 0]",7,lib/tests/core/fact.zy,explicit
release,0,963748,343,52,6105125,False,"[276, 90, 14, 0]",8,lib/tests/core/fact.zy,original
release,0,844869,343,52,5075918,False,"[276, 90, 14, 0]",8,lib/tests/core/fact.zy,jobs
release,0,907253,343,52,6142501,False,"[276, 90, 14, 0]",8,lib/tests/core/fact.zy,explicit
release,0,1040956,343,52,5902041,False,"[276, 90, 14, 0]",8,lib/tests/core/fact.zy,recursive
release,0,857169,343,52,5045875,False,"[276, 90, 14, 0]",9,lib/tests/core/fact.zy,jobs
release,0,878082,343,52,6434709,False,"[276, 90, 14, 0]",9,lib/tests/core/fact.zy,explicit
release,0,1121875,343,52,5763209,False,"[276, 90, 14, 0]",9,lib/tests/core/fact.zy,recursive
release,0,1160005,343,52,5446541,False,"[276, 90, 14, 0]",9,lib/tests/core/fact.zy,original
release,0,856329,343,52,5631292,False,"[276, 90, 14, 0]",10,lib/tests/core/fact.zy,explicit
release,0,972792,343,52,6387580,False,"[276, 90, 14, 0]",10,lib/tests/core/fact.zy,recursive
release,0,894292,343,52,4996248,False,"[276, 90, 14, 0]",10,lib/tests/core/fact.zy,original
release,0,763671,343,52,5151704,False,"[276, 90, 14, 0]",10,lib/tests/core/fact.zy,jobs
release,0,723627,343,52,5582962,False,"[276, 90, 14, 0]",11,lib/tests/core/fact.zy,recursive
release,0,743795,343,52,5148919,False,"[276, 90, 14, 0]",11,lib/tests/core/fact.zy,original
release,0,1162834,343,52,5129127,False,"[276, 90, 14, 0]",11,lib/tests/core/fact.zy,jobs
release,0,875836,343,52,6247295,False,"[276, 90, 14, 0]",11,lib/tests/core/fact.zy,explicit
release,0,1112083,343,52,6131539,False,"[276, 90, 14, 0]",12,lib/tests/core/fact.zy,original
release,0,1166875,343,52,4997249,False,"[276, 90, 14, 0]",12,lib/tests/core/fact.zy,jobs
release,0,742504,343,52,5292418,False,"[276, 90, 14, 0]",12,lib/tests/core/fact.zy,explicit
release,0,1132792,343,52,5672997,False,"[276, 90, 14, 0]",12,lib/tests/core/fact.zy,recursive
release,0,815087,343,52,5357542,False,"[276, 90, 14, 0]",13,lib/tests/core/fact.zy,jobs
release,0,1027334,343,52,6079497,False,"[276, 90, 14, 0]",13,lib/tests/core/fact.zy,explicit
release,0,891164,343,52,5372877,False,"[276, 90, 14, 0]",13,lib/tests/core/fact.zy,recursive
release,0,1013122,343,52,5938710,False,"[276, 90, 14, 0]",13,lib/tests/core/fact.zy,original
release,0,713753,343,52,6113204,False,"[276, 90, 14, 0]",14,lib/tests/core/fact.zy,explicit
release,0,889001,343,52,5180714,False,"[276, 90, 14, 0]",14,lib/tests/core/fact.zy,recursive
release,0,861540,343,52,5338290,False,"[276, 90, 14, 0]",14,lib/tests/core/fact.zy,original
release,0,811458,343,52,5378002,False,"[276, 90, 14, 0]",14,lib/tests/core/fact.zy,jobs
release,0,1314252,343,52,6428837,False,"[276, 90, 14, 0]",15,lib/tests/core/fact.zy,recursive
release,0,1091668,343,52,6298583,False,"[276, 90, 14, 0]",15,lib/tests/core/fact.zy,original
release,0,1257581,343,52,6153711,False,"[276, 90, 14, 0]",15,lib/tests/core/fact.zy,jobs
release,0,1294164,343,52,7010288,False,"[276, 90, 14, 0]",15,lib/tests/core/fact.zy,explicit
release,0,1017294,343,52,5990541,False,"[276, 90, 14, 0]",16,lib/tests/core/fact.zy,original
release,0,857461,343,52,5126209,False,"[276, 90, 14, 0]",16,lib/tests/core/fact.zy,jobs
release,0,1091711,343,52,6675332,False,"[276, 90, 14, 0]",16,lib/tests/core/fact.zy,explicit
release,0,822124,343,52,6778662,False,"[276, 90, 14, 0]",16,lib/tests/core/fact.zy,recursive
release,0,1029248,343,52,6721286,False,"[276, 90, 14, 0]",17,lib/tests/core/fact.zy,jobs
release,0,1257463,343,52,6692125,False,"[276, 90, 14, 0]",17,lib/tests/core/fact.zy,explicit
release,0,1207042,343,52,6463169,False,"[276, 90, 14, 0]",17,lib/tests/core/fact.zy,recursive
release,0,1154958,343,52,7145748,False,"[276, 90, 14, 0]",17,lib/tests/core/fact.zy,original
release,0,862792,343,52,6282081,False,"[276, 90, 14, 0]",18,lib/tests/core/fact.zy,explicit
release,0,1225997,343,52,6280172,False,"[276, 90, 14, 0]",18,lib/tests/core/fact.zy,recursive
release,0,1148959,343,52,6152584,False,"[276, 90, 14, 0]",18,lib/tests/core/fact.zy,original
release,0,1172662,343,52,6372088,False,"[276, 90, 14, 0]",18,lib/tests/core/fact.zy,jobs
release,0,762083,343,52,5767878,False,"[276, 90, 14, 0]",19,lib/tests/core/fact.zy,recursive
release,0,1101246,343,52,6189333,False,"[276, 90, 14, 0]",19,lib/tests/core/fact.zy,original
release,0,1276205,343,52,6443080,False,"[276, 90, 14, 0]",19,lib/tests/core/fact.zy,jobs
release,0,1215374,343,52,6547377,False,"[276, 90, 14, 0]",19,lib/tests/core/fact.zy,explicit
release,0,1519206,343,52,6615790,False,"[276, 90, 14, 0]",20,lib/tests/core/fact.zy,original
release,0,1214415,343,52,6313335,False,"[276, 90, 14, 0]",20,lib/tests/core/fact.zy,jobs
release,0,1264460,343,52,6499922,False,"[276, 90, 14, 0]",20,lib/tests/core/fact.zy,explicit
release,0,931041,343,52,5768293,False,"[276, 90, 14, 0]",20,lib/tests/core/fact.zy,recursive
release,0,833080,343,52,6146251,False,"[276, 90, 14, 0]",21,lib/tests/core/fact.zy,jobs
release,0,1124416,343,52,6707705,False,"[276, 90, 14, 0]",21,lib/tests/core/fact.zy,explicit
release,0,1121745,343,52,6364330,False,"[276, 90, 14, 0]",21,lib/tests/core/fact.zy,recursive
release,0,1375788,343,52,7308126,False,"[276, 90, 14, 0]",21,lib/tests/core/fact.zy,original
release,0,972085,343,52,6874999,False,"[276, 90, 14, 0]",22,lib/tests/core/fact.zy,explicit
release,0,1138038,343,52,6792498,False,"[276, 90, 14, 0]",22,lib/tests/core/fact.zy,recursive
release,0,1168120,343,52,6450835,False,"[276, 90, 14, 0]",22,lib/tests/core/fact.zy,original
release,0,823873,343,52,6288915,False,"[276, 90, 14, 0]",22,lib/tests/core/fact.zy,jobs
release,0,986419,343,52,6244499,False,"[276, 90, 14, 0]",23,lib/tests/core/fact.zy,recursive
release,0,1169541,343,52,7229627,False,"[276, 90, 14, 0]",23,lib/tests/core/fact.zy,original
release,0,1102745,343,52,5757330,False,"[276, 90, 14, 0]",23,lib/tests/core/fact.zy,jobs
release,0,1090294,343,52,6378582,False,"[276, 90, 14, 0]",23,lib/tests/core/fact.zy,explicit
release,0,943003,343,52,6011459,False,"[276, 90, 14, 0]",24,lib/tests/core/fact.zy,original
release,0,1147460,343,52,5567499,False,"[276, 90, 14, 0]",24,lib/tests/core/fact.zy,jobs
release,0,1327580,343,52,6602083,False,"[276, 90, 14, 0]",24,lib/tests/core/fact.zy,explicit
release,0,956958,343,52,6255291,False,"[276, 90, 14, 0]",24,lib/tests/core/fact.zy,recursive
release,0,1069669,343,52,5562752,False,"[276, 90, 14, 0]",25,lib/tests/core/fact.zy,jobs
release,0,1020288,343,52,5625415,False,"[276, 90, 14, 0]",25,lib/tests/core/fact.zy,explicit
release,0,890580,343,52,5786047,False,"[276, 90, 14, 0]",25,lib/tests/core/fact.zy,recursive
release,0,1199747,343,52,6522878,False,"[276, 90, 14, 0]",25,lib/tests/core/fact.zy,original
release,0,1195377,343,52,6389003,False,"[276, 90, 14, 0]",26,lib/tests/core/fact.zy,explicit
release,0,1097578,343,52,6493253,False,"[276, 90, 14, 0]",26,lib/tests/core/fact.zy,recursive
release,0,910415,343,52,5854085,False,"[276, 90, 14, 0]",26,lib/tests/core/fact.zy,original
release,0,1406710,343,52,5872833,False,"[276, 90, 14, 0]",26,lib/tests/core/fact.zy,jobs
release,0,1165749,343,52,6014415,False,"[276, 90, 14, 0]",27,lib/tests/core/fact.zy,recursive
release,0,932827,343,52,5764541,False,"[276, 90, 14, 0]",27,lib/tests/core/fact.zy,original
release,0,1276373,343,52,5562037,False,"[276, 90, 14, 0]",27,lib/tests/core/fact.zy,jobs
release,0,1036538,343,52,6009126,False,"[276, 90, 14, 0]",27,lib/tests/core/fact.zy,explicit
release,0,1248872,343,52,6354544,False,"[276, 90, 14, 0]",28,lib/tests/core/fact.zy,original
release,0,1112297,343,52,6829206,False,"[276, 90, 14, 0]",28,lib/tests/core/fact.zy,jobs
release,0,1178953,343,52,6771163,False,"[276, 90, 14, 0]",28,lib/tests/core/fact.zy,explicit
release,0,1159999,343,52,6943582,False,"[276, 90, 14, 0]",28,lib/tests/core/fact.zy,recursive
release,0,1189502,343,52,5538921,False,"[276, 90, 14, 0]",29,lib/tests/core/fact.zy,jobs
release,0,929249,343,52,6245083,False,"[276, 90, 14, 0]",29,lib/tests/core/fact.zy,explicit
release,0,901668,343,52,5828916,False,"[276, 90, 14, 0]",29,lib/tests/core/fact.zy,recursive
release,0,1011958,343,52,6325957,False,"[276, 90, 14, 0]",29,lib/tests/core/fact.zy,original
release,0,878665,343,52,6056751,False,"[276, 90, 14, 0]",30,lib/tests/core/fact.zy,explicit
release,0,1092081,343,52,6006919,False,"[276, 90, 14, 0]",30,lib/tests/core/fact.zy,recursive
release,0,912710,343,52,5906794,False,"[276, 90, 14, 0]",30,lib/tests/core/fact.zy,original
release,0,1230373,343,52,5780925,False,"[276, 90, 14, 0]",30,lib/tests/core/fact.zy,jobs
release,0,866045,343,52,6070877,False,"[276, 90, 14, 0]",31,lib/tests/core/fact.zy,recursive
release,0,992834,343,52,5559708,False,"[276, 90, 14, 0]",31,lib/tests/core/fact.zy,original
release,0,1178040,343,52,5850246,False,"[276, 90, 14, 0]",31,lib/tests/core/fact.zy,jobs
release,0,1083381,343,52,6209124,False,"[276, 90, 14, 0]",31,lib/tests/core/fact.zy,explicit
release,0,980167,343,54,5467829,True,"[265, 89, 14, 13]",0,lib/tests/core/fact.zy,original
release,0,920958,343,54,4986584,True,"[265, 89, 14, 13]",0,lib/tests/core/fact.zy,jobs
release,0,896583,343,54,5637416,True,"[265, 89, 14, 13]",0,lib/tests/core/fact.zy,explicit
release,0,1065832,343,54,6048328,True,"[265, 89, 14, 13]",0,lib/tests/core/fact.zy,recursive
release,0,1132249,343,54,5316840,True,"[265, 89, 14, 13]",1,lib/tests/core/fact.zy,jobs
release,0,1070291,343,54,6044539,True,"[265, 89, 14, 13]",1,lib/tests/core/fact.zy,explicit
release,0,906039,343,54,5968254,True,"[265, 89, 14, 13]",1,lib/tests/core/fact.zy,recursive
release,0,1023964,343,54,5581831,True,"[265, 89, 14, 13]",1,lib/tests/core/fact.zy,original
release,0,987374,343,54,5707709,True,"[265, 89, 14, 13]",2,lib/tests/core/fact.zy,explicit
release,0,1223958,343,54,6199123,True,"[265, 89, 14, 13]",2,lib/tests/core/fact.zy,recursive
release,0,1176461,343,54,6343832,True,"[265, 89, 14, 13]",2,lib/tests/core/fact.zy,original
release,0,1023457,343,54,5262043,True,"[265, 89, 14, 13]",2,lib/tests/core/fact.zy,jobs
release,0,885791,343,54,5535173,True,"[265, 89, 14, 13]",3,lib/tests/core/fact.zy,recursive
release,0,1119414,343,54,5746707,True,"[265, 89, 14, 13]",3,lib/tests/core/fact.zy,original
release,0,966043,343,54,5953290,True,"[265, 89, 14, 13]",3,lib/tests/core/fact.zy,jobs
release,0,777832,343,54,5826124,True,"[265, 89, 14, 13]",3,lib/tests/core/fact.zy,explicit
release,0,1080672,343,54,5895666,True,"[265, 89, 14, 13]",4,lib/tests/core/fact.zy,original
release,0,1054538,343,54,5514082,True,"[265, 89, 14, 13]",4,lib/tests/core/fact.zy,jobs
release,0,1118753,343,54,5933375,True,"[265, 89, 14, 13]",4,lib/tests/core/fact.zy,explicit
release,0,1055835,343,54,5713124,True,"[265, 89, 14, 13]",4,lib/tests/core/fact.zy,recursive
release,0,952413,343,54,5436711,True,"[265, 89, 14, 13]",5,lib/tests/core/fact.zy,jobs
release,0,1011162,343,54,5538252,True,"[265, 89, 14, 13]",5,lib/tests/core/fact.zy,explicit
release,0,985833,343,54,5522833,True,"[265, 89, 14, 13]",5,lib/tests/core/fact.zy,recursive
release,0,827878,343,54,4994920,True,"[265, 89, 14, 13]",5,lib/tests/core/fact.zy,original
release,0,945120,343,54,5693583,True,"[265, 89, 14, 13]",6,lib/tests/core/fact.zy,explicit
release,0,909669,343,54,5741871,True,"[265, 89, 14, 13]",6,lib/tests/core/fact.zy,recursive
release,0,1161121,343,54,6162460,True,"[265, 89, 14, 13]",6,lib/tests/core/fact.zy,original
release,0,732913,343,54,5044206,True,"[265, 89, 14, 13]",6,lib/tests/core/fact.zy,jobs
release,0,857877,343,54,5294415,True,"[265, 89, 14, 13]",7,lib/tests/core/fact.zy,recursive
release,0,1113165,343,54,6335210,True,"[265, 89, 14, 13]",7,lib/tests/core/fact.zy,original
release,0,1011507,343,54,5233620,True,"[265, 89, 14, 13]",7,lib/tests/core/fact.zy,jobs
release,0,877458,343,54,5845832,True,"[265, 89, 14, 13]",7,lib/tests/core/fact.zy,explicit
release,0,1224831,343,54,5829377,True,"[265, 89, 14, 13]",8,lib/tests/core/fact.zy,original
release,0,1034579,343,54,5832711,True,"[265, 89, 14, 13]",8,lib/tests/core/fact.zy,jobs
release,0,804290,343,54,6026334,True,"[265, 89, 14, 13]",8,lib/tests/core/fact.zy,explicit
release,0,826582,343,54,5720416,True,"[265, 89, 14, 13]",8,lib/tests/core/fact.zy,recursive
release,0,814045,343,54,5537791,True,"[265, 89, 14, 13]",9,lib/tests/core/fact.zy,jobs
release,0,946497,343,54,6193456,True,"[265, 89, 14, 13]",9,lib/tests/core/fact.zy,explicit
release,0,872748,343,54,5620626,True,"[265, 89, 14, 13]",9,lib/tests/core/fact.zy,recursive
release,0,911125,343,54,5849547,True,"[265, 89, 14, 13]",9,lib/tests/core/fact.zy,original
release,0,972582,343,54,6348957,True,"[265, 89, 14, 13]",10,lib/tests/core/fact.zy,explicit
release,0,1029498,343,54,6117378,True,"[265, 89, 14, 13]",10,lib/tests/core/fact.zy,recursive
release,0,1236125,343,54,6050962,True,"[265, 89, 14, 13]",10,lib/tests/core/fact.zy,original
release,0,789581,343,54,4974666,True,"[265, 89, 14, 13]",10,lib/tests/core/fact.zy,jobs
release,0,1000002,343,54,6232624,True,"[265, 89, 14, 13]",11,lib/tests/core/fact.zy,recursive
release,0,911584,343,54,5893418,True,"[265, 89, 14, 13]",11,lib/tests/core/fact.zy,original
release,0,1068415,343,54,5520959,True,"[265, 89, 14, 13]",11,lib/tests/core/fact.zy,jobs
release,0,1061000,343,54,6712581,True,"[265, 89, 14, 13]",11,lib/tests/core/fact.zy,explicit
release,0,1260916,343,54,7070043,True,"[265, 89, 14, 13]",12,lib/tests/core/fact.zy,original
release,0,1233918,343,54,6515498,True,"[265, 89, 14, 13]",12,lib/tests/core/fact.zy,jobs
release,0,1370373,343,54,7120003,True,"[265, 89, 14, 13]",12,lib/tests/core/fact.zy,explicit
release,0,1161457,343,54,6660500,True,"[265, 89, 14, 13]",12,lib/tests/core/fact.zy,recursive
release,0,1047082,343,54,5588455,True,"[265, 89, 14, 13]",13,lib/tests/core/fact.zy,jobs
release,0,1145504,343,54,6097956,True,"[265, 89, 14, 13]",13,lib/tests/core/fact.zy,explicit
release,0,1152286,343,54,6126501,True,"[265, 89, 14, 13]",13,lib/tests/core/fact.zy,recursive
release,0,789668,343,54,5275166,True,"[265, 89, 14, 13]",13,lib/tests/core/fact.zy,original
release,0,972289,343,54,5397417,True,"[265, 89, 14, 13]",14,lib/tests/core/fact.zy,explicit
release,0,440499,343,54,3452836,True,"[265, 89, 14, 13]",14,lib/tests/core/fact.zy,recursive
release,0,432835,343,54,3375503,True,"[265, 89, 14, 13]",14,lib/tests/core/fact.zy,original
release,0,532792,343,54,3733085,True,"[265, 89, 14, 13]",14,lib/tests/core/fact.zy,jobs
release,0,591128,343,54,4830624,True,"[265, 89, 14, 13]",15,lib/tests/core/fact.zy,recursive
release,0,589664,343,54,4496708,True,"[265, 89, 14, 13]",15,lib/tests/core/fact.zy,original
release,0,458751,343,54,3764330,True,"[265, 89, 14, 13]",15,lib/tests/core/fact.zy,jobs
release,0,560703,343,54,4028080,True,"[265, 89, 14, 13]",15,lib/tests/core/fact.zy,explicit
release,0,460829,343,54,3658830,True,"[265, 89, 14, 13]",16,lib/tests/core/fact.zy,original
release,0,407834,343,54,3348209,True,"[265, 89, 14, 13]",16,lib/tests/core/fact.zy,jobs
release,0,447500,343,54,3432248,True,"[265, 89, 14, 13]",16,lib/tests/core/fact.zy,explicit
release,0,642872,343,54,3833084,True,"[265, 89, 14, 13]",16,lib/tests/core/fact.zy,recursive
release,0,476709,343,54,3311044,True,"[265, 89, 14, 13]",17,lib/tests/core/fact.zy,jobs
release,0,466871,343,54,3747501,True,"[265, 89, 14, 13]",17,lib/tests/core/fact.zy,explicit
release,0,515417,343,54,3628414,True,"[265, 89, 14, 13]",17,lib/tests/core/fact.zy,recursive
release,0,630247,343,54,4120458,True,"[265, 89, 14, 13]",17,lib/tests/core/fact.zy,original
release,0,450796,343,54,3562001,True,"[265, 89, 14, 13]",18,lib/tests/core/fact.zy,explicit
release,0,729166,343,54,4505000,True,"[265, 89, 14, 13]",18,lib/tests/core/fact.zy,recursive
release,0,428878,343,54,3478623,True,"[265, 89, 14, 13]",18,lib/tests/core/fact.zy,original
release,0,399502,343,54,3139960,True,"[265, 89, 14, 13]",18,lib/tests/core/fact.zy,jobs
release,0,396752,343,54,3376209,True,"[265, 89, 14, 13]",19,lib/tests/core/fact.zy,recursive
release,0,392537,343,54,3441336,True,"[265, 89, 14, 13]",19,lib/tests/core/fact.zy,original
release,0,389711,343,54,3075169,True,"[265, 89, 14, 13]",19,lib/tests/core/fact.zy,jobs
release,0,393873,343,54,3473503,True,"[265, 89, 14, 13]",19,lib/tests/core/fact.zy,explicit
release,0,390870,343,54,3424671,True,"[265, 89, 14, 13]",20,lib/tests/core/fact.zy,original
release,0,458417,343,54,3832335,True,"[265, 89, 14, 13]",20,lib/tests/core/fact.zy,jobs
release,0,467583,343,54,4007963,True,"[265, 89, 14, 13]",20,lib/tests/core/fact.zy,explicit
release,0,401211,343,54,3438799,True,"[265, 89, 14, 13]",20,lib/tests/core/fact.zy,recursive
release,0,396041,343,54,3204418,True,"[265, 89, 14, 13]",21,lib/tests/core/fact.zy,jobs
release,0,396496,343,54,3801624,True,"[265, 89, 14, 13]",21,lib/tests/core/fact.zy,explicit
release,0,732372,343,54,3795544,True,"[265, 89, 14, 13]",21,lib/tests/core/fact.zy,recursive
release,0,682250,343,54,4432455,True,"[265, 89, 14, 13]",21,lib/tests/core/fact.zy,original
release,0,627913,343,54,4749832,True,"[265, 89, 14, 13]",22,lib/tests/core/fact.zy,explicit
release,0,637209,343,54,4608044,True,"[265, 89, 14, 13]",22,lib/tests/core/fact.zy,recursive
release,0,972252,343,54,5346210,True,"[265, 89, 14, 13]",22,lib/tests/core/fact.zy,original
release,0,960832,343,54,5649625,True,"[265, 89, 14, 13]",22,lib/tests/core/fact.zy,jobs
release,0,716956,343,54,5157918,True,"[265, 89, 14, 13]",23,lib/tests/core/fact.zy,recursive
release,0,1665292,343,54,7708665,True,"[265, 89, 14, 13]",23,lib/tests/core/fact.zy,original
release,0,1415631,343,54,6431164,True,"[265, 89, 14, 13]",23,lib/tests/core/fact.zy,jobs
release,0,1100750,343,54,6826035,True,"[265, 89, 14, 13]",23,lib/tests/core/fact.zy,explicit
release,0,1615623,343,54,7165668,True,"[265, 89, 14, 13]",24,lib/tests/core/fact.zy,original
release,0,1135458,343,54,5057916,True,"[265, 89, 14, 13]",24,lib/tests/core/fact.zy,jobs
release,0,1056128,343,54,7038837,True,"[265, 89, 14, 13]",24,lib/tests/core/fact.zy,explicit
release,0,964497,343,54,7004335,True,"[265, 89, 14, 13]",24,lib/tests/core/fact.zy,recursive
release,0,1456461,343,54,6089536,True,"[265, 89, 14, 13]",25,lib/tests/core/fact.zy,jobs
release,0,1036634,343,54,6165460,True,"[265, 89, 14, 13]",25,lib/tests/core/fact.zy,explicit
release,0,1309663,343,54,6264084,True,"[265, 89, 14, 13]",25,lib/tests/core/fact.zy,recursive
release,0,1143585,343,54,6518624,True,"[265, 89, 14, 13]",25,lib/tests/core/fact.zy,original
release,0,1149415,343,54,6188379,True,"[265, 89, 14, 13]",26,lib/tests/core/fact.zy,explicit
release,0,812998,343,54,5586708,True,"[265, 89, 14, 13]",26,lib/tests/core/fact.zy,recursive
release,0,963960,343,54,5569207,True,"[265, 89, 14, 13]",26,lib/tests/core/fact.zy,original
release,0,1059833,343,54,4873579,True,"[265, 89, 14, 13]",26,lib/tests/core/fact.zy,jobs
release,0,1374919,343,54,6223004,True,"[265, 89, 14, 13]",27,lib/tests/core/fact.zy,recursive
release,0,816750,343,54,6226541,True,"[265, 89, 14, 13]",27,lib/tests/core/fact.zy,original
release,0,1272039,343,54,5868254,True,"[265, 89, 14, 13]",27,lib/tests/core/fact.zy,jobs
release,0,1002293,343,54,6043250,True,"[265, 89, 14, 13]",27,lib/tests/core/fact.zy,explicit
release,0,1030331,343,54,5796997,True,"[265, 89, 14, 13]",28,lib/tests/core/fact.zy,original
release,0,1131419,343,54,5304334,True,"[265, 89, 14, 13]",28,lib/tests/core/fact.zy,jobs
release,0,1004257,343,54,5944248,True,"[265, 89, 14, 13]",28,lib/tests/core/fact.zy,explicit
release,0,910962,343,54,6072455,True,"[265, 89, 14, 13]",28,lib/tests/core/fact.zy,recursive
release,0,919543,343,54,6228710,True,"[265, 89, 14, 13]",29,lib/tests/core/fact.zy,jobs
release,0,1077286,343,54,7339833,True,"[265, 89, 14, 13]",29,lib/tests/core/fact.zy,explicit
release,0,1153208,343,54,6872622,True,"[265, 89, 14, 13]",29,lib/tests/core/fact.zy,recursive
release,0,1291161,343,54,6524420,True,"[265, 89, 14, 13]",29,lib/tests/core/fact.zy,original
release,0,914833,343,54,6403210,True,"[265, 89, 14, 13]",30,lib/tests/core/fact.zy,explicit
release,0,893500,343,54,6619505,True,"[265, 89, 14, 13]",30,lib/tests/core/fact.zy,recursive
release,0,1034624,343,54,5502588,True,"[265, 89, 14, 13]",30,lib/tests/core/fact.zy,original
release,0,1255667,343,54,5488495,True,"[265, 89, 14, 13]",30,lib/tests/core/fact.zy,jobs
release,0,1061790,343,54,5694542,True,"[265, 89, 14, 13]",31,lib/tests/core/fact.zy,recursive
release,0,1350463,343,54,6190959,True,"[265, 89, 14, 13]",31,lib/tests/core/fact.zy,original
release,0,1200165,343,54,6014878,True,"[265, 89, 14, 13]",31,lib/tests/core/fact.zy,jobs
release,0,1015459,343,54,6580544,True,"[265, 89, 14, 13]",31,lib/tests/core/fact.zy,explicit
release,0,135440,4,1024,486206,False,"[2, 0, 0, 0]",0,lib/tests/core/pattern-alias.zy,original
release,0,175958,4,1024,382128,False,"[2, 0, 0, 0]",0,lib/tests/core/pattern-alias.zy,jobs
release,0,182881,4,1024,602578,False,"[2, 0, 0, 0]",0,lib/tests/core/pattern-alias.zy,explicit
release,0,94136,4,1024,422718,False,"[2, 0, 0, 0]",0,lib/tests/core/pattern-alias.zy,recursive
release,0,103967,4,1024,483057,False,"[2, 0, 0, 0]",1,lib/tests/core/pattern-alias.zy,jobs
release,0,156387,4,1024,619459,False,"[2, 0, 0, 0]",1,lib/tests/core/pattern-alias.zy,explicit
release,0,71660,4,1024,444670,False,"[2, 0, 0, 0]",1,lib/tests/core/pattern-alias.zy,recursive
release,0,113414,4,1024,353202,False,"[2, 0, 0, 0]",1,lib/tests/core/pattern-alias.zy,original
release,0,116257,4,1024,662756,False,"[2, 0, 0, 0]",2,lib/tests/core/pattern-alias.zy,explicit
release,0,67972,4,1024,575351,False,"[2, 0, 0, 0]",2,lib/tests/core/pattern-alias.zy,recursive
release,0,107990,4,1024,535776,False,"[2, 0, 0, 0]",2,lib/tests/core/pattern-alias.zy,original
release,0,67536,4,1024,405004,False,"[2, 0, 0, 0]",2,lib/tests/core/pattern-alias.zy,jobs
release,0,105319,4,1024,568920,False,"[2, 0, 0, 0]",3,lib/tests/core/pattern-alias.zy,recursive
release,0,153449,4,1024,547643,False,"[2, 0, 0, 0]",3,lib/tests/core/pattern-alias.zy,original
release,0,191171,4,1024,339725,False,"[2, 0, 0, 0]",3,lib/tests/core/pattern-alias.zy,jobs
release,0,113536,4,1024,586675,False,"[2, 0, 0, 0]",3,lib/tests/core/pattern-alias.zy,explicit
release,0,123890,4,1024,424452,False,"[2, 0, 0, 0]",4,lib/tests/core/pattern-alias.zy,original
release,0,103093,4,1024,465546,False,"[2, 0, 0, 0]",4,lib/tests/core/pattern-alias.zy,jobs
release,0,111919,4,1024,683674,False,"[2, 0, 0, 0]",4,lib/tests/core/pattern-alias.zy,explicit
release,0,71828,4,1024,660211,False,"[2, 0, 0, 0]",4,lib/tests/core/pattern-alias.zy,recursive
release,0,94041,4,1024,565806,False,"[2, 0, 0, 0]",5,lib/tests/core/pattern-alias.zy,jobs
release,0,177775,4,1024,596384,False,"[2, 0, 0, 0]",5,lib/tests/core/pattern-alias.zy,explicit
release,0,133505,4,1024,633914,False,"[2, 0, 0, 0]",5,lib/tests/core/pattern-alias.zy,recursive
release,0,116650,4,1024,560508,False,"[2, 0, 0, 0]",5,lib/tests/core/pattern-alias.zy,original
release,0,146691,4,1024,484580,False,"[2, 0, 0, 0]",6,lib/tests/core/pattern-alias.zy,explicit
release,0,130892,4,1024,622202,False,"[2, 0, 0, 0]",6,lib/tests/core/pattern-alias.zy,recursive
release,0,102497,4,1024,439825,False,"[2, 0, 0, 0]",6,lib/tests/core/pattern-alias.zy,original
release,0,73727,4,1024,354208,False,"[2, 0, 0, 0]",6,lib/tests/core/pattern-alias.zy,jobs
release,0,202374,4,1024,649670,False,"[2, 0, 0, 0]",7,lib/tests/core/pattern-alias.zy,recursive
release,0,81807,4,1024,595917,False,"[2, 0, 0, 0]",7,lib/tests/core/pattern-alias.zy,original
release,0,91366,4,1024,561227,False,"[2, 0, 0, 0]",7,lib/tests/core/pattern-alias.zy,jobs
release,0,152531,4,1024,716715,False,"[2, 0, 0, 0]",7,lib/tests/core/pattern-alias.zy,explicit
release,0,95128,4,1024,394571,False,"[2, 0, 0, 0]",8,lib/tests/core/pattern-alias.zy,original
release,0,111640,4,1024,559833,False,"[2, 0, 0, 0]",8,lib/tests/core/pattern-alias.zy,jobs
release,0,99101,4,1024,453679,False,"[2, 0, 0, 0]",8,lib/tests/core/pattern-alias.zy,explicit
release,0,168086,4,1024,595662,False,"[2, 0, 0, 0]",8,lib/tests/core/pattern-alias.zy,recursive
release,0,71562,4,1024,595697,False,"[2, 0, 0, 0]",9,lib/tests/core/pattern-alias.zy,jobs
release,0,173517,4,1024,673916,False,"[2, 0, 0, 0]",9,lib/tests/core/pattern-alias.zy,explicit
release,0,179715,4,1024,444875,False,"[2, 0, 0, 0]",9,lib/tests/core/pattern-alias.zy,recursive
release,0,75570,4,1024,498529,False,"[2, 0, 0, 0]",9,lib/tests/core/pattern-alias.zy,original
release,0,159877,4,1024,584581,False,"[2, 0, 0, 0]",10,lib/tests/core/pattern-alias.zy,explicit
release,0,104399,4,1024,455409,False,"[2, 0, 0, 0]",10,lib/tests/core/pattern-alias.zy,recursive
release,0,94796,4,1024,388629,False,"[2, 0, 0, 0]",10,lib/tests/core/pattern-alias.zy,original
release,0,83532,4,1024,417235,False,"[2, 0, 0, 0]",10,lib/tests/core/pattern-alias.zy,jobs
release,0,125951,4,1024,443548,False,"[2, 0, 0, 0]",11,lib/tests/core/pattern-alias.zy,recursive
release,0,164402,4,1024,462269,False,"[2, 0, 0, 0]",11,lib/tests/core/pattern-alias.zy,original
release,0,71138,4,1024,499222,False,"[2, 0, 0, 0]",11,lib/tests/core/pattern-alias.zy,jobs
release,0,160822,4,1024,601838,False,"[2, 0, 0, 0]",11,lib/tests/core/pattern-alias.zy,explicit
release,0,102844,4,1024,356686,False,"[2, 0, 0, 0]",12,lib/tests/core/pattern-alias.zy,original
release,0,108040,4,1024,468789,False,"[2, 0, 0, 0]",12,lib/tests/core/pattern-alias.zy,jobs
release,0,104825,4,1024,584737,False,"[2, 0, 0, 0]",12,lib/tests/core/pattern-alias.zy,explicit
release,0,179501,4,1024,621581,False,"[2, 0, 0, 0]",12,lib/tests/core/pattern-alias.zy,recursive
release,0,185922,4,1024,477665,False,"[2, 0, 0, 0]",13,lib/tests/core/pattern-alias.zy,jobs
release,0,86525,4,1024,620468,False,"[2, 0, 0, 0]",13,lib/tests/core/pattern-alias.zy,explicit
release,0,73541,4,1024,497176,False,"[2, 0, 0, 0]",13,lib/tests/core/pattern-alias.zy,recursive
release,0,92407,4,1024,491958,False,"[2, 0, 0, 0]",13,lib/tests/core/pattern-alias.zy,original
release,0,67338,4,1024,656834,False,"[2, 0, 0, 0]",14,lib/tests/core/pattern-alias.zy,explicit
release,0,81276,4,1024,618132,False,"[2, 0, 0, 0]",14,lib/tests/core/pattern-alias.zy,recursive
release,0,158224,4,1024,527720,False,"[2, 0, 0, 0]",14,lib/tests/core/pattern-alias.zy,original
release,0,64868,4,1024,424632,False,"[2, 0, 0, 0]",14,lib/tests/core/pattern-alias.zy,jobs
release,0,93114,4,1024,435215,False,"[2, 0, 0, 0]",15,lib/tests/core/pattern-alias.zy,recursive
release,0,149324,4,1024,406910,False,"[2, 0, 0, 0]",15,lib/tests/core/pattern-alias.zy,original
release,0,135205,4,1024,438271,False,"[2, 0, 0, 0]",15,lib/tests/core/pattern-alias.zy,jobs
release,0,149331,4,1024,591887,False,"[2, 0, 0, 0]",15,lib/tests/core/pattern-alias.zy,explicit
release,0,132619,4,1024,490171,False,"[2, 0, 0, 0]",16,lib/tests/core/pattern-alias.zy,original
release,0,125662,4,1024,396708,False,"[2, 0, 0, 0]",16,lib/tests/core/pattern-alias.zy,jobs
release,0,171267,4,1024,537678,False,"[2, 0, 0, 0]",16,lib/tests/core/pattern-alias.zy,explicit
release,0,74208,4,1024,609283,False,"[2, 0, 0, 0]",16,lib/tests/core/pattern-alias.zy,recursive
release,0,99698,4,1024,437764,False,"[2, 0, 0, 0]",17,lib/tests/core/pattern-alias.zy,jobs
release,0,113151,4,1024,599555,False,"[2, 0, 0, 0]",17,lib/tests/core/pattern-alias.zy,explicit
release,0,104845,4,1024,610786,False,"[2, 0, 0, 0]",17,lib/tests/core/pattern-alias.zy,recursive
release,0,138246,4,1024,398228,False,"[2, 0, 0, 0]",17,lib/tests/core/pattern-alias.zy,original
release,0,124599,4,1024,767299,False,"[2, 0, 0, 0]",18,lib/tests/core/pattern-alias.zy,explicit
release,0,68699,4,1024,586039,False,"[2, 0, 0, 0]",18,lib/tests/core/pattern-alias.zy,recursive
release,0,100077,4,1024,535531,False,"[2, 0, 0, 0]",18,lib/tests/core/pattern-alias.zy,original
release,0,90409,4,1024,374933,False,"[2, 0, 0, 0]",18,lib/tests/core/pattern-alias.zy,jobs
release,0,193965,4,1024,542378,False,"[2, 0, 0, 0]",19,lib/tests/core/pattern-alias.zy,recursive
release,0,62766,4,1024,381420,False,"[2, 0, 0, 0]",19,lib/tests/core/pattern-alias.zy,original
release,0,81812,4,1024,507692,False,"[2, 0, 0, 0]",19,lib/tests/core/pattern-alias.zy,jobs
release,0,202350,4,1024,524827,False,"[2, 0, 0, 0]",19,lib/tests/core/pattern-alias.zy,explicit
release,0,129710,4,1024,436325,False,"[2, 0, 0, 0]",20,lib/tests/core/pattern-alias.zy,original
release,0,184637,4,1024,379965,False,"[2, 0, 0, 0]",20,lib/tests/core/pattern-alias.zy,jobs
release,0,79297,4,1024,634491,False,"[2, 0, 0, 0]",20,lib/tests/core/pattern-alias.zy,explicit
release,0,142396,4,1024,617120,False,"[2, 0, 0, 0]",20,lib/tests/core/pattern-alias.zy,recursive
release,0,123118,4,1024,481121,False,"[2, 0, 0, 0]",21,lib/tests/core/pattern-alias.zy,jobs
release,0,99825,4,1024,616038,False,"[2, 0, 0, 0]",21,lib/tests/core/pattern-alias.zy,explicit
release,0,74246,4,1024,614518,False,"[2, 0, 0, 0]",21,lib/tests/core/pattern-alias.zy,recursive
release,0,122636,4,1024,501923,False,"[2, 0, 0, 0]",21,lib/tests/core/pattern-alias.zy,original
release,0,165828,4,1024,516167,False,"[2, 0, 0, 0]",22,lib/tests/core/pattern-alias.zy,explicit
release,0,103232,4,1024,566991,False,"[2, 0, 0, 0]",22,lib/tests/core/pattern-alias.zy,recursive
release,0,74168,4,1024,494822,False,"[2, 0, 0, 0]",22,lib/tests/core/pattern-alias.zy,original
release,0,178202,4,1024,449114,False,"[2, 0, 0, 0]",22,lib/tests/core/pattern-alias.zy,jobs
release,0,69948,4,1024,506239,False,"[2, 0, 0, 0]",23,lib/tests/core/pattern-alias.zy,recursive
release,0,138286,4,1024,497753,False,"[2, 0, 0, 0]",23,lib/tests/core/pattern-alias.zy,original
release,0,112062,4,1024,521290,False,"[2, 0, 0, 0]",23,lib/tests/core/pattern-alias.zy,jobs
release,0,103678,4,1024,633759,False,"[2, 0, 0, 0]",23,lib/tests/core/pattern-alias.zy,explicit
release,0,74347,4,1024,583127,False,"[2, 0, 0, 0]",24,lib/tests/core/pattern-alias.zy,original
release,0,164155,4,1024,357679,False,"[2, 0, 0, 0]",24,lib/tests/core/pattern-alias.zy,jobs
release,0,201644,4,1024,590231,False,"[2, 0, 0, 0]",24,lib/tests/core/pattern-alias.zy,explicit
release,0,86911,4,1024,760145,False,"[2, 0, 0, 0]",24,lib/tests/core/pattern-alias.zy,recursive
release,0,163171,4,1024,314295,False,"[2, 0, 0, 0]",25,lib/tests/core/pattern-alias.zy,jobs
release,0,96800,4,1024,657347,False,"[2, 0, 0, 0]",25,lib/tests/core/pattern-alias.zy,explicit
release,0,150466,4,1024,523502,False,"[2, 0, 0, 0]",25,lib/tests/core/pattern-alias.zy,recursive
release,0,107224,4,1024,506422,False,"[2, 0, 0, 0]",25,lib/tests/core/pattern-alias.zy,original
release,0,69332,4,1024,537377,False,"[2, 0, 0, 0]",26,lib/tests/core/pattern-alias.zy,explicit
release,0,73189,4,1024,461470,False,"[2, 0, 0, 0]",26,lib/tests/core/pattern-alias.zy,recursive
release,0,177438,4,1024,391090,False,"[2, 0, 0, 0]",26,lib/tests/core/pattern-alias.zy,original
release,0,159991,4,1024,447588,False,"[2, 0, 0, 0]",26,lib/tests/core/pattern-alias.zy,jobs
release,0,102297,4,1024,512623,False,"[2, 0, 0, 0]",27,lib/tests/core/pattern-alias.zy,recursive
release,0,72627,4,1024,581189,False,"[2, 0, 0, 0]",27,lib/tests/core/pattern-alias.zy,original
release,0,127700,4,1024,421363,False,"[2, 0, 0, 0]",27,lib/tests/core/pattern-alias.zy,jobs
release,0,128309,4,1024,586221,False,"[2, 0, 0, 0]",27,lib/tests/core/pattern-alias.zy,explicit
release,0,65873,4,1024,375888,False,"[2, 0, 0, 0]",28,lib/tests/core/pattern-alias.zy,original
release,0,101721,4,1024,566004,False,"[2, 0, 0, 0]",28,lib/tests/core/pattern-alias.zy,jobs
release,0,75819,4,1024,699803,False,"[2, 0, 0, 0]",28,lib/tests/core/pattern-alias.zy,explicit
release,0,148716,4,1024,646755,False,"[2, 0, 0, 0]",28,lib/tests/core/pattern-alias.zy,recursive
release,0,156332,4,1024,426382,False,"[2, 0, 0, 0]",29,lib/tests/core/pattern-alias.zy,jobs
release,0,73201,4,1024,652206,False,"[2, 0, 0, 0]",29,lib/tests/core/pattern-alias.zy,explicit
release,0,94721,4,1024,621525,False,"[2, 0, 0, 0]",29,lib/tests/core/pattern-alias.zy,recursive
release,0,139164,4,1024,454923,False,"[2, 0, 0, 0]",29,lib/tests/core/pattern-alias.zy,original
release,0,72487,4,1024,582987,False,"[2, 0, 0, 0]",30,lib/tests/core/pattern-alias.zy,explicit
release,0,115539,4,1024,548827,False,"[2, 0, 0, 0]",30,lib/tests/core/pattern-alias.zy,recursive
release,0,126534,4,1024,479737,False,"[2, 0, 0, 0]",30,lib/tests/core/pattern-alias.zy,original
release,0,73957,4,1024,455283,False,"[2, 0, 0, 0]",30,lib/tests/core/pattern-alias.zy,jobs
release,0,78071,4,1024,616616,False,"[2, 0, 0, 0]",31,lib/tests/core/pattern-alias.zy,recursive
release,0,151786,4,1024,436828,False,"[2, 0, 0, 0]",31,lib/tests/core/pattern-alias.zy,original
release,0,99645,4,1024,442863,False,"[2, 0, 0, 0]",31,lib/tests/core/pattern-alias.zy,jobs
release,0,163470,4,1024,745207,False,"[2, 0, 0, 0]",31,lib/tests/core/pattern-alias.zy,explicit
release,0,154218,4,1024,390510,True,"[2, 0, 0, 1]",0,lib/tests/core/pattern-alias.zy,original
release,0,214223,4,1024,334362,True,"[2, 0, 0, 1]",0,lib/tests/core/pattern-alias.zy,jobs
release,0,216286,4,1024,776886,True,"[2, 0, 0, 1]",0,lib/tests/core/pattern-alias.zy,explicit
release,0,239882,4,1024,559281,True,"[2, 0, 0, 1]",0,lib/tests/core/pattern-alias.zy,recursive
release,0,160176,4,1024,444994,True,"[2, 0, 0, 1]",1,lib/tests/core/pattern-alias.zy,jobs
release,0,103301,4,1024,671915,True,"[2, 0, 0, 1]",1,lib/tests/core/pattern-alias.zy,explicit
release,0,97389,4,1024,615626,True,"[2, 0, 0, 1]",1,lib/tests/core/pattern-alias.zy,recursive
release,0,145585,4,1024,831839,True,"[2, 0, 0, 1]",1,lib/tests/core/pattern-alias.zy,original
release,0,118583,4,1024,630552,True,"[2, 0, 0, 1]",2,lib/tests/core/pattern-alias.zy,explicit
release,0,188682,4,1024,822850,True,"[2, 0, 0, 1]",2,lib/tests/core/pattern-alias.zy,recursive
release,0,104203,4,1024,632931,True,"[2, 0, 0, 1]",2,lib/tests/core/pattern-alias.zy,original
release,0,200120,4,1024,713053,True,"[2, 0, 0, 1]",2,lib/tests/core/pattern-alias.zy,jobs
release,0,121050,4,1024,565455,True,"[2, 0, 0, 1]",3,lib/tests/core/pattern-alias.zy,recursive
release,0,101498,4,1024,489693,True,"[2, 0, 0, 1]",3,lib/tests/core/pattern-alias.zy,original
release,0,166934,4,1024,620422,True,"[2, 0, 0, 1]",3,lib/tests/core/pattern-alias.zy,jobs
release,0,93313,4,1024,591452,True,"[2, 0, 0, 1]",3,lib/tests/core/pattern-alias.zy,explicit
release,0,191991,4,1024,575447,True,"[2, 0, 0, 1]",4,lib/tests/core/pattern-alias.zy,original
release,0,121906,4,1024,502142,True,"[2, 0, 0, 1]",4,lib/tests/core/pattern-alias.zy,jobs
release,0,98603,4,1024,644141,True,"[2, 0, 0, 1]",4,lib/tests/core/pattern-alias.zy,explicit
release,0,136459,4,1024,615077,True,"[2, 0, 0, 1]",4,lib/tests/core/pattern-alias.zy,recursive
release,0,237098,4,1024,343802,True,"[2, 0, 0, 1]",5,lib/tests/core/pattern-alias.zy,jobs
release,0,149943,4,1024,582261,True,"[2, 0, 0, 1]",5,lib/tests/core/pattern-alias.zy,explicit
release,0,152564,4,1024,560273,True,"[2, 0, 0, 1]",5,lib/tests/core/pattern-alias.zy,recursive
release,0,227793,4,1024,491166,True,"[2, 0, 0, 1]",5,lib/tests/core/pattern-alias.zy,original
release,0,155846,4,1024,466721,True,"[2, 0, 0, 1]",6,lib/tests/core/pattern-alias.zy,explicit
release,0,245248,4,1024,554813,True,"[2, 0, 0, 1]",6,lib/tests/core/pattern-alias.zy,recursive
release,0,158349,4,1024,484244,True,"[2, 0, 0, 1]",6,lib/tests/core/pattern-alias.zy,original
release,0,159125,4,1024,518626,True,"[2, 0, 0, 1]",6,lib/tests/core/pattern-alias.zy,jobs
release,0,180568,4,1024,620944,True,"[2, 0, 0, 1]",7,lib/tests/core/pattern-alias.zy,recursive
release,0,224083,4,1024,518783,True,"[2, 0, 0, 1]",7,lib/tests/core/pattern-alias.zy,original
release,0,135494,4,1024,548757,True,"[2, 0, 0, 1]",7,lib/tests/core/pattern-alias.zy,jobs
release,0,127539,4,1024,649140,True,"[2, 0, 0, 1]",7,lib/tests/core/pattern-alias.zy,explicit
release,0,149322,4,1024,426587,True,"[2, 0, 0, 1]",8,lib/tests/core/pattern-alias.zy,original
release,0,176665,4,1024,427839,True,"[2, 0, 0, 1]",8,lib/tests/core/pattern-alias.zy,jobs
release,0,284480,4,1024,474573,True,"[2, 0, 0, 1]",8,lib/tests/core/pattern-alias.zy,explicit
release,0,176495,4,1024,539341,True,"[2, 0, 0, 1]",8,lib/tests/core/pattern-alias.zy,recursive
release,0,192466,4,1024,602281,True,"[2, 0, 0, 1]",9,lib/tests/core/pattern-alias.zy,jobs
release,0,150107,4,1024,689822,True,"[2, 0, 0, 1]",9,lib/tests/core/pattern-alias.zy,explicit
release,0,184070,4,1024,681180,True,"[2, 0, 0, 1]",9,lib/tests/core/pattern-alias.zy,recursive
release,0,254332,4,1024,465635,True,"[2, 0, 0, 1]",9,lib/tests/core/pattern-alias.zy,original
release,0,125829,4,1024,612116,True,"[2, 0, 0, 1]",10,lib/tests/core/pattern-alias.zy,explicit
release,0,102982,4,1024,602280,True,"[2, 0, 0, 1]",10,lib/tests/core/pattern-alias.zy,recursive
release,0,270184,4,1024,435461,True,"[2, 0, 0, 1]",10,lib/tests/core/pattern-alias.zy,original
release,0,149167,4,1024,392754,True,"[2, 0, 0, 1]",10,lib/tests/core/pattern-alias.zy,jobs
release,0,151909,4,1024,673791,True,"[2, 0, 0, 1]",11,lib/tests/core/pattern-alias.zy,recursive
release,0,158048,4,1024,684033,True,"[2, 0, 0, 1]",11,lib/tests/core/pattern-alias.zy,original
release,0,109231,4,1024,606294,True,"[2, 0, 0, 1]",11,lib/tests/core/pattern-alias.zy,jobs
release,0,206080,4,1024,603368,True,"[2, 0, 0, 1]",11,lib/tests/core/pattern-alias.zy,explicit
release,0,138571,4,1024,401030,True,"[2, 0, 0, 1]",12,lib/tests/core/pattern-alias.zy,original
release,0,161240,4,1024,527758,True,"[2, 0, 0, 1]",12,lib/tests/core/pattern-alias.zy,jobs
release,0,152063,4,1024,677357,True,"[2, 0, 0, 1]",12,lib/tests/core/pattern-alias.zy,explicit
release,0,124596,4,1024,545703,True,"[2, 0, 0, 1]",12,lib/tests/core/pattern-alias.zy,recursive
release,0,195528,4,1024,551993,True,"[2, 0, 0, 1]",13,lib/tests/core/pattern-alias.zy,jobs
release,0,210831,4,1024,597205,True,"[2, 0, 0, 1]",13,lib/tests/core/pattern-alias.zy,explicit
release,0,122203,4,1024,663176,True,"[2, 0, 0, 1]",13,lib/tests/core/pattern-alias.zy,recursive
release,0,187771,4,1024,401468,True,"[2, 0, 0, 1]",13,lib/tests/core/pattern-alias.zy,original
release,0,113512,4,1024,635461,True,"[2, 0, 0, 1]",14,lib/tests/core/pattern-alias.zy,explicit
release,0,125096,4,1024,506766,True,"[2, 0, 0, 1]",14,lib/tests/core/pattern-alias.zy,recursive
release,0,156982,4,1024,596926,True,"[2, 0, 0, 1]",14,lib/tests/core/pattern-alias.zy,original
release,0,192728,4,1024,561951,True,"[2, 0, 0, 1]",14,lib/tests/core/pattern-alias.zy,jobs
release,0,92989,4,1024,479814,True,"[2, 0, 0, 1]",15,lib/tests/core/pattern-alias.zy,recursive
release,0,180771,4,1024,393032,True,"[2, 0, 0, 1]",15,lib/tests/core/pattern-alias.zy,original
release,0,226464,4,1024,352449,True,"[2, 0, 0, 1]",15,lib/tests/core/pattern-alias.zy,jobs
release,0,98946,4,1024,532667,True,"[2, 0, 0, 1]",15,lib/tests/core/pattern-alias.zy,explicit
release,0,141416,4,1024,486789,True,"[2, 0, 0, 1]",16,lib/tests/core/pattern-alias.zy,original
release,0,224209,4,1024,508629,True,"[2, 0, 0, 1]",16,lib/tests/core/pattern-alias.zy,jobs
release,0,173458,4,1024,594939,True,"[2, 0, 0, 1]",16,lib/tests/core/pattern-alias.zy,explicit
release,0,233580,4,1024,453283,True,"[2, 0, 0, 1]",16,lib/tests/core/pattern-alias.zy,recursive
release,0,139757,4,1024,404103,True,"[2, 0, 0, 1]",17,lib/tests/core/pattern-alias.zy,jobs
release,0,100347,4,1024,667430,True,"[2, 0, 0, 1]",17,lib/tests/core/pattern-alias.zy,explicit
release,0,107576,4,1024,649974,True,"[2, 0, 0, 1]",17,lib/tests/core/pattern-alias.zy,recursive
release,0,166755,4,1024,450724,True,"[2, 0, 0, 1]",17,lib/tests/core/pattern-alias.zy,original
release,0,131714,4,1024,529381,True,"[2, 0, 0, 1]",18,lib/tests/core/pattern-alias.zy,explicit
release,0,173532,4,1024,615966,True,"[2, 0, 0, 1]",18,lib/tests/core/pattern-alias.zy,recursive
release,0,232881,4,1024,511957,True,"[2, 0, 0, 1]",18,lib/tests/core/pattern-alias.zy,original
release,0,126154,4,1024,636370,True,"[2, 0, 0, 1]",18,lib/tests/core/pattern-alias.zy,jobs
release,0,118851,4,1024,562000,True,"[2, 0, 0, 1]",19,lib/tests/core/pattern-alias.zy,recursive
release,0,175199,4,1024,418918,True,"[2, 0, 0, 1]",19,lib/tests/core/pattern-alias.zy,original
release,0,211502,4,1024,389993,True,"[2, 0, 0, 1]",19,lib/tests/core/pattern-alias.zy,jobs
release,0,126642,4,1024,642580,True,"[2, 0, 0, 1]",19,lib/tests/core/pattern-alias.zy,explicit
release,0,182821,4,1024,575414,True,"[2, 0, 0, 1]",20,lib/tests/core/pattern-alias.zy,original
release,0,130848,4,1024,487076,True,"[2, 0, 0, 1]",20,lib/tests/core/pattern-alias.zy,jobs
release,0,205396,4,1024,705265,True,"[2, 0, 0, 1]",20,lib/tests/core/pattern-alias.zy,explicit
release,0,222233,4,1024,545805,True,"[2, 0, 0, 1]",20,lib/tests/core/pattern-alias.zy,recursive
release,0,94655,4,1024,377074,True,"[2, 0, 0, 1]",21,lib/tests/core/pattern-alias.zy,jobs
release,0,156139,4,1024,493525,True,"[2, 0, 0, 1]",21,lib/tests/core/pattern-alias.zy,explicit
release,0,87798,4,1024,644908,True,"[2, 0, 0, 1]",21,lib/tests/core/pattern-alias.zy,recursive
release,0,90424,4,1024,495534,True,"[2, 0, 0, 1]",21,lib/tests/core/pattern-alias.zy,original
release,0,116363,4,1024,654142,True,"[2, 0, 0, 1]",22,lib/tests/core/pattern-alias.zy,explicit
release,0,116297,4,1024,392324,True,"[2, 0, 0, 1]",22,lib/tests/core/pattern-alias.zy,recursive
release,0,142676,4,1024,331760,True,"[2, 0, 0, 1]",22,lib/tests/core/pattern-alias.zy,original
release,0,100419,4,1024,532995,True,"[2, 0, 0, 1]",22,lib/tests/core/pattern-alias.zy,jobs
release,0,132798,4,1024,478778,True,"[2, 0, 0, 1]",23,lib/tests/core/pattern-alias.zy,recursive
release,0,89583,4,1024,495282,True,"[2, 0, 0, 1]",23,lib/tests/core/pattern-alias.zy,original
release,0,126287,4,1024,409905,True,"[2, 0, 0, 1]",23,lib/tests/core/pattern-alias.zy,jobs
release,0,140525,4,1024,628198,True,"[2, 0, 0, 1]",23,lib/tests/core/pattern-alias.zy,explicit
release,0,123745,4,1024,548921,True,"[2, 0, 0, 1]",24,lib/tests/core/pattern-alias.zy,original
release,0,291084,4,1024,605201,True,"[2, 0, 0, 1]",24,lib/tests/core/pattern-alias.zy,jobs
release,0,179220,4,1024,643005,True,"[2, 0, 0, 1]",24,lib/tests/core/pattern-alias.zy,explicit
release,0,194000,4,1024,538210,True,"[2, 0, 0, 1]",24,lib/tests/core/pattern-alias.zy,recursive
release,0,127419,4,1024,487462,True,"[2, 0, 0, 1]",25,lib/tests/core/pattern-alias.zy,jobs
release,0,142794,4,1024,595818,True,"[2, 0, 0, 1]",25,lib/tests/core/pattern-alias.zy,explicit
release,0,97947,4,1024,544180,True,"[2, 0, 0, 1]",25,lib/tests/core/pattern-alias.zy,recursive
release,0,166000,4,1024,543906,True,"[2, 0, 0, 1]",25,lib/tests/core/pattern-alias.zy,original
release,0,119868,4,1024,597809,True,"[2, 0, 0, 1]",26,lib/tests/core/pattern-alias.zy,explicit
release,0,268371,4,1024,527290,True,"[2, 0, 0, 1]",26,lib/tests/core/pattern-alias.zy,recursive
release,0,141635,4,1024,624339,True,"[2, 0, 0, 1]",26,lib/tests/core/pattern-alias.zy,original
release,0,155470,4,1024,487672,True,"[2, 0, 0, 1]",26,lib/tests/core/pattern-alias.zy,jobs
release,0,127146,4,1024,479276,True,"[2, 0, 0, 1]",27,lib/tests/core/pattern-alias.zy,recursive
release,0,156075,4,1024,621572,True,"[2, 0, 0, 1]",27,lib/tests/core/pattern-alias.zy,original
release,0,298796,4,1024,348837,True,"[2, 0, 0, 1]",27,lib/tests/core/pattern-alias.zy,jobs
release,0,164796,4,1024,823299,True,"[2, 0, 0, 1]",27,lib/tests/core/pattern-alias.zy,explicit
release,0,93285,4,1024,496369,True,"[2, 0, 0, 1]",28,lib/tests/core/pattern-alias.zy,original
release,0,150963,4,1024,573260,True,"[2, 0, 0, 1]",28,lib/tests/core/pattern-alias.zy,jobs
release,0,163657,4,1024,544496,True,"[2, 0, 0, 1]",28,lib/tests/core/pattern-alias.zy,explicit
release,0,122428,4,1024,447547,True,"[2, 0, 0, 1]",28,lib/tests/core/pattern-alias.zy,recursive
release,0,147569,4,1024,415539,True,"[2, 0, 0, 1]",29,lib/tests/core/pattern-alias.zy,jobs
release,0,143250,4,1024,520651,True,"[2, 0, 0, 1]",29,lib/tests/core/pattern-alias.zy,explicit
release,0,119325,4,1024,450989,True,"[2, 0, 0, 1]",29,lib/tests/core/pattern-alias.zy,recursive
release,0,119553,4,1024,538719,True,"[2, 0, 0, 1]",29,lib/tests/core/pattern-alias.zy,original
release,0,158123,4,1024,569488,True,"[2, 0, 0, 1]",30,lib/tests/core/pattern-alias.zy,explicit
release,0,137034,4,1024,665376,True,"[2, 0, 0, 1]",30,lib/tests/core/pattern-alias.zy,recursive
release,0,127678,4,1024,506337,True,"[2, 0, 0, 1]",30,lib/tests/core/pattern-alias.zy,original
release,0,225117,4,1024,543762,True,"[2, 0, 0, 1]",30,lib/tests/core/pattern-alias.zy,jobs
release,0,90774,4,1024,550172,True,"[2, 0, 0, 1]",31,lib/tests/core/pattern-alias.zy,recursive
release,0,171436,4,1024,403556,True,"[2, 0, 0, 1]",31,lib/tests/core/pattern-alias.zy,original
release,0,138365,4,1024,419506,True,"[2, 0, 0, 1]",31,lib/tests/core/pattern-alias.zy,jobs
release,0,161020,4,1024,561710,True,"[2, 0, 0, 1]",31,lib/tests/core/pattern-alias.zy,explicit
release,0,1061588,135,133,5190746,False,"[104, 26, 8, 0]",0,lib/tests/core/native-frames.zy,original
release,0,697086,135,133,4215047,False,"[104, 26, 8, 0]",0,lib/tests/core/native-frames.zy,jobs
release,0,742455,135,133,5077659,False,"[104, 26, 8, 0]",0,lib/tests/core/native-frames.zy,explicit
release,0,620795,135,133,4724174,False,"[104, 26, 8, 0]",0,lib/tests/core/native-frames.zy,recursive
release,0,636914,135,133,4988127,False,"[104, 26, 8, 0]",1,lib/tests/core/native-frames.zy,jobs
release,0,618248,135,133,5323786,False,"[104, 26, 8, 0]",1,lib/tests/core/native-frames.zy,explicit
release,0,789336,135,133,4875328,False,"[104, 26, 8, 0]",1,lib/tests/core/native-frames.zy,recursive
release,0,652124,135,133,4829624,False,"[104, 26, 8, 0]",1,lib/tests/core/native-frames.zy,original
release,0,789832,135,133,5364583,False,"[104, 26, 8, 0]",2,lib/tests/core/native-frames.zy,explicit
release,0,848069,135,133,4504841,False,"[104, 26, 8, 0]",2,lib/tests/core/native-frames.zy,recursive
release,0,899626,135,133,4675794,False,"[104, 26, 8, 0]",2,lib/tests/core/native-frames.zy,original
release,0,654668,135,133,4298496,False,"[104, 26, 8, 0]",2,lib/tests/core/native-frames.zy,jobs
release,0,976426,135,133,4920540,False,"[104, 26, 8, 0]",3,lib/tests/core/native-frames.zy,recursive
release,0,766299,135,133,4703540,False,"[104, 26, 8, 0]",3,lib/tests/core/native-frames.zy,original
release,0,514164,135,133,3766501,False,"[104, 26, 8, 0]",3,lib/tests/core/native-frames.zy,jobs
release,0,849458,135,133,4930002,False,"[104, 26, 8, 0]",3,lib/tests/core/native-frames.zy,explicit
release,0,599460,135,133,5143797,False,"[104, 26, 8, 0]",4,lib/tests/core/native-frames.zy,original
release,0,794173,135,133,4460340,False,"[104, 26, 8, 0]",4,lib/tests/core/native-frames.zy,jobs
release,0,783341,135,133,5520498,False,"[104, 26, 8, 0]",4,lib/tests/core/native-frames.zy,explicit
release,0,811779,135,133,4966543,False,"[104, 26, 8, 0]",4,lib/tests/core/native-frames.zy,recursive
release,0,669498,135,133,4326222,False,"[104, 26, 8, 0]",5,lib/tests/core/native-frames.zy,jobs
release,0,616335,135,133,5022876,False,"[104, 26, 8, 0]",5,lib/tests/core/native-frames.zy,explicit
release,0,629825,135,133,5397083,False,"[104, 26, 8, 0]",5,lib/tests/core/native-frames.zy,recursive
release,0,696000,135,133,5115956,False,"[104, 26, 8, 0]",5,lib/tests/core/native-frames.zy,original
release,0,944045,135,133,5208207,False,"[104, 26, 8, 0]",6,lib/tests/core/native-frames.zy,explicit
release,0,855005,135,133,5298542,False,"[104, 26, 8, 0]",6,lib/tests/core/native-frames.zy,recursive
release,0,817792,135,133,4818040,False,"[104, 26, 8, 0]",6,lib/tests/core/native-frames.zy,original
release,0,632786,135,133,4062919,False,"[104, 26, 8, 0]",6,lib/tests/core/native-frames.zy,jobs
release,0,694997,135,133,5562743,False,"[104, 26, 8, 0]",7,lib/tests/core/native-frames.zy,recursive
release,0,880707,135,133,4631452,False,"[104, 26, 8, 0]",7,lib/tests/core/native-frames.zy,original
release,0,905160,135,133,3941210,False,"[104, 26, 8, 0]",7,lib/tests/core/native-frames.zy,jobs
release,0,866039,135,133,5198292,False,"[104, 26, 8, 0]",7,lib/tests/core/native-frames.zy,explicit
release,0,914921,135,133,4817244,False,"[104, 26, 8, 0]",8,lib/tests/core/native-frames.zy,original
release,0,764825,135,133,3915213,False,"[104, 26, 8, 0]",8,lib/tests/core/native-frames.zy,jobs
release,0,764289,135,133,5105462,False,"[104, 26, 8, 0]",8,lib/tests/core/native-frames.zy,explicit
release,0,528250,135,133,4986294,False,"[104, 26, 8, 0]",8,lib/tests/core/native-frames.zy,recursive
release,0,866711,135,133,4339084,False,"[104, 26, 8, 0]",9,lib/tests/core/native-frames.zy,jobs
release,0,691327,135,133,5493167,False,"[104, 26, 8, 0]",9,lib/tests/core/native-frames.zy,explicit
release,0,851757,135,133,4927955,False,"[104, 26, 8, 0]",9,lib/tests/core/native-frames.zy,recursive
release,0,696911,135,133,4808953,False,"[104, 26, 8, 0]",9,lib/tests/core/native-frames.zy,original
release,0,629795,135,133,5473213,False,"[104, 26, 8, 0]",10,lib/tests/core/native-frames.zy,explicit
release,0,587409,135,133,4644672,False,"[104, 26, 8, 0]",10,lib/tests/core/native-frames.zy,recursive
release,0,735500,135,133,4615003,False,"[104, 26, 8, 0]",10,lib/tests/core/native-frames.zy,original
release,0,789671,135,133,4445795,False,"[104, 26, 8, 0]",10,lib/tests/core/native-frames.zy,jobs
release,0,857581,135,133,5043757,False,"[104, 26, 8, 0]",11,lib/tests/core/native-frames.zy,recursive
release,0,764205,135,133,5175208,False,"[104, 26, 8, 0]",11,lib/tests/core/native-frames.zy,original
release,0,724125,135,133,4492665,False,"[104, 26, 8, 0]",11,lib/tests/core/native-frames.zy,jobs
release,0,806580,135,133,5026292,False,"[104, 26, 8, 0]",11,lib/tests/core/native-frames.zy,explicit
release,0,778208,135,133,4510836,False,"[104, 26, 8, 0]",12,lib/tests/core/native-frames.zy,original
release,0,622497,135,133,3848843,False,"[104, 26, 8, 0]",12,lib/tests/core/native-frames.zy,jobs
release,0,833717,135,133,5337625,False,"[104, 26, 8, 0]",12,lib/tests/core/native-frames.zy,explicit
release,0,747420,135,133,5325452,False,"[104, 26, 8, 0]",12,lib/tests/core/native-frames.zy,recursive
release,0,952662,135,133,4847881,False,"[104, 26, 8, 0]",13,lib/tests/core/native-frames.zy,jobs
release,0,790794,135,133,5447578,False,"[104, 26, 8, 0]",13,lib/tests/core/native-frames.zy,explicit
release,0,617672,135,133,5067963,False,"[104, 26, 8, 0]",13,lib/tests/core/native-frames.zy,recursive
release,0,941550,135,133,5416116,False,"[104, 26, 8, 0]",13,lib/tests/core/native-frames.zy,original
release,0,654918,135,133,5213752,False,"[104, 26, 8, 0]",14,lib/tests/core/native-frames.zy,explicit
release,0,709379,135,133,4994165,False,"[104, 26, 8, 0]",14,lib/tests/core/native-frames.zy,recursive
release,0,940582,135,133,5073876,False,"[104, 26, 8, 0]",14,lib/tests/core/native-frames.zy,original
release,0,867454,135,133,4346336,False,"[104, 26, 8, 0]",14,lib/tests/core/native-frames.zy,jobs
release,0,618793,135,133,4496623,False,"[104, 26, 8, 0]",15,lib/tests/core/native-frames.zy,recursive
release,0,795665,135,133,4385044,False,"[104, 26, 8, 0]",15,lib/tests/core/native-frames.zy,original
release,0,761578,135,133,3607169,False,"[104, 26, 8, 0]",15,lib/tests/core/native-frames.zy,jobs
release,0,608746,135,133,5226416,False,"[104, 26, 8, 0]",15,lib/tests/core/native-frames.zy,explicit
release,0,776419,135,133,5128213,False,"[104, 26, 8, 0]",16,lib/tests/core/native-frames.zy,original
release,0,679543,135,133,3967540,False,"[104, 26, 8, 0]",16,lib/tests/core/native-frames.zy,jobs
release,0,551043,135,133,4753707,False,"[104, 26, 8, 0]",16,lib/tests/core/native-frames.zy,explicit
release,0,687624,135,133,4752284,False,"[104, 26, 8, 0]",16,lib/tests/core/native-frames.zy,recursive
release,0,636081,135,133,4287995,False,"[104, 26, 8, 0]",17,lib/tests/core/native-frames.zy,jobs
release,0,883075,135,133,5167244,False,"[104, 26, 8, 0]",17,lib/tests/core/native-frames.zy,explicit
release,0,727542,135,133,4511334,False,"[104, 26, 8, 0]",17,lib/tests/core/native-frames.zy,recursive
release,0,609201,135,133,4447209,False,"[104, 26, 8, 0]",17,lib/tests/core/native-frames.zy,original
release,0,782826,135,133,4891672,False,"[104, 26, 8, 0]",18,lib/tests/core/native-frames.zy,explicit
release,0,765460,135,133,4914045,False,"[104, 26, 8, 0]",18,lib/tests/core/native-frames.zy,recursive
release,0,719377,135,133,4656130,False,"[104, 26, 8, 0]",18,lib/tests/core/native-frames.zy,original
release,0,806083,135,133,4160246,False,"[104, 26, 8, 0]",18,lib/tests/core/native-frames.zy,jobs
release,0,742750,135,133,5063843,False,"[104, 26, 8, 0]",19,lib/tests/core/native-frames.zy,recursive
release,0,769253,135,133,4936875,False,"[104, 26, 8, 0]",19,lib/tests/core/native-frames.zy,original
release,0,830082,135,133,4184835,False,"[104, 26, 8, 0]",19,lib/tests/core/native-frames.zy,jobs
release,0,872964,135,133,5390705,False,"[104, 26, 8, 0]",19,lib/tests/core/native-frames.zy,explicit
release,0,879295,135,133,4798543,False,"[104, 26, 8, 0]",20,lib/tests/core/native-frames.zy,original
release,0,737375,135,133,4869213,False,"[104, 26, 8, 0]",20,lib/tests/core/native-frames.zy,jobs
release,0,731000,135,133,5109410,False,"[104, 26, 8, 0]",20,lib/tests/core/native-frames.zy,explicit
release,0,549754,135,133,4738831,False,"[104, 26, 8, 0]",20,lib/tests/core/native-frames.zy,recursive
release,0,788956,135,133,4502791,False,"[104, 26, 8, 0]",21,lib/tests/core/native-frames.zy,jobs
release,0,660630,135,133,4858538,False,"[104, 26, 8, 0]",21,lib/tests/core/native-frames.zy,explicit
release,0,808123,135,133,4988503,False,"[104, 26, 8, 0]",21,lib/tests/core/native-frames.zy,recursive
release,0,703281,135,133,4738587,False,"[104, 26, 8, 0]",21,lib/tests/core/native-frames.zy,original
release,0,618133,135,133,4810458,False,"[104, 26, 8, 0]",22,lib/tests/core/native-frames.zy,explicit
release,0,733127,135,133,5570292,False,"[104, 26, 8, 0]",22,lib/tests/core/native-frames.zy,recursive
release,0,739380,135,133,4344705,False,"[104, 26, 8, 0]",22,lib/tests/core/native-frames.zy,original
release,0,683375,135,133,4240670,False,"[104, 26, 8, 0]",22,lib/tests/core/native-frames.zy,jobs
release,0,858211,135,133,4968829,False,"[104, 26, 8, 0]",23,lib/tests/core/native-frames.zy,recursive
release,0,1065918,135,133,4323126,False,"[104, 26, 8, 0]",23,lib/tests/core/native-frames.zy,original
release,0,828209,135,133,4160116,False,"[104, 26, 8, 0]",23,lib/tests/core/native-frames.zy,jobs
release,0,797412,135,133,5562124,False,"[104, 26, 8, 0]",23,lib/tests/core/native-frames.zy,explicit
release,0,1097211,135,133,4639166,False,"[104, 26, 8, 0]",24,lib/tests/core/native-frames.zy,original
release,0,590244,135,133,3856499,False,"[104, 26, 8, 0]",24,lib/tests/core/native-frames.zy,jobs
release,0,699163,135,133,4622669,False,"[104, 26, 8, 0]",24,lib/tests/core/native-frames.zy,explicit
release,0,603912,135,133,4685491,False,"[104, 26, 8, 0]",24,lib/tests/core/native-frames.zy,recursive
release,0,809786,135,133,4148544,False,"[104, 26, 8, 0]",25,lib/tests/core/native-frames.zy,jobs
release,0,778374,135,133,5010082,False,"[104, 26, 8, 0]",25,lib/tests/core/native-frames.zy,explicit
release,0,693420,135,133,5144129,False,"[104, 26, 8, 0]",25,lib/tests/core/native-frames.zy,recursive
release,0,682040,135,133,4847587,False,"[104, 26, 8, 0]",25,lib/tests/core/native-frames.zy,original
release,0,709664,135,133,4782497,False,"[104, 26, 8, 0]",26,lib/tests/core/native-frames.zy,explicit
release,0,772909,135,133,4810379,False,"[104, 26, 8, 0]",26,lib/tests/core/native-frames.zy,recursive
release,0,664751,135,133,4877540,False,"[104, 26, 8, 0]",26,lib/tests/core/native-frames.zy,original
release,0,604831,135,133,4320041,False,"[104, 26, 8, 0]",26,lib/tests/core/native-frames.zy,jobs
release,0,762162,135,133,5097539,False,"[104, 26, 8, 0]",27,lib/tests/core/native-frames.zy,recursive
release,0,746668,135,133,4820175,False,"[104, 26, 8, 0]",27,lib/tests/core/native-frames.zy,original
release,0,690915,135,133,4246123,False,"[104, 26, 8, 0]",27,lib/tests/core/native-frames.zy,jobs
release,0,850553,135,133,4841910,False,"[104, 26, 8, 0]",27,lib/tests/core/native-frames.zy,explicit
release,0,806043,135,133,5011253,False,"[104, 26, 8, 0]",28,lib/tests/core/native-frames.zy,original
release,0,816170,135,133,4562957,False,"[104, 26, 8, 0]",28,lib/tests/core/native-frames.zy,jobs
release,0,1064247,135,133,5137461,False,"[104, 26, 8, 0]",28,lib/tests/core/native-frames.zy,explicit
release,0,627173,135,133,4568836,False,"[104, 26, 8, 0]",28,lib/tests/core/native-frames.zy,recursive
release,0,699330,135,133,4349915,False,"[104, 26, 8, 0]",29,lib/tests/core/native-frames.zy,jobs
release,0,720535,135,133,5178382,False,"[104, 26, 8, 0]",29,lib/tests/core/native-frames.zy,explicit
release,0,745369,135,133,4930501,False,"[104, 26, 8, 0]",29,lib/tests/core/native-frames.zy,recursive
release,0,747504,135,133,4709758,False,"[104, 26, 8, 0]",29,lib/tests/core/native-frames.zy,original
release,0,727249,135,133,5109754,False,"[104, 26, 8, 0]",30,lib/tests/core/native-frames.zy,explicit
release,0,685622,135,133,4669119,False,"[104, 26, 8, 0]",30,lib/tests/core/native-frames.zy,recursive
release,0,712580,135,133,4493163,False,"[104, 26, 8, 0]",30,lib/tests/core/native-frames.zy,original
release,0,633632,135,133,4247370,False,"[104, 26, 8, 0]",30,lib/tests/core/native-frames.zy,jobs
release,0,851582,135,133,5345125,False,"[104, 26, 8, 0]",31,lib/tests/core/native-frames.zy,recursive
release,0,707330,135,133,4662459,False,"[104, 26, 8, 0]",31,lib/tests/core/native-frames.zy,original
release,0,730284,135,133,4250497,False,"[104, 26, 8, 0]",31,lib/tests/core/native-frames.zy,jobs
release,0,594876,135,133,5210793,False,"[104, 26, 8, 0]",31,lib/tests/core/native-frames.zy,explicit
release,0,925292,135,175,5826588,True,"[97, 25, 8, 9]",0,lib/tests/core/native-frames.zy,original
release,0,1082502,135,175,5088371,True,"[97, 25, 8, 9]",0,lib/tests/core/native-frames.zy,jobs
release,0,1048991,135,175,6120290,True,"[97, 25, 8, 9]",0,lib/tests/core/native-frames.zy,explicit
release,0,792507,135,175,5957995,True,"[97, 25, 8, 9]",0,lib/tests/core/native-frames.zy,recursive
release,0,920634,135,175,5328786,True,"[97, 25, 8, 9]",1,lib/tests/core/native-frames.zy,jobs
release,0,829795,135,175,6299580,True,"[97, 25, 8, 9]",1,lib/tests/core/native-frames.zy,explicit
release,0,953922,135,175,5995913,True,"[97, 25, 8, 9]",1,lib/tests/core/native-frames.zy,recursive
release,0,823284,135,175,6061377,True,"[97, 25, 8, 9]",1,lib/tests/core/native-frames.zy,original
release,0,923833,135,175,6705208,True,"[97, 25, 8, 9]",2,lib/tests/core/native-frames.zy,explicit
release,0,990292,135,175,6139424,True,"[97, 25, 8, 9]",2,lib/tests/core/native-frames.zy,recursive
release,0,1013620,135,175,6207368,True,"[97, 25, 8, 9]",2,lib/tests/core/native-frames.zy,original
release,0,918960,135,175,5593127,True,"[97, 25, 8, 9]",2,lib/tests/core/native-frames.zy,jobs
release,0,1074285,135,175,6231502,True,"[97, 25, 8, 9]",3,lib/tests/core/native-frames.zy,recursive
release,0,1206379,135,175,6475408,True,"[97, 25, 8, 9]",3,lib/tests/core/native-frames.zy,original
release,0,857048,135,175,5357830,True,"[97, 25, 8, 9]",3,lib/tests/core/native-frames.zy,jobs
release,0,804872,135,175,5751540,True,"[97, 25, 8, 9]",3,lib/tests/core/native-frames.zy,explicit
release,0,1075408,135,175,6322209,True,"[97, 25, 8, 9]",4,lib/tests/core/native-frames.zy,original
release,0,1198629,135,175,5491665,True,"[97, 25, 8, 9]",4,lib/tests/core/native-frames.zy,jobs
release,0,876623,135,175,5949915,True,"[97, 25, 8, 9]",4,lib/tests/core/native-frames.zy,explicit
release,0,926712,135,175,6129419,True,"[97, 25, 8, 9]",4,lib/tests/core/native-frames.zy,recursive
release,0,631753,135,175,5277158,True,"[97, 25, 8, 9]",5,lib/tests/core/native-frames.zy,jobs
release,0,925752,135,175,6453919,True,"[97, 25, 8, 9]",5,lib/tests/core/native-frames.zy,explicit
release,0,862624,135,175,5924792,True,"[97, 25, 8, 9]",5,lib/tests/core/native-frames.zy,recursive
release,0,813240,135,175,5777911,True,"[97, 25, 8, 9]",5,lib/tests/core/native-frames.zy,original
release,0,778918,135,175,6129826,True,"[97, 25, 8, 9]",6,lib/tests/core/native-frames.zy,explicit
release,0,943625,135,175,6110794,True,"[97, 25, 8, 9]",6,lib/tests/core/native-frames.zy,recursive
release,0,951922,135,175,6268948,True,"[97, 25, 8, 9]",6,lib/tests/core/native-frames.zy,original
release,0,1003548,135,175,5060496,True,"[97, 25, 8, 9]",6,lib/tests/core/native-frames.zy,jobs
release,0,1111589,135,175,5644877,True,"[97, 25, 8, 9]",7,lib/tests/core/native-frames.zy,recursive
release,0,716281,135,175,6111463,True,"[97, 25, 8, 9]",7,lib/tests/core/native-frames.zy,original
release,0,813831,135,175,4916544,True,"[97, 25, 8, 9]",7,lib/tests/core/native-frames.zy,jobs
release,0,1002124,135,175,6905458,True,"[97, 25, 8, 9]",7,lib/tests/core/native-frames.zy,explicit
release,0,932293,135,175,6043875,True,"[97, 25, 8, 9]",8,lib/tests/core/native-frames.zy,original
release,0,878581,135,175,5070544,True,"[97, 25, 8, 9]",8,lib/tests/core/native-frames.zy,jobs
release,0,1025874,135,175,6408545,True,"[97, 25, 8, 9]",8,lib/tests/core/native-frames.zy,explicit
release,0,1083006,135,175,5478262,True,"[97, 25, 8, 9]",8,lib/tests/core/native-frames.zy,recursive
release,0,872164,135,175,4807081,True,"[97, 25, 8, 9]",9,lib/tests/core/native-frames.zy,jobs
release,0,705583,135,175,5689420,True,"[97, 25, 8, 9]",9,lib/tests/core/native-frames.zy,explicit
release,0,915881,135,175,6280165,True,"[97, 25, 8, 9]",9,lib/tests/core/native-frames.zy,recursive
release,0,801032,135,175,5378543,True,"[97, 25, 8, 9]",9,lib/tests/core/native-frames.zy,original
release,0,898045,135,175,6078550,True,"[97, 25, 8, 9]",10,lib/tests/core/native-frames.zy,explicit
release,0,882669,135,175,6503378,True,"[97, 25, 8, 9]",10,lib/tests/core/native-frames.zy,recursive
release,0,1068924,135,175,6039365,True,"[97, 25, 8, 9]",10,lib/tests/core/native-frames.zy,original
release,0,1079460,135,175,5820828,True,"[97, 25, 8, 9]",10,lib/tests/core/native-frames.zy,jobs
release,0,853304,135,175,5556248,True,"[97, 25, 8, 9]",11,lib/tests/core/native-frames.zy,recursive
release,0,1297831,135,175,6375794,True,"[97, 25, 8, 9]",11,lib/tests/core/native-frames.zy,original
release,0,931544,135,175,5791876,True,"[97, 25, 8, 9]",11,lib/tests/core/native-frames.zy,jobs
release,0,1172963,135,175,6114036,True,"[97, 25, 8, 9]",11,lib/tests/core/native-frames.zy,explicit
release,0,1089258,135,175,5580417,True,"[97, 25, 8, 9]",12,lib/tests/core/native-frames.zy,original
release,0,886458,135,175,5215204,True,"[97, 25, 8, 9]",12,lib/tests/core/native-frames.zy,jobs
release,0,885659,135,175,5559123,True,"[97, 25, 8, 9]",12,lib/tests/core/native-frames.zy,explicit
release,0,901956,135,175,6364375,True,"[97, 25, 8, 9]",12,lib/tests/core/native-frames.zy,recursive
release,0,758621,135,175,4747880,True,"[97, 25, 8, 9]",13,lib/tests/core/native-frames.zy,jobs
release,0,764375,135,175,6029534,True,"[97, 25, 8, 9]",13,lib/tests/core/native-frames.zy,explicit
release,0,892124,135,175,5655584,True,"[97, 25, 8, 9]",13,lib/tests/core/native-frames.zy,recursive
release,0,979542,135,175,5432952,True,"[97, 25, 8, 9]",13,lib/tests/core/native-frames.zy,original
release,0,946835,135,175,6263911,True,"[97, 25, 8, 9]",14,lib/tests/core/native-frames.zy,explicit
release,0,796461,135,175,6035127,True,"[97, 25, 8, 9]",14,lib/tests/core/native-frames.zy,recursive
release,0,1083589,135,175,5775747,True,"[97, 25, 8, 9]",14,lib/tests/core/native-frames.zy,original
release,0,1001453,135,175,5149787,True,"[97, 25, 8, 9]",14,lib/tests/core/native-frames.zy,jobs
release,0,882748,135,175,6126847,True,"[97, 25, 8, 9]",15,lib/tests/core/native-frames.zy,recursive
release,0,1010335,135,175,5046076,True,"[97, 25, 8, 9]",15,lib/tests/core/native-frames.zy,original
release,0,838045,135,175,5280166,True,"[97, 25, 8, 9]",15,lib/tests/core/native-frames.zy,jobs
release,0,823786,135,175,6225416,True,"[97, 25, 8, 9]",15,lib/tests/core/native-frames.zy,explicit
release,0,929086,135,175,5669166,True,"[97, 25, 8, 9]",16,lib/tests/core/native-frames.zy,original
release,0,1073539,135,175,5376798,True,"[97, 25, 8, 9]",16,lib/tests/core/native-frames.zy,jobs
release,0,770960,135,175,5988289,True,"[97, 25, 8, 9]",16,lib/tests/core/native-frames.zy,explicit
release,0,841666,135,175,5421955,True,"[97, 25, 8, 9]",16,lib/tests/core/native-frames.zy,recursive
release,0,664131,135,175,5388830,True,"[97, 25, 8, 9]",17,lib/tests/core/native-frames.zy,jobs
release,0,1019962,135,175,6899542,True,"[97, 25, 8, 9]",17,lib/tests/core/native-frames.zy,explicit
release,0,971539,135,175,6063747,True,"[97, 25, 8, 9]",17,lib/tests/core/native-frames.zy,recursive
release,0,836467,135,175,5453919,True,"[97, 25, 8, 9]",17,lib/tests/core/native-frames.zy,original
release,0,925037,135,175,5683658,True,"[97, 25, 8, 9]",18,lib/tests/core/native-frames.zy,explicit
release,0,972158,135,175,5853701,True,"[97, 25, 8, 9]",18,lib/tests/core/native-frames.zy,recursive
release,0,943300,135,175,5642415,True,"[97, 25, 8, 9]",18,lib/tests/core/native-frames.zy,original
release,0,942250,135,175,5880913,True,"[97, 25, 8, 9]",18,lib/tests/core/native-frames.zy,jobs
release,0,1078616,135,175,7110086,True,"[97, 25, 8, 9]",19,lib/tests/core/native-frames.zy,recursive
release,0,979376,135,175,6120793,True,"[97, 25, 8, 9]",19,lib/tests/core/native-frames.zy,original
release,0,1200249,135,175,5319246,True,"[97, 25, 8, 9]",19,lib/tests/core/native-frames.zy,jobs
release,0,955542,135,175,6982164,True,"[97, 25, 8, 9]",19,lib/tests/core/native-frames.zy,explicit
release,0,1107377,135,175,6790741,True,"[97, 25, 8, 9]",20,lib/tests/core/native-frames.zy,original
release,0,1043401,135,175,6973790,True,"[97, 25, 8, 9]",20,lib/tests/core/native-frames.zy,jobs
release,0,1051252,135,175,6514464,True,"[97, 25, 8, 9]",20,lib/tests/core/native-frames.zy,explicit
release,0,1038124,135,175,6770164,True,"[97, 25, 8, 9]",20,lib/tests/core/native-frames.zy,recursive
release,0,1126336,135,175,6159254,True,"[97, 25, 8, 9]",21,lib/tests/core/native-frames.zy,jobs
release,0,1180672,135,175,7798254,True,"[97, 25, 8, 9]",21,lib/tests/core/native-frames.zy,explicit
release,0,1414503,135,175,7402630,True,"[97, 25, 8, 9]",21,lib/tests/core/native-frames.zy,recursive
release,0,1170010,135,175,7545169,True,"[97, 25, 8, 9]",21,lib/tests/core/native-frames.zy,original
release,0,1311832,135,175,7244634,True,"[97, 25, 8, 9]",22,lib/tests/core/native-frames.zy,explicit
release,0,1321756,135,175,7404790,True,"[97, 25, 8, 9]",22,lib/tests/core/native-frames.zy,recursive
release,0,1256036,135,175,7595454,True,"[97, 25, 8, 9]",22,lib/tests/core/native-frames.zy,original
release,0,1218507,135,175,5530945,True,"[97, 25, 8, 9]",22,lib/tests/core/native-frames.zy,jobs
release,0,1332794,135,175,7313753,True,"[97, 25, 8, 9]",23,lib/tests/core/native-frames.zy,recursive
release,0,1206751,135,175,7640912,True,"[97, 25, 8, 9]",23,lib/tests/core/native-frames.zy,original
release,0,854250,135,175,5261918,True,"[97, 25, 8, 9]",23,lib/tests/core/native-frames.zy,jobs
release,0,807251,135,175,5419156,True,"[97, 25, 8, 9]",23,lib/tests/core/native-frames.zy,explicit
release,0,568461,135,175,3637826,True,"[97, 25, 8, 9]",24,lib/tests/core/native-frames.zy,original
release,0,457205,135,175,3313661,True,"[97, 25, 8, 9]",24,lib/tests/core/native-frames.zy,jobs
release,0,452372,135,175,3729743,True,"[97, 25, 8, 9]",24,lib/tests/core/native-frames.zy,explicit
release,0,480834,135,175,3868582,True,"[97, 25, 8, 9]",24,lib/tests/core/native-frames.zy,recursive
release,0,424622,135,175,2925376,True,"[97, 25, 8, 9]",25,lib/tests/core/native-frames.zy,jobs
release,0,439333,135,175,3924926,True,"[97, 25, 8, 9]",25,lib/tests/core/native-frames.zy,explicit
release,0,463173,135,175,3121002,True,"[97, 25, 8, 9]",25,lib/tests/core/native-frames.zy,recursive
release,0,517957,135,175,3807961,True,"[97, 25, 8, 9]",25,lib/tests/core/native-frames.zy,original
release,0,443293,135,175,4302963,True,"[97, 25, 8, 9]",26,lib/tests/core/native-frames.zy,explicit
release,0,520215,135,175,3950253,True,"[97, 25, 8, 9]",26,lib/tests/core/native-frames.zy,recursive
release,0,550876,135,175,3758668,True,"[97, 25, 8, 9]",26,lib/tests/core/native-frames.zy,original
release,0,548452,135,175,3614219,True,"[97, 25, 8, 9]",26,lib/tests/core/native-frames.zy,jobs
release,0,586912,135,175,4604083,True,"[97, 25, 8, 9]",27,lib/tests/core/native-frames.zy,recursive
release,0,642792,135,175,3588715,True,"[97, 25, 8, 9]",27,lib/tests/core/native-frames.zy,original
release,0,600796,135,175,4048615,True,"[97, 25, 8, 9]",27,lib/tests/core/native-frames.zy,jobs
release,0,545706,135,175,4365839,True,"[97, 25, 8, 9]",27,lib/tests/core/native-frames.zy,explicit
release,0,474084,135,175,3706372,True,"[97, 25, 8, 9]",28,lib/tests/core/native-frames.zy,original
release,0,454038,135,175,3308629,True,"[97, 25, 8, 9]",28,lib/tests/core/native-frames.zy,jobs
release,0,452497,135,175,3709370,True,"[97, 25, 8, 9]",28,lib/tests/core/native-frames.zy,explicit
release,0,475167,135,175,3883830,True,"[97, 25, 8, 9]",28,lib/tests/core/native-frames.zy,recursive
release,0,605007,135,175,4020869,True,"[97, 25, 8, 9]",29,lib/tests/core/native-frames.zy,jobs
release,0,539257,135,175,4200120,True,"[97, 25, 8, 9]",29,lib/tests/core/native-frames.zy,explicit
release,0,898464,135,175,5202578,True,"[97, 25, 8, 9]",29,lib/tests/core/native-frames.zy,recursive
release,0,678537,135,175,5559251,True,"[97, 25, 8, 9]",29,lib/tests/core/native-frames.zy,original
release,0,984838,135,175,5721872,True,"[97, 25, 8, 9]",30,lib/tests/core/native-frames.zy,explicit
release,0,732790,135,175,5293583,True,"[97, 25, 8, 9]",30,lib/tests/core/native-frames.zy,recursive
release,0,924246,135,175,4991090,True,"[97, 25, 8, 9]",30,lib/tests/core/native-frames.zy,original
release,0,804542,135,175,4545874,True,"[97, 25, 8, 9]",30,lib/tests/core/native-frames.zy,jobs
release,0,852033,135,175,5432004,True,"[97, 25, 8, 9]",31,lib/tests/core/native-frames.zy,recursive
release,0,920752,135,175,5110036,True,"[97, 25, 8, 9]",31,lib/tests/core/native-frames.zy,original
release,0,731373,135,175,4710465,True,"[97, 25, 8, 9]",31,lib/tests/core/native-frames.zy,jobs
release,0,841917,135,175,4916920,True,"[97, 25, 8, 9]",31,lib/tests/core/native-frames.zy,explicit
release,0,662832,131,215,3834501,False,"[93, 26, 7, 0]",0,lib/tests/builtin/host-return.zy,original
release,0,638883,131,215,4164706,False,"[93, 26, 7, 0]",0,lib/tests/builtin/host-return.zy,jobs
release,0,621494,131,215,4649832,False,"[93, 26, 7, 0]",0,lib/tests/builtin/host-return.zy,explicit
release,0,752839,131,215,4944953,False,"[93, 26, 7, 0]",0,lib/tests/builtin/host-return.zy,recursive
release,0,652797,131,215,3995882,False,"[93, 26, 7, 0]",1,lib/tests/builtin/host-return.zy,jobs
release,0,614510,131,215,4442165,False,"[93, 26, 7, 0]",1,lib/tests/builtin/host-return.zy,explicit
release,0,619537,131,215,4006968,False,"[93, 26, 7, 0]",1,lib/tests/builtin/host-return.zy,recursive
release,0,755371,131,215,4461449,False,"[93, 26, 7, 0]",1,lib/tests/builtin/host-return.zy,original
release,0,585847,131,215,4383248,False,"[93, 26, 7, 0]",2,lib/tests/builtin/host-return.zy,explicit
release,0,566744,131,215,4231414,False,"[93, 26, 7, 0]",2,lib/tests/builtin/host-return.zy,recursive
release,0,611410,131,215,3968658,False,"[93, 26, 7, 0]",2,lib/tests/builtin/host-return.zy,original
release,0,751999,131,215,4117751,False,"[93, 26, 7, 0]",2,lib/tests/builtin/host-return.zy,jobs
release,0,583829,131,215,4345666,False,"[93, 26, 7, 0]",3,lib/tests/builtin/host-return.zy,recursive
release,0,609921,131,215,4135496,False,"[93, 26, 7, 0]",3,lib/tests/builtin/host-return.zy,original
release,0,591243,131,215,3754385,False,"[93, 26, 7, 0]",3,lib/tests/builtin/host-return.zy,jobs
release,0,649902,131,215,5030294,False,"[93, 26, 7, 0]",3,lib/tests/builtin/host-return.zy,explicit
release,0,576213,131,215,3963457,False,"[93, 26, 7, 0]",4,lib/tests/builtin/host-return.zy,original
release,0,563205,131,215,3529047,False,"[93, 26, 7, 0]",4,lib/tests/builtin/host-return.zy,jobs
release,0,660556,131,215,4475282,False,"[93, 26, 7, 0]",4,lib/tests/builtin/host-return.zy,explicit
release,0,821822,131,215,5110173,False,"[93, 26, 7, 0]",4,lib/tests/builtin/host-return.zy,recursive
release,0,570831,131,215,4412322,False,"[93, 26, 7, 0]",5,lib/tests/builtin/host-return.zy,jobs
release,0,600621,131,215,4542537,False,"[93, 26, 7, 0]",5,lib/tests/builtin/host-return.zy,explicit
release,0,536466,131,215,3723625,False,"[93, 26, 7, 0]",5,lib/tests/builtin/host-return.zy,recursive
release,0,573297,131,215,3905497,False,"[93, 26, 7, 0]",5,lib/tests/builtin/host-return.zy,original
release,0,729452,131,215,4650142,False,"[93, 26, 7, 0]",6,lib/tests/builtin/host-return.zy,explicit
release,0,605622,131,215,4415411,False,"[93, 26, 7, 0]",6,lib/tests/builtin/host-return.zy,recursive
release,0,592875,131,215,3927087,False,"[93, 26, 7, 0]",6,lib/tests/builtin/host-return.zy,original
release,0,519341,131,215,3603118,False,"[93, 26, 7, 0]",6,lib/tests/builtin/host-return.zy,jobs
release,0,658128,131,215,4687802,False,"[93, 26, 7, 0]",7,lib/tests/builtin/host-return.zy,recursive
release,0,603917,131,215,4093173,False,"[93, 26, 7, 0]",7,lib/tests/builtin/host-return.zy,original
release,0,524334,131,215,3630707,False,"[93, 26, 7, 0]",7,lib/tests/builtin/host-return.zy,jobs
release,0,584500,131,215,4448836,False,"[93, 26, 7, 0]",7,lib/tests/builtin/host-return.zy,explicit
release,0,465279,131,215,3487752,False,"[93, 26, 7, 0]",8,lib/tests/builtin/host-return.zy,original
release,0,658133,131,215,4307587,False,"[93, 26, 7, 0]",8,lib/tests/builtin/host-return.zy,jobs
release,0,635565,131,215,4112586,False,"[93, 26, 7, 0]",8,lib/tests/builtin/host-return.zy,explicit
release,0,595121,131,215,3993718,False,"[93, 26, 7, 0]",8,lib/tests/builtin/host-return.zy,recursive
release,0,489418,131,215,3249125,False,"[93, 26, 7, 0]",9,lib/tests/builtin/host-return.zy,jobs
release,0,546201,131,215,4182536,False,"[93, 26, 7, 0]",9,lib/tests/builtin/host-return.zy,explicit
release,0,585753,131,215,4523747,False,"[93, 26, 7, 0]",9,lib/tests/builtin/host-return.zy,recursive
release,0,488452,131,215,3542867,False,"[93, 26, 7, 0]",9,lib/tests/builtin/host-return.zy,original
release,0,498663,131,215,4126049,False,"[93, 26, 7, 0]",10,lib/tests/builtin/host-return.zy,explicit
release,0,561800,131,215,4086498,False,"[93, 26, 7, 0]",10,lib/tests/builtin/host-return.zy,recursive
release,0,499956,131,215,3648081,False,"[93, 26, 7, 0]",10,lib/tests/builtin/host-return.zy,original
release,0,525167,131,215,3646584,False,"[93, 26, 7, 0]",10,lib/tests/builtin/host-return.zy,jobs
release,0,610049,131,215,3900081,False,"[93, 26, 7, 0]",11,lib/tests/builtin/host-return.zy,recursive
release,0,562294,131,215,4001821,False,"[93, 26, 7, 0]",11,lib/tests/builtin/host-return.zy,original
release,0,636457,131,215,4058757,False,"[93, 26, 7, 0]",11,lib/tests/builtin/host-return.zy,jobs
release,0,569926,131,215,4529582,False,"[93, 26, 7, 0]",11,lib/tests/builtin/host-return.zy,explicit
release,0,497501,131,215,3485627,False,"[93, 26, 7, 0]",12,lib/tests/builtin/host-return.zy,original
release,0,497878,131,215,3550796,False,"[93, 26, 7, 0]",12,lib/tests/builtin/host-return.zy,jobs
release,0,639751,131,215,4342337,False,"[93, 26, 7, 0]",12,lib/tests/builtin/host-return.zy,explicit
release,0,735756,131,215,5149801,False,"[93, 26, 7, 0]",12,lib/tests/builtin/host-return.zy,recursive
release,0,500785,131,215,3542282,False,"[93, 26, 7, 0]",13,lib/tests/builtin/host-return.zy,jobs
release,0,546170,131,215,4248410,False,"[93, 26, 7, 0]",13,lib/tests/builtin/host-return.zy,explicit
release,0,557799,131,215,4097955,False,"[93, 26, 7, 0]",13,lib/tests/builtin/host-return.zy,recursive
release,0,509384,131,215,3998508,False,"[93, 26, 7, 0]",13,lib/tests/builtin/host-return.zy,original
release,0,620826,131,215,5011872,False,"[93, 26, 7, 0]",14,lib/tests/builtin/host-return.zy,explicit
release,0,529336,131,215,3956338,False,"[93, 26, 7, 0]",14,lib/tests/builtin/host-return.zy,recursive
release,0,480289,131,215,3735962,False,"[93, 26, 7, 0]",14,lib/tests/builtin/host-return.zy,original
release,0,487456,131,215,3389330,False,"[93, 26, 7, 0]",14,lib/tests/builtin/host-return.zy,jobs
release,0,510868,131,215,4153761,False,"[93, 26, 7, 0]",15,lib/tests/builtin/host-return.zy,recursive
release,0,623950,131,215,4218134,False,"[93, 26, 7, 0]",15,lib/tests/builtin/host-return.zy,original
release,0,599742,131,215,3970752,False,"[93, 26, 7, 0]",15,lib/tests/builtin/host-return.zy,jobs
release,0,792718,131,215,5594118,False,"[93, 26, 7, 0]",15,lib/tests/builtin/host-return.zy,explicit
release,0,735246,131,215,5050904,False,"[93, 26, 7, 0]",16,lib/tests/builtin/host-return.zy,original
release,0,701455,131,215,4588500,False,"[93, 26, 7, 0]",16,lib/tests/builtin/host-return.zy,jobs
release,0,591912,131,215,4601922,False,"[93, 26, 7, 0]",16,lib/tests/builtin/host-return.zy,explicit
release,0,752584,131,215,4551079,False,"[93, 26, 7, 0]",16,lib/tests/builtin/host-return.zy,recursive
release,0,588293,131,215,3632660,False,"[93, 26, 7, 0]",17,lib/tests/builtin/host-return.zy,jobs
release,0,704413,131,215,4831417,False,"[93, 26, 7, 0]",17,lib/tests/builtin/host-return.zy,explicit
release,0,525833,131,215,4210083,False,"[93, 26, 7, 0]",17,lib/tests/builtin/host-return.zy,recursive
release,0,501084,131,215,3525378,False,"[93, 26, 7, 0]",17,lib/tests/builtin/host-return.zy,original
release,0,530876,131,215,4123958,False,"[93, 26, 7, 0]",18,lib/tests/builtin/host-return.zy,explicit
release,0,528870,131,215,3854701,False,"[93, 26, 7, 0]",18,lib/tests/builtin/host-return.zy,recursive
release,0,523290,131,215,3466884,False,"[93, 26, 7, 0]",18,lib/tests/builtin/host-return.zy,original
release,0,515619,131,215,3529870,False,"[93, 26, 7, 0]",18,lib/tests/builtin/host-return.zy,jobs
release,0,543584,131,215,4213541,False,"[93, 26, 7, 0]",19,lib/tests/builtin/host-return.zy,recursive
release,0,533955,131,215,3610834,False,"[93, 26, 7, 0]",19,lib/tests/builtin/host-return.zy,original
release,0,548290,131,215,3468585,False,"[93, 26, 7, 0]",19,lib/tests/builtin/host-return.zy,jobs
release,0,479678,131,215,4142169,False,"[93, 26, 7, 0]",19,lib/tests/builtin/host-return.zy,explicit
release,0,512456,131,215,3584578,False,"[93, 26, 7, 0]",20,lib/tests/builtin/host-return.zy,original
release,0,562840,131,215,3489326,False,"[93, 26, 7, 0]",20,lib/tests/builtin/host-return.zy,jobs
release,0,620874,131,215,4297831,False,"[93, 26, 7, 0]",20,lib/tests/builtin/host-return.zy,explicit
release,0,511032,131,215,3859961,False,"[93, 26, 7, 0]",20,lib/tests/builtin/host-return.zy,recursive
release,0,508459,131,215,3624029,False,"[93, 26, 7, 0]",21,lib/tests/builtin/host-return.zy,jobs
release,0,525721,131,215,4103035,False,"[93, 26, 7, 0]",21,lib/tests/builtin/host-return.zy,explicit
release,0,474460,131,215,3699956,False,"[93, 26, 7, 0]",21,lib/tests/builtin/host-return.zy,recursive
release,0,484832,131,215,3668124,False,"[93, 26, 7, 0]",21,lib/tests/builtin/host-return.zy,original
release,0,543256,131,215,4138368,False,"[93, 26, 7, 0]",22,lib/tests/builtin/host-return.zy,explicit
release,0,490863,131,215,3732172,False,"[93, 26, 7, 0]",22,lib/tests/builtin/host-return.zy,recursive
release,0,553493,131,215,4164539,False,"[93, 26, 7, 0]",22,lib/tests/builtin/host-return.zy,original
release,0,520672,131,215,3665539,False,"[93, 26, 7, 0]",22,lib/tests/builtin/host-return.zy,jobs
release,0,493160,131,215,3751704,False,"[93, 26, 7, 0]",23,lib/tests/builtin/host-return.zy,recursive
release,0,561796,131,215,3666882,False,"[93, 26, 7, 0]",23,lib/tests/builtin/host-return.zy,original
release,0,466709,131,215,3118791,False,"[93, 26, 7, 0]",23,lib/tests/builtin/host-return.zy,jobs
release,0,529595,131,215,4224625,False,"[93, 26, 7, 0]",23,lib/tests/builtin/host-return.zy,explicit
release,0,551126,131,215,3979502,False,"[93, 26, 7, 0]",24,lib/tests/builtin/host-return.zy,original
release,0,507129,131,215,3633878,False,"[93, 26, 7, 0]",24,lib/tests/builtin/host-return.zy,jobs
release,0,633251,131,215,5675376,False,"[93, 26, 7, 0]",24,lib/tests/builtin/host-return.zy,explicit
release,0,596048,131,215,4164572,False,"[93, 26, 7, 0]",24,lib/tests/builtin/host-return.zy,recursive
release,0,557300,131,215,3713842,False,"[93, 26, 7, 0]",25,lib/tests/builtin/host-return.zy,jobs
release,0,509453,131,215,3901594,False,"[93, 26, 7, 0]",25,lib/tests/builtin/host-return.zy,explicit
release,0,550259,131,215,3935877,False,"[93, 26, 7, 0]",25,lib/tests/builtin/host-return.zy,recursive
release,0,563375,131,215,3714584,False,"[93, 26, 7, 0]",25,lib/tests/builtin/host-return.zy,original
release,0,562622,131,215,4212587,False,"[93, 26, 7, 0]",26,lib/tests/builtin/host-return.zy,explicit
release,0,697834,131,215,4319296,False,"[93, 26, 7, 0]",26,lib/tests/builtin/host-return.zy,recursive
release,0,543244,131,215,3683505,False,"[93, 26, 7, 0]",26,lib/tests/builtin/host-return.zy,original
release,0,575553,131,215,3708460,False,"[93, 26, 7, 0]",26,lib/tests/builtin/host-return.zy,jobs
release,0,508696,131,215,3895567,False,"[93, 26, 7, 0]",27,lib/tests/builtin/host-return.zy,recursive
release,0,649071,131,215,4130164,False,"[93, 26, 7, 0]",27,lib/tests/builtin/host-return.zy,original
release,0,673904,131,215,3780040,False,"[93, 26, 7, 0]",27,lib/tests/builtin/host-return.zy,jobs
release,0,521971,131,215,3985107,False,"[93, 26, 7, 0]",27,lib/tests/builtin/host-return.zy,explicit
release,0,544924,131,215,3741919,False,"[93, 26, 7, 0]",28,lib/tests/builtin/host-return.zy,original
release,0,473968,131,215,3199450,False,"[93, 26, 7, 0]",28,lib/tests/builtin/host-return.zy,jobs
release,0,515581,131,215,3955961,False,"[93, 26, 7, 0]",28,lib/tests/builtin/host-return.zy,explicit
release,0,507008,131,215,3711585,False,"[93, 26, 7, 0]",28,lib/tests/builtin/host-return.zy,recursive
release,0,488092,131,215,3132954,False,"[93, 26, 7, 0]",29,lib/tests/builtin/host-return.zy,jobs
release,0,487160,131,215,3745044,False,"[93, 26, 7, 0]",29,lib/tests/builtin/host-return.zy,explicit
release,0,483572,131,215,3599165,False,"[93, 26, 7, 0]",29,lib/tests/builtin/host-return.zy,recursive
release,0,457423,131,215,3342628,False,"[93, 26, 7, 0]",29,lib/tests/builtin/host-return.zy,original
release,0,462668,131,215,3677790,False,"[93, 26, 7, 0]",30,lib/tests/builtin/host-return.zy,explicit
release,0,472298,131,215,3494755,False,"[93, 26, 7, 0]",30,lib/tests/builtin/host-return.zy,recursive
release,0,460339,131,215,3353785,False,"[93, 26, 7, 0]",30,lib/tests/builtin/host-return.zy,original
release,0,462578,131,215,3064496,False,"[93, 26, 7, 0]",30,lib/tests/builtin/host-return.zy,jobs
release,0,482792,131,215,3553963,False,"[93, 26, 7, 0]",31,lib/tests/builtin/host-return.zy,recursive
release,0,488775,131,215,3363756,False,"[93, 26, 7, 0]",31,lib/tests/builtin/host-return.zy,original
release,0,508995,131,215,3105672,False,"[93, 26, 7, 0]",31,lib/tests/builtin/host-return.zy,jobs
release,0,462375,131,215,3639250,False,"[93, 26, 7, 0]",31,lib/tests/builtin/host-return.zy,explicit
release,0,810588,131,433,5069452,True,"[66, 24, 7, 8]",0,lib/tests/builtin/host-return.zy,original
release,0,751004,131,433,4695041,True,"[66, 24, 7, 8]",0,lib/tests/builtin/host-return.zy,jobs
release,0,780542,131,433,5412748,True,"[66, 24, 7, 8]",0,lib/tests/builtin/host-return.zy,explicit
release,0,756951,131,433,5163420,True,"[66, 24, 7, 8]",0,lib/tests/builtin/host-return.zy,recursive
release,0,753158,131,433,4645412,True,"[66, 24, 7, 8]",1,lib/tests/builtin/host-return.zy,jobs
release,0,764045,131,433,5380364,True,"[66, 24, 7, 8]",1,lib/tests/builtin/host-return.zy,explicit
release,0,744548,131,433,5174323,True,"[66, 24, 7, 8]",1,lib/tests/builtin/host-return.zy,recursive
release,0,751772,131,433,4976335,True,"[66, 24, 7, 8]",1,lib/tests/builtin/host-return.zy,original
release,0,781532,131,433,5454954,True,"[66, 24, 7, 8]",2,lib/tests/builtin/host-return.zy,explicit
release,0,751219,131,433,5181255,True,"[66, 24, 7, 8]",2,lib/tests/builtin/host-return.zy,recursive
release,0,733681,131,433,4951786,True,"[66, 24, 7, 8]",2,lib/tests/builtin/host-return.zy,original
release,0,765324,131,433,4693921,True,"[66, 24, 7, 8]",2,lib/tests/builtin/host-return.zy,jobs
release,0,737844,131,433,5158747,True,"[66, 24, 7, 8]",3,lib/tests/builtin/host-return.zy,recursive
release,0,747466,131,433,5015831,True,"[66, 24, 7, 8]",3,lib/tests/builtin/host-return.zy,original
release,0,768863,131,433,4697841,True,"[66, 24, 7, 8]",3,lib/tests/builtin/host-return.zy,jobs
release,0,736332,131,433,5434746,True,"[66, 24, 7, 8]",3,lib/tests/builtin/host-return.zy,explicit
release,0,736952,131,433,4967238,True,"[66, 24, 7, 8]",4,lib/tests/builtin/host-return.zy,original
release,0,783802,131,433,4805080,True,"[66, 24, 7, 8]",4,lib/tests/builtin/host-return.zy,jobs
release,0,773951,131,433,5469204,True,"[66, 24, 7, 8]",4,lib/tests/builtin/host-return.zy,explicit
release,0,806543,131,433,5457284,True,"[66, 24, 7, 8]",4,lib/tests/builtin/host-return.zy,recursive
release,0,835669,131,433,4780381,True,"[66, 24, 7, 8]",5,lib/tests/builtin/host-return.zy,jobs
release,0,800782,131,433,5584337,True,"[66, 24, 7, 8]",5,lib/tests/builtin/host-return.zy,explicit
release,0,736406,131,433,5237462,True,"[66, 24, 7, 8]",5,lib/tests/builtin/host-return.zy,recursive
release,0,725454,131,433,4985885,True,"[66, 24, 7, 8]",5,lib/tests/builtin/host-return.zy,original
release,0,757542,131,433,5529131,True,"[66, 24, 7, 8]",6,lib/tests/builtin/host-return.zy,explicit
release,0,761377,131,433,5268414,True,"[66, 24, 7, 8]",6,lib/tests/builtin/host-return.zy,recursive
release,0,766538,131,433,5076289,True,"[66, 24, 7, 8]",6,lib/tests/builtin/host-return.zy,original
release,0,810083,131,433,4803007,True,"[66, 24, 7, 8]",6,lib/tests/builtin/host-return.zy,jobs
release,0,798666,131,433,5332623,True,"[66, 24, 7, 8]",7,lib/tests/builtin/host-return.zy,recursive
release,0,803242,131,433,5062295,True,"[66, 24, 7, 8]",7,lib/tests/builtin/host-return.zy,original
release,0,790961,131,433,4771121,True,"[66, 24, 7, 8]",7,lib/tests/builtin/host-return.zy,jobs
release,0,784821,131,433,5509097,True,"[66, 24, 7, 8]",7,lib/tests/builtin/host-return.zy,explicit
release,0,738468,131,433,4988373,True,"[66, 24, 7, 8]",8,lib/tests/builtin/host-return.zy,original
release,0,752311,131,433,4723580,True,"[66, 24, 7, 8]",8,lib/tests/builtin/host-return.zy,jobs
release,0,794428,131,433,5527412,True,"[66, 24, 7, 8]",8,lib/tests/builtin/host-return.zy,explicit
release,0,781964,131,433,5296540,True,"[66, 24, 7, 8]",8,lib/tests/builtin/host-return.zy,recursive
release,0,780005,131,433,4698087,True,"[66, 24, 7, 8]",9,lib/tests/builtin/host-return.zy,jobs
release,0,777302,131,433,5532839,True,"[66, 24, 7, 8]",9,lib/tests/builtin/host-return.zy,explicit
release,0,808348,131,433,5362335,True,"[66, 24, 7, 8]",9,lib/tests/builtin/host-return.zy,recursive
release,0,782014,131,433,5020887,True,"[66, 24, 7, 8]",9,lib/tests/builtin/host-return.zy,original
release,0,770538,131,433,5471819,True,"[66, 24, 7, 8]",10,lib/tests/builtin/host-return.zy,explicit
release,0,744382,131,433,5282301,True,"[66, 24, 7, 8]",10,lib/tests/builtin/host-return.zy,recursive
release,0,757549,131,433,5023464,True,"[66, 24, 7, 8]",10,lib/tests/builtin/host-return.zy,original
release,0,761467,131,433,4721941,True,"[66, 24, 7, 8]",10,lib/tests/builtin/host-return.zy,jobs
release,0,749634,131,433,5221581,True,"[66, 24, 7, 8]",11,lib/tests/builtin/host-return.zy,recursive
release,0,741122,131,433,5003994,True,"[66, 24, 7, 8]",11,lib/tests/builtin/host-return.zy,original
release,0,741744,131,433,4704291,True,"[66, 24, 7, 8]",11,lib/tests/builtin/host-return.zy,jobs
release,0,729461,131,433,5457660,True,"[66, 24, 7, 8]",11,lib/tests/builtin/host-return.zy,explicit
release,0,817299,131,433,5199047,True,"[66, 24, 7, 8]",12,lib/tests/builtin/host-return.zy,original
release,0,781237,131,433,4738710,True,"[66, 24, 7, 8]",12,lib/tests/builtin/host-return.zy,jobs
release,0,787628,131,433,5521993,True,"[66, 24, 7, 8]",12,lib/tests/builtin/host-return.zy,explicit
release,0,761917,131,433,5232043,True,"[66, 24, 7, 8]",12,lib/tests/builtin/host-return.zy,recursive
release,0,801214,131,433,4718133,True,"[66, 24, 7, 8]",13,lib/tests/builtin/host-return.zy,jobs
release,0,765794,131,433,5434006,True,"[66, 24, 7, 8]",13,lib/tests/builtin/host-return.zy,explicit
release,0,788845,131,433,5258574,True,"[66, 24, 7, 8]",13,lib/tests/builtin/host-return.zy,recursive
release,0,773556,131,433,4992041,True,"[66, 24, 7, 8]",13,lib/tests/builtin/host-return.zy,original
release,0,797336,131,433,5512465,True,"[66, 24, 7, 8]",14,lib/tests/builtin/host-return.zy,explicit
release,0,815795,131,433,5281212,True,"[66, 24, 7, 8]",14,lib/tests/builtin/host-return.zy,recursive
release,0,794330,131,433,5159715,True,"[66, 24, 7, 8]",14,lib/tests/builtin/host-return.zy,original
release,0,823914,131,433,4772161,True,"[66, 24, 7, 8]",14,lib/tests/builtin/host-return.zy,jobs
release,0,781007,131,433,5255402,True,"[66, 24, 7, 8]",15,lib/tests/builtin/host-return.zy,recursive
release,0,769621,131,433,5012713,True,"[66, 24, 7, 8]",15,lib/tests/builtin/host-return.zy,original
release,0,778667,131,433,4717750,True,"[66, 24, 7, 8]",15,lib/tests/builtin/host-return.zy,jobs
release,0,772414,131,433,5403174,True,"[66, 24, 7, 8]",15,lib/tests/builtin/host-return.zy,explicit
release,0,770425,131,433,5024255,True,"[66, 24, 7, 8]",16,lib/tests/builtin/host-return.zy,original
release,0,768376,131,433,4704454,True,"[66, 24, 7, 8]",16,lib/tests/builtin/host-return.zy,jobs
release,0,816689,131,433,5478381,True,"[66, 24, 7, 8]",16,lib/tests/builtin/host-return.zy,explicit
release,0,793505,131,433,5240497,True,"[66, 24, 7, 8]",16,lib/tests/builtin/host-return.zy,recursive
release,0,793666,131,433,4680710,True,"[66, 24, 7, 8]",17,lib/tests/builtin/host-return.zy,jobs
release,0,790880,131,433,5435292,True,"[66, 24, 7, 8]",17,lib/tests/builtin/host-return.zy,explicit
release,0,791970,131,433,5255545,True,"[66, 24, 7, 8]",17,lib/tests/builtin/host-return.zy,recursive
release,0,767786,131,433,5000318,True,"[66, 24, 7, 8]",17,lib/tests/builtin/host-return.zy,original
release,0,744251,131,433,5404993,True,"[66, 24, 7, 8]",18,lib/tests/builtin/host-return.zy,explicit
release,0,767946,131,433,5223949,True,"[66, 24, 7, 8]",18,lib/tests/builtin/host-return.zy,recursive
release,0,785506,131,433,5007762,True,"[66, 24, 7, 8]",18,lib/tests/builtin/host-return.zy,original
release,0,805126,131,433,4711499,True,"[66, 24, 7, 8]",18,lib/tests/builtin/host-return.zy,jobs
release,0,759794,131,433,5246956,True,"[66, 24, 7, 8]",19,lib/tests/builtin/host-return.zy,recursive
release,0,737793,131,433,4949741,True,"[66, 24, 7, 8]",19,lib/tests/builtin/host-return.zy,original
release,0,789368,131,433,4727754,True,"[66, 24, 7, 8]",19,lib/tests/builtin/host-return.zy,jobs
release,0,764001,131,433,5419168,True,"[66, 24, 7, 8]",19,lib/tests/builtin/host-return.zy,explicit
release,0,755990,131,433,5097004,True,"[66, 24, 7, 8]",20,lib/tests/builtin/host-return.zy,original
release,0,798074,131,433,4694002,True,"[66, 24, 7, 8]",20,lib/tests/builtin/host-return.zy,jobs
release,0,778171,131,433,5440044,True,"[66, 24, 7, 8]",20,lib/tests/builtin/host-return.zy,explicit
release,0,786676,131,433,5219345,True,"[66, 24, 7, 8]",20,lib/tests/builtin/host-return.zy,recursive
release,0,768540,131,433,4741157,True,"[66, 24, 7, 8]",21,lib/tests/builtin/host-return.zy,jobs
release,0,755294,131,433,5439038,True,"[66, 24, 7, 8]",21,lib/tests/builtin/host-return.zy,explicit
release,0,793206,131,433,5345678,True,"[66, 24, 7, 8]",21,lib/tests/builtin/host-return.zy,recursive
release,0,765881,131,433,4975122,True,"[66, 24, 7, 8]",21,lib/tests/builtin/host-return.zy,original
release,0,808720,131,433,5480626,True,"[66, 24, 7, 8]",22,lib/tests/builtin/host-return.zy,explicit
release,0,802257,131,433,5224060,True,"[66, 24, 7, 8]",22,lib/tests/builtin/host-return.zy,recursive
release,0,761165,131,433,4969712,True,"[66, 24, 7, 8]",22,lib/tests/builtin/host-return.zy,original
release,0,767198,131,433,4696465,True,"[66, 24, 7, 8]",22,lib/tests/builtin/host-return.zy,jobs
release,0,771592,131,433,5241255,True,"[66, 24, 7, 8]",23,lib/tests/builtin/host-return.zy,recursive
release,0,781704,131,433,5103621,True,"[66, 24, 7, 8]",23,lib/tests/builtin/host-return.zy,original
release,0,776625,131,433,4690994,True,"[66, 24, 7, 8]",23,lib/tests/builtin/host-return.zy,jobs
release,0,824580,131,433,5556377,True,"[66, 24, 7, 8]",23,lib/tests/builtin/host-return.zy,explicit
release,0,791464,131,433,5140578,True,"[66, 24, 7, 8]",24,lib/tests/builtin/host-return.zy,original
release,0,764676,131,433,4690006,True,"[66, 24, 7, 8]",24,lib/tests/builtin/host-return.zy,jobs
release,0,781752,131,433,5443578,True,"[66, 24, 7, 8]",24,lib/tests/builtin/host-return.zy,explicit
release,0,785290,131,433,5324049,True,"[66, 24, 7, 8]",24,lib/tests/builtin/host-return.zy,recursive
release,0,790999,131,433,4710375,True,"[66, 24, 7, 8]",25,lib/tests/builtin/host-return.zy,jobs
release,0,801377,131,433,5489701,True,"[66, 24, 7, 8]",25,lib/tests/builtin/host-return.zy,explicit
release,0,828943,131,433,5204635,True,"[66, 24, 7, 8]",25,lib/tests/builtin/host-return.zy,recursive
release,0,777759,131,433,4976688,True,"[66, 24, 7, 8]",25,lib/tests/builtin/host-return.zy,original
release,0,786073,131,433,5430555,True,"[66, 24, 7, 8]",26,lib/tests/builtin/host-return.zy,explicit
release,0,781589,131,433,5232800,True,"[66, 24, 7, 8]",26,lib/tests/builtin/host-return.zy,recursive
release,0,814119,131,433,5127135,True,"[66, 24, 7, 8]",26,lib/tests/builtin/host-return.zy,original
release,0,777951,131,433,4769954,True,"[66, 24, 7, 8]",26,lib/tests/builtin/host-return.zy,jobs
release,0,782491,131,433,5259131,True,"[66, 24, 7, 8]",27,lib/tests/builtin/host-return.zy,recursive
release,0,767624,131,433,5060326,True,"[66, 24, 7, 8]",27,lib/tests/builtin/host-return.zy,original
release,0,761923,131,433,4737009,True,"[66, 24, 7, 8]",27,lib/tests/builtin/host-return.zy,jobs
release,0,803181,131,433,5503907,True,"[66, 24, 7, 8]",27,lib/tests/builtin/host-return.zy,explicit
release,0,777075,131,433,5043842,True,"[66, 24, 7, 8]",28,lib/tests/builtin/host-return.zy,original
release,0,776466,131,433,4806700,True,"[66, 24, 7, 8]",28,lib/tests/builtin/host-return.zy,jobs
release,0,792008,131,433,5488860,True,"[66, 24, 7, 8]",28,lib/tests/builtin/host-return.zy,explicit
release,0,801420,131,433,5347411,True,"[66, 24, 7, 8]",28,lib/tests/builtin/host-return.zy,recursive
release,0,785628,131,433,4711646,True,"[66, 24, 7, 8]",29,lib/tests/builtin/host-return.zy,jobs
release,0,775750,131,433,5510498,True,"[66, 24, 7, 8]",29,lib/tests/builtin/host-return.zy,explicit
release,0,804878,131,433,5176451,True,"[66, 24, 7, 8]",29,lib/tests/builtin/host-return.zy,recursive
release,0,785377,131,433,4987411,True,"[66, 24, 7, 8]",29,lib/tests/builtin/host-return.zy,original
release,0,802374,131,433,5401882,True,"[66, 24, 7, 8]",30,lib/tests/builtin/host-return.zy,explicit
release,0,791134,131,433,5217770,True,"[66, 24, 7, 8]",30,lib/tests/builtin/host-return.zy,recursive
release,0,781699,131,433,4992888,True,"[66, 24, 7, 8]",30,lib/tests/builtin/host-return.zy,original
release,0,773197,131,433,4672132,True,"[66, 24, 7, 8]",30,lib/tests/builtin/host-return.zy,jobs
release,0,789917,131,433,5169325,True,"[66, 24, 7, 8]",31,lib/tests/builtin/host-return.zy,recursive
release,0,787324,131,433,4997365,True,"[66, 24, 7, 8]",31,lib/tests/builtin/host-return.zy,original
release,0,778130,131,433,4679973,True,"[66, 24, 7, 8]",31,lib/tests/builtin/host-return.zy,jobs
release,0,780049,131,433,5387162,True,"[66, 24, 7, 8]",31,lib/tests/builtin/host-return.zy,explicit
release,0,715585,692,53,5017918,False,"[525, 160, 38, 0]",0,lib/tests/builtin/host-runtime.zy,original
release,0,684332,692,53,4536963,False,"[525, 160, 38, 0]",0,lib/tests/builtin/host-runtime.zy,jobs
release,0,730711,692,53,5393669,False,"[525, 160, 38, 0]",0,lib/tests/builtin/host-runtime.zy,explicit
release,0,730584,692,53,5315918,False,"[525, 160, 38, 0]",0,lib/tests/builtin/host-runtime.zy,recursive
release,0,660375,692,53,4588836,False,"[525, 160, 38, 0]",1,lib/tests/builtin/host-runtime.zy,jobs
release,0,713628,692,53,5480997,False,"[525, 160, 38, 0]",1,lib/tests/builtin/host-runtime.zy,explicit
release,0,655797,692,53,5194670,False,"[525, 160, 38, 0]",1,lib/tests/builtin/host-runtime.zy,recursive
release,0,678913,692,53,5031252,False,"[525, 160, 38, 0]",1,lib/tests/builtin/host-runtime.zy,original
release,0,753916,692,53,5359374,False,"[525, 160, 38, 0]",2,lib/tests/builtin/host-runtime.zy,explicit
release,0,664460,692,53,5196501,False,"[525, 160, 38, 0]",2,lib/tests/builtin/host-runtime.zy,recursive
release,0,702285,692,53,5007122,False,"[525, 160, 38, 0]",2,lib/tests/builtin/host-runtime.zy,original
release,0,743831,692,53,4633873,False,"[525, 160, 38, 0]",2,lib/tests/builtin/host-runtime.zy,jobs
release,0,707293,692,53,5182542,False,"[525, 160, 38, 0]",3,lib/tests/builtin/host-runtime.zy,recursive
release,0,681835,692,53,5032334,False,"[525, 160, 38, 0]",3,lib/tests/builtin/host-runtime.zy,original
release,0,668748,692,53,4596833,False,"[525, 160, 38, 0]",3,lib/tests/builtin/host-runtime.zy,jobs
release,0,658578,692,53,5386751,False,"[525, 160, 38, 0]",3,lib/tests/builtin/host-runtime.zy,explicit
release,0,689338,692,53,4994164,False,"[525, 160, 38, 0]",4,lib/tests/builtin/host-runtime.zy,original
release,0,730578,692,53,4645167,False,"[525, 160, 38, 0]",4,lib/tests/builtin/host-runtime.zy,jobs
release,0,651665,692,53,5429914,False,"[525, 160, 38, 0]",4,lib/tests/builtin/host-runtime.zy,explicit
release,0,665080,692,53,5214041,False,"[525, 160, 38, 0]",4,lib/tests/builtin/host-runtime.zy,recursive
release,0,669124,692,53,4624543,False,"[525, 160, 38, 0]",5,lib/tests/builtin/host-runtime.zy,jobs
release,0,631792,692,53,5338915,False,"[525, 160, 38, 0]",5,lib/tests/builtin/host-runtime.zy,explicit
release,0,653665,692,53,5159626,False,"[525, 160, 38, 0]",5,lib/tests/builtin/host-runtime.zy,recursive
release,0,656121,692,53,4992670,False,"[525, 160, 38, 0]",5,lib/tests/builtin/host-runtime.zy,original
release,0,639082,692,53,5323794,False,"[525, 160, 38, 0]",6,lib/tests/builtin/host-runtime.zy,explicit
release,0,673872,692,53,5204585,False,"[525, 160, 38, 0]",6,lib/tests/builtin/host-runtime.zy,recursive
release,0,689085,692,53,5169250,False,"[525, 160, 38, 0]",6,lib/tests/builtin/host-runtime.zy,original
release,0,637831,692,53,4572330,False,"[525, 160, 38, 0]",6,lib/tests/builtin/host-runtime.zy,jobs
release,0,703417,692,53,5358746,False,"[525, 160, 38, 0]",7,lib/tests/builtin/host-runtime.zy,recursive
release,0,746089,692,53,5128996,False,"[525, 160, 38, 0]",7,lib/tests/builtin/host-runtime.zy,original
release,0,688627,692,53,4563246,False,"[525, 160, 38, 0]",7,lib/tests/builtin/host-runtime.zy,jobs
release,0,692710,692,53,5361254,False,"[525, 160, 38, 0]",7,lib/tests/builtin/host-runtime.zy,explicit
release,0,723670,692,53,5050412,False,"[525, 160, 38, 0]",8,lib/tests/builtin/host-runtime.zy,original
release,0,665164,692,53,4684041,False,"[525, 160, 38, 0]",8,lib/tests/builtin/host-runtime.zy,jobs
release,0,651289,692,53,5421793,False,"[525, 160, 38, 0]",8,lib/tests/builtin/host-runtime.zy,explicit
release,0,685917,692,53,5350711,False,"[525, 160, 38, 0]",8,lib/tests/builtin/host-runtime.zy,recursive
release,0,688162,692,53,4641001,False,"[525, 160, 38, 0]",9,lib/tests/builtin/host-runtime.zy,jobs
release,0,680247,692,53,5438335,False,"[525, 160, 38, 0]",9,lib/tests/builtin/host-runtime.zy,explicit
release,0,661917,692,53,5223918,False,"[525, 160, 38, 0]",9,lib/tests/builtin/host-runtime.zy,recursive
release,0,658872,692,53,5017419,False,"[525, 160, 38, 0]",9,lib/tests/builtin/host-runtime.zy,original
release,0,639166,692,53,5394294,False,"[525, 160, 38, 0]",10,lib/tests/builtin/host-runtime.zy,explicit
release,0,669247,692,53,5188961,False,"[525, 160, 38, 0]",10,lib/tests/builtin/host-runtime.zy,recursive
release,0,676624,692,53,5025080,False,"[525, 160, 38, 0]",10,lib/tests/builtin/host-runtime.zy,original
release,0,677667,692,53,4646831,False,"[525, 160, 38, 0]",10,lib/tests/builtin/host-runtime.zy,jobs
release,0,685957,692,53,5257246,False,"[525, 160, 38, 0]",11,lib/tests/builtin/host-runtime.zy,recursive
release,0,669585,692,53,5051795,False,"[525, 160, 38, 0]",11,lib/tests/builtin/host-runtime.zy,original
release,0,692748,692,53,4710703,False,"[525, 160, 38, 0]",11,lib/tests/builtin/host-runtime.zy,jobs
release,0,728337,692,53,5361704,False,"[525, 160, 38, 0]",11,lib/tests/builtin/host-runtime.zy,explicit
release,0,682755,692,53,5083789,False,"[525, 160, 38, 0]",12,lib/tests/builtin/host-runtime.zy,original
release,0,674456,692,53,4635207,False,"[525, 160, 38, 0]",12,lib/tests/builtin/host-runtime.zy,jobs
release,0,655664,692,53,5401707,False,"[525, 160, 38, 0]",12,lib/tests/builtin/host-runtime.zy,explicit
release,0,644453,692,53,5212962,False,"[525, 160, 38, 0]",12,lib/tests/builtin/host-runtime.zy,recursive
release,0,660915,692,53,4653121,False,"[525, 160, 38, 0]",13,lib/tests/builtin/host-runtime.zy,jobs
release,0,670668,692,53,5413880,False,"[525, 160, 38, 0]",13,lib/tests/builtin/host-runtime.zy,explicit
release,0,681752,692,53,5107208,False,"[525, 160, 38, 0]",13,lib/tests/builtin/host-runtime.zy,recursive
release,0,658834,692,53,4983208,False,"[525, 160, 38, 0]",13,lib/tests/builtin/host-runtime.zy,original
release,0,672455,692,53,5383752,False,"[525, 160, 38, 0]",14,lib/tests/builtin/host-runtime.zy,explicit
release,0,694539,692,53,5246086,False,"[525, 160, 38, 0]",14,lib/tests/builtin/host-runtime.zy,recursive
release,0,680623,692,53,4985750,False,"[525, 160, 38, 0]",14,lib/tests/builtin/host-runtime.zy,original
release,0,692046,692,53,4612205,False,"[525, 160, 38, 0]",14,lib/tests/builtin/host-runtime.zy,jobs
release,0,695130,692,53,5271496,False,"[525, 160, 38, 0]",15,lib/tests/builtin/host-runtime.zy,recursive
release,0,681958,692,53,4951250,False,"[525, 160, 38, 0]",15,lib/tests/builtin/host-runtime.zy,original
release,0,659044,692,53,4601953,False,"[525, 160, 38, 0]",15,lib/tests/builtin/host-runtime.zy,jobs
release,0,651501,692,53,5424837,False,"[525, 160, 38, 0]",15,lib/tests/builtin/host-runtime.zy,explicit
release,0,671543,692,53,4973879,False,"[525, 160, 38, 0]",16,lib/tests/builtin/host-runtime.zy,original
release,0,687999,692,53,4574205,False,"[525, 160, 38, 0]",16,lib/tests/builtin/host-runtime.zy,jobs
release,0,707291,692,53,5505248,False,"[525, 160, 38, 0]",16,lib/tests/builtin/host-runtime.zy,explicit
release,0,659581,692,53,5159953,False,"[525, 160, 38, 0]",16,lib/tests/builtin/host-runtime.zy,recursive
release,0,709420,692,53,4578666,False,"[525, 160, 38, 0]",17,lib/tests/builtin/host-runtime.zy,jobs
release,0,667001,692,53,5471005,False,"[525, 160, 38, 0]",17,lib/tests/builtin/host-runtime.zy,explicit
release,0,673418,692,53,5234378,False,"[525, 160, 38, 0]",17,lib/tests/builtin/host-runtime.zy,recursive
release,0,677125,692,53,4989166,False,"[525, 160, 38, 0]",17,lib/tests/builtin/host-runtime.zy,original
release,0,708252,692,53,5562874,False,"[525, 160, 38, 0]",18,lib/tests/builtin/host-runtime.zy,explicit
release,0,649501,692,53,5166834,False,"[525, 160, 38, 0]",18,lib/tests/builtin/host-runtime.zy,recursive
release,0,692916,692,53,5144624,False,"[525, 160, 38, 0]",18,lib/tests/builtin/host-runtime.zy,original
release,0,696251,692,53,4627333,False,"[525, 160, 38, 0]",18,lib/tests/builtin/host-runtime.zy,jobs
release,0,640620,692,53,5353669,False,"[525, 160, 38, 0]",19,lib/tests/builtin/host-runtime.zy,recursive
release,0,715875,692,53,5104168,False,"[525, 160, 38, 0]",19,lib/tests/builtin/host-runtime.zy,original
release,0,695958,692,53,4611914,False,"[525, 160, 38, 0]",19,lib/tests/builtin/host-runtime.zy,jobs
release,0,659706,692,53,5338754,False,"[525, 160, 38, 0]",19,lib/tests/builtin/host-runtime.zy,explicit
release,0,654832,692,53,5013835,False,"[525, 160, 38, 0]",20,lib/tests/builtin/host-runtime.zy,original
release,0,676666,692,53,4633168,False,"[525, 160, 38, 0]",20,lib/tests/builtin/host-runtime.zy,jobs
release,0,631459,692,53,5372584,False,"[525, 160, 38, 0]",20,lib/tests/builtin/host-runtime.zy,explicit
release,0,641621,692,53,5130794,False,"[525, 160, 38, 0]",20,lib/tests/builtin/host-runtime.zy,recursive
release,0,663415,692,53,4678083,False,"[525, 160, 38, 0]",21,lib/tests/builtin/host-runtime.zy,jobs
release,0,649419,692,53,5367712,False,"[525, 160, 38, 0]",21,lib/tests/builtin/host-runtime.zy,explicit
release,0,646002,692,53,5174750,False,"[525, 160, 38, 0]",21,lib/tests/builtin/host-runtime.zy,recursive
release,0,679794,692,53,5019875,False,"[525, 160, 38, 0]",21,lib/tests/builtin/host-runtime.zy,original
release,0,664165,692,53,5376584,False,"[525, 160, 38, 0]",22,lib/tests/builtin/host-runtime.zy,explicit
release,0,663499,692,53,5106417,False,"[525, 160, 38, 0]",22,lib/tests/builtin/host-runtime.zy,recursive
release,0,662045,692,53,5087750,False,"[525, 160, 38, 0]",22,lib/tests/builtin/host-runtime.zy,original
release,0,653957,692,53,4591870,False,"[525, 160, 38, 0]",22,lib/tests/builtin/host-runtime.zy,jobs
release,0,660960,692,53,5276167,False,"[525, 160, 38, 0]",23,lib/tests/builtin/host-runtime.zy,recursive
release,0,632669,692,53,4922916,False,"[525, 160, 38, 0]",23,lib/tests/builtin/host-runtime.zy,original
release,0,682293,692,53,4583671,False,"[525, 160, 38, 0]",23,lib/tests/builtin/host-runtime.zy,jobs
release,0,671415,692,53,5403254,False,"[525, 160, 38, 0]",23,lib/tests/builtin/host-runtime.zy,explicit
release,0,673623,692,53,5047252,False,"[525, 160, 38, 0]",24,lib/tests/builtin/host-runtime.zy,original
release,0,636127,692,53,4575703,False,"[525, 160, 38, 0]",24,lib/tests/builtin/host-runtime.zy,jobs
release,0,651794,692,53,5388164,False,"[525, 160, 38, 0]",24,lib/tests/builtin/host-runtime.zy,explicit
release,0,658749,692,53,5140249,False,"[525, 160, 38, 0]",24,lib/tests/builtin/host-runtime.zy,recursive
release,0,642460,692,53,4539922,False,"[525, 160, 38, 0]",25,lib/tests/builtin/host-runtime.zy,jobs
release,0,752498,692,53,5465085,False,"[525, 160, 38, 0]",25,lib/tests/builtin/host-runtime.zy,explicit
release,0,714250,692,53,5212711,False,"[525, 160, 38, 0]",25,lib/tests/builtin/host-runtime.zy,recursive
release,0,697496,692,53,5022127,False,"[525, 160, 38, 0]",25,lib/tests/builtin/host-runtime.zy,original
release,0,666456,692,53,5508084,False,"[525, 160, 38, 0]",26,lib/tests/builtin/host-runtime.zy,explicit
release,0,652374,692,53,5251208,False,"[525, 160, 38, 0]",26,lib/tests/builtin/host-runtime.zy,recursive
release,0,636879,692,53,4918542,False,"[525, 160, 38, 0]",26,lib/tests/builtin/host-runtime.zy,original
release,0,694747,692,53,4566294,False,"[525, 160, 38, 0]",26,lib/tests/builtin/host-runtime.zy,jobs
release,0,661374,692,53,5215377,False,"[525, 160, 38, 0]",27,lib/tests/builtin/host-runtime.zy,recursive
release,0,659001,692,53,5020125,False,"[525, 160, 38, 0]",27,lib/tests/builtin/host-runtime.zy,original
release,0,653668,692,53,4584497,False,"[525, 160, 38, 0]",27,lib/tests/builtin/host-runtime.zy,jobs
release,0,640330,692,53,5478628,False,"[525, 160, 38, 0]",27,lib/tests/builtin/host-runtime.zy,explicit
release,0,669459,692,53,4967877,False,"[525, 160, 38, 0]",28,lib/tests/builtin/host-runtime.zy,original
release,0,648204,692,53,4542461,False,"[525, 160, 38, 0]",28,lib/tests/builtin/host-runtime.zy,jobs
release,0,641335,692,53,5349167,False,"[525, 160, 38, 0]",28,lib/tests/builtin/host-runtime.zy,explicit
release,0,674125,692,53,5213829,False,"[525, 160, 38, 0]",28,lib/tests/builtin/host-runtime.zy,recursive
release,0,663415,692,53,4630421,False,"[525, 160, 38, 0]",29,lib/tests/builtin/host-runtime.zy,jobs
release,0,693543,692,53,5447252,False,"[525, 160, 38, 0]",29,lib/tests/builtin/host-runtime.zy,explicit
release,0,662249,692,53,5156921,False,"[525, 160, 38, 0]",29,lib/tests/builtin/host-runtime.zy,recursive
release,0,655456,692,53,5017542,False,"[525, 160, 38, 0]",29,lib/tests/builtin/host-runtime.zy,original
release,0,649377,692,53,5284585,False,"[525, 160, 38, 0]",30,lib/tests/builtin/host-runtime.zy,explicit
release,0,752585,692,53,5206545,False,"[525, 160, 38, 0]",30,lib/tests/builtin/host-runtime.zy,recursive
release,0,694286,692,53,5040954,False,"[525, 160, 38, 0]",30,lib/tests/builtin/host-runtime.zy,original
release,0,640876,692,53,4510410,False,"[525, 160, 38, 0]",30,lib/tests/builtin/host-runtime.zy,jobs
release,0,652543,692,53,5153667,False,"[525, 160, 38, 0]",31,lib/tests/builtin/host-runtime.zy,recursive
release,0,686250,692,53,4988957,False,"[525, 160, 38, 0]",31,lib/tests/builtin/host-runtime.zy,original
release,0,636750,692,53,4590379,False,"[525, 160, 38, 0]",31,lib/tests/builtin/host-runtime.zy,jobs
release,0,656041,692,53,5366995,False,"[525, 160, 38, 0]",31,lib/tests/builtin/host-runtime.zy,explicit
release,0,745253,692,75,4957750,True,"[383, 160, 38, 39]",0,lib/tests/builtin/host-runtime.zy,original
release,0,822203,692,75,4747744,True,"[383, 160, 38, 39]",0,lib/tests/builtin/host-runtime.zy,jobs
release,0,723625,692,75,5419122,True,"[383, 160, 38, 39]",0,lib/tests/builtin/host-runtime.zy,explicit
release,0,762208,692,75,5238119,True,"[383, 160, 38, 39]",0,lib/tests/builtin/host-runtime.zy,recursive
release,0,748789,692,75,4641461,True,"[383, 160, 38, 39]",1,lib/tests/builtin/host-runtime.zy,jobs
release,0,799709,692,75,5373122,True,"[383, 160, 38, 39]",1,lib/tests/builtin/host-runtime.zy,explicit
release,0,807455,692,75,5221963,True,"[383, 160, 38, 39]",1,lib/tests/builtin/host-runtime.zy,recursive
release,0,791420,692,75,5231955,True,"[383, 160, 38, 39]",1,lib/tests/builtin/host-runtime.zy,original
release,0,743873,692,75,5408332,True,"[383, 160, 38, 39]",2,lib/tests/builtin/host-runtime.zy,explicit
release,0,751491,692,75,5201955,True,"[383, 160, 38, 39]",2,lib/tests/builtin/host-runtime.zy,recursive
release,0,720372,692,75,5034333,True,"[383, 160, 38, 39]",2,lib/tests/builtin/host-runtime.zy,original
release,0,721374,692,75,4635588,True,"[383, 160, 38, 39]",2,lib/tests/builtin/host-runtime.zy,jobs
release,0,752129,692,75,5236829,True,"[383, 160, 38, 39]",3,lib/tests/builtin/host-runtime.zy,recursive
release,0,770834,692,75,5009084,True,"[383, 160, 38, 39]",3,lib/tests/builtin/host-runtime.zy,original
release,0,737589,692,75,4625628,True,"[383, 160, 38, 39]",3,lib/tests/builtin/host-runtime.zy,jobs
release,0,727290,692,75,5380292,True,"[383, 160, 38, 39]",3,lib/tests/builtin/host-runtime.zy,explicit
release,0,726127,692,75,5030959,True,"[383, 160, 38, 39]",4,lib/tests/builtin/host-runtime.zy,original
release,0,732415,692,75,4616336,True,"[383, 160, 38, 39]",4,lib/tests/builtin/host-runtime.zy,jobs
release,0,749545,692,75,5444795,True,"[383, 160, 38, 39]",4,lib/tests/builtin/host-runtime.zy,explicit
release,0,731996,692,75,5200378,True,"[383, 160, 38, 39]",4,lib/tests/builtin/host-runtime.zy,recursive
release,0,758918,692,75,4715251,True,"[383, 160, 38, 39]",5,lib/tests/builtin/host-runtime.zy,jobs
release,0,762955,692,75,5365585,True,"[383, 160, 38, 39]",5,lib/tests/builtin/host-runtime.zy,explicit
release,0,749453,692,75,5146754,True,"[383, 160, 38, 39]",5,lib/tests/builtin/host-runtime.zy,recursive
release,0,746993,692,75,5119670,True,"[383, 160, 38, 39]",5,lib/tests/builtin/host-runtime.zy,original
release,0,723205,692,75,5446043,True,"[383, 160, 38, 39]",6,lib/tests/builtin/host-runtime.zy,explicit
release,0,724834,692,75,5225499,True,"[383, 160, 38, 39]",6,lib/tests/builtin/host-runtime.zy,recursive
release,0,765666,692,75,4997586,True,"[383, 160, 38, 39]",6,lib/tests/builtin/host-runtime.zy,original
release,0,729332,692,75,4617377,True,"[383, 160, 38, 39]",6,lib/tests/builtin/host-runtime.zy,jobs
release,0,777624,692,75,5252962,True,"[383, 160, 38, 39]",7,lib/tests/builtin/host-runtime.zy,recursive
release,0,738715,692,75,5133709,True,"[383, 160, 38, 39]",7,lib/tests/builtin/host-runtime.zy,original
release,0,742878,692,75,4735290,True,"[383, 160, 38, 39]",7,lib/tests/builtin/host-runtime.zy,jobs
release,0,710874,692,75,5437291,True,"[383, 160, 38, 39]",7,lib/tests/builtin/host-runtime.zy,explicit
release,0,741830,692,75,5110584,True,"[383, 160, 38, 39]",8,lib/tests/builtin/host-runtime.zy,original
release,0,722794,692,75,4654506,True,"[383, 160, 38, 39]",8,lib/tests/builtin/host-runtime.zy,jobs
release,0,779709,692,75,5513285,True,"[383, 160, 38, 39]",8,lib/tests/builtin/host-runtime.zy,explicit
release,0,728954,692,75,5243996,True,"[383, 160, 38, 39]",8,lib/tests/builtin/host-runtime.zy,recursive
release,0,764170,692,75,4689495,True,"[383, 160, 38, 39]",9,lib/tests/builtin/host-runtime.zy,jobs
release,0,754709,692,75,5715791,True,"[383, 160, 38, 39]",9,lib/tests/builtin/host-runtime.zy,explicit
release,0,810671,692,75,5468998,True,"[383, 160, 38, 39]",9,lib/tests/builtin/host-runtime.zy,recursive
release,0,861581,692,75,5487751,True,"[383, 160, 38, 39]",9,lib/tests/builtin/host-runtime.zy,original
release,0,738918,692,75,5503455,True,"[383, 160, 38, 39]",10,lib/tests/builtin/host-runtime.zy,explicit
release,0,745293,692,75,5403630,True,"[383, 160, 38, 39]",10,lib/tests/builtin/host-runtime.zy,recursive
release,0,802045,692,75,5207083,True,"[383, 160, 38, 39]",10,lib/tests/builtin/host-runtime.zy,original
release,0,764123,692,75,4783123,True,"[383, 160, 38, 39]",10,lib/tests/builtin/host-runtime.zy,jobs
release,0,752086,692,75,5379416,True,"[383, 160, 38, 39]",11,lib/tests/builtin/host-runtime.zy,recursive
release,0,737248,692,75,5186206,True,"[383, 160, 38, 39]",11,lib/tests/builtin/host-runtime.zy,original
release,0,818666,692,75,4857582,True,"[383, 160, 38, 39]",11,lib/tests/builtin/host-runtime.zy,jobs
release,0,752959,692,75,5477579,True,"[383, 160, 38, 39]",11,lib/tests/builtin/host-runtime.zy,explicit
release,0,824419,692,75,5182919,True,"[383, 160, 38, 39]",12,lib/tests/builtin/host-runtime.zy,original
release,0,770626,692,75,4812119,True,"[383, 160, 38, 39]",12,lib/tests/builtin/host-runtime.zy,jobs
release,0,786746,692,75,5574794,True,"[383, 160, 38, 39]",12,lib/tests/builtin/host-runtime.zy,explicit
release,0,770962,692,75,5280380,True,"[383, 160, 38, 39]",12,lib/tests/builtin/host-runtime.zy,recursive
release,0,756840,692,75,4862998,True,"[383, 160, 38, 39]",13,lib/tests/builtin/host-runtime.zy,jobs
release,0,768123,692,75,5569293,True,"[383, 160, 38, 39]",13,lib/tests/builtin/host-runtime.zy,explicit
release,0,764002,692,75,5270169,True,"[383, 160, 38, 39]",13,lib/tests/builtin/host-runtime.zy,recursive
release,0,778166,692,75,5153793,True,"[383, 160, 38, 39]",13,lib/tests/builtin/host-runtime.zy,original
release,0,739829,692,75,5474538,True,"[383, 160, 38, 39]",14,lib/tests/builtin/host-runtime.zy,explicit
release,0,739083,692,75,5284541,True,"[383, 160, 38, 39]",14,lib/tests/builtin/host-runtime.zy,recursive
release,0,762538,692,75,5170001,True,"[383, 160, 38, 39]",14,lib/tests/builtin/host-runtime.zy,original
release,0,746958,692,75,4729124,True,"[383, 160, 38, 39]",14,lib/tests/builtin/host-runtime.zy,jobs
release,0,732286,692,75,5273296,True,"[383, 160, 38, 39]",15,lib/tests/builtin/host-runtime.zy,recursive
release,0,735047,692,75,5111494,True,"[383, 160, 38, 39]",15,lib/tests/builtin/host-runtime.zy,original
release,0,759288,692,75,4727213,True,"[383, 160, 38, 39]",15,lib/tests/builtin/host-runtime.zy,jobs
release,0,753082,692,75,5431419,True,"[383, 160, 38, 39]",15,lib/tests/builtin/host-runtime.zy,explicit
release,0,725709,692,75,5065535,True,"[383, 160, 38, 39]",16,lib/tests/builtin/host-runtime.zy,original
release,0,753793,692,75,4758165,True,"[383, 160, 38, 39]",16,lib/tests/builtin/host-runtime.zy,jobs
release,0,756461,692,75,5552711,True,"[383, 160, 38, 39]",16,lib/tests/builtin/host-runtime.zy,explicit
release,0,787412,692,75,5326042,True,"[383, 160, 38, 39]",16,lib/tests/builtin/host-runtime.zy,recursive
release,0,736580,692,75,4730835,True,"[383, 160, 38, 39]",17,lib/tests/builtin/host-runtime.zy,jobs
release,0,750790,692,75,5423706,True,"[383, 160, 38, 39]",17,lib/tests/builtin/host-runtime.zy,explicit
release,0,761209,692,75,5355005,True,"[383, 160, 38, 39]",17,lib/tests/builtin/host-runtime.zy,recursive
release,0,772747,692,75,5200622,True,"[383, 160, 38, 39]",17,lib/tests/builtin/host-runtime.zy,original
release,0,802174,692,75,5501459,True,"[383, 160, 38, 39]",18,lib/tests/builtin/host-runtime.zy,explicit
release,0,780916,692,75,5288337,True,"[383, 160, 38, 39]",18,lib/tests/builtin/host-runtime.zy,recursive
release,0,790458,692,75,5210914,True,"[383, 160, 38, 39]",18,lib/tests/builtin/host-runtime.zy,original
release,0,748083,692,75,4736795,True,"[383, 160, 38, 39]",18,lib/tests/builtin/host-runtime.zy,jobs
release,0,734417,692,75,5265583,True,"[383, 160, 38, 39]",19,lib/tests/builtin/host-runtime.zy,recursive
release,0,786879,692,75,5140664,True,"[383, 160, 38, 39]",19,lib/tests/builtin/host-runtime.zy,original
release,0,729165,692,75,4742712,True,"[383, 160, 38, 39]",19,lib/tests/builtin/host-runtime.zy,jobs
release,0,813920,692,75,5592334,True,"[383, 160, 38, 39]",19,lib/tests/builtin/host-runtime.zy,explicit
release,0,803287,692,75,5111871,True,"[383, 160, 38, 39]",20,lib/tests/builtin/host-runtime.zy,original
release,0,774544,692,75,4780375,True,"[383, 160, 38, 39]",20,lib/tests/builtin/host-runtime.zy,jobs
release,0,792582,692,75,5470213,True,"[383, 160, 38, 39]",20,lib/tests/builtin/host-runtime.zy,explicit
release,0,787214,692,75,5228584,True,"[383, 160, 38, 39]",20,lib/tests/builtin/host-runtime.zy,recursive
release,0,815082,692,75,4817461,True,"[383, 160, 38, 39]",21,lib/tests/builtin/host-runtime.zy,jobs
release,0,739129,692,75,5503498,True,"[383, 160, 38, 39]",21,lib/tests/builtin/host-runtime.zy,explicit
release,0,779502,692,75,5283251,True,"[383, 160, 38, 39]",21,lib/tests/builtin/host-runtime.zy,recursive
release,0,757793,692,75,5116876,True,"[383, 160, 38, 39]",21,lib/tests/builtin/host-runtime.zy,original
release,0,784542,692,75,5510918,True,"[383, 160, 38, 39]",22,lib/tests/builtin/host-runtime.zy,explicit
release,0,768664,692,75,5269247,True,"[383, 160, 38, 39]",22,lib/tests/builtin/host-runtime.zy,recursive
release,0,777708,692,75,5176706,True,"[383, 160, 38, 39]",22,lib/tests/builtin/host-runtime.zy,original
release,0,760161,692,75,4684831,True,"[383, 160, 38, 39]",22,lib/tests/builtin/host-runtime.zy,jobs
release,0,795829,692,75,5408920,True,"[383, 160, 38, 39]",23,lib/tests/builtin/host-runtime.zy,recursive
release,0,793251,692,75,5140373,True,"[383, 160, 38, 39]",23,lib/tests/builtin/host-runtime.zy,original
release,0,780001,692,75,4740380,True,"[383, 160, 38, 39]",23,lib/tests/builtin/host-runtime.zy,jobs
release,0,763331,692,75,5454672,True,"[383, 160, 38, 39]",23,lib/tests/builtin/host-runtime.zy,explicit
release,0,744548,692,75,5108126,True,"[383, 160, 38, 39]",24,lib/tests/builtin/host-runtime.zy,original
release,0,744457,692,75,4740795,True,"[383, 160, 38, 39]",24,lib/tests/builtin/host-runtime.zy,jobs
release,0,740457,692,75,5428706,True,"[383, 160, 38, 39]",24,lib/tests/builtin/host-runtime.zy,explicit
release,0,772996,692,75,5363122,True,"[383, 160, 38, 39]",24,lib/tests/builtin/host-runtime.zy,recursive
release,0,756957,692,75,4810876,True,"[383, 160, 38, 39]",25,lib/tests/builtin/host-runtime.zy,jobs
release,0,840538,692,75,5615626,True,"[383, 160, 38, 39]",25,lib/tests/builtin/host-runtime.zy,explicit
release,0,772374,692,75,5416085,True,"[383, 160, 38, 39]",25,lib/tests/builtin/host-runtime.zy,recursive
release,0,775165,692,75,5251042,True,"[383, 160, 38, 39]",25,lib/tests/builtin/host-runtime.zy,original
release,0,743752,692,75,5442999,True,"[383, 160, 38, 39]",26,lib/tests/builtin/host-runtime.zy,explicit
release,0,785956,692,75,5353709,True,"[383, 160, 38, 39]",26,lib/tests/builtin/host-runtime.zy,recursive
release,0,793962,692,75,5118676,True,"[383, 160, 38, 39]",26,lib/tests/builtin/host-runtime.zy,original
release,0,764872,692,75,4711493,True,"[383, 160, 38, 39]",26,lib/tests/builtin/host-runtime.zy,jobs
release,0,774293,692,75,5328170,True,"[383, 160, 38, 39]",27,lib/tests/builtin/host-runtime.zy,recursive
release,0,766330,692,75,5146249,True,"[383, 160, 38, 39]",27,lib/tests/builtin/host-runtime.zy,original
release,0,794091,692,75,4789874,True,"[383, 160, 38, 39]",27,lib/tests/builtin/host-runtime.zy,jobs
release,0,778297,692,75,5374881,True,"[383, 160, 38, 39]",27,lib/tests/builtin/host-runtime.zy,explicit
release,0,763167,692,75,5128166,True,"[383, 160, 38, 39]",28,lib/tests/builtin/host-runtime.zy,original
release,0,762085,692,75,4750915,True,"[383, 160, 38, 39]",28,lib/tests/builtin/host-runtime.zy,jobs
release,0,731502,692,75,5434915,True,"[383, 160, 38, 39]",28,lib/tests/builtin/host-runtime.zy,explicit
release,0,749041,692,75,5288377,True,"[383, 160, 38, 39]",28,lib/tests/builtin/host-runtime.zy,recursive
release,0,739208,692,75,4697120,True,"[383, 160, 38, 39]",29,lib/tests/builtin/host-runtime.zy,jobs
release,0,736331,692,75,5458630,True,"[383, 160, 38, 39]",29,lib/tests/builtin/host-runtime.zy,explicit
release,0,758498,692,75,5275622,True,"[383, 160, 38, 39]",29,lib/tests/builtin/host-runtime.zy,recursive
release,0,781331,692,75,5251298,True,"[383, 160, 38, 39]",29,lib/tests/builtin/host-runtime.zy,original
release,0,753955,692,75,5444254,True,"[383, 160, 38, 39]",30,lib/tests/builtin/host-runtime.zy,explicit
release,0,762961,692,75,5261042,True,"[383, 160, 38, 39]",30,lib/tests/builtin/host-runtime.zy,recursive
release,0,746036,692,75,5037377,True,"[383, 160, 38, 39]",30,lib/tests/builtin/host-runtime.zy,original
release,0,738871,692,75,4682122,True,"[383, 160, 38, 39]",30,lib/tests/builtin/host-runtime.zy,jobs
release,0,770083,692,75,5230581,True,"[383, 160, 38, 39]",31,lib/tests/builtin/host-runtime.zy,recursive
release,0,740839,692,75,5136706,True,"[383, 160, 38, 39]",31,lib/tests/builtin/host-runtime.zy,original
release,0,729956,692,75,4721457,True,"[383, 160, 38, 39]",31,lib/tests/builtin/host-runtime.zy,jobs
release,0,726502,692,75,5410164,True,"[383, 160, 38, 39]",31,lib/tests/builtin/host-runtime.zy,explicit
release,0,744756,251,159,5027999,False,"[191, 52, 14, 0]",0,lib/tests/delimcc/reset-shift-k.zy,original
release,0,708044,251,159,4477830,False,"[191, 52, 14, 0]",0,lib/tests/delimcc/reset-shift-k.zy,jobs
release,0,681834,251,159,5326866,False,"[191, 52, 14, 0]",0,lib/tests/delimcc/reset-shift-k.zy,explicit
release,0,718174,251,159,5115586,False,"[191, 52, 14, 0]",0,lib/tests/delimcc/reset-shift-k.zy,recursive
release,0,718210,251,159,4465620,False,"[191, 52, 14, 0]",1,lib/tests/delimcc/reset-shift-k.zy,jobs
release,0,684831,251,159,5346294,False,"[191, 52, 14, 0]",1,lib/tests/delimcc/reset-shift-k.zy,explicit
release,0,667164,251,159,5062124,False,"[191, 52, 14, 0]",1,lib/tests/delimcc/reset-shift-k.zy,recursive
release,0,696001,251,159,4943624,False,"[191, 52, 14, 0]",1,lib/tests/delimcc/reset-shift-k.zy,original
release,0,733198,251,159,5321471,False,"[191, 52, 14, 0]",2,lib/tests/delimcc/reset-shift-k.zy,explicit
release,0,689498,251,159,5120539,False,"[191, 52, 14, 0]",2,lib/tests/delimcc/reset-shift-k.zy,recursive
release,0,698330,251,159,4930042,False,"[191, 52, 14, 0]",2,lib/tests/delimcc/reset-shift-k.zy,original
release,0,708427,251,159,4430210,False,"[191, 52, 14, 0]",2,lib/tests/delimcc/reset-shift-k.zy,jobs
release,0,692668,251,159,5134915,False,"[191, 52, 14, 0]",3,lib/tests/delimcc/reset-shift-k.zy,recursive
release,0,695256,251,159,5148284,False,"[191, 52, 14, 0]",3,lib/tests/delimcc/reset-shift-k.zy,original
release,0,715459,251,159,4614367,False,"[191, 52, 14, 0]",3,lib/tests/delimcc/reset-shift-k.zy,jobs
release,0,682419,251,159,5501289,False,"[191, 52, 14, 0]",3,lib/tests/delimcc/reset-shift-k.zy,explicit
release,0,697505,251,159,5113837,False,"[191, 52, 14, 0]",4,lib/tests/delimcc/reset-shift-k.zy,original
release,0,680624,251,159,4566834,False,"[191, 52, 14, 0]",4,lib/tests/delimcc/reset-shift-k.zy,jobs
release,0,709258,251,159,5450915,False,"[191, 52, 14, 0]",4,lib/tests/delimcc/reset-shift-k.zy,explicit
release,0,727005,251,159,5271037,False,"[191, 52, 14, 0]",4,lib/tests/delimcc/reset-shift-k.zy,recursive
release,0,676499,251,159,4515786,False,"[191, 52, 14, 0]",5,lib/tests/delimcc/reset-shift-k.zy,jobs
release,0,738507,251,159,5392748,False,"[191, 52, 14, 0]",5,lib/tests/delimcc/reset-shift-k.zy,explicit
release,0,703664,251,159,5229210,False,"[191, 52, 14, 0]",5,lib/tests/delimcc/reset-shift-k.zy,recursive
release,0,716630,251,159,5084547,False,"[191, 52, 14, 0]",5,lib/tests/delimcc/reset-shift-k.zy,original
release,0,773330,251,159,5638296,False,"[191, 52, 14, 0]",6,lib/tests/delimcc/reset-shift-k.zy,explicit
release,0,819207,251,159,5207164,False,"[191, 52, 14, 0]",6,lib/tests/delimcc/reset-shift-k.zy,recursive
release,0,690209,251,159,5038045,False,"[191, 52, 14, 0]",6,lib/tests/delimcc/reset-shift-k.zy,original
release,0,672838,251,159,4514530,False,"[191, 52, 14, 0]",6,lib/tests/delimcc/reset-shift-k.zy,jobs
release,0,711168,251,159,5211213,False,"[191, 52, 14, 0]",7,lib/tests/delimcc/reset-shift-k.zy,recursive
release,0,690621,251,159,5003370,False,"[191, 52, 14, 0]",7,lib/tests/delimcc/reset-shift-k.zy,original
release,0,712623,251,159,4497208,False,"[191, 52, 14, 0]",7,lib/tests/delimcc/reset-shift-k.zy,jobs
release,0,715219,251,159,5425912,False,"[191, 52, 14, 0]",7,lib/tests/delimcc/reset-shift-k.zy,explicit
release,0,677288,251,159,5035127,False,"[191, 52, 14, 0]",8,lib/tests/delimcc/reset-shift-k.zy,original
release,0,705714,251,159,4552954,False,"[191, 52, 14, 0]",8,lib/tests/delimcc/reset-shift-k.zy,jobs
release,0,708488,251,159,5435787,False,"[191, 52, 14, 0]",8,lib/tests/delimcc/reset-shift-k.zy,explicit
release,0,693668,251,159,5118787,False,"[191, 52, 14, 0]",8,lib/tests/delimcc/reset-shift-k.zy,recursive
release,0,689079,251,159,4558540,False,"[191, 52, 14, 0]",9,lib/tests/delimcc/reset-shift-k.zy,jobs
release,0,683665,251,159,5334711,False,"[191, 52, 14, 0]",9,lib/tests/delimcc/reset-shift-k.zy,explicit
release,0,693036,251,159,5141785,False,"[191, 52, 14, 0]",9,lib/tests/delimcc/reset-shift-k.zy,recursive
release,0,716908,251,159,5085088,False,"[191, 52, 14, 0]",9,lib/tests/delimcc/reset-shift-k.zy,original
release,0,712711,251,159,5384711,False,"[191, 52, 14, 0]",10,lib/tests/delimcc/reset-shift-k.zy,explicit
release,0,721336,251,159,5202913,False,"[191, 52, 14, 0]",10,lib/tests/delimcc/reset-shift-k.zy,recursive
release,0,717331,251,159,5096510,False,"[191, 52, 14, 0]",10,lib/tests/delimcc/reset-shift-k.zy,original
release,0,690881,251,159,4518657,False,"[191, 52, 14, 0]",10,lib/tests/delimcc/reset-shift-k.zy,jobs
release,0,710082,251,159,5285969,False,"[191, 52, 14, 0]",11,lib/tests/delimcc/reset-shift-k.zy,recursive
release,0,695831,251,159,5018250,False,"[191, 52, 14, 0]",11,lib/tests/delimcc/reset-shift-k.zy,original
release,0,684951,251,159,4450583,False,"[191, 52, 14, 0]",11,lib/tests/delimcc/reset-shift-k.zy,jobs
release,0,707208,251,159,5469128,False,"[191, 52, 14, 0]",11,lib/tests/delimcc/reset-shift-k.zy,explicit
release,0,706654,251,159,5014463,False,"[191, 52, 14, 0]",12,lib/tests/delimcc/reset-shift-k.zy,original
release,0,677407,251,159,4580716,False,"[191, 52, 14, 0]",12,lib/tests/delimcc/reset-shift-k.zy,jobs
release,0,675288,251,159,5463799,False,"[191, 52, 14, 0]",12,lib/tests/delimcc/reset-shift-k.zy,explicit
release,0,706592,251,159,5243002,False,"[191, 52, 14, 0]",12,lib/tests/delimcc/reset-shift-k.zy,recursive
release,0,694212,251,159,4504545,False,"[191, 52, 14, 0]",13,lib/tests/delimcc/reset-shift-k.zy,jobs
release,0,698319,251,159,5505838,False,"[191, 52, 14, 0]",13,lib/tests/delimcc/reset-shift-k.zy,explicit
release,0,698243,251,159,5145412,False,"[191, 52, 14, 0]",13,lib/tests/delimcc/reset-shift-k.zy,recursive
release,0,702210,251,159,5036453,False,"[191, 52, 14, 0]",13,lib/tests/delimcc/reset-shift-k.zy,original
release,0,699084,251,159,5397916,False,"[191, 52, 14, 0]",14,lib/tests/delimcc/reset-shift-k.zy,explicit
release,0,699087,251,159,5133535,False,"[191, 52, 14, 0]",14,lib/tests/delimcc/reset-shift-k.zy,recursive
release,0,680457,251,159,4994422,False,"[191, 52, 14, 0]",14,lib/tests/delimcc/reset-shift-k.zy,original
release,0,686290,251,159,4486124,False,"[191, 52, 14, 0]",14,lib/tests/delimcc/reset-shift-k.zy,jobs
release,0,697537,251,159,5186588,False,"[191, 52, 14, 0]",15,lib/tests/delimcc/reset-shift-k.zy,recursive
release,0,699249,251,159,4970870,False,"[191, 52, 14, 0]",15,lib/tests/delimcc/reset-shift-k.zy,original
release,0,695172,251,159,4570792,False,"[191, 52, 14, 0]",15,lib/tests/delimcc/reset-shift-k.zy,jobs
release,0,723204,251,159,5414873,False,"[191, 52, 14, 0]",15,lib/tests/delimcc/reset-shift-k.zy,explicit
release,0,673130,251,159,5025825,False,"[191, 52, 14, 0]",16,lib/tests/delimcc/reset-shift-k.zy,original
release,0,681918,251,159,4518377,False,"[191, 52, 14, 0]",16,lib/tests/delimcc/reset-shift-k.zy,jobs
release,0,681835,251,159,5366050,False,"[191, 52, 14, 0]",16,lib/tests/delimcc/reset-shift-k.zy,explicit
release,0,687417,251,159,5241579,False,"[191, 52, 14, 0]",16,lib/tests/delimcc/reset-shift-k.zy,recursive
release,0,691254,251,159,4460829,False,"[191, 52, 14, 0]",17,lib/tests/delimcc/reset-shift-k.zy,jobs
release,0,705119,251,159,5426424,False,"[191, 52, 14, 0]",17,lib/tests/delimcc/reset-shift-k.zy,explicit
release,0,723374,251,159,5242333,False,"[191, 52, 14, 0]",17,lib/tests/delimcc/reset-shift-k.zy,recursive
release,0,690744,251,159,4963165,False,"[191, 52, 14, 0]",17,lib/tests/delimcc/reset-shift-k.zy,original
release,0,693705,251,159,5429835,False,"[191, 52, 14, 0]",18,lib/tests/delimcc/reset-shift-k.zy,explicit
release,0,702756,251,159,5172407,False,"[191, 52, 14, 0]",18,lib/tests/delimcc/reset-shift-k.zy,recursive
release,0,698670,251,159,5036748,False,"[191, 52, 14, 0]",18,lib/tests/delimcc/reset-shift-k.zy,original
release,0,690014,251,159,4555621,False,"[191, 52, 14, 0]",18,lib/tests/delimcc/reset-shift-k.zy,jobs
release,0,693250,251,159,5174998,False,"[191, 52, 14, 0]",19,lib/tests/delimcc/reset-shift-k.zy,recursive
release,0,683704,251,159,4984379,False,"[191, 52, 14, 0]",19,lib/tests/delimcc/reset-shift-k.zy,original
release,0,671497,251,159,4456096,False,"[191, 52, 14, 0]",19,lib/tests/delimcc/reset-shift-k.zy,jobs
release,0,712707,251,159,5353670,False,"[191, 52, 14, 0]",19,lib/tests/delimcc/reset-shift-k.zy,explicit
release,0,709501,251,159,5089291,False,"[191, 52, 14, 0]",20,lib/tests/delimcc/reset-shift-k.zy,original
release,0,686047,251,159,4474874,False,"[191, 52, 14, 0]",20,lib/tests/delimcc/reset-shift-k.zy,jobs
release,0,721755,251,159,5557600,False,"[191, 52, 14, 0]",20,lib/tests/delimcc/reset-shift-k.zy,explicit
release,0,671719,251,159,5175289,False,"[191, 52, 14, 0]",20,lib/tests/delimcc/reset-shift-k.zy,recursive
release,0,692125,251,159,4514448,False,"[191, 52, 14, 0]",21,lib/tests/delimcc/reset-shift-k.zy,jobs
release,0,679578,251,159,5394285,False,"[191, 52, 14, 0]",21,lib/tests/delimcc/reset-shift-k.zy,explicit
release,0,704164,251,159,5205381,False,"[191, 52, 14, 0]",21,lib/tests/delimcc/reset-shift-k.zy,recursive
release,0,689161,251,159,5021541,False,"[191, 52, 14, 0]",21,lib/tests/delimcc/reset-shift-k.zy,original
release,0,685709,251,159,5282959,False,"[191, 52, 14, 0]",22,lib/tests/delimcc/reset-shift-k.zy,explicit
release,0,683543,251,159,5109164,False,"[191, 52, 14, 0]",22,lib/tests/delimcc/reset-shift-k.zy,recursive
release,0,679377,251,159,4984995,False,"[191, 52, 14, 0]",22,lib/tests/delimcc/reset-shift-k.zy,original
release,0,678378,251,159,4440709,False,"[191, 52, 14, 0]",22,lib/tests/delimcc/reset-shift-k.zy,jobs
release,0,720163,251,159,5149297,False,"[191, 52, 14, 0]",23,lib/tests/delimcc/reset-shift-k.zy,recursive
release,0,699712,251,159,5085538,False,"[191, 52, 14, 0]",23,lib/tests/delimcc/reset-shift-k.zy,original
release,0,694708,251,159,4631589,False,"[191, 52, 14, 0]",23,lib/tests/delimcc/reset-shift-k.zy,jobs
release,0,671993,251,159,5303920,False,"[191, 52, 14, 0]",23,lib/tests/delimcc/reset-shift-k.zy,explicit
release,0,719584,251,159,5458217,False,"[191, 52, 14, 0]",24,lib/tests/delimcc/reset-shift-k.zy,original
release,0,771792,251,159,4582618,False,"[191, 52, 14, 0]",24,lib/tests/delimcc/reset-shift-k.zy,jobs
release,0,700837,251,159,5331913,False,"[191, 52, 14, 0]",24,lib/tests/delimcc/reset-shift-k.zy,explicit
release,0,712250,251,159,5151170,False,"[191, 52, 14, 0]",24,lib/tests/delimcc/reset-shift-k.zy,recursive
release,0,710502,251,159,4617627,False,"[191, 52, 14, 0]",25,lib/tests/delimcc/reset-shift-k.zy,jobs
release,0,693332,251,159,5472077,False,"[191, 52, 14, 0]",25,lib/tests/delimcc/reset-shift-k.zy,explicit
release,0,671333,251,159,5264491,False,"[191, 52, 14, 0]",25,lib/tests/delimcc/reset-shift-k.zy,recursive
release,0,720836,251,159,5228381,False,"[191, 52, 14, 0]",25,lib/tests/delimcc/reset-shift-k.zy,original
release,0,681174,251,159,5382586,False,"[191, 52, 14, 0]",26,lib/tests/delimcc/reset-shift-k.zy,explicit
release,0,715453,251,159,5291086,False,"[191, 52, 14, 0]",26,lib/tests/delimcc/reset-shift-k.zy,recursive
release,0,692586,251,159,5075704,False,"[191, 52, 14, 0]",26,lib/tests/delimcc/reset-shift-k.zy,original
release,0,702378,251,159,4529302,False,"[191, 52, 14, 0]",26,lib/tests/delimcc/reset-shift-k.zy,jobs
release,0,694840,251,159,5140371,False,"[191, 52, 14, 0]",27,lib/tests/delimcc/reset-shift-k.zy,recursive
release,0,695118,251,159,5039293,False,"[191, 52, 14, 0]",27,lib/tests/delimcc/reset-shift-k.zy,original
release,0,660591,251,159,4489831,False,"[191, 52, 14, 0]",27,lib/tests/delimcc/reset-shift-k.zy,jobs
release,0,655668,251,159,5458829,False,"[191, 52, 14, 0]",27,lib/tests/delimcc/reset-shift-k.zy,explicit
release,0,683993,251,159,5106296,False,"[191, 52, 14, 0]",28,lib/tests/delimcc/reset-shift-k.zy,original
release,0,679330,251,159,4582131,False,"[191, 52, 14, 0]",28,lib/tests/delimcc/reset-shift-k.zy,jobs
release,0,687998,251,159,5324336,False,"[191, 52, 14, 0]",28,lib/tests/delimcc/reset-shift-k.zy,explicit
release,0,680945,251,159,5173175,False,"[191, 52, 14, 0]",28,lib/tests/delimcc/reset-shift-k.zy,recursive
release,0,675672,251,159,4468371,False,"[191, 52, 14, 0]",29,lib/tests/delimcc/reset-shift-k.zy,jobs
release,0,656870,251,159,5528912,False,"[191, 52, 14, 0]",29,lib/tests/delimcc/reset-shift-k.zy,explicit
release,0,658128,251,159,5234457,False,"[191, 52, 14, 0]",29,lib/tests/delimcc/reset-shift-k.zy,recursive
release,0,648789,251,159,5077790,False,"[191, 52, 14, 0]",29,lib/tests/delimcc/reset-shift-k.zy,original
release,0,628951,251,159,5345005,False,"[191, 52, 14, 0]",30,lib/tests/delimcc/reset-shift-k.zy,explicit
release,0,692835,251,159,5247914,False,"[191, 52, 14, 0]",30,lib/tests/delimcc/reset-shift-k.zy,recursive
release,0,682667,251,159,5145627,False,"[191, 52, 14, 0]",30,lib/tests/delimcc/reset-shift-k.zy,original
release,0,674256,251,159,4552997,False,"[191, 52, 14, 0]",30,lib/tests/delimcc/reset-shift-k.zy,jobs
release,0,677780,251,159,5254668,False,"[191, 52, 14, 0]",31,lib/tests/delimcc/reset-shift-k.zy,recursive
release,0,692293,251,159,5078707,False,"[191, 52, 14, 0]",31,lib/tests/delimcc/reset-shift-k.zy,original
release,0,690175,251,159,4589748,False,"[191, 52, 14, 0]",31,lib/tests/delimcc/reset-shift-k.zy,jobs
release,0,689509,251,159,5480045,False,"[191, 52, 14, 0]",31,lib/tests/delimcc/reset-shift-k.zy,explicit
release,0,635043,251,152,4718175,True,"[184, 51, 14, 13]",0,lib/tests/delimcc/reset-shift-k.zy,original
release,0,653547,251,152,4110537,True,"[184, 51, 14, 13]",0,lib/tests/delimcc/reset-shift-k.zy,jobs
release,0,683169,251,152,5025252,True,"[184, 51, 14, 13]",0,lib/tests/delimcc/reset-shift-k.zy,explicit
release,0,657548,251,152,4849080,True,"[184, 51, 14, 13]",0,lib/tests/delimcc/reset-shift-k.zy,recursive
release,0,634789,251,152,4099003,True,"[184, 51, 14, 13]",1,lib/tests/delimcc/reset-shift-k.zy,jobs
release,0,664282,251,152,5015957,True,"[184, 51, 14, 13]",1,lib/tests/delimcc/reset-shift-k.zy,explicit
release,0,640751,251,152,4816458,True,"[184, 51, 14, 13]",1,lib/tests/delimcc/reset-shift-k.zy,recursive
release,0,679087,251,152,4593077,True,"[184, 51, 14, 13]",1,lib/tests/delimcc/reset-shift-k.zy,original
release,0,644076,251,152,5101838,True,"[184, 51, 14, 13]",2,lib/tests/delimcc/reset-shift-k.zy,explicit
release,0,668955,251,152,4957628,True,"[184, 51, 14, 13]",2,lib/tests/delimcc/reset-shift-k.zy,recursive
release,0,651840,251,152,4834416,True,"[184, 51, 14, 13]",2,lib/tests/delimcc/reset-shift-k.zy,original
release,0,615965,251,152,4258994,True,"[184, 51, 14, 13]",2,lib/tests/delimcc/reset-shift-k.zy,jobs
release,0,617546,251,152,4733581,True,"[184, 51, 14, 13]",3,lib/tests/delimcc/reset-shift-k.zy,recursive
release,0,626212,251,152,4587790,True,"[184, 51, 14, 13]",3,lib/tests/delimcc/reset-shift-k.zy,original
release,0,614085,251,152,4172292,True,"[184, 51, 14, 13]",3,lib/tests/delimcc/reset-shift-k.zy,jobs
release,0,657625,251,152,5142421,True,"[184, 51, 14, 13]",3,lib/tests/delimcc/reset-shift-k.zy,explicit
release,0,662255,251,152,4653718,True,"[184, 51, 14, 13]",4,lib/tests/delimcc/reset-shift-k.zy,original
release,0,662208,251,152,4205376,True,"[184, 51, 14, 13]",4,lib/tests/delimcc/reset-shift-k.zy,jobs
release,0,651996,251,152,4951840,True,"[184, 51, 14, 13]",4,lib/tests/delimcc/reset-shift-k.zy,explicit
release,0,646241,251,152,4797040,True,"[184, 51, 14, 13]",4,lib/tests/delimcc/reset-shift-k.zy,recursive
release,0,634704,251,152,4339793,True,"[184, 51, 14, 13]",5,lib/tests/delimcc/reset-shift-k.zy,jobs
release,0,643876,251,152,5109500,True,"[184, 51, 14, 13]",5,lib/tests/delimcc/reset-shift-k.zy,explicit
release,0,649911,251,152,4842174,True,"[184, 51, 14, 13]",5,lib/tests/delimcc/reset-shift-k.zy,recursive
release,0,651955,251,152,4682052,True,"[184, 51, 14, 13]",5,lib/tests/delimcc/reset-shift-k.zy,original
release,0,676908,251,152,5021953,True,"[184, 51, 14, 13]",6,lib/tests/delimcc/reset-shift-k.zy,explicit
release,0,630831,251,152,4681257,True,"[184, 51, 14, 13]",6,lib/tests/delimcc/reset-shift-k.zy,recursive
release,0,630712,251,152,4591286,True,"[184, 51, 14, 13]",6,lib/tests/delimcc/reset-shift-k.zy,original
release,0,629126,251,152,4164535,True,"[184, 51, 14, 13]",6,lib/tests/delimcc/reset-shift-k.zy,jobs
release,0,606004,251,152,4726581,True,"[184, 51, 14, 13]",7,lib/tests/delimcc/reset-shift-k.zy,recursive
release,0,647712,251,152,4609750,True,"[184, 51, 14, 13]",7,lib/tests/delimcc/reset-shift-k.zy,original
release,0,642456,251,152,4159002,True,"[184, 51, 14, 13]",7,lib/tests/delimcc/reset-shift-k.zy,jobs
release,0,638664,251,152,5095877,True,"[184, 51, 14, 13]",7,lib/tests/delimcc/reset-shift-k.zy,explicit
release,0,643129,251,152,4675125,True,"[184, 51, 14, 13]",8,lib/tests/delimcc/reset-shift-k.zy,original
release,0,630756,251,152,4184290,True,"[184, 51, 14, 13]",8,lib/tests/delimcc/reset-shift-k.zy,jobs
release,0,631956,251,152,4949166,True,"[184, 51, 14, 13]",8,lib/tests/delimcc/reset-shift-k.zy,explicit
release,0,678582,251,152,4966215,True,"[184, 51, 14, 13]",8,lib/tests/delimcc/reset-shift-k.zy,recursive
release,0,674162,251,152,4307998,True,"[184, 51, 14, 13]",9,lib/tests/delimcc/reset-shift-k.zy,jobs
release,0,648093,251,152,4916584,True,"[184, 51, 14, 13]",9,lib/tests/delimcc/reset-shift-k.zy,explicit
release,0,644294,251,152,4854083,True,"[184, 51, 14, 13]",9,lib/tests/delimcc/reset-shift-k.zy,recursive
release,0,699076,251,152,4778839,True,"[184, 51, 14, 13]",9,lib/tests/delimcc/reset-shift-k.zy,original
release,0,632250,251,152,5084045,True,"[184, 51, 14, 13]",10,lib/tests/delimcc/reset-shift-k.zy,explicit
release,0,642874,251,152,4720960,True,"[184, 51, 14, 13]",10,lib/tests/delimcc/reset-shift-k.zy,recursive
release,0,658034,251,152,4712339,True,"[184, 51, 14, 13]",10,lib/tests/delimcc/reset-shift-k.zy,original
release,0,656294,251,152,4331873,True,"[184, 51, 14, 13]",10,lib/tests/delimcc/reset-shift-k.zy,jobs
release,0,631035,251,152,4722875,True,"[184, 51, 14, 13]",11,lib/tests/delimcc/reset-shift-k.zy,recursive
release,0,658454,251,152,4618000,True,"[184, 51, 14, 13]",11,lib/tests/delimcc/reset-shift-k.zy,original
release,0,659203,251,152,4146425,True,"[184, 51, 14, 13]",11,lib/tests/delimcc/reset-shift-k.zy,jobs
release,0,641247,251,152,4967588,True,"[184, 51, 14, 13]",11,lib/tests/delimcc/reset-shift-k.zy,explicit
release,0,639841,251,152,4659374,True,"[184, 51, 14, 13]",12,lib/tests/delimcc/reset-shift-k.zy,original
release,0,621705,251,152,4163335,True,"[184, 51, 14, 13]",12,lib/tests/delimcc/reset-shift-k.zy,jobs
release,0,638047,251,152,5083172,True,"[184, 51, 14, 13]",12,lib/tests/delimcc/reset-shift-k.zy,explicit
release,0,664001,251,152,4936961,True,"[184, 51, 14, 13]",12,lib/tests/delimcc/reset-shift-k.zy,recursive
release,0,644962,251,152,4271909,True,"[184, 51, 14, 13]",13,lib/tests/delimcc/reset-shift-k.zy,jobs
release,0,642746,251,152,5139881,True,"[184, 51, 14, 13]",13,lib/tests/delimcc/reset-shift-k.zy,explicit
release,0,673924,251,152,5007001,True,"[184, 51, 14, 13]",13,lib/tests/delimcc/reset-shift-k.zy,recursive
release,0,671416,251,152,4674580,True,"[184, 51, 14, 13]",13,lib/tests/delimcc/reset-shift-k.zy,original
release,0,660545,251,152,5074290,True,"[184, 51, 14, 13]",14,lib/tests/delimcc/reset-shift-k.zy,explicit
release,0,639168,251,152,4899794,True,"[184, 51, 14, 13]",14,lib/tests/delimcc/reset-shift-k.zy,recursive
release,0,636539,251,152,4545538,True,"[184, 51, 14, 13]",14,lib/tests/delimcc/reset-shift-k.zy,original
release,0,649078,251,152,4268875,True,"[184, 51, 14, 13]",14,lib/tests/delimcc/reset-shift-k.zy,jobs
release,0,636915,251,152,4816921,True,"[184, 51, 14, 13]",15,lib/tests/delimcc/reset-shift-k.zy,recursive
release,0,642790,251,152,4619535,True,"[184, 51, 14, 13]",15,lib/tests/delimcc/reset-shift-k.zy,original
release,0,635249,251,152,4247379,True,"[184, 51, 14, 13]",15,lib/tests/delimcc/reset-shift-k.zy,jobs
release,0,660464,251,152,4945911,True,"[184, 51, 14, 13]",15,lib/tests/delimcc/reset-shift-k.zy,explicit
release,0,671042,251,152,4609215,True,"[184, 51, 14, 13]",16,lib/tests/delimcc/reset-shift-k.zy,original
release,0,652171,251,152,4208281,True,"[184, 51, 14, 13]",16,lib/tests/delimcc/reset-shift-k.zy,jobs
release,0,633242,251,152,4974824,True,"[184, 51, 14, 13]",16,lib/tests/delimcc/reset-shift-k.zy,explicit
release,0,645913,251,152,4820543,True,"[184, 51, 14, 13]",16,lib/tests/delimcc/reset-shift-k.zy,recursive
release,0,651406,251,152,4282665,True,"[184, 51, 14, 13]",17,lib/tests/delimcc/reset-shift-k.zy,jobs
release,0,652921,251,152,5088795,True,"[184, 51, 14, 13]",17,lib/tests/delimcc/reset-shift-k.zy,explicit
release,0,649162,251,152,4889875,True,"[184, 51, 14, 13]",17,lib/tests/delimcc/reset-shift-k.zy,recursive
release,0,702624,251,152,4798916,True,"[184, 51, 14, 13]",17,lib/tests/delimcc/reset-shift-k.zy,original
release,0,646292,251,152,5113124,True,"[184, 51, 14, 13]",18,lib/tests/delimcc/reset-shift-k.zy,explicit
release,0,640669,251,152,4854624,True,"[184, 51, 14, 13]",18,lib/tests/delimcc/reset-shift-k.zy,recursive
release,0,658249,251,152,4625421,True,"[184, 51, 14, 13]",18,lib/tests/delimcc/reset-shift-k.zy,original
release,0,636280,251,152,4174333,True,"[184, 51, 14, 13]",18,lib/tests/delimcc/reset-shift-k.zy,jobs
release,0,652629,251,152,4808501,True,"[184, 51, 14, 13]",19,lib/tests/delimcc/reset-shift-k.zy,recursive
release,0,663661,251,152,4634215,True,"[184, 51, 14, 13]",19,lib/tests/delimcc/reset-shift-k.zy,original
release,0,619681,251,152,4150667,True,"[184, 51, 14, 13]",19,lib/tests/delimcc/reset-shift-k.zy,jobs
release,0,624416,251,152,4940456,True,"[184, 51, 14, 13]",19,lib/tests/delimcc/reset-shift-k.zy,explicit
release,0,617788,251,152,4611627,True,"[184, 51, 14, 13]",20,lib/tests/delimcc/reset-shift-k.zy,original
release,0,647124,251,152,4198914,True,"[184, 51, 14, 13]",20,lib/tests/delimcc/reset-shift-k.zy,jobs
release,0,664294,251,152,4995161,True,"[184, 51, 14, 13]",20,lib/tests/delimcc/reset-shift-k.zy,explicit
release,0,647246,251,152,4874536,True,"[184, 51, 14, 13]",20,lib/tests/delimcc/reset-shift-k.zy,recursive
release,0,658045,251,152,4270326,True,"[184, 51, 14, 13]",21,lib/tests/delimcc/reset-shift-k.zy,jobs
release,0,644956,251,152,5043969,True,"[184, 51, 14, 13]",21,lib/tests/delimcc/reset-shift-k.zy,explicit
release,0,669462,251,152,4750833,True,"[184, 51, 14, 13]",21,lib/tests/delimcc/reset-shift-k.zy,recursive
release,0,663002,251,152,4718048,True,"[184, 51, 14, 13]",21,lib/tests/delimcc/reset-shift-k.zy,original
release,0,637667,251,152,5036801,True,"[184, 51, 14, 13]",22,lib/tests/delimcc/reset-shift-k.zy,explicit
release,0,630210,251,152,4865917,True,"[184, 51, 14, 13]",22,lib/tests/delimcc/reset-shift-k.zy,recursive
release,0,683083,251,152,4779007,True,"[184, 51, 14, 13]",22,lib/tests/delimcc/reset-shift-k.zy,original
release,0,662998,251,152,4351958,True,"[184, 51, 14, 13]",22,lib/tests/delimcc/reset-shift-k.zy,jobs
release,0,662793,251,152,4758379,True,"[184, 51, 14, 13]",23,lib/tests/delimcc/reset-shift-k.zy,recursive
release,0,648912,251,152,4654423,True,"[184, 51, 14, 13]",23,lib/tests/delimcc/reset-shift-k.zy,original
release,0,646077,251,152,4326381,True,"[184, 51, 14, 13]",23,lib/tests/delimcc/reset-shift-k.zy,jobs
release,0,641712,251,152,5040825,True,"[184, 51, 14, 13]",23,lib/tests/delimcc/reset-shift-k.zy,explicit
release,0,638507,251,152,4618909,True,"[184, 51, 14, 13]",24,lib/tests/delimcc/reset-shift-k.zy,original
release,0,632044,251,152,4127213,True,"[184, 51, 14, 13]",24,lib/tests/delimcc/reset-shift-k.zy,jobs
release,0,661881,251,152,4931453,True,"[184, 51, 14, 13]",24,lib/tests/delimcc/reset-shift-k.zy,explicit
release,0,623654,251,152,4812459,True,"[184, 51, 14, 13]",24,lib/tests/delimcc/reset-shift-k.zy,recursive
release,0,713295,251,152,4245626,True,"[184, 51, 14, 13]",25,lib/tests/delimcc/reset-shift-k.zy,jobs
release,0,642797,251,152,5091873,True,"[184, 51, 14, 13]",25,lib/tests/delimcc/reset-shift-k.zy,explicit
release,0,675010,251,152,4766002,True,"[184, 51, 14, 13]",25,lib/tests/delimcc/reset-shift-k.zy,recursive
release,0,632083,251,152,4569949,True,"[184, 51, 14, 13]",25,lib/tests/delimcc/reset-shift-k.zy,original
release,0,657178,251,152,4919666,True,"[184, 51, 14, 13]",26,lib/tests/delimcc/reset-shift-k.zy,explicit
release,0,657508,251,152,4757825,True,"[184, 51, 14, 13]",26,lib/tests/delimcc/reset-shift-k.zy,recursive
release,0,689954,251,152,5074125,True,"[184, 51, 14, 13]",26,lib/tests/delimcc/reset-shift-k.zy,original
release,0,658173,251,152,4407333,True,"[184, 51, 14, 13]",26,lib/tests/delimcc/reset-shift-k.zy,jobs
release,0,709873,251,152,5036207,True,"[184, 51, 14, 13]",27,lib/tests/delimcc/reset-shift-k.zy,recursive
release,0,669629,251,152,4665002,True,"[184, 51, 14, 13]",27,lib/tests/delimcc/reset-shift-k.zy,original
release,0,663997,251,152,4301049,True,"[184, 51, 14, 13]",27,lib/tests/delimcc/reset-shift-k.zy,jobs
release,0,660331,251,152,5153293,True,"[184, 51, 14, 13]",27,lib/tests/delimcc/reset-shift-k.zy,explicit
release,0,662792,251,152,4784333,True,"[184, 51, 14, 13]",28,lib/tests/delimcc/reset-shift-k.zy,original
release,0,687169,251,152,4304295,True,"[184, 51, 14, 13]",28,lib/tests/delimcc/reset-shift-k.zy,jobs
release,0,658666,251,152,5028158,True,"[184, 51, 14, 13]",28,lib/tests/delimcc/reset-shift-k.zy,explicit
release,0,653913,251,152,4892589,True,"[184, 51, 14, 13]",28,lib/tests/delimcc/reset-shift-k.zy,recursive
release,0,637373,251,152,4299041,True,"[184, 51, 14, 13]",29,lib/tests/delimcc/reset-shift-k.zy,jobs
release,0,684953,251,152,5094879,True,"[184, 51, 14, 13]",29,lib/tests/delimcc/reset-shift-k.zy,explicit
release,0,661540,251,152,4971502,True,"[184, 51, 14, 13]",29,lib/tests/delimcc/reset-shift-k.zy,recursive
release,0,658668,251,152,4738630,True,"[184, 51, 14, 13]",29,lib/tests/delimcc/reset-shift-k.zy,original
release,0,662036,251,152,5127089,True,"[184, 51, 14, 13]",30,lib/tests/delimcc/reset-shift-k.zy,explicit
release,0,647712,251,152,4794546,True,"[184, 51, 14, 13]",30,lib/tests/delimcc/reset-shift-k.zy,recursive
release,0,658914,251,152,4742873,True,"[184, 51, 14, 13]",30,lib/tests/delimcc/reset-shift-k.zy,original
release,0,676754,251,152,4312872,True,"[184, 51, 14, 13]",30,lib/tests/delimcc/reset-shift-k.zy,jobs
release,0,654498,251,152,4837837,True,"[184, 51, 14, 13]",31,lib/tests/delimcc/reset-shift-k.zy,recursive
release,0,660839,251,152,4710492,True,"[184, 51, 14, 13]",31,lib/tests/delimcc/reset-shift-k.zy,original
release,0,630750,251,152,4264205,True,"[184, 51, 14, 13]",31,lib/tests/delimcc/reset-shift-k.zy,jobs
release,0,641248,251,152,5107039,True,"[184, 51, 14, 13]",31,lib/tests/delimcc/reset-shift-k.zy,explicit
release,0,756374,516,68,4938578,False,"[439, 163, 16, 0]",0,lib/tests/core/gc-stress.zy,original
release,0,711454,516,68,4487376,False,"[439, 163, 16, 0]",0,lib/tests/core/gc-stress.zy,jobs
release,0,751206,516,68,5443292,False,"[439, 163, 16, 0]",0,lib/tests/core/gc-stress.zy,explicit
release,0,740373,516,68,5065251,False,"[439, 163, 16, 0]",0,lib/tests/core/gc-stress.zy,recursive
release,0,704917,516,68,4497715,False,"[439, 163, 16, 0]",1,lib/tests/core/gc-stress.zy,jobs
release,0,687413,516,68,5376921,False,"[439, 163, 16, 0]",1,lib/tests/core/gc-stress.zy,explicit
release,0,699456,516,68,5031961,False,"[439, 163, 16, 0]",1,lib/tests/core/gc-stress.zy,recursive
release,0,756707,516,68,4926498,False,"[439, 163, 16, 0]",1,lib/tests/core/gc-stress.zy,original
release,0,703413,516,68,5232835,False,"[439, 163, 16, 0]",2,lib/tests/core/gc-stress.zy,explicit
release,0,709622,516,68,5107837,False,"[439, 163, 16, 0]",2,lib/tests/core/gc-stress.zy,recursive
release,0,747497,516,68,5073287,False,"[439, 163, 16, 0]",2,lib/tests/core/gc-stress.zy,original
release,0,683334,516,68,4562546,False,"[439, 163, 16, 0]",2,lib/tests/core/gc-stress.zy,jobs
release,0,688085,516,68,5148711,False,"[439, 163, 16, 0]",3,lib/tests/core/gc-stress.zy,recursive
release,0,697706,516,68,4949916,False,"[439, 163, 16, 0]",3,lib/tests/core/gc-stress.zy,original
release,0,736203,516,68,4612672,False,"[439, 163, 16, 0]",3,lib/tests/core/gc-stress.zy,jobs
release,0,739086,516,68,5392623,False,"[439, 163, 16, 0]",3,lib/tests/core/gc-stress.zy,explicit
release,0,711626,516,68,5080290,False,"[439, 163, 16, 0]",4,lib/tests/core/gc-stress.zy,original
release,0,690994,516,68,4498672,False,"[439, 163, 16, 0]",4,lib/tests/core/gc-stress.zy,jobs
release,0,691168,516,68,5344248,False,"[439, 163, 16, 0]",4,lib/tests/core/gc-stress.zy,explicit
release,0,697663,516,68,5178753,False,"[439, 163, 16, 0]",4,lib/tests/core/gc-stress.zy,recursive
release,0,708711,516,68,4507544,False,"[439, 163, 16, 0]",5,lib/tests/core/gc-stress.zy,jobs
release,0,701121,516,68,5340667,False,"[439, 163, 16, 0]",5,lib/tests/core/gc-stress.zy,explicit
release,0,693464,516,68,5183752,False,"[439, 163, 16, 0]",5,lib/tests/core/gc-stress.zy,recursive
release,0,688332,516,68,5023711,False,"[439, 163, 16, 0]",5,lib/tests/core/gc-stress.zy,original
release,0,688414,516,68,5425375,False,"[439, 163, 16, 0]",6,lib/tests/core/gc-stress.zy,explicit
release,0,692375,516,68,5065873,False,"[439, 163, 16, 0]",6,lib/tests/core/gc-stress.zy,recursive
release,0,702837,516,68,4921331,False,"[439, 163, 16, 0]",6,lib/tests/core/gc-stress.zy,original
release,0,690036,516,68,4528501,False,"[439, 163, 16, 0]",6,lib/tests/core/gc-stress.zy,jobs
release,0,724001,516,68,5064208,False,"[439, 163, 16, 0]",7,lib/tests/core/gc-stress.zy,recursive
release,0,715584,516,68,4938626,False,"[439, 163, 16, 0]",7,lib/tests/core/gc-stress.zy,original
release,0,711958,516,68,4556084,False,"[439, 163, 16, 0]",7,lib/tests/core/gc-stress.zy,jobs
release,0,696250,516,68,5258881,False,"[439, 163, 16, 0]",7,lib/tests/core/gc-stress.zy,explicit
release,0,726130,516,68,5026753,False,"[439, 163, 16, 0]",8,lib/tests/core/gc-stress.zy,original
release,0,793377,516,68,4739708,False,"[439, 163, 16, 0]",8,lib/tests/core/gc-stress.zy,jobs
release,0,701829,516,68,5256204,False,"[439, 163, 16, 0]",8,lib/tests/core/gc-stress.zy,explicit
release,0,712872,516,68,5143334,False,"[439, 163, 16, 0]",8,lib/tests/core/gc-stress.zy,recursive
release,0,709081,516,68,4499755,False,"[439, 163, 16, 0]",9,lib/tests/core/gc-stress.zy,jobs
release,0,677045,516,68,5245875,False,"[439, 163, 16, 0]",9,lib/tests/core/gc-stress.zy,explicit
release,0,697125,516,68,5188583,False,"[439, 163, 16, 0]",9,lib/tests/core/gc-stress.zy,recursive
release,0,739585,516,68,5072998,False,"[439, 163, 16, 0]",9,lib/tests/core/gc-stress.zy,original
release,0,721831,516,68,5322083,False,"[439, 163, 16, 0]",10,lib/tests/core/gc-stress.zy,explicit
release,0,710171,516,68,5106753,False,"[439, 163, 16, 0]",10,lib/tests/core/gc-stress.zy,recursive
release,0,695091,516,68,5016543,False,"[439, 163, 16, 0]",10,lib/tests/core/gc-stress.zy,original
release,0,695248,516,68,4586791,False,"[439, 163, 16, 0]",10,lib/tests/core/gc-stress.zy,jobs
release,0,719253,516,68,5047705,False,"[439, 163, 16, 0]",11,lib/tests/core/gc-stress.zy,recursive
release,0,715626,516,68,4938211,False,"[439, 163, 16, 0]",11,lib/tests/core/gc-stress.zy,original
release,0,716580,516,68,4443661,False,"[439, 163, 16, 0]",11,lib/tests/core/gc-stress.zy,jobs
release,0,705080,516,68,5282502,False,"[439, 163, 16, 0]",11,lib/tests/core/gc-stress.zy,explicit
release,0,691877,516,68,4984250,False,"[439, 163, 16, 0]",12,lib/tests/core/gc-stress.zy,original
release,0,684872,516,68,4705706,False,"[439, 163, 16, 0]",12,lib/tests/core/gc-stress.zy,jobs
release,0,685122,516,68,5256502,False,"[439, 163, 16, 0]",12,lib/tests/core/gc-stress.zy,explicit
release,0,704293,516,68,5069414,False,"[439, 163, 16, 0]",12,lib/tests/core/gc-stress.zy,recursive
release,0,705840,516,68,4542708,False,"[439, 163, 16, 0]",13,lib/tests/core/gc-stress.zy,jobs
release,0,711166,516,68,5293503,False,"[439, 163, 16, 0]",13,lib/tests/core/gc-stress.zy,explicit
release,0,747039,516,68,5216043,False,"[439, 163, 16, 0]",13,lib/tests/core/gc-stress.zy,recursive
release,0,750623,516,68,5089623,False,"[439, 163, 16, 0]",13,lib/tests/core/gc-stress.zy,original
release,0,717125,516,68,5374369,False,"[439, 163, 16, 0]",14,lib/tests/core/gc-stress.zy,explicit
release,0,707378,516,68,5126248,False,"[439, 163, 16, 0]",14,lib/tests/core/gc-stress.zy,recursive
release,0,709877,516,68,4987334,False,"[439, 163, 16, 0]",14,lib/tests/core/gc-stress.zy,original
release,0,718170,516,68,4536956,False,"[439, 163, 16, 0]",14,lib/tests/core/gc-stress.zy,jobs
release,0,723707,516,68,5205753,False,"[439, 163, 16, 0]",15,lib/tests/core/gc-stress.zy,recursive
release,0,706327,516,68,5034706,False,"[439, 163, 16, 0]",15,lib/tests/core/gc-stress.zy,original
release,0,714290,516,68,4513873,False,"[439, 163, 16, 0]",15,lib/tests/core/gc-stress.zy,jobs
release,0,708124,516,68,5291999,False,"[439, 163, 16, 0]",15,lib/tests/core/gc-stress.zy,explicit
release,0,734626,516,68,4945455,False,"[439, 163, 16, 0]",16,lib/tests/core/gc-stress.zy,original
release,0,714167,516,68,4570251,False,"[439, 163, 16, 0]",16,lib/tests/core/gc-stress.zy,jobs
release,0,693370,516,68,5403831,False,"[439, 163, 16, 0]",16,lib/tests/core/gc-stress.zy,explicit
release,0,694753,516,68,4994788,False,"[439, 163, 16, 0]",16,lib/tests/core/gc-stress.zy,recursive
release,0,705002,516,68,4485834,False,"[439, 163, 16, 0]",17,lib/tests/core/gc-stress.zy,jobs
release,0,738751,516,68,5441291,False,"[439, 163, 16, 0]",17,lib/tests/core/gc-stress.zy,explicit
release,0,654837,516,68,4971953,False,"[439, 163, 16, 0]",17,lib/tests/core/gc-stress.zy,recursive
release,0,696500,516,68,4964498,False,"[439, 163, 16, 0]",17,lib/tests/core/gc-stress.zy,original
release,0,689333,516,68,5218630,False,"[439, 163, 16, 0]",18,lib/tests/core/gc-stress.zy,explicit
release,0,696588,516,68,4974878,False,"[439, 163, 16, 0]",18,lib/tests/core/gc-stress.zy,recursive
release,0,691546,516,68,4897915,False,"[439, 163, 16, 0]",18,lib/tests/core/gc-stress.zy,original
release,0,691749,516,68,4433289,False,"[439, 163, 16, 0]",18,lib/tests/core/gc-stress.zy,jobs
release,0,698998,516,68,4995960,False,"[439, 163, 16, 0]",19,lib/tests/core/gc-stress.zy,recursive
release,0,721207,516,68,5094168,False,"[439, 163, 16, 0]",19,lib/tests/core/gc-stress.zy,original
release,0,699039,516,68,4539371,False,"[439, 163, 16, 0]",19,lib/tests/core/gc-stress.zy,jobs
release,0,701037,516,68,5403996,False,"[439, 163, 16, 0]",19,lib/tests/core/gc-stress.zy,explicit
release,0,690166,516,68,4972258,False,"[439, 163, 16, 0]",20,lib/tests/core/gc-stress.zy,original
release,0,693456,516,68,4504959,False,"[439, 163, 16, 0]",20,lib/tests/core/gc-stress.zy,jobs
release,0,679288,516,68,5385580,False,"[439, 163, 16, 0]",20,lib/tests/core/gc-stress.zy,explicit
release,0,719460,516,68,5271675,False,"[439, 163, 16, 0]",20,lib/tests/core/gc-stress.zy,recursive
release,0,745413,516,68,4662087,False,"[439, 163, 16, 0]",21,lib/tests/core/gc-stress.zy,jobs
release,0,707003,516,68,5420084,False,"[439, 163, 16, 0]",21,lib/tests/core/gc-stress.zy,explicit
release,0,716503,516,68,5257084,False,"[439, 163, 16, 0]",21,lib/tests/core/gc-stress.zy,recursive
release,0,764085,516,68,5285251,False,"[439, 163, 16, 0]",21,lib/tests/core/gc-stress.zy,original
release,0,773286,516,68,5465167,False,"[439, 163, 16, 0]",22,lib/tests/core/gc-stress.zy,explicit
release,0,751204,516,68,5122712,False,"[439, 163, 16, 0]",22,lib/tests/core/gc-stress.zy,recursive
release,0,700915,516,68,4970081,False,"[439, 163, 16, 0]",22,lib/tests/core/gc-stress.zy,original
release,0,774751,516,68,5057083,False,"[439, 163, 16, 0]",22,lib/tests/core/gc-stress.zy,jobs
release,0,764704,516,68,5312293,False,"[439, 163, 16, 0]",23,lib/tests/core/gc-stress.zy,recursive
release,0,737250,516,68,5269130,False,"[439, 163, 16, 0]",23,lib/tests/core/gc-stress.zy,original
release,0,778584,516,68,4833295,False,"[439, 163, 16, 0]",23,lib/tests/core/gc-stress.zy,jobs
release,0,790751,516,68,6122959,False,"[439, 163, 16, 0]",23,lib/tests/core/gc-stress.zy,explicit
release,0,745038,516,68,5216293,False,"[439, 163, 16, 0]",24,lib/tests/core/gc-stress.zy,original
release,0,757588,516,68,4839623,False,"[439, 163, 16, 0]",24,lib/tests/core/gc-stress.zy,jobs
release,0,773963,516,68,5454873,False,"[439, 163, 16, 0]",24,lib/tests/core/gc-stress.zy,explicit
release,0,747495,516,68,5505332,False,"[439, 163, 16, 0]",24,lib/tests/core/gc-stress.zy,recursive
release,0,754837,516,68,4685038,False,"[439, 163, 16, 0]",25,lib/tests/core/gc-stress.zy,jobs
release,0,718161,516,68,5414126,False,"[439, 163, 16, 0]",25,lib/tests/core/gc-stress.zy,explicit
release,0,741039,516,68,5248039,False,"[439, 163, 16, 0]",25,lib/tests/core/gc-stress.zy,recursive
release,0,935880,516,68,5197164,False,"[439, 163, 16, 0]",25,lib/tests/core/gc-stress.zy,original
release,0,719832,516,68,5583498,False,"[439, 163, 16, 0]",26,lib/tests/core/gc-stress.zy,explicit
release,0,745505,516,68,5251123,False,"[439, 163, 16, 0]",26,lib/tests/core/gc-stress.zy,recursive
release,0,746168,516,68,5275954,False,"[439, 163, 16, 0]",26,lib/tests/core/gc-stress.zy,original
release,0,706083,516,68,4619623,False,"[439, 163, 16, 0]",26,lib/tests/core/gc-stress.zy,jobs
release,0,715996,516,68,5232413,False,"[439, 163, 16, 0]",27,lib/tests/core/gc-stress.zy,recursive
release,0,824955,516,68,5482204,False,"[439, 163, 16, 0]",27,lib/tests/core/gc-stress.zy,original
release,0,701377,516,68,4728957,False,"[439, 163, 16, 0]",27,lib/tests/core/gc-stress.zy,jobs
release,0,707542,516,68,5311171,False,"[439, 163, 16, 0]",27,lib/tests/core/gc-stress.zy,explicit
release,0,683369,516,68,4986742,False,"[439, 163, 16, 0]",28,lib/tests/core/gc-stress.zy,original
release,0,735165,516,68,4586083,False,"[439, 163, 16, 0]",28,lib/tests/core/gc-stress.zy,jobs
release,0,721834,516,68,5297335,False,"[439, 163, 16, 0]",28,lib/tests/core/gc-stress.zy,explicit
release,0,683879,516,68,4967706,False,"[439, 163, 16, 0]",28,lib/tests/core/gc-stress.zy,recursive
release,0,685251,516,68,4523003,False,"[439, 163, 16, 0]",29,lib/tests/core/gc-stress.zy,jobs
release,0,714876,516,68,5268998,False,"[439, 163, 16, 0]",29,lib/tests/core/gc-stress.zy,explicit
release,0,751664,516,68,5120086,False,"[439, 163, 16, 0]",29,lib/tests/core/gc-stress.zy,recursive
release,0,703375,516,68,4943370,False,"[439, 163, 16, 0]",29,lib/tests/core/gc-stress.zy,original
release,0,686295,516,68,5316918,False,"[439, 163, 16, 0]",30,lib/tests/core/gc-stress.zy,explicit
release,0,687209,516,68,5057244,False,"[439, 163, 16, 0]",30,lib/tests/core/gc-stress.zy,recursive
release,0,698459,516,68,4965077,False,"[439, 163, 16, 0]",30,lib/tests/core/gc-stress.zy,original
release,0,706956,516,68,4536665,False,"[439, 163, 16, 0]",30,lib/tests/core/gc-stress.zy,jobs
release,0,703828,516,68,5015756,False,"[439, 163, 16, 0]",31,lib/tests/core/gc-stress.zy,recursive
release,0,681371,516,68,4890501,False,"[439, 163, 16, 0]",31,lib/tests/core/gc-stress.zy,original
release,0,695457,516,68,4476583,False,"[439, 163, 16, 0]",31,lib/tests/core/gc-stress.zy,jobs
release,0,680789,516,68,5246125,False,"[439, 163, 16, 0]",31,lib/tests/core/gc-stress.zy,explicit
release,0,755913,516,70,4841706,True,"[422, 163, 16, 15]",0,lib/tests/core/gc-stress.zy,original
release,0,741872,516,70,4501585,True,"[422, 163, 16, 15]",0,lib/tests/core/gc-stress.zy,jobs
release,0,721838,516,70,5207915,True,"[422, 163, 16, 15]",0,lib/tests/core/gc-stress.zy,explicit
release,0,668253,516,70,4874002,True,"[422, 163, 16, 15]",0,lib/tests/core/gc-stress.zy,recursive
release,0,750213,516,70,4457664,True,"[422, 163, 16, 15]",1,lib/tests/core/gc-stress.zy,jobs
release,0,720125,516,70,5140458,True,"[422, 163, 16, 15]",1,lib/tests/core/gc-stress.zy,explicit
release,0,709087,516,70,4950664,True,"[422, 163, 16, 15]",1,lib/tests/core/gc-stress.zy,recursive
release,0,722960,516,70,4963629,True,"[422, 163, 16, 15]",1,lib/tests/core/gc-stress.zy,original
release,0,708543,516,70,5186120,True,"[422, 163, 16, 15]",2,lib/tests/core/gc-stress.zy,explicit
release,0,741084,516,70,4979334,True,"[422, 163, 16, 15]",2,lib/tests/core/gc-stress.zy,recursive
release,0,712376,516,70,4942041,True,"[422, 163, 16, 15]",2,lib/tests/core/gc-stress.zy,original
release,0,685709,516,70,4492039,True,"[422, 163, 16, 15]",2,lib/tests/core/gc-stress.zy,jobs
release,0,687880,516,70,4916333,True,"[422, 163, 16, 15]",3,lib/tests/core/gc-stress.zy,recursive
release,0,708374,516,70,4993171,True,"[422, 163, 16, 15]",3,lib/tests/core/gc-stress.zy,original
release,0,750706,516,70,4522248,True,"[422, 163, 16, 15]",3,lib/tests/core/gc-stress.zy,jobs
release,0,702919,516,70,5143085,True,"[422, 163, 16, 15]",3,lib/tests/core/gc-stress.zy,explicit
release,0,717581,516,70,4953869,True,"[422, 163, 16, 15]",4,lib/tests/core/gc-stress.zy,original
release,0,728171,516,70,4536623,True,"[422, 163, 16, 15]",4,lib/tests/core/gc-stress.zy,jobs
release,0,706751,516,70,5171538,True,"[422, 163, 16, 15]",4,lib/tests/core/gc-stress.zy,explicit
release,0,688452,516,70,4895211,True,"[422, 163, 16, 15]",4,lib/tests/core/gc-stress.zy,recursive
release,0,705338,516,70,4509464,True,"[422, 163, 16, 15]",5,lib/tests/core/gc-stress.zy,jobs
release,0,693042,516,70,5150834,True,"[422, 163, 16, 15]",5,lib/tests/core/gc-stress.zy,explicit
release,0,700088,516,70,5147708,True,"[422, 163, 16, 15]",5,lib/tests/core/gc-stress.zy,recursive
release,0,703749,516,70,4926752,True,"[422, 163, 16, 15]",5,lib/tests/core/gc-stress.zy,original
release,0,701746,516,70,5269832,True,"[422, 163, 16, 15]",6,lib/tests/core/gc-stress.zy,explicit
release,0,719125,516,70,5003165,True,"[422, 163, 16, 15]",6,lib/tests/core/gc-stress.zy,recursive
release,0,724874,516,70,4948081,True,"[422, 163, 16, 15]",6,lib/tests/core/gc-stress.zy,original
release,0,729046,516,70,4782421,True,"[422, 163, 16, 15]",6,lib/tests/core/gc-stress.zy,jobs
release,0,717918,516,70,5094248,True,"[422, 163, 16, 15]",7,lib/tests/core/gc-stress.zy,recursive
release,0,712999,516,70,4975999,True,"[422, 163, 16, 15]",7,lib/tests/core/gc-stress.zy,original
release,0,684462,516,70,4420875,True,"[422, 163, 16, 15]",7,lib/tests/core/gc-stress.zy,jobs
release,0,688829,516,70,5156709,True,"[422, 163, 16, 15]",7,lib/tests/core/gc-stress.zy,explicit
release,0,704496,516,70,4966214,True,"[422, 163, 16, 15]",8,lib/tests/core/gc-stress.zy,original
release,0,711831,516,70,4519788,True,"[422, 163, 16, 15]",8,lib/tests/core/gc-stress.zy,jobs
release,0,719208,516,70,5243622,True,"[422, 163, 16, 15]",8,lib/tests/core/gc-stress.zy,explicit
release,0,684999,516,70,4896083,True,"[422, 163, 16, 15]",8,lib/tests/core/gc-stress.zy,recursive
release,0,736667,516,70,4621286,True,"[422, 163, 16, 15]",9,lib/tests/core/gc-stress.zy,jobs
release,0,679463,516,70,5147506,True,"[422, 163, 16, 15]",9,lib/tests/core/gc-stress.zy,explicit
release,0,699790,516,70,5038585,True,"[422, 163, 16, 15]",9,lib/tests/core/gc-stress.zy,recursive
release,0,693870,516,70,4887623,True,"[422, 163, 16, 15]",9,lib/tests/core/gc-stress.zy,original
release,0,708290,516,70,5257039,True,"[422, 163, 16, 15]",10,lib/tests/core/gc-stress.zy,explicit
release,0,672165,516,70,4898125,True,"[422, 163, 16, 15]",10,lib/tests/core/gc-stress.zy,recursive
release,0,695703,516,70,5004796,True,"[422, 163, 16, 15]",10,lib/tests/core/gc-stress.zy,original
release,0,720787,516,70,4689414,True,"[422, 163, 16, 15]",10,lib/tests/core/gc-stress.zy,jobs
release,0,732170,516,70,4982624,True,"[422, 163, 16, 15]",11,lib/tests/core/gc-stress.zy,recursive
release,0,712582,516,70,4886540,True,"[422, 163, 16, 15]",11,lib/tests/core/gc-stress.zy,original
release,0,699582,516,70,4476583,True,"[422, 163, 16, 15]",11,lib/tests/core/gc-stress.zy,jobs
release,0,673169,516,70,5085417,True,"[422, 163, 16, 15]",11,lib/tests/core/gc-stress.zy,explicit
release,0,709125,516,70,4953788,True,"[422, 163, 16, 15]",12,lib/tests/core/gc-stress.zy,original
release,0,689164,516,70,4429289,True,"[422, 163, 16, 15]",12,lib/tests/core/gc-stress.zy,jobs
release,0,680126,516,70,5105169,True,"[422, 163, 16, 15]",12,lib/tests/core/gc-stress.zy,explicit
release,0,665497,516,70,4848292,True,"[422, 163, 16, 15]",12,lib/tests/core/gc-stress.zy,recursive
release,0,672835,516,70,4463580,True,"[422, 163, 16, 15]",13,lib/tests/core/gc-stress.zy,jobs
release,0,688293,516,70,5191206,True,"[422, 163, 16, 15]",13,lib/tests/core/gc-stress.zy,explicit
release,0,694705,516,70,4891748,True,"[422, 163, 16, 15]",13,lib/tests/core/gc-stress.zy,recursive
release,0,730416,516,70,4949409,True,"[422, 163, 16, 15]",13,lib/tests/core/gc-stress.zy,original
release,0,685709,516,70,5197753,True,"[422, 163, 16, 15]",14,lib/tests/core/gc-stress.zy,explicit
release,0,669870,516,70,4851292,True,"[422, 163, 16, 15]",14,lib/tests/core/gc-stress.zy,recursive
release,0,687502,516,70,4832915,True,"[422, 163, 16, 15]",14,lib/tests/core/gc-stress.zy,original
release,0,714501,516,70,4493336,True,"[422, 163, 16, 15]",14,lib/tests/core/gc-stress.zy,jobs
release,0,677962,516,70,4928538,True,"[422, 163, 16, 15]",15,lib/tests/core/gc-stress.zy,recursive
release,0,701663,516,70,4957751,True,"[422, 163, 16, 15]",15,lib/tests/core/gc-stress.zy,original
release,0,685706,516,70,4396166,True,"[422, 163, 16, 15]",15,lib/tests/core/gc-stress.zy,jobs
release,0,706833,516,70,5136543,True,"[422, 163, 16, 15]",15,lib/tests/core/gc-stress.zy,explicit
release,0,726167,516,70,4877581,True,"[422, 163, 16, 15]",16,lib/tests/core/gc-stress.zy,original
release,0,699994,516,70,4461084,True,"[422, 163, 16, 15]",16,lib/tests/core/gc-stress.zy,jobs
release,0,694040,516,70,5120998,True,"[422, 163, 16, 15]",16,lib/tests/core/gc-stress.zy,explicit
release,0,700581,516,70,4925330,True,"[422, 163, 16, 15]",16,lib/tests/core/gc-stress.zy,recursive
release,0,693033,516,70,4452213,True,"[422, 163, 16, 15]",17,lib/tests/core/gc-stress.zy,jobs
release,0,673828,516,70,5061378,True,"[422, 163, 16, 15]",17,lib/tests/core/gc-stress.zy,explicit
release,0,699664,516,70,4928625,True,"[422, 163, 16, 15]",17,lib/tests/core/gc-stress.zy,recursive
release,0,712877,516,70,4925961,True,"[422, 163, 16, 15]",17,lib/tests/core/gc-stress.zy,original
release,0,697503,516,70,5150915,True,"[422, 163, 16, 15]",18,lib/tests/core/gc-stress.zy,explicit
release,0,698336,516,70,4878874,True,"[422, 163, 16, 15]",18,lib/tests/core/gc-stress.zy,recursive
release,0,700118,516,70,4878712,True,"[422, 163, 16, 15]",18,lib/tests/core/gc-stress.zy,original
release,0,686491,516,70,4480083,True,"[422, 163, 16, 15]",18,lib/tests/core/gc-stress.zy,jobs
release,0,684746,516,70,4937168,True,"[422, 163, 16, 15]",19,lib/tests/core/gc-stress.zy,recursive
release,0,686286,516,70,4885454,True,"[422, 163, 16, 15]",19,lib/tests/core/gc-stress.zy,original
release,0,711999,516,70,4483000,True,"[422, 163, 16, 15]",19,lib/tests/core/gc-stress.zy,jobs
release,0,722335,516,70,5165791,True,"[422, 163, 16, 15]",19,lib/tests/core/gc-stress.zy,explicit
release,0,718542,516,70,4915249,True,"[422, 163, 16, 15]",20,lib/tests/core/gc-stress.zy,original
release,0,721456,516,70,4489754,True,"[422, 163, 16, 15]",20,lib/tests/core/gc-stress.zy,jobs
release,0,683710,516,70,5154205,True,"[422, 163, 16, 15]",20,lib/tests/core/gc-stress.zy,explicit
release,0,693586,516,70,4952500,True,"[422, 163, 16, 15]",20,lib/tests/core/gc-stress.zy,recursive
release,0,707755,516,70,4554001,True,"[422, 163, 16, 15]",21,lib/tests/core/gc-stress.zy,jobs
release,0,684668,516,70,5123333,True,"[422, 163, 16, 15]",21,lib/tests/core/gc-stress.zy,explicit
release,0,671628,516,70,4885498,True,"[422, 163, 16, 15]",21,lib/tests/core/gc-stress.zy,recursive
release,0,692708,516,70,4948416,True,"[422, 163, 16, 15]",21,lib/tests/core/gc-stress.zy,original
release,0,709456,516,70,5191958,True,"[422, 163, 16, 15]",22,lib/tests/core/gc-stress.zy,explicit
release,0,709119,516,70,5016286,True,"[422, 163, 16, 15]",22,lib/tests/core/gc-stress.zy,recursive
release,0,743129,516,70,4964039,True,"[422, 163, 16, 15]",22,lib/tests/core/gc-stress.zy,original
release,0,685043,516,70,4482003,True,"[422, 163, 16, 15]",22,lib/tests/core/gc-stress.zy,jobs
release,0,667418,516,70,4899378,True,"[422, 163, 16, 15]",23,lib/tests/core/gc-stress.zy,recursive
release,0,710165,516,70,4865874,True,"[422, 163, 16, 15]",23,lib/tests/core/gc-stress.zy,original
release,0,688920,516,70,4511958,True,"[422, 163, 16, 15]",23,lib/tests/core/gc-stress.zy,jobs
release,0,689831,516,70,5195832,True,"[422, 163, 16, 15]",23,lib/tests/core/gc-stress.zy,explicit
release,0,696499,516,70,4907710,True,"[422, 163, 16, 15]",24,lib/tests/core/gc-stress.zy,original
release,0,692962,516,70,4460208,True,"[422, 163, 16, 15]",24,lib/tests/core/gc-stress.zy,jobs
release,0,696753,516,70,5171046,True,"[422, 163, 16, 15]",24,lib/tests/core/gc-stress.zy,explicit
release,0,670421,516,70,4891331,True,"[422, 163, 16, 15]",24,lib/tests/core/gc-stress.zy,recursive
release,0,685125,516,70,4498666,True,"[422, 163, 16, 15]",25,lib/tests/core/gc-stress.zy,jobs
release,0,673081,516,70,5144254,True,"[422, 163, 16, 15]",25,lib/tests/core/gc-stress.zy,explicit
release,0,681127,516,70,4926666,True,"[422, 163, 16, 15]",25,lib/tests/core/gc-stress.zy,recursive
release,0,690497,516,70,5028164,True,"[422, 163, 16, 15]",25,lib/tests/core/gc-stress.zy,original
release,0,676579,516,70,5096581,True,"[422, 163, 16, 15]",26,lib/tests/core/gc-stress.zy,explicit
release,0,697416,516,70,4978966,True,"[422, 163, 16, 15]",26,lib/tests/core/gc-stress.zy,recursive
release,0,675414,516,70,4895874,True,"[422, 163, 16, 15]",26,lib/tests/core/gc-stress.zy,original
release,0,663128,516,70,4438543,True,"[422, 163, 16, 15]",26,lib/tests/core/gc-stress.zy,jobs
release,0,662417,516,70,4984621,True,"[422, 163, 16, 15]",27,lib/tests/core/gc-stress.zy,recursive
release,0,708497,516,70,4966172,True,"[422, 163, 16, 15]",27,lib/tests/core/gc-stress.zy,original
release,0,714459,516,70,4564125,True,"[422, 163, 16, 15]",27,lib/tests/core/gc-stress.zy,jobs
release,0,682417,516,70,5238632,True,"[422, 163, 16, 15]",27,lib/tests/core/gc-stress.zy,explicit
release,0,762794,516,70,5088751,True,"[422, 163, 16, 15]",28,lib/tests/core/gc-stress.zy,original
release,0,704673,516,70,4499622,True,"[422, 163, 16, 15]",28,lib/tests/core/gc-stress.zy,jobs
release,0,696784,516,70,5185753,True,"[422, 163, 16, 15]",28,lib/tests/core/gc-stress.zy,explicit
release,0,667254,516,70,4855456,True,"[422, 163, 16, 15]",28,lib/tests/core/gc-stress.zy,recursive
release,0,703621,516,70,4482709,True,"[422, 163, 16, 15]",29,lib/tests/core/gc-stress.zy,jobs
release,0,687461,516,70,5137418,True,"[422, 163, 16, 15]",29,lib/tests/core/gc-stress.zy,explicit
release,0,690253,516,70,4929877,True,"[422, 163, 16, 15]",29,lib/tests/core/gc-stress.zy,recursive
release,0,694332,516,70,4918044,True,"[422, 163, 16, 15]",29,lib/tests/core/gc-stress.zy,original
release,0,706289,516,70,5100291,True,"[422, 163, 16, 15]",30,lib/tests/core/gc-stress.zy,explicit
release,0,681382,516,70,4922170,True,"[422, 163, 16, 15]",30,lib/tests/core/gc-stress.zy,recursive
release,0,699580,516,70,4956836,True,"[422, 163, 16, 15]",30,lib/tests/core/gc-stress.zy,original
release,0,691836,516,70,4424542,True,"[422, 163, 16, 15]",30,lib/tests/core/gc-stress.zy,jobs
release,0,710331,516,70,4972585,True,"[422, 163, 16, 15]",31,lib/tests/core/gc-stress.zy,recursive
release,0,711123,516,70,4990084,True,"[422, 163, 16, 15]",31,lib/tests/core/gc-stress.zy,original
release,0,684707,516,70,4498331,True,"[422, 163, 16, 15]",31,lib/tests/core/gc-stress.zy,jobs
release,0,703711,516,70,5137455,True,"[422, 163, 16, 15]",31,lib/tests/core/gc-stress.zy,explicit
release,1,611336,343,106,4924840,False,"[276, 90, 14, 0]",0,lib/tests/core/fact.zy,original
release,1,630622,343,106,4599082,False,"[276, 90, 14, 0]",0,lib/tests/core/fact.zy,jobs
release,1,642284,343,106,5269416,False,"[276, 90, 14, 0]",0,lib/tests/core/fact.zy,explicit
release,1,623663,343,106,5104841,False,"[276, 90, 14, 0]",0,lib/tests/core/fact.zy,recursive
release,1,604913,343,106,4565078,False,"[276, 90, 14, 0]",1,lib/tests/core/fact.zy,jobs
release,1,606083,343,106,5402257,False,"[276, 90, 14, 0]",1,lib/tests/core/fact.zy,explicit
release,1,627630,343,106,5074952,False,"[276, 90, 14, 0]",1,lib/tests/core/fact.zy,recursive
release,1,610794,343,106,5024538,False,"[276, 90, 14, 0]",1,lib/tests/core/fact.zy,original
release,1,636963,343,106,5473251,False,"[276, 90, 14, 0]",2,lib/tests/core/fact.zy,explicit
release,1,615625,343,106,5266339,False,"[276, 90, 14, 0]",2,lib/tests/core/fact.zy,recursive
release,1,611043,343,106,4940408,False,"[276, 90, 14, 0]",2,lib/tests/core/fact.zy,original
release,1,596202,343,106,4488545,False,"[276, 90, 14, 0]",2,lib/tests/core/fact.zy,jobs
release,1,575581,343,106,5087787,False,"[276, 90, 14, 0]",3,lib/tests/core/fact.zy,recursive
release,1,580201,343,106,4942249,False,"[276, 90, 14, 0]",3,lib/tests/core/fact.zy,original
release,1,625579,343,106,4550084,False,"[276, 90, 14, 0]",3,lib/tests/core/fact.zy,jobs
release,1,627580,343,106,5410129,False,"[276, 90, 14, 0]",3,lib/tests/core/fact.zy,explicit
release,1,643337,343,106,5075663,False,"[276, 90, 14, 0]",4,lib/tests/core/fact.zy,original
release,1,635250,343,106,4526708,False,"[276, 90, 14, 0]",4,lib/tests/core/fact.zy,jobs
release,1,592082,343,106,5324711,False,"[276, 90, 14, 0]",4,lib/tests/core/fact.zy,explicit
release,1,582497,343,106,5099498,False,"[276, 90, 14, 0]",4,lib/tests/core/fact.zy,recursive
release,1,590790,343,106,4579539,False,"[276, 90, 14, 0]",5,lib/tests/core/fact.zy,jobs
release,1,582624,343,106,5343495,False,"[276, 90, 14, 0]",5,lib/tests/core/fact.zy,explicit
release,1,593750,343,106,5095162,False,"[276, 90, 14, 0]",5,lib/tests/core/fact.zy,recursive
release,1,611917,343,106,5038089,False,"[276, 90, 14, 0]",5,lib/tests/core/fact.zy,original
release,1,609704,343,106,5354504,False,"[276, 90, 14, 0]",6,lib/tests/core/fact.zy,explicit
release,1,583328,343,106,5078043,False,"[276, 90, 14, 0]",6,lib/tests/core/fact.zy,recursive
release,1,577205,343,106,4950543,False,"[276, 90, 14, 0]",6,lib/tests/core/fact.zy,original
release,1,592046,343,106,4555541,False,"[276, 90, 14, 0]",6,lib/tests/core/fact.zy,jobs
release,1,613086,343,106,5165793,False,"[276, 90, 14, 0]",7,lib/tests/core/fact.zy,recursive
release,1,621580,343,106,4899583,False,"[276, 90, 14, 0]",7,lib/tests/core/fact.zy,original
release,1,640418,343,106,4620623,False,"[276, 90, 14, 0]",7,lib/tests/core/fact.zy,jobs
release,1,592160,343,106,5367671,False,"[276, 90, 14, 0]",7,lib/tests/core/fact.zy,explicit
release,1,618713,343,106,5113670,False,"[276, 90, 14, 0]",8,lib/tests/core/fact.zy,original
release,1,584625,343,106,4591421,False,"[276, 90, 14, 0]",8,lib/tests/core/fact.zy,jobs
release,1,616542,343,106,5349455,False,"[276, 90, 14, 0]",8,lib/tests/core/fact.zy,explicit
release,1,603412,343,106,5014125,False,"[276, 90, 14, 0]",8,lib/tests/core/fact.zy,recursive
release,1,612044,343,106,4556705,False,"[276, 90, 14, 0]",9,lib/tests/core/fact.zy,jobs
release,1,619001,343,106,5337125,False,"[276, 90, 14, 0]",9,lib/tests/core/fact.zy,explicit
release,1,597207,343,106,5096248,False,"[276, 90, 14, 0]",9,lib/tests/core/fact.zy,recursive
release,1,586285,343,106,4948627,False,"[276, 90, 14, 0]",9,lib/tests/core/fact.zy,original
release,1,588875,343,106,5353503,False,"[276, 90, 14, 0]",10,lib/tests/core/fact.zy,explicit
release,1,617084,343,106,5230960,False,"[276, 90, 14, 0]",10,lib/tests/core/fact.zy,recursive
release,1,583957,343,106,4897501,False,"[276, 90, 14, 0]",10,lib/tests/core/fact.zy,original
release,1,632334,343,106,4655120,False,"[276, 90, 14, 0]",10,lib/tests/core/fact.zy,jobs
release,1,644243,343,106,5258374,False,"[276, 90, 14, 0]",11,lib/tests/core/fact.zy,recursive
release,1,593458,343,106,5077249,False,"[276, 90, 14, 0]",11,lib/tests/core/fact.zy,original
release,1,611960,343,106,4693293,False,"[276, 90, 14, 0]",11,lib/tests/core/fact.zy,jobs
release,1,603127,343,106,5466955,False,"[276, 90, 14, 0]",11,lib/tests/core/fact.zy,explicit
release,1,591123,343,106,4966915,False,"[276, 90, 14, 0]",12,lib/tests/core/fact.zy,original
release,1,605544,343,106,4570002,False,"[276, 90, 14, 0]",12,lib/tests/core/fact.zy,jobs
release,1,594378,343,106,5380956,False,"[276, 90, 14, 0]",12,lib/tests/core/fact.zy,explicit
release,1,607920,343,106,5143790,False,"[276, 90, 14, 0]",12,lib/tests/core/fact.zy,recursive
release,1,610210,343,106,4548285,False,"[276, 90, 14, 0]",13,lib/tests/core/fact.zy,jobs
release,1,632168,343,106,5491287,False,"[276, 90, 14, 0]",13,lib/tests/core/fact.zy,explicit
release,1,607830,343,106,5178120,False,"[276, 90, 14, 0]",13,lib/tests/core/fact.zy,recursive
release,1,582127,343,106,4957121,False,"[276, 90, 14, 0]",13,lib/tests/core/fact.zy,original
release,1,597420,343,106,5369041,False,"[276, 90, 14, 0]",14,lib/tests/core/fact.zy,explicit
release,1,592038,343,106,5074041,False,"[276, 90, 14, 0]",14,lib/tests/core/fact.zy,recursive
release,1,597623,343,106,4966750,False,"[276, 90, 14, 0]",14,lib/tests/core/fact.zy,original
release,1,587032,343,106,4572544,False,"[276, 90, 14, 0]",14,lib/tests/core/fact.zy,jobs
release,1,599410,343,106,5159676,False,"[276, 90, 14, 0]",15,lib/tests/core/fact.zy,recursive
release,1,582753,343,106,5052790,False,"[276, 90, 14, 0]",15,lib/tests/core/fact.zy,original
release,1,580500,343,106,4623630,False,"[276, 90, 14, 0]",15,lib/tests/core/fact.zy,jobs
release,1,630836,343,106,5287245,False,"[276, 90, 14, 0]",15,lib/tests/core/fact.zy,explicit
release,1,588756,343,106,4837042,False,"[276, 90, 14, 0]",16,lib/tests/core/fact.zy,original
release,1,613246,343,106,4571626,False,"[276, 90, 14, 0]",16,lib/tests/core/fact.zy,jobs
release,1,594961,343,106,5298164,False,"[276, 90, 14, 0]",16,lib/tests/core/fact.zy,explicit
release,1,597705,343,106,5158837,False,"[276, 90, 14, 0]",16,lib/tests/core/fact.zy,recursive
release,1,644908,343,106,4622756,False,"[276, 90, 14, 0]",17,lib/tests/core/fact.zy,jobs
release,1,606330,343,106,5369209,False,"[276, 90, 14, 0]",17,lib/tests/core/fact.zy,explicit
release,1,576796,343,106,5005997,False,"[276, 90, 14, 0]",17,lib/tests/core/fact.zy,recursive
release,1,588250,343,106,4923170,False,"[276, 90, 14, 0]",17,lib/tests/core/fact.zy,original
release,1,590048,343,106,5393787,False,"[276, 90, 14, 0]",18,lib/tests/core/fact.zy,explicit
release,1,586626,343,106,5113164,False,"[276, 90, 14, 0]",18,lib/tests/core/fact.zy,recursive
release,1,600457,343,106,5014376,False,"[276, 90, 14, 0]",18,lib/tests/core/fact.zy,original
release,1,599544,343,106,4605662,False,"[276, 90, 14, 0]",18,lib/tests/core/fact.zy,jobs
release,1,615921,343,106,5258794,False,"[276, 90, 14, 0]",19,lib/tests/core/fact.zy,recursive
release,1,604415,343,106,4972378,False,"[276, 90, 14, 0]",19,lib/tests/core/fact.zy,original
release,1,593124,343,106,4541996,False,"[276, 90, 14, 0]",19,lib/tests/core/fact.zy,jobs
release,1,583338,343,106,5338669,False,"[276, 90, 14, 0]",19,lib/tests/core/fact.zy,explicit
release,1,586118,343,106,4915919,False,"[276, 90, 14, 0]",20,lib/tests/core/fact.zy,original
release,1,586911,343,106,4616543,False,"[276, 90, 14, 0]",20,lib/tests/core/fact.zy,jobs
release,1,605037,343,106,5369579,False,"[276, 90, 14, 0]",20,lib/tests/core/fact.zy,explicit
release,1,602704,343,106,5191247,False,"[276, 90, 14, 0]",20,lib/tests/core/fact.zy,recursive
release,1,582581,343,106,4575000,False,"[276, 90, 14, 0]",21,lib/tests/core/fact.zy,jobs
release,1,585795,343,106,5286674,False,"[276, 90, 14, 0]",21,lib/tests/core/fact.zy,explicit
release,1,582504,343,106,5137914,False,"[276, 90, 14, 0]",21,lib/tests/core/fact.zy,recursive
release,1,568871,343,106,4899709,False,"[276, 90, 14, 0]",21,lib/tests/core/fact.zy,original
release,1,572836,343,106,5337801,False,"[276, 90, 14, 0]",22,lib/tests/core/fact.zy,explicit
release,1,586164,343,106,5152539,False,"[276, 90, 14, 0]",22,lib/tests/core/fact.zy,recursive
release,1,575712,343,106,4939537,False,"[276, 90, 14, 0]",22,lib/tests/core/fact.zy,original
release,1,588083,343,106,4524301,False,"[276, 90, 14, 0]",22,lib/tests/core/fact.zy,jobs
release,1,591083,343,106,5080914,False,"[276, 90, 14, 0]",23,lib/tests/core/fact.zy,recursive
release,1,597584,343,106,4998958,False,"[276, 90, 14, 0]",23,lib/tests/core/fact.zy,original
release,1,609461,343,106,4548248,False,"[276, 90, 14, 0]",23,lib/tests/core/fact.zy,jobs
release,1,621545,343,106,5370379,False,"[276, 90, 14, 0]",23,lib/tests/core/fact.zy,explicit
release,1,608536,343,106,4967708,False,"[276, 90, 14, 0]",24,lib/tests/core/fact.zy,original
release,1,602087,343,106,4570630,False,"[276, 90, 14, 0]",24,lib/tests/core/fact.zy,jobs
release,1,566083,343,106,5263625,False,"[276, 90, 14, 0]",24,lib/tests/core/fact.zy,explicit
release,1,596960,343,106,5180085,False,"[276, 90, 14, 0]",24,lib/tests/core/fact.zy,recursive
release,1,600788,343,106,4563997,False,"[276, 90, 14, 0]",25,lib/tests/core/fact.zy,jobs
release,1,603963,343,106,5362914,False,"[276, 90, 14, 0]",25,lib/tests/core/fact.zy,explicit
release,1,590160,343,106,5152796,False,"[276, 90, 14, 0]",25,lib/tests/core/fact.zy,recursive
release,1,586250,343,106,4935830,False,"[276, 90, 14, 0]",25,lib/tests/core/fact.zy,original
release,1,589207,343,106,5342586,False,"[276, 90, 14, 0]",26,lib/tests/core/fact.zy,explicit
release,1,587627,343,106,5149709,False,"[276, 90, 14, 0]",26,lib/tests/core/fact.zy,recursive
release,1,623549,343,106,4963830,False,"[276, 90, 14, 0]",26,lib/tests/core/fact.zy,original
release,1,603491,343,106,4590338,False,"[276, 90, 14, 0]",26,lib/tests/core/fact.zy,jobs
release,1,590878,343,106,5106207,False,"[276, 90, 14, 0]",27,lib/tests/core/fact.zy,recursive
release,1,606371,343,106,4946545,False,"[276, 90, 14, 0]",27,lib/tests/core/fact.zy,original
release,1,608794,343,106,4631826,False,"[276, 90, 14, 0]",27,lib/tests/core/fact.zy,jobs
release,1,585671,343,106,5358290,False,"[276, 90, 14, 0]",27,lib/tests/core/fact.zy,explicit
release,1,579000,343,106,4913788,False,"[276, 90, 14, 0]",28,lib/tests/core/fact.zy,original
release,1,582627,343,106,4478752,False,"[276, 90, 14, 0]",28,lib/tests/core/fact.zy,jobs
release,1,576003,343,106,5314125,False,"[276, 90, 14, 0]",28,lib/tests/core/fact.zy,explicit
release,1,570376,343,106,5061004,False,"[276, 90, 14, 0]",28,lib/tests/core/fact.zy,recursive
release,1,606913,343,106,4572542,False,"[276, 90, 14, 0]",29,lib/tests/core/fact.zy,jobs
release,1,597168,343,106,5354785,False,"[276, 90, 14, 0]",29,lib/tests/core/fact.zy,explicit
release,1,597040,343,106,5168710,False,"[276, 90, 14, 0]",29,lib/tests/core/fact.zy,recursive
release,1,634540,343,106,4985128,False,"[276, 90, 14, 0]",29,lib/tests/core/fact.zy,original
release,1,579876,343,106,5269085,False,"[276, 90, 14, 0]",30,lib/tests/core/fact.zy,explicit
release,1,595005,343,106,5135165,False,"[276, 90, 14, 0]",30,lib/tests/core/fact.zy,recursive
release,1,591879,343,106,4968760,False,"[276, 90, 14, 0]",30,lib/tests/core/fact.zy,original
release,1,582789,343,106,4562420,False,"[276, 90, 14, 0]",30,lib/tests/core/fact.zy,jobs
release,1,584958,343,106,5068786,False,"[276, 90, 14, 0]",31,lib/tests/core/fact.zy,recursive
release,1,590705,343,106,4929879,False,"[276, 90, 14, 0]",31,lib/tests/core/fact.zy,original
release,1,603750,343,106,4622334,False,"[276, 90, 14, 0]",31,lib/tests/core/fact.zy,jobs
release,1,578631,343,106,5259624,False,"[276, 90, 14, 0]",31,lib/tests/core/fact.zy,explicit
release,1,705116,343,116,5252625,True,"[265, 89, 14, 13]",0,lib/tests/core/fact.zy,original
release,1,699380,343,116,4818042,True,"[265, 89, 14, 13]",0,lib/tests/core/fact.zy,jobs
release,1,680997,343,116,5614082,True,"[265, 89, 14, 13]",0,lib/tests/core/fact.zy,explicit
release,1,662961,343,116,5445084,True,"[265, 89, 14, 13]",0,lib/tests/core/fact.zy,recursive
release,1,668458,343,116,4824289,True,"[265, 89, 14, 13]",1,lib/tests/core/fact.zy,jobs
release,1,694371,343,116,5681829,True,"[265, 89, 14, 13]",1,lib/tests/core/fact.zy,explicit
release,1,645748,343,116,5432740,True,"[265, 89, 14, 13]",1,lib/tests/core/fact.zy,recursive
release,1,638501,343,116,5330129,True,"[265, 89, 14, 13]",1,lib/tests/core/fact.zy,original
release,1,635795,343,116,5668668,True,"[265, 89, 14, 13]",2,lib/tests/core/fact.zy,explicit
release,1,622216,343,116,5449880,True,"[265, 89, 14, 13]",2,lib/tests/core/fact.zy,recursive
release,1,680619,343,116,5182283,True,"[265, 89, 14, 13]",2,lib/tests/core/fact.zy,original
release,1,630161,343,116,4868414,True,"[265, 89, 14, 13]",2,lib/tests/core/fact.zy,jobs
release,1,619676,343,116,5422004,True,"[265, 89, 14, 13]",3,lib/tests/core/fact.zy,recursive
release,1,684253,343,116,5253919,True,"[265, 89, 14, 13]",3,lib/tests/core/fact.zy,original
release,1,662042,343,116,4895415,True,"[265, 89, 14, 13]",3,lib/tests/core/fact.zy,jobs
release,1,648867,343,116,5682136,True,"[265, 89, 14, 13]",3,lib/tests/core/fact.zy,explicit
release,1,653919,343,116,5234251,True,"[265, 89, 14, 13]",4,lib/tests/core/fact.zy,original
release,1,655337,343,116,4831583,True,"[265, 89, 14, 13]",4,lib/tests/core/fact.zy,jobs
release,1,622910,343,116,5593996,True,"[265, 89, 14, 13]",4,lib/tests/core/fact.zy,explicit
release,1,653920,343,116,5397004,True,"[265, 89, 14, 13]",4,lib/tests/core/fact.zy,recursive
release,1,671998,343,116,4898122,True,"[265, 89, 14, 13]",5,lib/tests/core/fact.zy,jobs
release,1,637001,343,116,5589462,True,"[265, 89, 14, 13]",5,lib/tests/core/fact.zy,explicit
release,1,645206,343,116,5376538,True,"[265, 89, 14, 13]",5,lib/tests/core/fact.zy,recursive
release,1,615661,343,116,5189795,True,"[265, 89, 14, 13]",5,lib/tests/core/fact.zy,original
release,1,608374,343,116,5613083,True,"[265, 89, 14, 13]",6,lib/tests/core/fact.zy,explicit
release,1,634249,343,116,5433666,True,"[265, 89, 14, 13]",6,lib/tests/core/fact.zy,recursive
release,1,652710,343,116,5260878,True,"[265, 89, 14, 13]",6,lib/tests/core/fact.zy,original
release,1,650832,343,116,4808544,True,"[265, 89, 14, 13]",6,lib/tests/core/fact.zy,jobs
release,1,642997,343,116,5441204,True,"[265, 89, 14, 13]",7,lib/tests/core/fact.zy,recursive
release,1,667834,343,116,5310460,True,"[265, 89, 14, 13]",7,lib/tests/core/fact.zy,original
release,1,607212,343,116,4804457,True,"[265, 89, 14, 13]",7,lib/tests/core/fact.zy,jobs
release,1,630749,343,116,5677667,True,"[265, 89, 14, 13]",7,lib/tests/core/fact.zy,explicit
release,1,650248,343,116,5268122,True,"[265, 89, 14, 13]",8,lib/tests/core/fact.zy,original
release,1,631624,343,116,4835621,True,"[265, 89, 14, 13]",8,lib/tests/core/fact.zy,jobs
release,1,636548,343,116,5637500,True,"[265, 89, 14, 13]",8,lib/tests/core/fact.zy,explicit
release,1,688792,343,116,5401923,True,"[265, 89, 14, 13]",8,lib/tests/core/fact.zy,recursive
release,1,664418,343,116,4800417,True,"[265, 89, 14, 13]",9,lib/tests/core/fact.zy,jobs
release,1,672416,343,116,5678035,True,"[265, 89, 14, 13]",9,lib/tests/core/fact.zy,explicit
release,1,661959,343,116,5477255,True,"[265, 89, 14, 13]",9,lib/tests/core/fact.zy,recursive
release,1,636594,343,116,5250958,True,"[265, 89, 14, 13]",9,lib/tests/core/fact.zy,original
release,1,640792,343,116,5692329,True,"[265, 89, 14, 13]",10,lib/tests/core/fact.zy,explicit
release,1,667083,343,116,5520955,True,"[265, 89, 14, 13]",10,lib/tests/core/fact.zy,recursive
release,1,663912,343,116,5167333,True,"[265, 89, 14, 13]",10,lib/tests/core/fact.zy,original
release,1,654581,343,116,4783289,True,"[265, 89, 14, 13]",10,lib/tests/core/fact.zy,jobs
release,1,694873,343,116,5493751,True,"[265, 89, 14, 13]",11,lib/tests/core/fact.zy,recursive
release,1,662708,343,116,5259748,True,"[265, 89, 14, 13]",11,lib/tests/core/fact.zy,original
release,1,676461,343,116,4919744,True,"[265, 89, 14, 13]",11,lib/tests/core/fact.zy,jobs
release,1,678629,343,116,5742209,True,"[265, 89, 14, 13]",11,lib/tests/core/fact.zy,explicit
release,1,640622,343,116,5272502,True,"[265, 89, 14, 13]",12,lib/tests/core/fact.zy,original
release,1,642750,343,116,4843753,True,"[265, 89, 14, 13]",12,lib/tests/core/fact.zy,jobs
release,1,657294,343,116,5748586,True,"[265, 89, 14, 13]",12,lib/tests/core/fact.zy,explicit
release,1,621713,343,116,5373086,True,"[265, 89, 14, 13]",12,lib/tests/core/fact.zy,recursive
release,1,663587,343,116,4852578,True,"[265, 89, 14, 13]",13,lib/tests/core/fact.zy,jobs
release,1,670125,343,116,5683037,True,"[265, 89, 14, 13]",13,lib/tests/core/fact.zy,explicit
release,1,634542,343,116,5474796,True,"[265, 89, 14, 13]",13,lib/tests/core/fact.zy,recursive
release,1,620211,343,116,5218048,True,"[265, 89, 14, 13]",13,lib/tests/core/fact.zy,original
release,1,657042,343,116,5569630,True,"[265, 89, 14, 13]",14,lib/tests/core/fact.zy,explicit
release,1,632041,343,116,5408076,True,"[265, 89, 14, 13]",14,lib/tests/core/fact.zy,recursive
release,1,650416,343,116,5291048,True,"[265, 89, 14, 13]",14,lib/tests/core/fact.zy,original
release,1,667295,343,116,4868333,True,"[265, 89, 14, 13]",14,lib/tests/core/fact.zy,jobs
release,1,625124,343,116,5378455,True,"[265, 89, 14, 13]",15,lib/tests/core/fact.zy,recursive
release,1,642659,343,116,5214419,True,"[265, 89, 14, 13]",15,lib/tests/core/fact.zy,original
release,1,694255,343,116,5063122,True,"[265, 89, 14, 13]",15,lib/tests/core/fact.zy,jobs
release,1,671000,343,116,5900830,True,"[265, 89, 14, 13]",15,lib/tests/core/fact.zy,explicit
release,1,712917,343,116,5435503,True,"[265, 89, 14, 13]",16,lib/tests/core/fact.zy,original
release,1,706413,343,116,5005500,True,"[265, 89, 14, 13]",16,lib/tests/core/fact.zy,jobs
release,1,716915,343,116,5852125,True,"[265, 89, 14, 13]",16,lib/tests/core/fact.zy,explicit
release,1,756169,343,116,5654501,True,"[265, 89, 14, 13]",16,lib/tests/core/fact.zy,recursive
release,1,694924,343,116,4992458,True,"[265, 89, 14, 13]",17,lib/tests/core/fact.zy,jobs
release,1,676369,343,116,5715460,True,"[265, 89, 14, 13]",17,lib/tests/core/fact.zy,explicit
release,1,697036,343,116,5537376,True,"[265, 89, 14, 13]",17,lib/tests/core/fact.zy,recursive
release,1,670746,343,116,5346959,True,"[265, 89, 14, 13]",17,lib/tests/core/fact.zy,original
release,1,682460,343,116,5781620,True,"[265, 89, 14, 13]",18,lib/tests/core/fact.zy,explicit
release,1,683506,343,116,5568748,True,"[265, 89, 14, 13]",18,lib/tests/core/fact.zy,recursive
release,1,705795,343,116,5505206,True,"[265, 89, 14, 13]",18,lib/tests/core/fact.zy,original
release,1,688334,343,116,5034744,True,"[265, 89, 14, 13]",18,lib/tests/core/fact.zy,jobs
release,1,670875,343,116,5571919,True,"[265, 89, 14, 13]",19,lib/tests/core/fact.zy,recursive
release,1,698919,343,116,5417711,True,"[265, 89, 14, 13]",19,lib/tests/core/fact.zy,original
release,1,727798,343,116,4961620,True,"[265, 89, 14, 13]",19,lib/tests/core/fact.zy,jobs
release,1,689963,343,116,5803959,True,"[265, 89, 14, 13]",19,lib/tests/core/fact.zy,explicit
release,1,666623,343,116,5401615,True,"[265, 89, 14, 13]",20,lib/tests/core/fact.zy,original
release,1,694039,343,116,5022665,True,"[265, 89, 14, 13]",20,lib/tests/core/fact.zy,jobs
release,1,660704,343,116,5698082,True,"[265, 89, 14, 13]",20,lib/tests/core/fact.zy,explicit
release,1,709709,343,116,5574872,True,"[265, 89, 14, 13]",20,lib/tests/core/fact.zy,recursive
release,1,672250,343,116,4978913,True,"[265, 89, 14, 13]",21,lib/tests/core/fact.zy,jobs
release,1,666540,343,116,5819090,True,"[265, 89, 14, 13]",21,lib/tests/core/fact.zy,explicit
release,1,670458,343,116,5557129,True,"[265, 89, 14, 13]",21,lib/tests/core/fact.zy,recursive
release,1,675340,343,116,5338627,True,"[265, 89, 14, 13]",21,lib/tests/core/fact.zy,original
release,1,697211,343,116,5687462,True,"[265, 89, 14, 13]",22,lib/tests/core/fact.zy,explicit
release,1,681126,343,116,5428253,True,"[265, 89, 14, 13]",22,lib/tests/core/fact.zy,recursive
release,1,655334,343,116,5280922,True,"[265, 89, 14, 13]",22,lib/tests/core/fact.zy,original
release,1,651834,343,116,4911500,True,"[265, 89, 14, 13]",22,lib/tests/core/fact.zy,jobs
release,1,700548,343,116,5530749,True,"[265, 89, 14, 13]",23,lib/tests/core/fact.zy,recursive
release,1,696707,343,116,5427330,True,"[265, 89, 14, 13]",23,lib/tests/core/fact.zy,original
release,1,677209,343,116,4998372,True,"[265, 89, 14, 13]",23,lib/tests/core/fact.zy,jobs
release,1,660084,343,116,5737081,True,"[265, 89, 14, 13]",23,lib/tests/core/fact.zy,explicit
release,1,711462,343,116,5400169,True,"[265, 89, 14, 13]",24,lib/tests/core/fact.zy,original
release,1,739206,343,116,4863125,True,"[265, 89, 14, 13]",24,lib/tests/core/fact.zy,jobs
release,1,683292,343,116,5704867,True,"[265, 89, 14, 13]",24,lib/tests/core/fact.zy,explicit
release,1,690332,343,116,5542249,True,"[265, 89, 14, 13]",24,lib/tests/core/fact.zy,recursive
release,1,694421,343,116,4912120,True,"[265, 89, 14, 13]",25,lib/tests/core/fact.zy,jobs
release,1,688916,343,116,5656455,True,"[265, 89, 14, 13]",25,lib/tests/core/fact.zy,explicit
release,1,658041,343,116,5536583,True,"[265, 89, 14, 13]",25,lib/tests/core/fact.zy,recursive
release,1,654550,343,116,5277996,True,"[265, 89, 14, 13]",25,lib/tests/core/fact.zy,original
release,1,675790,343,116,5710874,True,"[265, 89, 14, 13]",26,lib/tests/core/fact.zy,explicit
release,1,679789,343,116,5504083,True,"[265, 89, 14, 13]",26,lib/tests/core/fact.zy,recursive
release,1,636085,343,116,5236376,True,"[265, 89, 14, 13]",26,lib/tests/core/fact.zy,original
release,1,648827,343,116,4791872,True,"[265, 89, 14, 13]",26,lib/tests/core/fact.zy,jobs
release,1,666917,343,116,5550379,True,"[265, 89, 14, 13]",27,lib/tests/core/fact.zy,recursive
release,1,648580,343,116,5264325,True,"[265, 89, 14, 13]",27,lib/tests/core/fact.zy,original
release,1,681371,343,116,4818087,True,"[265, 89, 14, 13]",27,lib/tests/core/fact.zy,jobs
release,1,662839,343,116,5746043,True,"[265, 89, 14, 13]",27,lib/tests/core/fact.zy,explicit
release,1,660452,343,116,5387968,True,"[265, 89, 14, 13]",28,lib/tests/core/fact.zy,original
release,1,672166,343,116,4907919,True,"[265, 89, 14, 13]",28,lib/tests/core/fact.zy,jobs
release,1,658489,343,116,5654294,True,"[265, 89, 14, 13]",28,lib/tests/core/fact.zy,explicit
release,1,650919,343,116,5408706,True,"[265, 89, 14, 13]",28,lib/tests/core/fact.zy,recursive
release,1,720999,343,116,4843251,True,"[265, 89, 14, 13]",29,lib/tests/core/fact.zy,jobs
release,1,673832,343,116,5737922,True,"[265, 89, 14, 13]",29,lib/tests/core/fact.zy,explicit
release,1,633626,343,116,5474914,True,"[265, 89, 14, 13]",29,lib/tests/core/fact.zy,recursive
release,1,688005,343,116,5270290,True,"[265, 89, 14, 13]",29,lib/tests/core/fact.zy,original
release,1,653007,343,116,5675119,True,"[265, 89, 14, 13]",30,lib/tests/core/fact.zy,explicit
release,1,679172,343,116,5516918,True,"[265, 89, 14, 13]",30,lib/tests/core/fact.zy,recursive
release,1,668160,343,116,5291383,True,"[265, 89, 14, 13]",30,lib/tests/core/fact.zy,original
release,1,650499,343,116,4830078,True,"[265, 89, 14, 13]",30,lib/tests/core/fact.zy,jobs
release,1,662445,343,116,5376877,True,"[265, 89, 14, 13]",31,lib/tests/core/fact.zy,recursive
release,1,707130,343,116,5317739,True,"[265, 89, 14, 13]",31,lib/tests/core/fact.zy,original
release,1,671329,343,116,4940875,True,"[265, 89, 14, 13]",31,lib/tests/core/fact.zy,jobs
release,1,656877,343,116,5716414,True,"[265, 89, 14, 13]",31,lib/tests/core/fact.zy,explicit
release,1,55920,4,1024,230407,False,"[2, 0, 0, 0]",0,lib/tests/core/pattern-alias.zy,original
release,1,56236,4,1024,222006,False,"[2, 0, 0, 0]",0,lib/tests/core/pattern-alias.zy,jobs
release,1,60498,4,1024,304249,False,"[2, 0, 0, 0]",0,lib/tests/core/pattern-alias.zy,explicit
release,1,61995,4,1024,293933,False,"[2, 0, 0, 0]",0,lib/tests/core/pattern-alias.zy,recursive
release,1,63087,4,1024,232733,False,"[2, 0, 0, 0]",1,lib/tests/core/pattern-alias.zy,jobs
release,1,61360,4,1024,311948,False,"[2, 0, 0, 0]",1,lib/tests/core/pattern-alias.zy,explicit
release,1,63073,4,1024,301257,False,"[2, 0, 0, 0]",1,lib/tests/core/pattern-alias.zy,recursive
release,1,60949,4,1024,247866,False,"[2, 0, 0, 0]",1,lib/tests/core/pattern-alias.zy,original
release,1,63114,4,1024,316411,False,"[2, 0, 0, 0]",2,lib/tests/core/pattern-alias.zy,explicit
release,1,61397,4,1024,298485,False,"[2, 0, 0, 0]",2,lib/tests/core/pattern-alias.zy,recursive
release,1,61069,4,1024,242877,False,"[2, 0, 0, 0]",2,lib/tests/core/pattern-alias.zy,original
release,1,61231,4,1024,235435,False,"[2, 0, 0, 0]",2,lib/tests/core/pattern-alias.zy,jobs
release,1,59581,4,1024,293968,False,"[2, 0, 0, 0]",3,lib/tests/core/pattern-alias.zy,recursive
release,1,59754,4,1024,240787,False,"[2, 0, 0, 0]",3,lib/tests/core/pattern-alias.zy,original
release,1,60314,4,1024,254120,False,"[2, 0, 0, 0]",3,lib/tests/core/pattern-alias.zy,jobs
release,1,62374,4,1024,335829,False,"[2, 0, 0, 0]",3,lib/tests/core/pattern-alias.zy,explicit
release,1,55378,4,1024,229766,False,"[2, 0, 0, 0]",4,lib/tests/core/pattern-alias.zy,original
release,1,56879,4,1024,223792,False,"[2, 0, 0, 0]",4,lib/tests/core/pattern-alias.zy,jobs
release,1,63823,4,1024,309298,False,"[2, 0, 0, 0]",4,lib/tests/core/pattern-alias.zy,explicit
release,1,63553,4,1024,299408,False,"[2, 0, 0, 0]",4,lib/tests/core/pattern-alias.zy,recursive
release,1,60589,4,1024,239239,False,"[2, 0, 0, 0]",5,lib/tests/core/pattern-alias.zy,jobs
release,1,63513,4,1024,328202,False,"[2, 0, 0, 0]",5,lib/tests/core/pattern-alias.zy,explicit
release,1,63040,4,1024,307925,False,"[2, 0, 0, 0]",5,lib/tests/core/pattern-alias.zy,recursive
release,1,59768,4,1024,249167,False,"[2, 0, 0, 0]",5,lib/tests/core/pattern-alias.zy,original
release,1,62113,4,1024,324844,False,"[2, 0, 0, 0]",6,lib/tests/core/pattern-alias.zy,explicit
release,1,63309,4,1024,309382,False,"[2, 0, 0, 0]",6,lib/tests/core/pattern-alias.zy,recursive
release,1,57214,4,1024,242268,False,"[2, 0, 0, 0]",6,lib/tests/core/pattern-alias.zy,original
release,1,60412,4,1024,234489,False,"[2, 0, 0, 0]",6,lib/tests/core/pattern-alias.zy,jobs
release,1,59921,4,1024,308822,False,"[2, 0, 0, 0]",7,lib/tests/core/pattern-alias.zy,recursive
release,1,59605,4,1024,263557,False,"[2, 0, 0, 0]",7,lib/tests/core/pattern-alias.zy,original
release,1,61060,4,1024,249008,False,"[2, 0, 0, 0]",7,lib/tests/core/pattern-alias.zy,jobs
release,1,63000,4,1024,310072,False,"[2, 0, 0, 0]",7,lib/tests/core/pattern-alias.zy,explicit
release,1,59412,4,1024,239974,False,"[2, 0, 0, 0]",8,lib/tests/core/pattern-alias.zy,original
release,1,62407,4,1024,248623,False,"[2, 0, 0, 0]",8,lib/tests/core/pattern-alias.zy,jobs
release,1,62160,4,1024,319756,False,"[2, 0, 0, 0]",8,lib/tests/core/pattern-alias.zy,explicit
release,1,59671,4,1024,295572,False,"[2, 0, 0, 0]",8,lib/tests/core/pattern-alias.zy,recursive
release,1,62537,4,1024,234348,False,"[2, 0, 0, 0]",9,lib/tests/core/pattern-alias.zy,jobs
release,1,63961,4,1024,320122,False,"[2, 0, 0, 0]",9,lib/tests/core/pattern-alias.zy,explicit
release,1,60172,4,1024,298120,False,"[2, 0, 0, 0]",9,lib/tests/core/pattern-alias.zy,recursive
release,1,60914,4,1024,245421,False,"[2, 0, 0, 0]",9,lib/tests/core/pattern-alias.zy,original
release,1,62711,4,1024,318578,False,"[2, 0, 0, 0]",10,lib/tests/core/pattern-alias.zy,explicit
release,1,60755,4,1024,297288,False,"[2, 0, 0, 0]",10,lib/tests/core/pattern-alias.zy,recursive
release,1,60700,4,1024,240200,False,"[2, 0, 0, 0]",10,lib/tests/core/pattern-alias.zy,original
release,1,63054,4,1024,234252,False,"[2, 0, 0, 0]",10,lib/tests/core/pattern-alias.zy,jobs
release,1,61198,4,1024,292797,False,"[2, 0, 0, 0]",11,lib/tests/core/pattern-alias.zy,recursive
release,1,60331,4,1024,243277,False,"[2, 0, 0, 0]",11,lib/tests/core/pattern-alias.zy,original
release,1,61090,4,1024,233726,False,"[2, 0, 0, 0]",11,lib/tests/core/pattern-alias.zy,jobs
release,1,62941,4,1024,311454,False,"[2, 0, 0, 0]",11,lib/tests/core/pattern-alias.zy,explicit
release,1,69261,4,1024,263115,False,"[2, 0, 0, 0]",12,lib/tests/core/pattern-alias.zy,original
release,1,63781,4,1024,251832,False,"[2, 0, 0, 0]",12,lib/tests/core/pattern-alias.zy,jobs
release,1,59703,4,1024,316242,False,"[2, 0, 0, 0]",12,lib/tests/core/pattern-alias.zy,explicit
release,1,61877,4,1024,293788,False,"[2, 0, 0, 0]",12,lib/tests/core/pattern-alias.zy,recursive
release,1,61989,4,1024,242555,False,"[2, 0, 0, 0]",13,lib/tests/core/pattern-alias.zy,jobs
release,1,62046,4,1024,311153,False,"[2, 0, 0, 0]",13,lib/tests/core/pattern-alias.zy,explicit
release,1,63635,4,1024,294242,False,"[2, 0, 0, 0]",13,lib/tests/core/pattern-alias.zy,recursive
release,1,61069,4,1024,251157,False,"[2, 0, 0, 0]",13,lib/tests/core/pattern-alias.zy,original
release,1,64499,4,1024,313030,False,"[2, 0, 0, 0]",14,lib/tests/core/pattern-alias.zy,explicit
release,1,67075,4,1024,296970,False,"[2, 0, 0, 0]",14,lib/tests/core/pattern-alias.zy,recursive
release,1,68240,4,1024,245476,False,"[2, 0, 0, 0]",14,lib/tests/core/pattern-alias.zy,original
release,1,72472,4,1024,237883,False,"[2, 0, 0, 0]",14,lib/tests/core/pattern-alias.zy,jobs
release,1,61901,4,1024,307118,False,"[2, 0, 0, 0]",15,lib/tests/core/pattern-alias.zy,recursive
release,1,60079,4,1024,250309,False,"[2, 0, 0, 0]",15,lib/tests/core/pattern-alias.zy,original
release,1,59849,4,1024,237050,False,"[2, 0, 0, 0]",15,lib/tests/core/pattern-alias.zy,jobs
release,1,69119,4,1024,316880,False,"[2, 0, 0, 0]",15,lib/tests/core/pattern-alias.zy,explicit
release,1,60026,4,1024,243331,False,"[2, 0, 0, 0]",16,lib/tests/core/pattern-alias.zy,original
release,1,64083,4,1024,222165,False,"[2, 0, 0, 0]",16,lib/tests/core/pattern-alias.zy,jobs
release,1,61082,4,1024,314250,False,"[2, 0, 0, 0]",16,lib/tests/core/pattern-alias.zy,explicit
release,1,60164,4,1024,290404,False,"[2, 0, 0, 0]",16,lib/tests/core/pattern-alias.zy,recursive
release,1,60567,4,1024,234062,False,"[2, 0, 0, 0]",17,lib/tests/core/pattern-alias.zy,jobs
release,1,58210,4,1024,314081,False,"[2, 0, 0, 0]",17,lib/tests/core/pattern-alias.zy,explicit
release,1,56786,4,1024,281129,False,"[2, 0, 0, 0]",17,lib/tests/core/pattern-alias.zy,recursive
release,1,53504,4,1024,226324,False,"[2, 0, 0, 0]",17,lib/tests/core/pattern-alias.zy,original
release,1,57527,4,1024,300884,False,"[2, 0, 0, 0]",18,lib/tests/core/pattern-alias.zy,explicit
release,1,58474,4,1024,291264,False,"[2, 0, 0, 0]",18,lib/tests/core/pattern-alias.zy,recursive
release,1,58257,4,1024,238708,False,"[2, 0, 0, 0]",18,lib/tests/core/pattern-alias.zy,original
release,1,57342,4,1024,234947,False,"[2, 0, 0, 0]",18,lib/tests/core/pattern-alias.zy,jobs
release,1,58869,4,1024,291307,False,"[2, 0, 0, 0]",19,lib/tests/core/pattern-alias.zy,recursive
release,1,58623,4,1024,240165,False,"[2, 0, 0, 0]",19,lib/tests/core/pattern-alias.zy,original
release,1,58710,4,1024,234459,False,"[2, 0, 0, 0]",19,lib/tests/core/pattern-alias.zy,jobs
release,1,60952,4,1024,311466,False,"[2, 0, 0, 0]",19,lib/tests/core/pattern-alias.zy,explicit
release,1,59984,4,1024,241829,False,"[2, 0, 0, 0]",20,lib/tests/core/pattern-alias.zy,original
release,1,59908,4,1024,239525,False,"[2, 0, 0, 0]",20,lib/tests/core/pattern-alias.zy,jobs
release,1,61122,4,1024,325198,False,"[2, 0, 0, 0]",20,lib/tests/core/pattern-alias.zy,explicit
release,1,61504,4,1024,294622,False,"[2, 0, 0, 0]",20,lib/tests/core/pattern-alias.zy,recursive
release,1,58258,4,1024,238751,False,"[2, 0, 0, 0]",21,lib/tests/core/pattern-alias.zy,jobs
release,1,62589,4,1024,316882,False,"[2, 0, 0, 0]",21,lib/tests/core/pattern-alias.zy,explicit
release,1,60872,4,1024,297623,False,"[2, 0, 0, 0]",21,lib/tests/core/pattern-alias.zy,recursive
release,1,60056,4,1024,243832,False,"[2, 0, 0, 0]",21,lib/tests/core/pattern-alias.zy,original
release,1,59829,4,1024,303426,False,"[2, 0, 0, 0]",22,lib/tests/core/pattern-alias.zy,explicit
release,1,55867,4,1024,275299,False,"[2, 0, 0, 0]",22,lib/tests/core/pattern-alias.zy,recursive
release,1,55467,4,1024,228742,False,"[2, 0, 0, 0]",22,lib/tests/core/pattern-alias.zy,original
release,1,58629,4,1024,223963,False,"[2, 0, 0, 0]",22,lib/tests/core/pattern-alias.zy,jobs
release,1,60090,4,1024,289456,False,"[2, 0, 0, 0]",23,lib/tests/core/pattern-alias.zy,recursive
release,1,58097,4,1024,244307,False,"[2, 0, 0, 0]",23,lib/tests/core/pattern-alias.zy,original
release,1,59353,4,1024,234215,False,"[2, 0, 0, 0]",23,lib/tests/core/pattern-alias.zy,jobs
release,1,62130,4,1024,325674,False,"[2, 0, 0, 0]",23,lib/tests/core/pattern-alias.zy,explicit
release,1,60330,4,1024,263257,False,"[2, 0, 0, 0]",24,lib/tests/core/pattern-alias.zy,original
release,1,60604,4,1024,254288,False,"[2, 0, 0, 0]",24,lib/tests/core/pattern-alias.zy,jobs
release,1,62425,4,1024,314539,False,"[2, 0, 0, 0]",24,lib/tests/core/pattern-alias.zy,explicit
release,1,62438,4,1024,306713,False,"[2, 0, 0, 0]",24,lib/tests/core/pattern-alias.zy,recursive
release,1,61762,4,1024,237883,False,"[2, 0, 0, 0]",25,lib/tests/core/pattern-alias.zy,jobs
release,1,61602,4,1024,313550,False,"[2, 0, 0, 0]",25,lib/tests/core/pattern-alias.zy,explicit
release,1,61793,4,1024,296094,False,"[2, 0, 0, 0]",25,lib/tests/core/pattern-alias.zy,recursive
release,1,61275,4,1024,246826,False,"[2, 0, 0, 0]",25,lib/tests/core/pattern-alias.zy,original
release,1,62991,4,1024,333078,False,"[2, 0, 0, 0]",26,lib/tests/core/pattern-alias.zy,explicit
release,1,76328,4,1024,338309,False,"[2, 0, 0, 0]",26,lib/tests/core/pattern-alias.zy,recursive
release,1,59575,4,1024,244504,False,"[2, 0, 0, 0]",26,lib/tests/core/pattern-alias.zy,original
release,1,55049,4,1024,215426,False,"[2, 0, 0, 0]",26,lib/tests/core/pattern-alias.zy,jobs
release,1,62422,4,1024,300125,False,"[2, 0, 0, 0]",27,lib/tests/core/pattern-alias.zy,recursive
release,1,60173,4,1024,238805,False,"[2, 0, 0, 0]",27,lib/tests/core/pattern-alias.zy,original
release,1,64300,4,1024,231879,False,"[2, 0, 0, 0]",27,lib/tests/core/pattern-alias.zy,jobs
release,1,63693,4,1024,320094,False,"[2, 0, 0, 0]",27,lib/tests/core/pattern-alias.zy,explicit
release,1,61476,4,1024,250105,False,"[2, 0, 0, 0]",28,lib/tests/core/pattern-alias.zy,original
release,1,60826,4,1024,231572,False,"[2, 0, 0, 0]",28,lib/tests/core/pattern-alias.zy,jobs
release,1,63662,4,1024,313836,False,"[2, 0, 0, 0]",28,lib/tests/core/pattern-alias.zy,explicit
release,1,62179,4,1024,294422,False,"[2, 0, 0, 0]",28,lib/tests/core/pattern-alias.zy,recursive
release,1,61333,4,1024,231083,False,"[2, 0, 0, 0]",29,lib/tests/core/pattern-alias.zy,jobs
release,1,60798,4,1024,307169,False,"[2, 0, 0, 0]",29,lib/tests/core/pattern-alias.zy,explicit
release,1,62901,4,1024,296335,False,"[2, 0, 0, 0]",29,lib/tests/core/pattern-alias.zy,recursive
release,1,60803,4,1024,240569,False,"[2, 0, 0, 0]",29,lib/tests/core/pattern-alias.zy,original
release,1,66660,4,1024,320380,False,"[2, 0, 0, 0]",30,lib/tests/core/pattern-alias.zy,explicit
release,1,61480,4,1024,303205,False,"[2, 0, 0, 0]",30,lib/tests/core/pattern-alias.zy,recursive
release,1,60987,4,1024,245763,False,"[2, 0, 0, 0]",30,lib/tests/core/pattern-alias.zy,original
release,1,60995,4,1024,260599,False,"[2, 0, 0, 0]",30,lib/tests/core/pattern-alias.zy,jobs
release,1,59865,4,1024,292631,False,"[2, 0, 0, 0]",31,lib/tests/core/pattern-alias.zy,recursive
release,1,61064,4,1024,243917,False,"[2, 0, 0, 0]",31,lib/tests/core/pattern-alias.zy,original
release,1,64411,4,1024,234166,False,"[2, 0, 0, 0]",31,lib/tests/core/pattern-alias.zy,jobs
release,1,61466,4,1024,313005,False,"[2, 0, 0, 0]",31,lib/tests/core/pattern-alias.zy,explicit
release,1,85343,4,1024,249800,True,"[2, 0, 0, 1]",0,lib/tests/core/pattern-alias.zy,original
release,1,83038,4,1024,243552,True,"[2, 0, 0, 1]",0,lib/tests/core/pattern-alias.zy,jobs
release,1,81554,4,1024,324966,True,"[2, 0, 0, 1]",0,lib/tests/core/pattern-alias.zy,explicit
release,1,77074,4,1024,301955,True,"[2, 0, 0, 1]",0,lib/tests/core/pattern-alias.zy,recursive
release,1,79600,4,1024,240629,True,"[2, 0, 0, 1]",1,lib/tests/core/pattern-alias.zy,jobs
release,1,79545,4,1024,316911,True,"[2, 0, 0, 1]",1,lib/tests/core/pattern-alias.zy,explicit
release,1,78992,4,1024,298288,True,"[2, 0, 0, 1]",1,lib/tests/core/pattern-alias.zy,recursive
release,1,82919,4,1024,254160,True,"[2, 0, 0, 1]",1,lib/tests/core/pattern-alias.zy,original
release,1,83297,4,1024,321297,True,"[2, 0, 0, 1]",2,lib/tests/core/pattern-alias.zy,explicit
release,1,79730,4,1024,305295,True,"[2, 0, 0, 1]",2,lib/tests/core/pattern-alias.zy,recursive
release,1,82990,4,1024,250454,True,"[2, 0, 0, 1]",2,lib/tests/core/pattern-alias.zy,original
release,1,84206,4,1024,247044,True,"[2, 0, 0, 1]",2,lib/tests/core/pattern-alias.zy,jobs
release,1,82246,4,1024,301595,True,"[2, 0, 0, 1]",3,lib/tests/core/pattern-alias.zy,recursive
release,1,76818,4,1024,263483,True,"[2, 0, 0, 1]",3,lib/tests/core/pattern-alias.zy,original
release,1,78820,4,1024,233589,True,"[2, 0, 0, 1]",3,lib/tests/core/pattern-alias.zy,jobs
release,1,75600,4,1024,311550,True,"[2, 0, 0, 1]",3,lib/tests/core/pattern-alias.zy,explicit
release,1,78738,4,1024,246494,True,"[2, 0, 0, 1]",4,lib/tests/core/pattern-alias.zy,original
release,1,82198,4,1024,240498,True,"[2, 0, 0, 1]",4,lib/tests/core/pattern-alias.zy,jobs
release,1,79388,4,1024,319542,True,"[2, 0, 0, 1]",4,lib/tests/core/pattern-alias.zy,explicit
release,1,76222,4,1024,298945,True,"[2, 0, 0, 1]",4,lib/tests/core/pattern-alias.zy,recursive
release,1,81603,4,1024,245442,True,"[2, 0, 0, 1]",5,lib/tests/core/pattern-alias.zy,jobs
release,1,79069,4,1024,316160,True,"[2, 0, 0, 1]",5,lib/tests/core/pattern-alias.zy,explicit
release,1,77069,4,1024,296719,True,"[2, 0, 0, 1]",5,lib/tests/core/pattern-alias.zy,recursive
release,1,79376,4,1024,246299,True,"[2, 0, 0, 1]",5,lib/tests/core/pattern-alias.zy,original
release,1,80013,4,1024,319161,True,"[2, 0, 0, 1]",6,lib/tests/core/pattern-alias.zy,explicit
release,1,85619,4,1024,306324,True,"[2, 0, 0, 1]",6,lib/tests/core/pattern-alias.zy,recursive
release,1,82739,4,1024,253289,True,"[2, 0, 0, 1]",6,lib/tests/core/pattern-alias.zy,original
release,1,81716,4,1024,243463,True,"[2, 0, 0, 1]",6,lib/tests/core/pattern-alias.zy,jobs
release,1,80237,4,1024,301289,True,"[2, 0, 0, 1]",7,lib/tests/core/pattern-alias.zy,recursive
release,1,80879,4,1024,244456,True,"[2, 0, 0, 1]",7,lib/tests/core/pattern-alias.zy,original
release,1,83009,4,1024,244991,True,"[2, 0, 0, 1]",7,lib/tests/core/pattern-alias.zy,jobs
release,1,80677,4,1024,317170,True,"[2, 0, 0, 1]",7,lib/tests/core/pattern-alias.zy,explicit
release,1,84927,4,1024,242149,True,"[2, 0, 0, 1]",8,lib/tests/core/pattern-alias.zy,original
release,1,77328,4,1024,227492,True,"[2, 0, 0, 1]",8,lib/tests/core/pattern-alias.zy,jobs
release,1,78096,4,1024,315369,True,"[2, 0, 0, 1]",8,lib/tests/core/pattern-alias.zy,explicit
release,1,84214,4,1024,317282,True,"[2, 0, 0, 1]",8,lib/tests/core/pattern-alias.zy,recursive
release,1,82291,4,1024,248712,True,"[2, 0, 0, 1]",9,lib/tests/core/pattern-alias.zy,jobs
release,1,83259,4,1024,319513,True,"[2, 0, 0, 1]",9,lib/tests/core/pattern-alias.zy,explicit
release,1,89584,4,1024,300839,True,"[2, 0, 0, 1]",9,lib/tests/core/pattern-alias.zy,recursive
release,1,81993,4,1024,251087,True,"[2, 0, 0, 1]",9,lib/tests/core/pattern-alias.zy,original
release,1,82405,4,1024,321553,True,"[2, 0, 0, 1]",10,lib/tests/core/pattern-alias.zy,explicit
release,1,85969,4,1024,310847,True,"[2, 0, 0, 1]",10,lib/tests/core/pattern-alias.zy,recursive
release,1,81732,4,1024,260206,True,"[2, 0, 0, 1]",10,lib/tests/core/pattern-alias.zy,original
release,1,84544,4,1024,249913,True,"[2, 0, 0, 1]",10,lib/tests/core/pattern-alias.zy,jobs
release,1,82581,4,1024,302930,True,"[2, 0, 0, 1]",11,lib/tests/core/pattern-alias.zy,recursive
release,1,83040,4,1024,252956,True,"[2, 0, 0, 1]",11,lib/tests/core/pattern-alias.zy,original
release,1,83070,4,1024,245080,True,"[2, 0, 0, 1]",11,lib/tests/core/pattern-alias.zy,jobs
release,1,81597,4,1024,322339,True,"[2, 0, 0, 1]",11,lib/tests/core/pattern-alias.zy,explicit
release,1,74016,4,1024,238502,True,"[2, 0, 0, 1]",12,lib/tests/core/pattern-alias.zy,original
release,1,75199,4,1024,225284,True,"[2, 0, 0, 1]",12,lib/tests/core/pattern-alias.zy,jobs
release,1,79074,4,1024,296458,True,"[2, 0, 0, 1]",12,lib/tests/core/pattern-alias.zy,explicit
release,1,74783,4,1024,280880,True,"[2, 0, 0, 1]",12,lib/tests/core/pattern-alias.zy,recursive
release,1,78365,4,1024,234038,True,"[2, 0, 0, 1]",13,lib/tests/core/pattern-alias.zy,jobs
release,1,81061,4,1024,333783,True,"[2, 0, 0, 1]",13,lib/tests/core/pattern-alias.zy,explicit
release,1,90715,4,1024,307629,True,"[2, 0, 0, 1]",13,lib/tests/core/pattern-alias.zy,recursive
release,1,75571,4,1024,249959,True,"[2, 0, 0, 1]",13,lib/tests/core/pattern-alias.zy,original
release,1,76315,4,1024,321581,True,"[2, 0, 0, 1]",14,lib/tests/core/pattern-alias.zy,explicit
release,1,79140,4,1024,311989,True,"[2, 0, 0, 1]",14,lib/tests/core/pattern-alias.zy,recursive
release,1,76963,4,1024,250829,True,"[2, 0, 0, 1]",14,lib/tests/core/pattern-alias.zy,original
release,1,82839,4,1024,245877,True,"[2, 0, 0, 1]",14,lib/tests/core/pattern-alias.zy,jobs
release,1,77346,4,1024,303409,True,"[2, 0, 0, 1]",15,lib/tests/core/pattern-alias.zy,recursive
release,1,76417,4,1024,254827,True,"[2, 0, 0, 1]",15,lib/tests/core/pattern-alias.zy,original
release,1,82831,4,1024,243343,True,"[2, 0, 0, 1]",15,lib/tests/core/pattern-alias.zy,jobs
release,1,81117,4,1024,318097,True,"[2, 0, 0, 1]",15,lib/tests/core/pattern-alias.zy,explicit
release,1,84130,4,1024,256994,True,"[2, 0, 0, 1]",16,lib/tests/core/pattern-alias.zy,original
release,1,92926,4,1024,246048,True,"[2, 0, 0, 1]",16,lib/tests/core/pattern-alias.zy,jobs
release,1,76550,4,1024,298359,True,"[2, 0, 0, 1]",16,lib/tests/core/pattern-alias.zy,explicit
release,1,77030,4,1024,289334,True,"[2, 0, 0, 1]",16,lib/tests/core/pattern-alias.zy,recursive
release,1,77259,4,1024,231149,True,"[2, 0, 0, 1]",17,lib/tests/core/pattern-alias.zy,jobs
release,1,83873,4,1024,324427,True,"[2, 0, 0, 1]",17,lib/tests/core/pattern-alias.zy,explicit
release,1,80747,4,1024,320870,True,"[2, 0, 0, 1]",17,lib/tests/core/pattern-alias.zy,recursive
release,1,81809,4,1024,257732,True,"[2, 0, 0, 1]",17,lib/tests/core/pattern-alias.zy,original
release,1,83030,4,1024,321385,True,"[2, 0, 0, 1]",18,lib/tests/core/pattern-alias.zy,explicit
release,1,82536,4,1024,301666,True,"[2, 0, 0, 1]",18,lib/tests/core/pattern-alias.zy,recursive
release,1,81012,4,1024,252705,True,"[2, 0, 0, 1]",18,lib/tests/core/pattern-alias.zy,original
release,1,83399,4,1024,246383,True,"[2, 0, 0, 1]",18,lib/tests/core/pattern-alias.zy,jobs
release,1,79969,4,1024,302122,True,"[2, 0, 0, 1]",19,lib/tests/core/pattern-alias.zy,recursive
release,1,81839,4,1024,253749,True,"[2, 0, 0, 1]",19,lib/tests/core/pattern-alias.zy,original
release,1,81836,4,1024,253288,True,"[2, 0, 0, 1]",19,lib/tests/core/pattern-alias.zy,jobs
release,1,82585,4,1024,332257,True,"[2, 0, 0, 1]",19,lib/tests/core/pattern-alias.zy,explicit
release,1,85437,4,1024,252331,True,"[2, 0, 0, 1]",20,lib/tests/core/pattern-alias.zy,original
release,1,82459,4,1024,254096,True,"[2, 0, 0, 1]",20,lib/tests/core/pattern-alias.zy,jobs
release,1,98340,4,1024,319108,True,"[2, 0, 0, 1]",20,lib/tests/core/pattern-alias.zy,explicit
release,1,79797,4,1024,297711,True,"[2, 0, 0, 1]",20,lib/tests/core/pattern-alias.zy,recursive
release,1,82447,4,1024,242557,True,"[2, 0, 0, 1]",21,lib/tests/core/pattern-alias.zy,jobs
release,1,74369,4,1024,303879,True,"[2, 0, 0, 1]",21,lib/tests/core/pattern-alias.zy,explicit
release,1,79702,4,1024,298200,True,"[2, 0, 0, 1]",21,lib/tests/core/pattern-alias.zy,recursive
release,1,79006,4,1024,249019,True,"[2, 0, 0, 1]",21,lib/tests/core/pattern-alias.zy,original
release,1,79679,4,1024,319094,True,"[2, 0, 0, 1]",22,lib/tests/core/pattern-alias.zy,explicit
release,1,78991,4,1024,300252,True,"[2, 0, 0, 1]",22,lib/tests/core/pattern-alias.zy,recursive
release,1,78918,4,1024,248361,True,"[2, 0, 0, 1]",22,lib/tests/core/pattern-alias.zy,original
release,1,79925,4,1024,242803,True,"[2, 0, 0, 1]",22,lib/tests/core/pattern-alias.zy,jobs
release,1,80081,4,1024,300245,True,"[2, 0, 0, 1]",23,lib/tests/core/pattern-alias.zy,recursive
release,1,81859,4,1024,248751,True,"[2, 0, 0, 1]",23,lib/tests/core/pattern-alias.zy,original
release,1,82458,4,1024,239535,True,"[2, 0, 0, 1]",23,lib/tests/core/pattern-alias.zy,jobs
release,1,81587,4,1024,316708,True,"[2, 0, 0, 1]",23,lib/tests/core/pattern-alias.zy,explicit
release,1,80383,4,1024,250129,True,"[2, 0, 0, 1]",24,lib/tests/core/pattern-alias.zy,original
release,1,81218,4,1024,242533,True,"[2, 0, 0, 1]",24,lib/tests/core/pattern-alias.zy,jobs
release,1,82243,4,1024,320333,True,"[2, 0, 0, 1]",24,lib/tests/core/pattern-alias.zy,explicit
release,1,82588,4,1024,320460,True,"[2, 0, 0, 1]",24,lib/tests/core/pattern-alias.zy,recursive
release,1,77411,4,1024,230165,True,"[2, 0, 0, 1]",25,lib/tests/core/pattern-alias.zy,jobs
release,1,78218,4,1024,305786,True,"[2, 0, 0, 1]",25,lib/tests/core/pattern-alias.zy,explicit
release,1,87450,4,1024,286244,True,"[2, 0, 0, 1]",25,lib/tests/core/pattern-alias.zy,recursive
release,1,82478,4,1024,262553,True,"[2, 0, 0, 1]",25,lib/tests/core/pattern-alias.zy,original
release,1,84110,4,1024,322695,True,"[2, 0, 0, 1]",26,lib/tests/core/pattern-alias.zy,explicit
release,1,80257,4,1024,285802,True,"[2, 0, 0, 1]",26,lib/tests/core/pattern-alias.zy,recursive
release,1,87371,4,1024,251292,True,"[2, 0, 0, 1]",26,lib/tests/core/pattern-alias.zy,original
release,1,81524,4,1024,248738,True,"[2, 0, 0, 1]",26,lib/tests/core/pattern-alias.zy,jobs
release,1,79614,4,1024,288466,True,"[2, 0, 0, 1]",27,lib/tests/core/pattern-alias.zy,recursive
release,1,80676,4,1024,264499,True,"[2, 0, 0, 1]",27,lib/tests/core/pattern-alias.zy,original
release,1,88617,4,1024,248613,True,"[2, 0, 0, 1]",27,lib/tests/core/pattern-alias.zy,jobs
release,1,81758,4,1024,319206,True,"[2, 0, 0, 1]",27,lib/tests/core/pattern-alias.zy,explicit
release,1,84295,4,1024,253743,True,"[2, 0, 0, 1]",28,lib/tests/core/pattern-alias.zy,original
release,1,82364,4,1024,240105,True,"[2, 0, 0, 1]",28,lib/tests/core/pattern-alias.zy,jobs
release,1,80730,4,1024,310946,True,"[2, 0, 0, 1]",28,lib/tests/core/pattern-alias.zy,explicit
release,1,81282,4,1024,291055,True,"[2, 0, 0, 1]",28,lib/tests/core/pattern-alias.zy,recursive
release,1,81326,4,1024,235883,True,"[2, 0, 0, 1]",29,lib/tests/core/pattern-alias.zy,jobs
release,1,83117,4,1024,340714,True,"[2, 0, 0, 1]",29,lib/tests/core/pattern-alias.zy,explicit
release,1,81793,4,1024,305667,True,"[2, 0, 0, 1]",29,lib/tests/core/pattern-alias.zy,recursive
release,1,78289,4,1024,254162,True,"[2, 0, 0, 1]",29,lib/tests/core/pattern-alias.zy,original
release,1,86085,4,1024,331958,True,"[2, 0, 0, 1]",30,lib/tests/core/pattern-alias.zy,explicit
release,1,80413,4,1024,308637,True,"[2, 0, 0, 1]",30,lib/tests/core/pattern-alias.zy,recursive
release,1,82109,4,1024,258290,True,"[2, 0, 0, 1]",30,lib/tests/core/pattern-alias.zy,original
release,1,81402,4,1024,244451,True,"[2, 0, 0, 1]",30,lib/tests/core/pattern-alias.zy,jobs
release,1,81145,4,1024,302607,True,"[2, 0, 0, 1]",31,lib/tests/core/pattern-alias.zy,recursive
release,1,82378,4,1024,250792,True,"[2, 0, 0, 1]",31,lib/tests/core/pattern-alias.zy,original
release,1,83186,4,1024,248970,True,"[2, 0, 0, 1]",31,lib/tests/core/pattern-alias.zy,jobs
release,1,87412,4,1024,323407,True,"[2, 0, 0, 1]",31,lib/tests/core/pattern-alias.zy,explicit
release,1,719332,135,319,5118079,False,"[104, 26, 8, 0]",0,lib/tests/core/native-frames.zy,original
release,1,710617,135,319,4568543,False,"[104, 26, 8, 0]",0,lib/tests/core/native-frames.zy,jobs
release,1,695171,135,319,5602540,False,"[104, 26, 8, 0]",0,lib/tests/core/native-frames.zy,explicit
release,1,706594,135,319,5441451,False,"[104, 26, 8, 0]",0,lib/tests/core/native-frames.zy,recursive
release,1,722481,135,319,4644843,False,"[104, 26, 8, 0]",1,lib/tests/core/native-frames.zy,jobs
release,1,699746,135,319,5569533,False,"[104, 26, 8, 0]",1,lib/tests/core/native-frames.zy,explicit
release,1,693743,135,319,5292458,False,"[104, 26, 8, 0]",1,lib/tests/core/native-frames.zy,recursive
release,1,684834,135,319,5094299,False,"[104, 26, 8, 0]",1,lib/tests/core/native-frames.zy,original
release,1,695832,135,319,5568865,False,"[104, 26, 8, 0]",2,lib/tests/core/native-frames.zy,explicit
release,1,658760,135,319,5331579,False,"[104, 26, 8, 0]",2,lib/tests/core/native-frames.zy,recursive
release,1,673326,135,319,5057753,False,"[104, 26, 8, 0]",2,lib/tests/core/native-frames.zy,original
release,1,711126,135,319,4564325,False,"[104, 26, 8, 0]",2,lib/tests/core/native-frames.zy,jobs
release,1,673997,135,319,5356672,False,"[104, 26, 8, 0]",3,lib/tests/core/native-frames.zy,recursive
release,1,672086,135,319,5020334,False,"[104, 26, 8, 0]",3,lib/tests/core/native-frames.zy,original
release,1,678036,135,319,4710717,False,"[104, 26, 8, 0]",3,lib/tests/core/native-frames.zy,jobs
release,1,715670,135,319,5699093,False,"[104, 26, 8, 0]",3,lib/tests/core/native-frames.zy,explicit
release,1,716083,135,319,5154167,False,"[104, 26, 8, 0]",4,lib/tests/core/native-frames.zy,original
release,1,711965,135,319,4650123,False,"[104, 26, 8, 0]",4,lib/tests/core/native-frames.zy,jobs
release,1,691381,135,319,5663947,False,"[104, 26, 8, 0]",4,lib/tests/core/native-frames.zy,explicit
release,1,657465,135,319,5348530,False,"[104, 26, 8, 0]",4,lib/tests/core/native-frames.zy,recursive
release,1,762211,135,319,4671702,False,"[104, 26, 8, 0]",5,lib/tests/core/native-frames.zy,jobs
release,1,699572,135,319,5689748,False,"[104, 26, 8, 0]",5,lib/tests/core/native-frames.zy,explicit
release,1,686833,135,319,5393168,False,"[104, 26, 8, 0]",5,lib/tests/core/native-frames.zy,recursive
release,1,686208,135,319,5087703,False,"[104, 26, 8, 0]",5,lib/tests/core/native-frames.zy,original
release,1,678583,135,319,5671168,False,"[104, 26, 8, 0]",6,lib/tests/core/native-frames.zy,explicit
release,1,682089,135,319,5427339,False,"[104, 26, 8, 0]",6,lib/tests/core/native-frames.zy,recursive
release,1,719713,135,319,5380007,False,"[104, 26, 8, 0]",6,lib/tests/core/native-frames.zy,original
release,1,704207,135,319,4626423,False,"[104, 26, 8, 0]",6,lib/tests/core/native-frames.zy,jobs
release,1,706206,135,319,5530210,False,"[104, 26, 8, 0]",7,lib/tests/core/native-frames.zy,recursive
release,1,703172,135,319,5110455,False,"[104, 26, 8, 0]",7,lib/tests/core/native-frames.zy,original
release,1,695050,135,319,4537752,False,"[104, 26, 8, 0]",7,lib/tests/core/native-frames.zy,jobs
release,1,688627,135,319,5783799,False,"[104, 26, 8, 0]",7,lib/tests/core/native-frames.zy,explicit
release,1,710399,135,319,5457333,False,"[104, 26, 8, 0]",8,lib/tests/core/native-frames.zy,original
release,1,675417,135,319,4573381,False,"[104, 26, 8, 0]",8,lib/tests/core/native-frames.zy,jobs
release,1,691119,135,319,5624874,False,"[104, 26, 8, 0]",8,lib/tests/core/native-frames.zy,explicit
release,1,725799,135,319,5384538,False,"[104, 26, 8, 0]",8,lib/tests/core/native-frames.zy,recursive
release,1,692708,135,319,4664258,False,"[104, 26, 8, 0]",9,lib/tests/core/native-frames.zy,jobs
release,1,668757,135,319,5735153,False,"[104, 26, 8, 0]",9,lib/tests/core/native-frames.zy,explicit
release,1,688416,135,319,5353367,False,"[104, 26, 8, 0]",9,lib/tests/core/native-frames.zy,recursive
release,1,707785,135,319,5170300,False,"[104, 26, 8, 0]",9,lib/tests/core/native-frames.zy,original
release,1,689469,135,319,5647283,False,"[104, 26, 8, 0]",10,lib/tests/core/native-frames.zy,explicit
release,1,689949,135,319,5394464,False,"[104, 26, 8, 0]",10,lib/tests/core/native-frames.zy,recursive
release,1,690296,135,319,5060249,False,"[104, 26, 8, 0]",10,lib/tests/core/native-frames.zy,original
release,1,660326,135,319,4513407,False,"[104, 26, 8, 0]",10,lib/tests/core/native-frames.zy,jobs
release,1,681503,135,319,5348501,False,"[104, 26, 8, 0]",11,lib/tests/core/native-frames.zy,recursive
release,1,691923,135,319,5187325,False,"[104, 26, 8, 0]",11,lib/tests/core/native-frames.zy,original
release,1,680507,135,319,4664706,False,"[104, 26, 8, 0]",11,lib/tests/core/native-frames.zy,jobs
release,1,688430,135,319,5578590,False,"[104, 26, 8, 0]",11,lib/tests/core/native-frames.zy,explicit
release,1,681998,135,319,5088427,False,"[104, 26, 8, 0]",12,lib/tests/core/native-frames.zy,original
release,1,677330,135,319,4573331,False,"[104, 26, 8, 0]",12,lib/tests/core/native-frames.zy,jobs
release,1,706959,135,319,5660207,False,"[104, 26, 8, 0]",12,lib/tests/core/native-frames.zy,explicit
release,1,662986,135,319,5319914,False,"[104, 26, 8, 0]",12,lib/tests/core/native-frames.zy,recursive
release,1,663790,135,319,4558338,False,"[104, 26, 8, 0]",13,lib/tests/core/native-frames.zy,jobs
release,1,676585,135,319,5586918,False,"[104, 26, 8, 0]",13,lib/tests/core/native-frames.zy,explicit
release,1,677667,135,319,5357331,False,"[104, 26, 8, 0]",13,lib/tests/core/native-frames.zy,recursive
release,1,684420,135,319,5058879,False,"[104, 26, 8, 0]",13,lib/tests/core/native-frames.zy,original
release,1,685948,135,319,5609047,False,"[104, 26, 8, 0]",14,lib/tests/core/native-frames.zy,explicit
release,1,677125,135,319,5330745,False,"[104, 26, 8, 0]",14,lib/tests/core/native-frames.zy,recursive
release,1,668955,135,319,5094216,False,"[104, 26, 8, 0]",14,lib/tests/core/native-frames.zy,original
release,1,643788,135,319,4592383,False,"[104, 26, 8, 0]",14,lib/tests/core/native-frames.zy,jobs
release,1,673292,135,319,5336703,False,"[104, 26, 8, 0]",15,lib/tests/core/native-frames.zy,recursive
release,1,691744,135,319,5115785,False,"[104, 26, 8, 0]",15,lib/tests/core/native-frames.zy,original
release,1,696086,135,319,4649334,False,"[104, 26, 8, 0]",15,lib/tests/core/native-frames.zy,jobs
release,1,697327,135,319,5635046,False,"[104, 26, 8, 0]",15,lib/tests/core/native-frames.zy,explicit
release,1,663662,135,319,5039381,False,"[104, 26, 8, 0]",16,lib/tests/core/native-frames.zy,original
release,1,680414,135,319,4504302,False,"[104, 26, 8, 0]",16,lib/tests/core/native-frames.zy,jobs
release,1,675042,135,319,5628038,False,"[104, 26, 8, 0]",16,lib/tests/core/native-frames.zy,explicit
release,1,656324,135,319,5281460,False,"[104, 26, 8, 0]",16,lib/tests/core/native-frames.zy,recursive
release,1,683282,135,319,4613840,False,"[104, 26, 8, 0]",17,lib/tests/core/native-frames.zy,jobs
release,1,681910,135,319,5568624,False,"[104, 26, 8, 0]",17,lib/tests/core/native-frames.zy,explicit
release,1,685041,135,319,5415004,False,"[104, 26, 8, 0]",17,lib/tests/core/native-frames.zy,recursive
release,1,658838,135,319,5037451,False,"[104, 26, 8, 0]",17,lib/tests/core/native-frames.zy,original
release,1,667199,135,319,5552079,False,"[104, 26, 8, 0]",18,lib/tests/core/native-frames.zy,explicit
release,1,669885,135,319,5369293,False,"[104, 26, 8, 0]",18,lib/tests/core/native-frames.zy,recursive
release,1,667121,135,319,5110007,False,"[104, 26, 8, 0]",18,lib/tests/core/native-frames.zy,original
release,1,662929,135,319,4565207,False,"[104, 26, 8, 0]",18,lib/tests/core/native-frames.zy,jobs
release,1,674787,135,319,5337591,False,"[104, 26, 8, 0]",19,lib/tests/core/native-frames.zy,recursive
release,1,671460,135,319,5007966,False,"[104, 26, 8, 0]",19,lib/tests/core/native-frames.zy,original
release,1,687910,135,319,4592929,False,"[104, 26, 8, 0]",19,lib/tests/core/native-frames.zy,jobs
release,1,669199,135,319,5507016,False,"[104, 26, 8, 0]",19,lib/tests/core/native-frames.zy,explicit
release,1,670175,135,319,5066721,False,"[104, 26, 8, 0]",20,lib/tests/core/native-frames.zy,original
release,1,671838,135,319,4593754,False,"[104, 26, 8, 0]",20,lib/tests/core/native-frames.zy,jobs
release,1,677957,135,319,5639585,False,"[104, 26, 8, 0]",20,lib/tests/core/native-frames.zy,explicit
release,1,691928,135,319,5294620,False,"[104, 26, 8, 0]",20,lib/tests/core/native-frames.zy,recursive
release,1,658789,135,319,4508754,False,"[104, 26, 8, 0]",21,lib/tests/core/native-frames.zy,jobs
release,1,671755,135,319,5514959,False,"[104, 26, 8, 0]",21,lib/tests/core/native-frames.zy,explicit
release,1,694336,135,319,5347666,False,"[104, 26, 8, 0]",21,lib/tests/core/native-frames.zy,recursive
release,1,665546,135,319,5050872,False,"[104, 26, 8, 0]",21,lib/tests/core/native-frames.zy,original
release,1,693658,135,319,5644370,False,"[104, 26, 8, 0]",22,lib/tests/core/native-frames.zy,explicit
release,1,695492,135,319,5355583,False,"[104, 26, 8, 0]",22,lib/tests/core/native-frames.zy,recursive
release,1,689996,135,319,5136298,False,"[104, 26, 8, 0]",22,lib/tests/core/native-frames.zy,original
release,1,672908,135,319,4603374,False,"[104, 26, 8, 0]",22,lib/tests/core/native-frames.zy,jobs
release,1,660964,135,319,5325952,False,"[104, 26, 8, 0]",23,lib/tests/core/native-frames.zy,recursive
release,1,664955,135,319,5095623,False,"[104, 26, 8, 0]",23,lib/tests/core/native-frames.zy,original
release,1,689161,135,319,4703686,False,"[104, 26, 8, 0]",23,lib/tests/core/native-frames.zy,jobs
release,1,688153,135,319,5630840,False,"[104, 26, 8, 0]",23,lib/tests/core/native-frames.zy,explicit
release,1,682006,135,319,5074169,False,"[104, 26, 8, 0]",24,lib/tests/core/native-frames.zy,original
release,1,702990,135,319,4682088,False,"[104, 26, 8, 0]",24,lib/tests/core/native-frames.zy,jobs
release,1,656417,135,319,5607541,False,"[104, 26, 8, 0]",24,lib/tests/core/native-frames.zy,explicit
release,1,671578,135,319,5293293,False,"[104, 26, 8, 0]",24,lib/tests/core/native-frames.zy,recursive
release,1,698798,135,319,4587594,False,"[104, 26, 8, 0]",25,lib/tests/core/native-frames.zy,jobs
release,1,671622,135,319,5570499,False,"[104, 26, 8, 0]",25,lib/tests/core/native-frames.zy,explicit
release,1,692623,135,319,5336374,False,"[104, 26, 8, 0]",25,lib/tests/core/native-frames.zy,recursive
release,1,673223,135,319,4999084,False,"[104, 26, 8, 0]",25,lib/tests/core/native-frames.zy,original
release,1,668712,135,319,5571085,False,"[104, 26, 8, 0]",26,lib/tests/core/native-frames.zy,explicit
release,1,653428,135,319,5294215,False,"[104, 26, 8, 0]",26,lib/tests/core/native-frames.zy,recursive
release,1,670282,135,319,5016838,False,"[104, 26, 8, 0]",26,lib/tests/core/native-frames.zy,original
release,1,658759,135,319,4537329,False,"[104, 26, 8, 0]",26,lib/tests/core/native-frames.zy,jobs
release,1,678020,135,319,5345784,False,"[104, 26, 8, 0]",27,lib/tests/core/native-frames.zy,recursive
release,1,650407,135,319,5069873,False,"[104, 26, 8, 0]",27,lib/tests/core/native-frames.zy,original
release,1,679131,135,319,4549178,False,"[104, 26, 8, 0]",27,lib/tests/core/native-frames.zy,jobs
release,1,661921,135,319,5560458,False,"[104, 26, 8, 0]",27,lib/tests/core/native-frames.zy,explicit
release,1,706095,135,319,5136168,False,"[104, 26, 8, 0]",28,lib/tests/core/native-frames.zy,original
release,1,665634,135,319,4542996,False,"[104, 26, 8, 0]",28,lib/tests/core/native-frames.zy,jobs
release,1,658737,135,319,5544300,False,"[104, 26, 8, 0]",28,lib/tests/core/native-frames.zy,explicit
release,1,647715,135,319,5337038,False,"[104, 26, 8, 0]",28,lib/tests/core/native-frames.zy,recursive
release,1,648998,135,319,4573877,False,"[104, 26, 8, 0]",29,lib/tests/core/native-frames.zy,jobs
release,1,663584,135,319,5586338,False,"[104, 26, 8, 0]",29,lib/tests/core/native-frames.zy,explicit
release,1,655962,135,319,5283550,False,"[104, 26, 8, 0]",29,lib/tests/core/native-frames.zy,recursive
release,1,649296,135,319,4980663,False,"[104, 26, 8, 0]",29,lib/tests/core/native-frames.zy,original
release,1,641330,135,319,5644204,False,"[104, 26, 8, 0]",30,lib/tests/core/native-frames.zy,explicit
release,1,665373,135,319,5294161,False,"[104, 26, 8, 0]",30,lib/tests/core/native-frames.zy,recursive
release,1,665173,135,319,4995368,False,"[104, 26, 8, 0]",30,lib/tests/core/native-frames.zy,original
release,1,672051,135,319,4543923,False,"[104, 26, 8, 0]",30,lib/tests/core/native-frames.zy,jobs
release,1,698505,135,319,5425995,False,"[104, 26, 8, 0]",31,lib/tests/core/native-frames.zy,recursive
release,1,667152,135,319,5063507,False,"[104, 26, 8, 0]",31,lib/tests/core/native-frames.zy,original
release,1,648333,135,319,4551086,False,"[104, 26, 8, 0]",31,lib/tests/core/native-frames.zy,jobs
release,1,659082,135,319,5589414,False,"[104, 26, 8, 0]",31,lib/tests/core/native-frames.zy,explicit
release,1,734166,135,336,5064718,True,"[97, 25, 8, 9]",0,lib/tests/core/native-frames.zy,original
release,1,706407,135,336,4587375,True,"[97, 25, 8, 9]",0,lib/tests/core/native-frames.zy,jobs
release,1,720865,135,336,5432052,True,"[97, 25, 8, 9]",0,lib/tests/core/native-frames.zy,explicit
release,1,727328,135,336,5280051,True,"[97, 25, 8, 9]",0,lib/tests/core/native-frames.zy,recursive
release,1,725560,135,336,4532287,True,"[97, 25, 8, 9]",1,lib/tests/core/native-frames.zy,jobs
release,1,670035,135,336,5411727,True,"[97, 25, 8, 9]",1,lib/tests/core/native-frames.zy,explicit
release,1,695292,135,336,5307453,True,"[97, 25, 8, 9]",1,lib/tests/core/native-frames.zy,recursive
release,1,689620,135,336,5026180,True,"[97, 25, 8, 9]",1,lib/tests/core/native-frames.zy,original
release,1,701435,135,336,5500545,True,"[97, 25, 8, 9]",2,lib/tests/core/native-frames.zy,explicit
release,1,728130,135,336,5380092,True,"[97, 25, 8, 9]",2,lib/tests/core/native-frames.zy,recursive
release,1,756624,135,336,5381919,True,"[97, 25, 8, 9]",2,lib/tests/core/native-frames.zy,original
release,1,710956,135,336,4644085,True,"[97, 25, 8, 9]",2,lib/tests/core/native-frames.zy,jobs
release,1,711665,135,336,5388781,True,"[97, 25, 8, 9]",3,lib/tests/core/native-frames.zy,recursive
release,1,703841,135,336,5153838,True,"[97, 25, 8, 9]",3,lib/tests/core/native-frames.zy,original
release,1,741536,135,336,4707805,True,"[97, 25, 8, 9]",3,lib/tests/core/native-frames.zy,jobs
release,1,750742,135,336,5631124,True,"[97, 25, 8, 9]",3,lib/tests/core/native-frames.zy,explicit
release,1,717946,135,336,5064958,True,"[97, 25, 8, 9]",4,lib/tests/core/native-frames.zy,original
release,1,687378,135,336,4613627,True,"[97, 25, 8, 9]",4,lib/tests/core/native-frames.zy,jobs
release,1,765165,135,336,5718622,True,"[97, 25, 8, 9]",4,lib/tests/core/native-frames.zy,explicit
release,1,727082,135,336,5327666,True,"[97, 25, 8, 9]",4,lib/tests/core/native-frames.zy,recursive
release,1,722751,135,336,4641622,True,"[97, 25, 8, 9]",5,lib/tests/core/native-frames.zy,jobs
release,1,735958,135,336,5490050,True,"[97, 25, 8, 9]",5,lib/tests/core/native-frames.zy,explicit
release,1,683532,135,336,5275004,True,"[97, 25, 8, 9]",5,lib/tests/core/native-frames.zy,recursive
release,1,715259,135,336,5175297,True,"[97, 25, 8, 9]",5,lib/tests/core/native-frames.zy,original
release,1,736845,135,336,5550629,True,"[97, 25, 8, 9]",6,lib/tests/core/native-frames.zy,explicit
release,1,742126,135,336,5409334,True,"[97, 25, 8, 9]",6,lib/tests/core/native-frames.zy,recursive
release,1,670178,135,336,5052615,True,"[97, 25, 8, 9]",6,lib/tests/core/native-frames.zy,original
release,1,674037,135,336,4677077,True,"[97, 25, 8, 9]",6,lib/tests/core/native-frames.zy,jobs
release,1,719032,135,336,5183248,True,"[97, 25, 8, 9]",7,lib/tests/core/native-frames.zy,recursive
release,1,756041,135,336,5206536,True,"[97, 25, 8, 9]",7,lib/tests/core/native-frames.zy,original
release,1,738673,135,336,4708483,True,"[97, 25, 8, 9]",7,lib/tests/core/native-frames.zy,jobs
release,1,716501,135,336,5534574,True,"[97, 25, 8, 9]",7,lib/tests/core/native-frames.zy,explicit
release,1,699417,135,336,5106454,True,"[97, 25, 8, 9]",8,lib/tests/core/native-frames.zy,original
release,1,727705,135,336,4655879,True,"[97, 25, 8, 9]",8,lib/tests/core/native-frames.zy,jobs
release,1,745747,135,336,5457335,True,"[97, 25, 8, 9]",8,lib/tests/core/native-frames.zy,explicit
release,1,713950,135,336,5285415,True,"[97, 25, 8, 9]",8,lib/tests/core/native-frames.zy,recursive
release,1,711499,135,336,4694006,True,"[97, 25, 8, 9]",9,lib/tests/core/native-frames.zy,jobs
release,1,736174,135,336,5521414,True,"[97, 25, 8, 9]",9,lib/tests/core/native-frames.zy,explicit
release,1,696582,135,336,5215503,True,"[97, 25, 8, 9]",9,lib/tests/core/native-frames.zy,recursive
release,1,724879,135,336,5100593,True,"[97, 25, 8, 9]",9,lib/tests/core/native-frames.zy,original
release,1,738505,135,336,5506496,True,"[97, 25, 8, 9]",10,lib/tests/core/native-frames.zy,explicit
release,1,750718,135,336,5318501,True,"[97, 25, 8, 9]",10,lib/tests/core/native-frames.zy,recursive
release,1,749961,135,336,5178746,True,"[97, 25, 8, 9]",10,lib/tests/core/native-frames.zy,original
release,1,725903,135,336,4633012,True,"[97, 25, 8, 9]",10,lib/tests/core/native-frames.zy,jobs
release,1,716789,135,336,5216381,True,"[97, 25, 8, 9]",11,lib/tests/core/native-frames.zy,recursive
release,1,712179,135,336,5009907,True,"[97, 25, 8, 9]",11,lib/tests/core/native-frames.zy,original
release,1,720791,135,336,4574335,True,"[97, 25, 8, 9]",11,lib/tests/core/native-frames.zy,jobs
release,1,730948,135,336,5516996,True,"[97, 25, 8, 9]",11,lib/tests/core/native-frames.zy,explicit
release,1,722580,135,336,5098248,True,"[97, 25, 8, 9]",12,lib/tests/core/native-frames.zy,original
release,1,728164,135,336,4637181,True,"[97, 25, 8, 9]",12,lib/tests/core/native-frames.zy,jobs
release,1,712192,135,336,5502633,True,"[97, 25, 8, 9]",12,lib/tests/core/native-frames.zy,explicit
release,1,749423,135,336,5281834,True,"[97, 25, 8, 9]",12,lib/tests/core/native-frames.zy,recursive
release,1,744328,135,336,4690759,True,"[97, 25, 8, 9]",13,lib/tests/core/native-frames.zy,jobs
release,1,719739,135,336,5518381,True,"[97, 25, 8, 9]",13,lib/tests/core/native-frames.zy,explicit
release,1,697420,135,336,5320587,True,"[97, 25, 8, 9]",13,lib/tests/core/native-frames.zy,recursive
release,1,673491,135,336,4945208,True,"[97, 25, 8, 9]",13,lib/tests/core/native-frames.zy,original
release,1,694422,135,336,5452790,True,"[97, 25, 8, 9]",14,lib/tests/core/native-frames.zy,explicit
release,1,737252,135,336,5292014,True,"[97, 25, 8, 9]",14,lib/tests/core/native-frames.zy,recursive
release,1,726718,135,336,5133463,True,"[97, 25, 8, 9]",14,lib/tests/core/native-frames.zy,original
release,1,709962,135,336,4574212,True,"[97, 25, 8, 9]",14,lib/tests/core/native-frames.zy,jobs
release,1,676001,135,336,5147046,True,"[97, 25, 8, 9]",15,lib/tests/core/native-frames.zy,recursive
release,1,688920,135,336,5028590,True,"[97, 25, 8, 9]",15,lib/tests/core/native-frames.zy,original
release,1,698716,135,336,4585498,True,"[97, 25, 8, 9]",15,lib/tests/core/native-frames.zy,jobs
release,1,714915,135,336,5403458,True,"[97, 25, 8, 9]",15,lib/tests/core/native-frames.zy,explicit
release,1,741075,135,336,5113675,True,"[97, 25, 8, 9]",16,lib/tests/core/native-frames.zy,original
release,1,688250,135,336,4520826,True,"[97, 25, 8, 9]",16,lib/tests/core/native-frames.zy,jobs
release,1,671323,135,336,5418126,True,"[97, 25, 8, 9]",16,lib/tests/core/native-frames.zy,explicit
release,1,722470,135,336,5221839,True,"[97, 25, 8, 9]",16,lib/tests/core/native-frames.zy,recursive
release,1,727666,135,336,4668748,True,"[97, 25, 8, 9]",17,lib/tests/core/native-frames.zy,jobs
release,1,747953,135,336,5523004,True,"[97, 25, 8, 9]",17,lib/tests/core/native-frames.zy,explicit
release,1,722700,135,336,5198458,True,"[97, 25, 8, 9]",17,lib/tests/core/native-frames.zy,recursive
release,1,707785,135,336,5032829,True,"[97, 25, 8, 9]",17,lib/tests/core/native-frames.zy,original
release,1,702533,135,336,5514344,True,"[97, 25, 8, 9]",18,lib/tests/core/native-frames.zy,explicit
release,1,709169,135,336,5267336,True,"[97, 25, 8, 9]",18,lib/tests/core/native-frames.zy,recursive
release,1,689959,135,336,5041288,True,"[97, 25, 8, 9]",18,lib/tests/core/native-frames.zy,original
release,1,667706,135,336,4626668,True,"[97, 25, 8, 9]",18,lib/tests/core/native-frames.zy,jobs
release,1,725089,135,336,5180297,True,"[97, 25, 8, 9]",19,lib/tests/core/native-frames.zy,recursive
release,1,704375,135,336,5060346,True,"[97, 25, 8, 9]",19,lib/tests/core/native-frames.zy,original
release,1,732910,135,336,4621800,True,"[97, 25, 8, 9]",19,lib/tests/core/native-frames.zy,jobs
release,1,728195,135,336,5568842,True,"[97, 25, 8, 9]",19,lib/tests/core/native-frames.zy,explicit
release,1,689082,135,336,4954507,True,"[97, 25, 8, 9]",20,lib/tests/core/native-frames.zy,original
release,1,688865,135,336,4520702,True,"[97, 25, 8, 9]",20,lib/tests/core/native-frames.zy,jobs
release,1,727211,135,336,5450041,True,"[97, 25, 8, 9]",20,lib/tests/core/native-frames.zy,explicit
release,1,748846,135,336,5234006,True,"[97, 25, 8, 9]",20,lib/tests/core/native-frames.zy,recursive
release,1,697872,135,336,4534375,True,"[97, 25, 8, 9]",21,lib/tests/core/native-frames.zy,jobs
release,1,714583,135,336,5472998,True,"[97, 25, 8, 9]",21,lib/tests/core/native-frames.zy,explicit
release,1,713339,135,336,5142661,True,"[97, 25, 8, 9]",21,lib/tests/core/native-frames.zy,recursive
release,1,692282,135,336,5005056,True,"[97, 25, 8, 9]",21,lib/tests/core/native-frames.zy,original
release,1,650711,135,336,5367132,True,"[97, 25, 8, 9]",22,lib/tests/core/native-frames.zy,explicit
release,1,678543,135,336,5252961,True,"[97, 25, 8, 9]",22,lib/tests/core/native-frames.zy,recursive
release,1,679503,135,336,4973972,True,"[97, 25, 8, 9]",22,lib/tests/core/native-frames.zy,original
release,1,724118,135,336,4558246,True,"[97, 25, 8, 9]",22,lib/tests/core/native-frames.zy,jobs
release,1,682931,135,336,5170581,True,"[97, 25, 8, 9]",23,lib/tests/core/native-frames.zy,recursive
release,1,710707,135,336,5109512,True,"[97, 25, 8, 9]",23,lib/tests/core/native-frames.zy,original
release,1,771584,135,336,4728905,True,"[97, 25, 8, 9]",23,lib/tests/core/native-frames.zy,jobs
release,1,724752,135,336,5561785,True,"[97, 25, 8, 9]",23,lib/tests/core/native-frames.zy,explicit
release,1,722626,135,336,5178262,True,"[97, 25, 8, 9]",24,lib/tests/core/native-frames.zy,original
release,1,746409,135,336,4712579,True,"[97, 25, 8, 9]",24,lib/tests/core/native-frames.zy,jobs
release,1,727011,135,336,5577447,True,"[97, 25, 8, 9]",24,lib/tests/core/native-frames.zy,explicit
release,1,711539,135,336,5156419,True,"[97, 25, 8, 9]",24,lib/tests/core/native-frames.zy,recursive
release,1,742379,135,336,4605877,True,"[97, 25, 8, 9]",25,lib/tests/core/native-frames.zy,jobs
release,1,679326,135,336,5333835,True,"[97, 25, 8, 9]",25,lib/tests/core/native-frames.zy,explicit
release,1,701503,135,336,5182367,True,"[97, 25, 8, 9]",25,lib/tests/core/native-frames.zy,recursive
release,1,704627,135,336,5003548,True,"[97, 25, 8, 9]",25,lib/tests/core/native-frames.zy,original
release,1,728034,135,336,5504416,True,"[97, 25, 8, 9]",26,lib/tests/core/native-frames.zy,explicit
release,1,668171,135,336,5144657,True,"[97, 25, 8, 9]",26,lib/tests/core/native-frames.zy,recursive
release,1,725488,135,336,5084458,True,"[97, 25, 8, 9]",26,lib/tests/core/native-frames.zy,original
release,1,723638,135,336,4599573,True,"[97, 25, 8, 9]",26,lib/tests/core/native-frames.zy,jobs
release,1,712882,135,336,5205214,True,"[97, 25, 8, 9]",27,lib/tests/core/native-frames.zy,recursive
release,1,689415,135,336,5066421,True,"[97, 25, 8, 9]",27,lib/tests/core/native-frames.zy,original
release,1,705169,135,336,4547712,True,"[97, 25, 8, 9]",27,lib/tests/core/native-frames.zy,jobs
release,1,700574,135,336,5524668,True,"[97, 25, 8, 9]",27,lib/tests/core/native-frames.zy,explicit
release,1,722403,135,336,5091497,True,"[97, 25, 8, 9]",28,lib/tests/core/native-frames.zy,original
release,1,697121,135,336,4586667,True,"[97, 25, 8, 9]",28,lib/tests/core/native-frames.zy,jobs
release,1,679633,135,336,5328337,True,"[97, 25, 8, 9]",28,lib/tests/core/native-frames.zy,explicit
release,1,709912,135,336,5192428,True,"[97, 25, 8, 9]",28,lib/tests/core/native-frames.zy,recursive
release,1,731172,135,336,4588542,True,"[97, 25, 8, 9]",29,lib/tests/core/native-frames.zy,jobs
release,1,725009,135,336,5450125,True,"[97, 25, 8, 9]",29,lib/tests/core/native-frames.zy,explicit
release,1,691597,135,336,5187003,True,"[97, 25, 8, 9]",29,lib/tests/core/native-frames.zy,recursive
release,1,729136,135,336,5123992,True,"[97, 25, 8, 9]",29,lib/tests/core/native-frames.zy,original
release,1,704667,135,336,5473234,True,"[97, 25, 8, 9]",30,lib/tests/core/native-frames.zy,explicit
release,1,681839,135,336,5242296,True,"[97, 25, 8, 9]",30,lib/tests/core/native-frames.zy,recursive
release,1,706489,135,336,5075713,True,"[97, 25, 8, 9]",30,lib/tests/core/native-frames.zy,original
release,1,715541,135,336,4570996,True,"[97, 25, 8, 9]",30,lib/tests/core/native-frames.zy,jobs
release,1,711450,135,336,5278291,True,"[97, 25, 8, 9]",31,lib/tests/core/native-frames.zy,recursive
release,1,700406,135,336,5081833,True,"[97, 25, 8, 9]",31,lib/tests/core/native-frames.zy,original
release,1,703709,135,336,4632701,True,"[97, 25, 8, 9]",31,lib/tests/core/native-frames.zy,jobs
release,1,752991,135,336,5571290,True,"[97, 25, 8, 9]",31,lib/tests/core/native-frames.zy,explicit
release,1,795170,131,338,5141171,False,"[93, 26, 7, 0]",0,lib/tests/builtin/host-return.zy,original
release,1,748905,131,338,4780322,False,"[93, 26, 7, 0]",0,lib/tests/builtin/host-return.zy,jobs
release,1,767591,131,338,5671534,False,"[93, 26, 7, 0]",0,lib/tests/builtin/host-return.zy,explicit
release,1,786499,131,338,5643291,False,"[93, 26, 7, 0]",0,lib/tests/builtin/host-return.zy,recursive
release,1,741089,131,338,4840699,False,"[93, 26, 7, 0]",1,lib/tests/builtin/host-return.zy,jobs
release,1,752249,131,338,5770468,False,"[93, 26, 7, 0]",1,lib/tests/builtin/host-return.zy,explicit
release,1,729972,131,338,5411329,False,"[93, 26, 7, 0]",1,lib/tests/builtin/host-return.zy,recursive
release,1,716391,131,338,5119070,False,"[93, 26, 7, 0]",1,lib/tests/builtin/host-return.zy,original
release,1,733990,131,338,5627492,False,"[93, 26, 7, 0]",2,lib/tests/builtin/host-return.zy,explicit
release,1,698950,131,338,5501832,False,"[93, 26, 7, 0]",2,lib/tests/builtin/host-return.zy,recursive
release,1,745582,131,338,5281341,False,"[93, 26, 7, 0]",2,lib/tests/builtin/host-return.zy,original
release,1,713246,131,338,4768837,False,"[93, 26, 7, 0]",2,lib/tests/builtin/host-return.zy,jobs
release,1,703032,131,338,5422257,False,"[93, 26, 7, 0]",3,lib/tests/builtin/host-return.zy,recursive
release,1,743467,131,338,5170166,False,"[93, 26, 7, 0]",3,lib/tests/builtin/host-return.zy,original
release,1,751039,131,338,4753873,False,"[93, 26, 7, 0]",3,lib/tests/builtin/host-return.zy,jobs
release,1,758756,131,338,5709876,False,"[93, 26, 7, 0]",3,lib/tests/builtin/host-return.zy,explicit
release,1,763037,131,338,5181063,False,"[93, 26, 7, 0]",4,lib/tests/builtin/host-return.zy,original
release,1,717245,131,338,4813717,False,"[93, 26, 7, 0]",4,lib/tests/builtin/host-return.zy,jobs
release,1,742129,131,338,5637771,False,"[93, 26, 7, 0]",4,lib/tests/builtin/host-return.zy,explicit
release,1,791377,131,338,5530013,False,"[93, 26, 7, 0]",4,lib/tests/builtin/host-return.zy,recursive
release,1,710261,131,338,4753541,False,"[93, 26, 7, 0]",5,lib/tests/builtin/host-return.zy,jobs
release,1,713912,131,338,5746403,False,"[93, 26, 7, 0]",5,lib/tests/builtin/host-return.zy,explicit
release,1,720039,131,338,5401156,False,"[93, 26, 7, 0]",5,lib/tests/builtin/host-return.zy,recursive
release,1,735947,131,338,5245879,False,"[93, 26, 7, 0]",5,lib/tests/builtin/host-return.zy,original
release,1,705830,131,338,5657830,False,"[93, 26, 7, 0]",6,lib/tests/builtin/host-return.zy,explicit
release,1,711949,131,338,5506880,False,"[93, 26, 7, 0]",6,lib/tests/builtin/host-return.zy,recursive
release,1,726791,131,338,5218838,False,"[93, 26, 7, 0]",6,lib/tests/builtin/host-return.zy,original
release,1,748710,131,338,4747582,False,"[93, 26, 7, 0]",6,lib/tests/builtin/host-return.zy,jobs
release,1,752508,131,338,5552954,False,"[93, 26, 7, 0]",7,lib/tests/builtin/host-return.zy,recursive
release,1,760549,131,338,5193650,False,"[93, 26, 7, 0]",7,lib/tests/builtin/host-return.zy,original
release,1,753450,131,338,4805120,False,"[93, 26, 7, 0]",7,lib/tests/builtin/host-return.zy,jobs
release,1,716456,131,338,5583572,False,"[93, 26, 7, 0]",7,lib/tests/builtin/host-return.zy,explicit
release,1,756546,131,338,5205342,False,"[93, 26, 7, 0]",8,lib/tests/builtin/host-return.zy,original
release,1,756001,131,338,4833329,False,"[93, 26, 7, 0]",8,lib/tests/builtin/host-return.zy,jobs
release,1,744551,131,338,5806714,False,"[93, 26, 7, 0]",8,lib/tests/builtin/host-return.zy,explicit
release,1,704040,131,338,5425203,False,"[93, 26, 7, 0]",8,lib/tests/builtin/host-return.zy,recursive
release,1,703444,131,338,4772250,False,"[93, 26, 7, 0]",9,lib/tests/builtin/host-return.zy,jobs
release,1,735092,131,338,5709378,False,"[93, 26, 7, 0]",9,lib/tests/builtin/host-return.zy,explicit
release,1,750629,131,338,5447777,False,"[93, 26, 7, 0]",9,lib/tests/builtin/host-return.zy,recursive
release,1,750004,131,338,5258790,False,"[93, 26, 7, 0]",9,lib/tests/builtin/host-return.zy,original
release,1,729920,131,338,5695046,False,"[93, 26, 7, 0]",10,lib/tests/builtin/host-return.zy,explicit
release,1,753254,131,338,5504474,False,"[93, 26, 7, 0]",10,lib/tests/builtin/host-return.zy,recursive
release,1,674705,131,338,5141251,False,"[93, 26, 7, 0]",10,lib/tests/builtin/host-return.zy,original
release,1,709158,131,338,4669128,False,"[93, 26, 7, 0]",10,lib/tests/builtin/host-return.zy,jobs
release,1,723210,131,338,5428088,False,"[93, 26, 7, 0]",11,lib/tests/builtin/host-return.zy,recursive
release,1,730381,131,338,5192047,False,"[93, 26, 7, 0]",11,lib/tests/builtin/host-return.zy,original
release,1,724792,131,338,4731837,False,"[93, 26, 7, 0]",11,lib/tests/builtin/host-return.zy,jobs
release,1,745964,131,338,5767334,False,"[93, 26, 7, 0]",11,lib/tests/builtin/host-return.zy,explicit
release,1,741277,131,338,5197048,False,"[93, 26, 7, 0]",12,lib/tests/builtin/host-return.zy,original
release,1,747836,131,338,4811464,False,"[93, 26, 7, 0]",12,lib/tests/builtin/host-return.zy,jobs
release,1,723764,131,338,5633434,False,"[93, 26, 7, 0]",12,lib/tests/builtin/host-return.zy,explicit
release,1,681452,131,338,5366046,False,"[93, 26, 7, 0]",12,lib/tests/builtin/host-return.zy,recursive
release,1,762117,131,338,4860430,False,"[93, 26, 7, 0]",13,lib/tests/builtin/host-return.zy,jobs
release,1,733416,131,338,5718536,False,"[93, 26, 7, 0]",13,lib/tests/builtin/host-return.zy,explicit
release,1,691785,131,338,5405543,False,"[93, 26, 7, 0]",13,lib/tests/builtin/host-return.zy,recursive
release,1,731862,131,338,5089704,False,"[93, 26, 7, 0]",13,lib/tests/builtin/host-return.zy,original
release,1,731994,131,338,5663876,False,"[93, 26, 7, 0]",14,lib/tests/builtin/host-return.zy,explicit
release,1,720128,131,338,5453496,False,"[93, 26, 7, 0]",14,lib/tests/builtin/host-return.zy,recursive
release,1,769624,131,338,5276422,False,"[93, 26, 7, 0]",14,lib/tests/builtin/host-return.zy,original
release,1,736127,131,338,4774954,False,"[93, 26, 7, 0]",14,lib/tests/builtin/host-return.zy,jobs
release,1,690127,131,338,5401835,False,"[93, 26, 7, 0]",15,lib/tests/builtin/host-return.zy,recursive
release,1,691204,131,338,5083496,False,"[93, 26, 7, 0]",15,lib/tests/builtin/host-return.zy,original
release,1,698621,131,338,4740929,False,"[93, 26, 7, 0]",15,lib/tests/builtin/host-return.zy,jobs
release,1,726755,131,338,5633463,False,"[93, 26, 7, 0]",15,lib/tests/builtin/host-return.zy,explicit
release,1,725804,131,338,5166205,False,"[93, 26, 7, 0]",16,lib/tests/builtin/host-return.zy,original
release,1,720800,131,338,4727833,False,"[93, 26, 7, 0]",16,lib/tests/builtin/host-return.zy,jobs
release,1,777457,131,338,5729298,False,"[93, 26, 7, 0]",16,lib/tests/builtin/host-return.zy,explicit
release,1,754825,131,338,5514592,False,"[93, 26, 7, 0]",16,lib/tests/builtin/host-return.zy,recursive
release,1,732961,131,338,4727451,False,"[93, 26, 7, 0]",17,lib/tests/builtin/host-return.zy,jobs
release,1,751917,131,338,5686300,False,"[93, 26, 7, 0]",17,lib/tests/builtin/host-return.zy,explicit
release,1,736506,131,338,5447089,False,"[93, 26, 7, 0]",17,lib/tests/builtin/host-return.zy,recursive
release,1,757127,131,338,5152451,False,"[93, 26, 7, 0]",17,lib/tests/builtin/host-return.zy,original
release,1,738875,131,338,5766374,False,"[93, 26, 7, 0]",18,lib/tests/builtin/host-return.zy,explicit
release,1,745673,131,338,5502039,False,"[93, 26, 7, 0]",18,lib/tests/builtin/host-return.zy,recursive
release,1,765789,131,338,5185839,False,"[93, 26, 7, 0]",18,lib/tests/builtin/host-return.zy,original
release,1,705169,131,338,4729559,False,"[93, 26, 7, 0]",18,lib/tests/builtin/host-return.zy,jobs
release,1,671237,131,338,5420003,False,"[93, 26, 7, 0]",19,lib/tests/builtin/host-return.zy,recursive
release,1,710419,131,338,5268555,False,"[93, 26, 7, 0]",19,lib/tests/builtin/host-return.zy,original
release,1,711663,131,338,4813421,False,"[93, 26, 7, 0]",19,lib/tests/builtin/host-return.zy,jobs
release,1,757498,131,338,5745624,False,"[93, 26, 7, 0]",19,lib/tests/builtin/host-return.zy,explicit
release,1,758211,131,338,5260753,False,"[93, 26, 7, 0]",20,lib/tests/builtin/host-return.zy,original
release,1,703550,131,338,4687246,False,"[93, 26, 7, 0]",20,lib/tests/builtin/host-return.zy,jobs
release,1,690750,131,338,5662595,False,"[93, 26, 7, 0]",20,lib/tests/builtin/host-return.zy,explicit
release,1,690931,131,338,5486544,False,"[93, 26, 7, 0]",20,lib/tests/builtin/host-return.zy,recursive
release,1,713162,131,338,4680303,False,"[93, 26, 7, 0]",21,lib/tests/builtin/host-return.zy,jobs
release,1,728754,131,338,5659131,False,"[93, 26, 7, 0]",21,lib/tests/builtin/host-return.zy,explicit
release,1,743130,131,338,5439850,False,"[93, 26, 7, 0]",21,lib/tests/builtin/host-return.zy,recursive
release,1,748761,131,338,5347905,False,"[93, 26, 7, 0]",21,lib/tests/builtin/host-return.zy,original
release,1,700287,131,338,5603287,False,"[93, 26, 7, 0]",22,lib/tests/builtin/host-return.zy,explicit
release,1,705090,131,338,5418833,False,"[93, 26, 7, 0]",22,lib/tests/builtin/host-return.zy,recursive
release,1,714281,131,338,5149171,False,"[93, 26, 7, 0]",22,lib/tests/builtin/host-return.zy,original
release,1,695464,131,338,4763037,False,"[93, 26, 7, 0]",22,lib/tests/builtin/host-return.zy,jobs
release,1,734116,131,338,5416127,False,"[93, 26, 7, 0]",23,lib/tests/builtin/host-return.zy,recursive
release,1,740677,131,338,5223881,False,"[93, 26, 7, 0]",23,lib/tests/builtin/host-return.zy,original
release,1,746012,131,338,4808294,False,"[93, 26, 7, 0]",23,lib/tests/builtin/host-return.zy,jobs
release,1,759845,131,338,5671203,False,"[93, 26, 7, 0]",23,lib/tests/builtin/host-return.zy,explicit
release,1,718070,131,338,5161460,False,"[93, 26, 7, 0]",24,lib/tests/builtin/host-return.zy,original
release,1,664388,131,338,4668591,False,"[93, 26, 7, 0]",24,lib/tests/builtin/host-return.zy,jobs
release,1,665783,131,338,5646707,False,"[93, 26, 7, 0]",24,lib/tests/builtin/host-return.zy,explicit
release,1,686831,131,338,5449750,False,"[93, 26, 7, 0]",24,lib/tests/builtin/host-return.zy,recursive
release,1,679239,131,338,4703587,False,"[93, 26, 7, 0]",25,lib/tests/builtin/host-return.zy,jobs
release,1,758218,131,338,5680878,False,"[93, 26, 7, 0]",25,lib/tests/builtin/host-return.zy,explicit
release,1,749291,131,338,5416925,False,"[93, 26, 7, 0]",25,lib/tests/builtin/host-return.zy,recursive
release,1,722704,131,338,5092954,False,"[93, 26, 7, 0]",25,lib/tests/builtin/host-return.zy,original
release,1,694010,131,338,5605372,False,"[93, 26, 7, 0]",26,lib/tests/builtin/host-return.zy,explicit
release,1,689168,131,338,5405903,False,"[93, 26, 7, 0]",26,lib/tests/builtin/host-return.zy,recursive
release,1,685282,131,338,5117252,False,"[93, 26, 7, 0]",26,lib/tests/builtin/host-return.zy,original
release,1,688673,131,338,4695024,False,"[93, 26, 7, 0]",26,lib/tests/builtin/host-return.zy,jobs
release,1,751968,131,338,5476794,False,"[93, 26, 7, 0]",27,lib/tests/builtin/host-return.zy,recursive
release,1,748202,131,338,5157033,False,"[93, 26, 7, 0]",27,lib/tests/builtin/host-return.zy,original
release,1,740717,131,338,4797988,False,"[93, 26, 7, 0]",27,lib/tests/builtin/host-return.zy,jobs
release,1,715724,131,338,5661124,False,"[93, 26, 7, 0]",27,lib/tests/builtin/host-return.zy,explicit
release,1,700457,131,338,5203043,False,"[93, 26, 7, 0]",28,lib/tests/builtin/host-return.zy,original
release,1,673204,131,338,4646174,False,"[93, 26, 7, 0]",28,lib/tests/builtin/host-return.zy,jobs
release,1,689618,131,338,5654510,False,"[93, 26, 7, 0]",28,lib/tests/builtin/host-return.zy,explicit
release,1,718087,131,338,5400336,False,"[93, 26, 7, 0]",28,lib/tests/builtin/host-return.zy,recursive
release,1,756372,131,338,4806824,False,"[93, 26, 7, 0]",29,lib/tests/builtin/host-return.zy,jobs
release,1,779064,131,338,5926546,False,"[93, 26, 7, 0]",29,lib/tests/builtin/host-return.zy,explicit
release,1,713587,131,338,5536615,False,"[93, 26, 7, 0]",29,lib/tests/builtin/host-return.zy,recursive
release,1,715033,131,338,5063629,False,"[93, 26, 7, 0]",29,lib/tests/builtin/host-return.zy,original
release,1,717794,131,338,5787590,False,"[93, 26, 7, 0]",30,lib/tests/builtin/host-return.zy,explicit
release,1,764513,131,338,5529578,False,"[93, 26, 7, 0]",30,lib/tests/builtin/host-return.zy,recursive
release,1,773365,131,338,5316419,False,"[93, 26, 7, 0]",30,lib/tests/builtin/host-return.zy,original
release,1,730210,131,338,4825796,False,"[93, 26, 7, 0]",30,lib/tests/builtin/host-return.zy,jobs
release,1,734330,131,338,5534718,False,"[93, 26, 7, 0]",31,lib/tests/builtin/host-return.zy,recursive
release,1,726774,131,338,5199713,False,"[93, 26, 7, 0]",31,lib/tests/builtin/host-return.zy,original
release,1,685500,131,338,4735719,False,"[93, 26, 7, 0]",31,lib/tests/builtin/host-return.zy,jobs
release,1,705172,131,338,5647175,False,"[93, 26, 7, 0]",31,lib/tests/builtin/host-return.zy,explicit
release,1,748299,131,434,5038830,True,"[66, 24, 7, 8]",0,lib/tests/builtin/host-return.zy,original
release,1,744044,131,434,4652045,True,"[66, 24, 7, 8]",0,lib/tests/builtin/host-return.zy,jobs
release,1,782651,131,434,5533499,True,"[66, 24, 7, 8]",0,lib/tests/builtin/host-return.zy,explicit
release,1,810077,131,434,5331082,True,"[66, 24, 7, 8]",0,lib/tests/builtin/host-return.zy,recursive
release,1,821204,131,434,4665090,True,"[66, 24, 7, 8]",1,lib/tests/builtin/host-return.zy,jobs
release,1,796405,131,434,5503828,True,"[66, 24, 7, 8]",1,lib/tests/builtin/host-return.zy,explicit
release,1,817874,131,434,5264712,True,"[66, 24, 7, 8]",1,lib/tests/builtin/host-return.zy,recursive
release,1,800666,131,434,5156641,True,"[66, 24, 7, 8]",1,lib/tests/builtin/host-return.zy,original
release,1,785537,131,434,5461169,True,"[66, 24, 7, 8]",2,lib/tests/builtin/host-return.zy,explicit
release,1,776796,131,434,5204256,True,"[66, 24, 7, 8]",2,lib/tests/builtin/host-return.zy,recursive
release,1,769552,131,434,5103414,True,"[66, 24, 7, 8]",2,lib/tests/builtin/host-return.zy,original
release,1,745865,131,434,4602713,True,"[66, 24, 7, 8]",2,lib/tests/builtin/host-return.zy,jobs
release,1,761870,131,434,5235831,True,"[66, 24, 7, 8]",3,lib/tests/builtin/host-return.zy,recursive
release,1,810329,131,434,5081105,True,"[66, 24, 7, 8]",3,lib/tests/builtin/host-return.zy,original
release,1,767737,131,434,4688254,True,"[66, 24, 7, 8]",3,lib/tests/builtin/host-return.zy,jobs
release,1,778720,131,434,5594540,True,"[66, 24, 7, 8]",3,lib/tests/builtin/host-return.zy,explicit
release,1,762993,131,434,5034502,True,"[66, 24, 7, 8]",4,lib/tests/builtin/host-return.zy,original
release,1,742043,131,434,4674006,True,"[66, 24, 7, 8]",4,lib/tests/builtin/host-return.zy,jobs
release,1,767166,131,434,5385542,True,"[66, 24, 7, 8]",4,lib/tests/builtin/host-return.zy,explicit
release,1,727342,131,434,5169084,True,"[66, 24, 7, 8]",4,lib/tests/builtin/host-return.zy,recursive
release,1,734259,131,434,4774509,True,"[66, 24, 7, 8]",5,lib/tests/builtin/host-return.zy,jobs
release,1,744209,131,434,5448367,True,"[66, 24, 7, 8]",5,lib/tests/builtin/host-return.zy,explicit
release,1,768552,131,434,5205750,True,"[66, 24, 7, 8]",5,lib/tests/builtin/host-return.zy,recursive
release,1,743164,131,434,4955574,True,"[66, 24, 7, 8]",5,lib/tests/builtin/host-return.zy,original
release,1,803363,131,434,5476092,True,"[66, 24, 7, 8]",6,lib/tests/builtin/host-return.zy,explicit
release,1,748367,131,434,5207637,True,"[66, 24, 7, 8]",6,lib/tests/builtin/host-return.zy,recursive
release,1,754486,131,434,4959951,True,"[66, 24, 7, 8]",6,lib/tests/builtin/host-return.zy,original
release,1,744545,131,434,4622279,True,"[66, 24, 7, 8]",6,lib/tests/builtin/host-return.zy,jobs
release,1,770331,131,434,5154428,True,"[66, 24, 7, 8]",7,lib/tests/builtin/host-return.zy,recursive
release,1,736132,131,434,4962289,True,"[66, 24, 7, 8]",7,lib/tests/builtin/host-return.zy,original
release,1,739832,131,434,4609750,True,"[66, 24, 7, 8]",7,lib/tests/builtin/host-return.zy,jobs
release,1,732282,131,434,5341839,True,"[66, 24, 7, 8]",7,lib/tests/builtin/host-return.zy,explicit
release,1,714339,131,434,4908171,True,"[66, 24, 7, 8]",8,lib/tests/builtin/host-return.zy,original
release,1,770460,131,434,4576656,True,"[66, 24, 7, 8]",8,lib/tests/builtin/host-return.zy,jobs
release,1,749630,131,434,5336556,True,"[66, 24, 7, 8]",8,lib/tests/builtin/host-return.zy,explicit
release,1,741296,131,434,5158302,True,"[66, 24, 7, 8]",8,lib/tests/builtin/host-return.zy,recursive
release,1,780923,131,434,4684952,True,"[66, 24, 7, 8]",9,lib/tests/builtin/host-return.zy,jobs
release,1,791716,131,434,5438451,True,"[66, 24, 7, 8]",9,lib/tests/builtin/host-return.zy,explicit
release,1,773212,131,434,5149641,True,"[66, 24, 7, 8]",9,lib/tests/builtin/host-return.zy,recursive
release,1,777243,131,434,4979389,True,"[66, 24, 7, 8]",9,lib/tests/builtin/host-return.zy,original
release,1,749090,131,434,5430214,True,"[66, 24, 7, 8]",10,lib/tests/builtin/host-return.zy,explicit
release,1,741084,131,434,5116690,True,"[66, 24, 7, 8]",10,lib/tests/builtin/host-return.zy,recursive
release,1,744129,131,434,4966006,True,"[66, 24, 7, 8]",10,lib/tests/builtin/host-return.zy,original
release,1,810693,131,434,4711030,True,"[66, 24, 7, 8]",10,lib/tests/builtin/host-return.zy,jobs
release,1,799786,131,434,5244897,True,"[66, 24, 7, 8]",11,lib/tests/builtin/host-return.zy,recursive
release,1,768888,131,434,4900835,True,"[66, 24, 7, 8]",11,lib/tests/builtin/host-return.zy,original
release,1,762714,131,434,4653194,True,"[66, 24, 7, 8]",11,lib/tests/builtin/host-return.zy,jobs
release,1,772882,131,434,5504588,True,"[66, 24, 7, 8]",11,lib/tests/builtin/host-return.zy,explicit
release,1,731827,131,434,5006421,True,"[66, 24, 7, 8]",12,lib/tests/builtin/host-return.zy,original
release,1,802658,131,434,4650294,True,"[66, 24, 7, 8]",12,lib/tests/builtin/host-return.zy,jobs
release,1,806548,131,434,5425489,True,"[66, 24, 7, 8]",12,lib/tests/builtin/host-return.zy,explicit
release,1,768339,131,434,5186540,True,"[66, 24, 7, 8]",12,lib/tests/builtin/host-return.zy,recursive
release,1,725461,131,434,4648666,True,"[66, 24, 7, 8]",13,lib/tests/builtin/host-return.zy,jobs
release,1,737786,131,434,5440721,True,"[66, 24, 7, 8]",13,lib/tests/builtin/host-return.zy,explicit
release,1,788404,131,434,5309594,True,"[66, 24, 7, 8]",13,lib/tests/builtin/host-return.zy,recursive
release,1,752633,131,434,5010455,True,"[66, 24, 7, 8]",13,lib/tests/builtin/host-return.zy,original
release,1,745881,131,434,5453501,True,"[66, 24, 7, 8]",14,lib/tests/builtin/host-return.zy,explicit
release,1,772449,131,434,5275206,True,"[66, 24, 7, 8]",14,lib/tests/builtin/host-return.zy,recursive
release,1,746051,131,434,4950114,True,"[66, 24, 7, 8]",14,lib/tests/builtin/host-return.zy,original
release,1,744412,131,434,4666368,True,"[66, 24, 7, 8]",14,lib/tests/builtin/host-return.zy,jobs
release,1,760095,131,434,5151004,True,"[66, 24, 7, 8]",15,lib/tests/builtin/host-return.zy,recursive
release,1,805783,131,434,5032760,True,"[66, 24, 7, 8]",15,lib/tests/builtin/host-return.zy,original
release,1,752119,131,434,4661083,True,"[66, 24, 7, 8]",15,lib/tests/builtin/host-return.zy,jobs
release,1,738288,131,434,5354050,True,"[66, 24, 7, 8]",15,lib/tests/builtin/host-return.zy,explicit
release,1,725841,131,434,4950616,True,"[66, 24, 7, 8]",16,lib/tests/builtin/host-return.zy,original
release,1,777122,131,434,4614460,True,"[66, 24, 7, 8]",16,lib/tests/builtin/host-return.zy,jobs
release,1,809873,131,434,5355244,True,"[66, 24, 7, 8]",16,lib/tests/builtin/host-return.zy,explicit
release,1,759419,131,434,5359614,True,"[66, 24, 7, 8]",16,lib/tests/builtin/host-return.zy,recursive
release,1,736867,131,434,4670250,True,"[66, 24, 7, 8]",17,lib/tests/builtin/host-return.zy,jobs
release,1,794965,131,434,5369785,True,"[66, 24, 7, 8]",17,lib/tests/builtin/host-return.zy,explicit
release,1,737696,131,434,5114168,True,"[66, 24, 7, 8]",17,lib/tests/builtin/host-return.zy,recursive
release,1,743425,131,434,4953292,True,"[66, 24, 7, 8]",17,lib/tests/builtin/host-return.zy,original
release,1,772081,131,434,5335214,True,"[66, 24, 7, 8]",18,lib/tests/builtin/host-return.zy,explicit
release,1,736880,131,434,5176420,True,"[66, 24, 7, 8]",18,lib/tests/builtin/host-return.zy,recursive
release,1,789716,131,434,4903949,True,"[66, 24, 7, 8]",18,lib/tests/builtin/host-return.zy,original
release,1,756468,131,434,4703955,True,"[66, 24, 7, 8]",18,lib/tests/builtin/host-return.zy,jobs
release,1,743088,131,434,5261110,True,"[66, 24, 7, 8]",19,lib/tests/builtin/host-return.zy,recursive
release,1,738678,131,434,4968199,True,"[66, 24, 7, 8]",19,lib/tests/builtin/host-return.zy,original
release,1,763578,131,434,4698289,True,"[66, 24, 7, 8]",19,lib/tests/builtin/host-return.zy,jobs
release,1,730332,131,434,5296237,True,"[66, 24, 7, 8]",19,lib/tests/builtin/host-return.zy,explicit
release,1,776335,131,434,4965030,True,"[66, 24, 7, 8]",20,lib/tests/builtin/host-return.zy,original
release,1,786872,131,434,4641546,True,"[66, 24, 7, 8]",20,lib/tests/builtin/host-return.zy,jobs
release,1,793374,131,434,5407779,True,"[66, 24, 7, 8]",20,lib/tests/builtin/host-return.zy,explicit
release,1,725337,131,434,5121283,True,"[66, 24, 7, 8]",20,lib/tests/builtin/host-return.zy,recursive
release,1,765859,131,434,4622382,True,"[66, 24, 7, 8]",21,lib/tests/builtin/host-return.zy,jobs
release,1,728968,131,434,5325801,True,"[66, 24, 7, 8]",21,lib/tests/builtin/host-return.zy,explicit
release,1,742957,131,434,5165333,True,"[66, 24, 7, 8]",21,lib/tests/builtin/host-return.zy,recursive
release,1,795743,131,434,4970291,True,"[66, 24, 7, 8]",21,lib/tests/builtin/host-return.zy,original
release,1,783294,131,434,5411038,True,"[66, 24, 7, 8]",22,lib/tests/builtin/host-return.zy,explicit
release,1,723515,131,434,5093642,True,"[66, 24, 7, 8]",22,lib/tests/builtin/host-return.zy,recursive
release,1,765750,131,434,4957924,True,"[66, 24, 7, 8]",22,lib/tests/builtin/host-return.zy,original
release,1,754670,131,434,4580542,True,"[66, 24, 7, 8]",22,lib/tests/builtin/host-return.zy,jobs
release,1,738466,131,434,5216454,True,"[66, 24, 7, 8]",23,lib/tests/builtin/host-return.zy,recursive
release,1,732929,131,434,4957034,True,"[66, 24, 7, 8]",23,lib/tests/builtin/host-return.zy,original
release,1,817920,131,434,4727917,True,"[66, 24, 7, 8]",23,lib/tests/builtin/host-return.zy,jobs
release,1,774039,131,434,5378868,True,"[66, 24, 7, 8]",23,lib/tests/builtin/host-return.zy,explicit
release,1,787790,131,434,4982185,True,"[66, 24, 7, 8]",24,lib/tests/builtin/host-return.zy,original
release,1,790293,131,434,4706374,True,"[66, 24, 7, 8]",24,lib/tests/builtin/host-return.zy,jobs
release,1,750923,131,434,5330749,True,"[66, 24, 7, 8]",24,lib/tests/builtin/host-return.zy,explicit
release,1,726712,131,434,5115011,True,"[66, 24, 7, 8]",24,lib/tests/builtin/host-return.zy,recursive
release,1,712512,131,434,4594656,True,"[66, 24, 7, 8]",25,lib/tests/builtin/host-return.zy,jobs
release,1,785702,131,434,5489671,True,"[66, 24, 7, 8]",25,lib/tests/builtin/host-return.zy,explicit
release,1,803078,131,434,5189953,True,"[66, 24, 7, 8]",25,lib/tests/builtin/host-return.zy,recursive
release,1,787245,131,434,4973421,True,"[66, 24, 7, 8]",25,lib/tests/builtin/host-return.zy,original
release,1,732378,131,434,5334792,True,"[66, 24, 7, 8]",26,lib/tests/builtin/host-return.zy,explicit
release,1,711502,131,434,5115165,True,"[66, 24, 7, 8]",26,lib/tests/builtin/host-return.zy,recursive
release,1,713080,131,434,4976340,True,"[66, 24, 7, 8]",26,lib/tests/builtin/host-return.zy,original
release,1,735918,131,434,4651712,True,"[66, 24, 7, 8]",26,lib/tests/builtin/host-return.zy,jobs
release,1,792679,131,434,5151087,True,"[66, 24, 7, 8]",27,lib/tests/builtin/host-return.zy,recursive
release,1,798754,131,434,4994790,True,"[66, 24, 7, 8]",27,lib/tests/builtin/host-return.zy,original
release,1,779006,131,434,4661570,True,"[66, 24, 7, 8]",27,lib/tests/builtin/host-return.zy,jobs
release,1,778410,131,434,5432835,True,"[66, 24, 7, 8]",27,lib/tests/builtin/host-return.zy,explicit
release,1,729002,131,434,4942329,True,"[66, 24, 7, 8]",28,lib/tests/builtin/host-return.zy,original
release,1,713955,131,434,4596766,True,"[66, 24, 7, 8]",28,lib/tests/builtin/host-return.zy,jobs
release,1,767865,131,434,5371671,True,"[66, 24, 7, 8]",28,lib/tests/builtin/host-return.zy,explicit
release,1,790618,131,434,5164464,True,"[66, 24, 7, 8]",28,lib/tests/builtin/host-return.zy,recursive
release,1,799794,131,434,4694619,True,"[66, 24, 7, 8]",29,lib/tests/builtin/host-return.zy,jobs
release,1,733783,131,434,5403592,True,"[66, 24, 7, 8]",29,lib/tests/builtin/host-return.zy,explicit
release,1,757953,131,434,5164669,True,"[66, 24, 7, 8]",29,lib/tests/builtin/host-return.zy,recursive
release,1,750496,131,434,4939337,True,"[66, 24, 7, 8]",29,lib/tests/builtin/host-return.zy,original
release,1,762658,131,434,5413465,True,"[66, 24, 7, 8]",30,lib/tests/builtin/host-return.zy,explicit
release,1,793744,131,434,5185998,True,"[66, 24, 7, 8]",30,lib/tests/builtin/host-return.zy,recursive
release,1,730078,131,434,4918967,True,"[66, 24, 7, 8]",30,lib/tests/builtin/host-return.zy,original
release,1,729452,131,434,4747340,True,"[66, 24, 7, 8]",30,lib/tests/builtin/host-return.zy,jobs
release,1,746889,131,434,5201281,True,"[66, 24, 7, 8]",31,lib/tests/builtin/host-return.zy,recursive
release,1,762545,131,434,4983040,True,"[66, 24, 7, 8]",31,lib/tests/builtin/host-return.zy,original
release,1,723919,131,434,4644999,True,"[66, 24, 7, 8]",31,lib/tests/builtin/host-return.zy,jobs
release,1,728331,131,434,5437707,True,"[66, 24, 7, 8]",31,lib/tests/builtin/host-return.zy,explicit
release,1,702292,692,51,4684628,False,"[525, 160, 38, 0]",0,lib/tests/builtin/host-runtime.zy,original
release,1,716622,692,51,4363708,False,"[525, 160, 38, 0]",0,lib/tests/builtin/host-runtime.zy,jobs
release,1,700372,692,51,5151082,False,"[525, 160, 38, 0]",0,lib/tests/builtin/host-runtime.zy,explicit
release,1,678586,692,51,4818748,False,"[525, 160, 38, 0]",0,lib/tests/builtin/host-runtime.zy,recursive
release,1,614167,692,51,4375834,False,"[525, 160, 38, 0]",1,lib/tests/builtin/host-runtime.zy,jobs
release,1,612077,692,51,5180336,False,"[525, 160, 38, 0]",1,lib/tests/builtin/host-runtime.zy,explicit
release,1,600417,692,51,4975332,False,"[525, 160, 38, 0]",1,lib/tests/builtin/host-runtime.zy,recursive
release,1,703957,692,51,4788793,False,"[525, 160, 38, 0]",1,lib/tests/builtin/host-runtime.zy,original
release,1,710626,692,51,5197461,False,"[525, 160, 38, 0]",2,lib/tests/builtin/host-runtime.zy,explicit
release,1,687586,692,51,5065667,False,"[525, 160, 38, 0]",2,lib/tests/builtin/host-runtime.zy,recursive
release,1,681083,692,51,4680665,False,"[525, 160, 38, 0]",2,lib/tests/builtin/host-runtime.zy,original
release,1,653084,692,51,4343165,False,"[525, 160, 38, 0]",2,lib/tests/builtin/host-runtime.zy,jobs
release,1,663455,692,51,4895209,False,"[525, 160, 38, 0]",3,lib/tests/builtin/host-runtime.zy,recursive
release,1,701288,692,51,4717667,False,"[525, 160, 38, 0]",3,lib/tests/builtin/host-runtime.zy,original
release,1,669042,692,51,4354664,False,"[525, 160, 38, 0]",3,lib/tests/builtin/host-runtime.zy,jobs
release,1,609912,692,51,4977544,False,"[525, 160, 38, 0]",3,lib/tests/builtin/host-runtime.zy,explicit
release,1,648122,692,51,4721587,False,"[525, 160, 38, 0]",4,lib/tests/builtin/host-runtime.zy,original
release,1,606961,692,51,4393372,False,"[525, 160, 38, 0]",4,lib/tests/builtin/host-runtime.zy,jobs
release,1,658127,692,51,5043704,False,"[525, 160, 38, 0]",4,lib/tests/builtin/host-runtime.zy,explicit
release,1,611910,692,51,4773336,False,"[525, 160, 38, 0]",4,lib/tests/builtin/host-runtime.zy,recursive
release,1,643497,692,51,4409001,False,"[525, 160, 38, 0]",5,lib/tests/builtin/host-runtime.zy,jobs
release,1,678249,692,51,5093122,False,"[525, 160, 38, 0]",5,lib/tests/builtin/host-runtime.zy,explicit
release,1,619169,692,51,4901997,False,"[525, 160, 38, 0]",5,lib/tests/builtin/host-runtime.zy,recursive
release,1,641834,692,51,4701584,False,"[525, 160, 38, 0]",5,lib/tests/builtin/host-runtime.zy,original
release,1,618714,692,51,5127959,False,"[525, 160, 38, 0]",6,lib/tests/builtin/host-runtime.zy,explicit
release,1,596705,692,51,4842705,False,"[525, 160, 38, 0]",6,lib/tests/builtin/host-runtime.zy,recursive
release,1,631500,692,51,4749331,False,"[525, 160, 38, 0]",6,lib/tests/builtin/host-runtime.zy,original
release,1,624542,692,51,4229832,False,"[525, 160, 38, 0]",6,lib/tests/builtin/host-runtime.zy,jobs
release,1,615497,692,51,4888918,False,"[525, 160, 38, 0]",7,lib/tests/builtin/host-runtime.zy,recursive
release,1,616665,692,51,4711585,False,"[525, 160, 38, 0]",7,lib/tests/builtin/host-runtime.zy,original
release,1,615541,692,51,4227045,False,"[525, 160, 38, 0]",7,lib/tests/builtin/host-runtime.zy,jobs
release,1,653252,692,51,5078047,False,"[525, 160, 38, 0]",7,lib/tests/builtin/host-runtime.zy,explicit
release,1,660242,692,51,4763835,False,"[525, 160, 38, 0]",8,lib/tests/builtin/host-runtime.zy,original
release,1,664419,692,51,4377833,False,"[525, 160, 38, 0]",8,lib/tests/builtin/host-runtime.zy,jobs
release,1,645667,692,51,5194541,False,"[525, 160, 38, 0]",8,lib/tests/builtin/host-runtime.zy,explicit
release,1,637379,692,51,4962910,False,"[525, 160, 38, 0]",8,lib/tests/builtin/host-runtime.zy,recursive
release,1,629541,692,51,4306792,False,"[525, 160, 38, 0]",9,lib/tests/builtin/host-runtime.zy,jobs
release,1,614707,692,51,5095500,False,"[525, 160, 38, 0]",9,lib/tests/builtin/host-runtime.zy,explicit
release,1,615373,692,51,4928880,False,"[525, 160, 38, 0]",9,lib/tests/builtin/host-runtime.zy,recursive
release,1,684920,692,51,4749002,False,"[525, 160, 38, 0]",9,lib/tests/builtin/host-runtime.zy,original
release,1,636911,692,51,5117831,False,"[525, 160, 38, 0]",10,lib/tests/builtin/host-runtime.zy,explicit
release,1,639871,692,51,4899459,False,"[525, 160, 38, 0]",10,lib/tests/builtin/host-runtime.zy,recursive
release,1,652252,692,51,4734330,False,"[525, 160, 38, 0]",10,lib/tests/builtin/host-runtime.zy,original
release,1,595251,692,51,4238582,False,"[525, 160, 38, 0]",10,lib/tests/builtin/host-runtime.zy,jobs
release,1,610541,692,51,4965499,False,"[525, 160, 38, 0]",11,lib/tests/builtin/host-runtime.zy,recursive
release,1,625126,692,51,4836253,False,"[525, 160, 38, 0]",11,lib/tests/builtin/host-runtime.zy,original
release,1,613287,692,51,4402084,False,"[525, 160, 38, 0]",11,lib/tests/builtin/host-runtime.zy,jobs
release,1,640706,692,51,5117582,False,"[525, 160, 38, 0]",11,lib/tests/builtin/host-runtime.zy,explicit
release,1,657164,692,51,4754712,False,"[525, 160, 38, 0]",12,lib/tests/builtin/host-runtime.zy,original
release,1,635044,692,51,4468829,False,"[525, 160, 38, 0]",12,lib/tests/builtin/host-runtime.zy,jobs
release,1,651412,692,51,5203127,False,"[525, 160, 38, 0]",12,lib/tests/builtin/host-runtime.zy,explicit
release,1,624287,692,51,4910457,False,"[525, 160, 38, 0]",12,lib/tests/builtin/host-runtime.zy,recursive
release,1,630920,692,51,4435666,False,"[525, 160, 38, 0]",13,lib/tests/builtin/host-runtime.zy,jobs
release,1,626290,692,51,5127120,False,"[525, 160, 38, 0]",13,lib/tests/builtin/host-runtime.zy,explicit
release,1,648372,692,51,4927580,False,"[525, 160, 38, 0]",13,lib/tests/builtin/host-runtime.zy,recursive
release,1,670588,692,51,4845914,False,"[525, 160, 38, 0]",13,lib/tests/builtin/host-runtime.zy,original
release,1,654418,692,51,5175876,False,"[525, 160, 38, 0]",14,lib/tests/builtin/host-runtime.zy,explicit
release,1,637544,692,51,4924370,False,"[525, 160, 38, 0]",14,lib/tests/builtin/host-runtime.zy,recursive
release,1,630126,692,51,4767455,False,"[525, 160, 38, 0]",14,lib/tests/builtin/host-runtime.zy,original
release,1,610792,692,51,4395751,False,"[525, 160, 38, 0]",14,lib/tests/builtin/host-runtime.zy,jobs
release,1,639539,692,51,4932587,False,"[525, 160, 38, 0]",15,lib/tests/builtin/host-runtime.zy,recursive
release,1,670085,692,51,4918044,False,"[525, 160, 38, 0]",15,lib/tests/builtin/host-runtime.zy,original
release,1,675665,692,51,4468418,False,"[525, 160, 38, 0]",15,lib/tests/builtin/host-runtime.zy,jobs
release,1,659580,692,51,5087167,False,"[525, 160, 38, 0]",15,lib/tests/builtin/host-runtime.zy,explicit
release,1,697166,692,51,4768499,False,"[525, 160, 38, 0]",16,lib/tests/builtin/host-runtime.zy,original
release,1,663963,692,51,4446207,False,"[525, 160, 38, 0]",16,lib/tests/builtin/host-runtime.zy,jobs
release,1,644705,692,51,5030337,False,"[525, 160, 38, 0]",16,lib/tests/builtin/host-runtime.zy,explicit
release,1,635961,692,51,4974962,False,"[525, 160, 38, 0]",16,lib/tests/builtin/host-runtime.zy,recursive
release,1,656754,692,51,4415834,False,"[525, 160, 38, 0]",17,lib/tests/builtin/host-runtime.zy,jobs
release,1,655582,692,51,5167546,False,"[525, 160, 38, 0]",17,lib/tests/builtin/host-runtime.zy,explicit
release,1,630830,692,51,4980788,False,"[525, 160, 38, 0]",17,lib/tests/builtin/host-runtime.zy,recursive
release,1,639789,692,51,4763132,False,"[525, 160, 38, 0]",17,lib/tests/builtin/host-runtime.zy,original
release,1,666545,692,51,5076206,False,"[525, 160, 38, 0]",18,lib/tests/builtin/host-runtime.zy,explicit
release,1,658544,692,51,5024165,False,"[525, 160, 38, 0]",18,lib/tests/builtin/host-runtime.zy,recursive
release,1,642543,692,51,4689913,False,"[525, 160, 38, 0]",18,lib/tests/builtin/host-runtime.zy,original
release,1,638790,692,51,4390791,False,"[525, 160, 38, 0]",18,lib/tests/builtin/host-runtime.zy,jobs
release,1,655709,692,51,4985003,False,"[525, 160, 38, 0]",19,lib/tests/builtin/host-runtime.zy,recursive
release,1,658920,692,51,4847708,False,"[525, 160, 38, 0]",19,lib/tests/builtin/host-runtime.zy,original
release,1,660962,692,51,4395499,False,"[525, 160, 38, 0]",19,lib/tests/builtin/host-runtime.zy,jobs
release,1,651041,692,51,5308335,False,"[525, 160, 38, 0]",19,lib/tests/builtin/host-runtime.zy,explicit
release,1,634708,692,51,4739039,False,"[525, 160, 38, 0]",20,lib/tests/builtin/host-runtime.zy,original
release,1,623458,692,51,4293876,False,"[525, 160, 38, 0]",20,lib/tests/builtin/host-runtime.zy,jobs
release,1,621502,692,51,5132041,False,"[525, 160, 38, 0]",20,lib/tests/builtin/host-runtime.zy,explicit
release,1,630120,692,51,4889336,False,"[525, 160, 38, 0]",20,lib/tests/builtin/host-runtime.zy,recursive
release,1,645294,692,51,4365542,False,"[525, 160, 38, 0]",21,lib/tests/builtin/host-runtime.zy,jobs
release,1,636833,692,51,5102461,False,"[525, 160, 38, 0]",21,lib/tests/builtin/host-runtime.zy,explicit
release,1,639620,692,51,4943796,False,"[525, 160, 38, 0]",21,lib/tests/builtin/host-runtime.zy,recursive
release,1,633793,692,51,4746794,False,"[525, 160, 38, 0]",21,lib/tests/builtin/host-runtime.zy,original
release,1,641211,692,51,5166002,False,"[525, 160, 38, 0]",22,lib/tests/builtin/host-runtime.zy,explicit
release,1,609916,692,51,4882621,False,"[525, 160, 38, 0]",22,lib/tests/builtin/host-runtime.zy,recursive
release,1,634167,692,51,4702498,False,"[525, 160, 38, 0]",22,lib/tests/builtin/host-runtime.zy,original
release,1,645877,692,51,4349712,False,"[525, 160, 38, 0]",22,lib/tests/builtin/host-runtime.zy,jobs
release,1,648327,692,51,5078627,False,"[525, 160, 38, 0]",23,lib/tests/builtin/host-runtime.zy,recursive
release,1,611958,692,51,4752495,False,"[525, 160, 38, 0]",23,lib/tests/builtin/host-runtime.zy,original
release,1,609333,692,51,4346126,False,"[525, 160, 38, 0]",23,lib/tests/builtin/host-runtime.zy,jobs
release,1,646043,692,51,5055456,False,"[525, 160, 38, 0]",23,lib/tests/builtin/host-runtime.zy,explicit
release,1,633379,692,51,4732955,False,"[525, 160, 38, 0]",24,lib/tests/builtin/host-runtime.zy,original
release,1,610790,692,51,4352209,False,"[525, 160, 38, 0]",24,lib/tests/builtin/host-runtime.zy,jobs
release,1,635543,692,51,5077877,False,"[525, 160, 38, 0]",24,lib/tests/builtin/host-runtime.zy,explicit
release,1,636253,692,51,4958541,False,"[525, 160, 38, 0]",24,lib/tests/builtin/host-runtime.zy,recursive
release,1,650874,692,51,4539793,False,"[525, 160, 38, 0]",25,lib/tests/builtin/host-runtime.zy,jobs
release,1,628086,692,51,4998460,False,"[525, 160, 38, 0]",25,lib/tests/builtin/host-runtime.zy,explicit
release,1,609459,692,51,4933703,False,"[525, 160, 38, 0]",25,lib/tests/builtin/host-runtime.zy,recursive
release,1,612458,692,51,4707754,False,"[525, 160, 38, 0]",25,lib/tests/builtin/host-runtime.zy,original
release,1,648453,692,51,5055793,False,"[525, 160, 38, 0]",26,lib/tests/builtin/host-runtime.zy,explicit
release,1,610537,692,51,4911791,False,"[525, 160, 38, 0]",26,lib/tests/builtin/host-runtime.zy,recursive
release,1,606456,692,51,4778420,False,"[525, 160, 38, 0]",26,lib/tests/builtin/host-runtime.zy,original
release,1,625663,692,51,4265710,False,"[525, 160, 38, 0]",26,lib/tests/builtin/host-runtime.zy,jobs
release,1,627876,692,51,4890501,False,"[525, 160, 38, 0]",27,lib/tests/builtin/host-runtime.zy,recursive
release,1,617879,692,51,4735872,False,"[525, 160, 38, 0]",27,lib/tests/builtin/host-runtime.zy,original
release,1,605749,692,51,4207790,False,"[525, 160, 38, 0]",27,lib/tests/builtin/host-runtime.zy,jobs
release,1,618376,692,51,5073079,False,"[525, 160, 38, 0]",27,lib/tests/builtin/host-runtime.zy,explicit
release,1,655001,692,51,4769874,False,"[525, 160, 38, 0]",28,lib/tests/builtin/host-runtime.zy,original
release,1,629376,692,51,4448876,False,"[525, 160, 38, 0]",28,lib/tests/builtin/host-runtime.zy,jobs
release,1,633707,692,51,5190376,False,"[525, 160, 38, 0]",28,lib/tests/builtin/host-runtime.zy,explicit
release,1,624960,692,51,4884165,False,"[525, 160, 38, 0]",28,lib/tests/builtin/host-runtime.zy,recursive
release,1,603292,692,51,4295748,False,"[525, 160, 38, 0]",29,lib/tests/builtin/host-runtime.zy,jobs
release,1,618040,692,51,5054753,False,"[525, 160, 38, 0]",29,lib/tests/builtin/host-runtime.zy,explicit
release,1,603335,692,51,4927706,False,"[525, 160, 38, 0]",29,lib/tests/builtin/host-runtime.zy,recursive
release,1,628042,692,51,4731040,False,"[525, 160, 38, 0]",29,lib/tests/builtin/host-runtime.zy,original
release,1,650377,692,51,5106871,False,"[525, 160, 38, 0]",30,lib/tests/builtin/host-runtime.zy,explicit
release,1,614498,692,51,4882212,False,"[525, 160, 38, 0]",30,lib/tests/builtin/host-runtime.zy,recursive
release,1,642500,692,51,4869629,False,"[525, 160, 38, 0]",30,lib/tests/builtin/host-runtime.zy,original
release,1,643164,692,51,4358789,False,"[525, 160, 38, 0]",30,lib/tests/builtin/host-runtime.zy,jobs
release,1,642168,692,51,4913123,False,"[525, 160, 38, 0]",31,lib/tests/builtin/host-runtime.zy,recursive
release,1,650829,692,51,4619834,False,"[525, 160, 38, 0]",31,lib/tests/builtin/host-runtime.zy,original
release,1,626207,692,51,4336002,False,"[525, 160, 38, 0]",31,lib/tests/builtin/host-runtime.zy,jobs
release,1,637958,692,51,5049171,False,"[525, 160, 38, 0]",31,lib/tests/builtin/host-runtime.zy,explicit
release,1,767292,692,74,4913126,True,"[383, 160, 38, 39]",0,lib/tests/builtin/host-runtime.zy,original
release,1,722043,692,74,4613959,True,"[383, 160, 38, 39]",0,lib/tests/builtin/host-runtime.zy,jobs
release,1,788749,692,74,5281748,True,"[383, 160, 38, 39]",0,lib/tests/builtin/host-runtime.zy,explicit
release,1,810965,692,74,5239794,True,"[383, 160, 38, 39]",0,lib/tests/builtin/host-runtime.zy,recursive
release,1,793915,692,74,4676002,True,"[383, 160, 38, 39]",1,lib/tests/builtin/host-runtime.zy,jobs
release,1,772083,692,74,5403749,True,"[383, 160, 38, 39]",1,lib/tests/builtin/host-runtime.zy,explicit
release,1,744578,692,74,5338046,True,"[383, 160, 38, 39]",1,lib/tests/builtin/host-runtime.zy,recursive
release,1,785413,692,74,5000083,True,"[383, 160, 38, 39]",1,lib/tests/builtin/host-runtime.zy,original
release,1,742911,692,74,5298295,True,"[383, 160, 38, 39]",2,lib/tests/builtin/host-runtime.zy,explicit
release,1,715579,692,74,5087916,True,"[383, 160, 38, 39]",2,lib/tests/builtin/host-runtime.zy,recursive
release,1,716999,692,74,4915916,True,"[383, 160, 38, 39]",2,lib/tests/builtin/host-runtime.zy,original
release,1,745332,692,74,4706835,True,"[383, 160, 38, 39]",2,lib/tests/builtin/host-runtime.zy,jobs
release,1,739700,692,74,5160711,True,"[383, 160, 38, 39]",3,lib/tests/builtin/host-runtime.zy,recursive
release,1,728042,692,74,5034752,True,"[383, 160, 38, 39]",3,lib/tests/builtin/host-runtime.zy,original
release,1,798830,692,74,4657622,True,"[383, 160, 38, 39]",3,lib/tests/builtin/host-runtime.zy,jobs
release,1,737626,692,74,5318493,True,"[383, 160, 38, 39]",3,lib/tests/builtin/host-runtime.zy,explicit
release,1,718708,692,74,4923454,True,"[383, 160, 38, 39]",4,lib/tests/builtin/host-runtime.zy,original
release,1,690003,692,74,4588831,True,"[383, 160, 38, 39]",4,lib/tests/builtin/host-runtime.zy,jobs
release,1,714584,692,74,5312209,True,"[383, 160, 38, 39]",4,lib/tests/builtin/host-runtime.zy,explicit
release,1,754252,692,74,5444541,True,"[383, 160, 38, 39]",4,lib/tests/builtin/host-runtime.zy,recursive
release,1,736792,692,74,4650377,True,"[383, 160, 38, 39]",5,lib/tests/builtin/host-runtime.zy,jobs
release,1,741498,692,74,5337670,True,"[383, 160, 38, 39]",5,lib/tests/builtin/host-runtime.zy,explicit
release,1,724917,692,74,5140373,True,"[383, 160, 38, 39]",5,lib/tests/builtin/host-runtime.zy,recursive
release,1,736126,692,74,5043004,True,"[383, 160, 38, 39]",5,lib/tests/builtin/host-runtime.zy,original
release,1,739752,692,74,5320338,True,"[383, 160, 38, 39]",6,lib/tests/builtin/host-runtime.zy,explicit
release,1,719213,692,74,5049868,True,"[383, 160, 38, 39]",6,lib/tests/builtin/host-runtime.zy,recursive
release,1,710168,692,74,4856788,True,"[383, 160, 38, 39]",6,lib/tests/builtin/host-runtime.zy,original
release,1,720457,692,74,4621956,True,"[383, 160, 38, 39]",6,lib/tests/builtin/host-runtime.zy,jobs
release,1,772123,692,74,5324337,True,"[383, 160, 38, 39]",7,lib/tests/builtin/host-runtime.zy,recursive
release,1,744421,692,74,5004375,True,"[383, 160, 38, 39]",7,lib/tests/builtin/host-runtime.zy,original
release,1,742668,692,74,4820581,True,"[383, 160, 38, 39]",7,lib/tests/builtin/host-runtime.zy,jobs
release,1,719672,692,74,5369502,True,"[383, 160, 38, 39]",7,lib/tests/builtin/host-runtime.zy,explicit
release,1,734337,692,74,4915081,True,"[383, 160, 38, 39]",8,lib/tests/builtin/host-runtime.zy,original
release,1,731086,692,74,4717247,True,"[383, 160, 38, 39]",8,lib/tests/builtin/host-runtime.zy,jobs
release,1,764623,692,74,5494584,True,"[383, 160, 38, 39]",8,lib/tests/builtin/host-runtime.zy,explicit
release,1,760955,692,74,5208501,True,"[383, 160, 38, 39]",8,lib/tests/builtin/host-runtime.zy,recursive
release,1,734042,692,74,4537375,True,"[383, 160, 38, 39]",9,lib/tests/builtin/host-runtime.zy,jobs
release,1,694044,692,74,5261164,True,"[383, 160, 38, 39]",9,lib/tests/builtin/host-runtime.zy,explicit
release,1,762794,692,74,5037333,True,"[383, 160, 38, 39]",9,lib/tests/builtin/host-runtime.zy,recursive
release,1,737372,692,74,4950249,True,"[383, 160, 38, 39]",9,lib/tests/builtin/host-runtime.zy,original
release,1,743083,692,74,5345793,True,"[383, 160, 38, 39]",10,lib/tests/builtin/host-runtime.zy,explicit
release,1,730253,692,74,5149456,True,"[383, 160, 38, 39]",10,lib/tests/builtin/host-runtime.zy,recursive
release,1,685587,692,74,4881755,True,"[383, 160, 38, 39]",10,lib/tests/builtin/host-runtime.zy,original
release,1,701125,692,74,4532499,True,"[383, 160, 38, 39]",10,lib/tests/builtin/host-runtime.zy,jobs
release,1,734247,692,74,5141330,True,"[383, 160, 38, 39]",11,lib/tests/builtin/host-runtime.zy,recursive
release,1,730539,692,74,4945584,True,"[383, 160, 38, 39]",11,lib/tests/builtin/host-runtime.zy,original
release,1,707794,692,74,4495250,True,"[383, 160, 38, 39]",11,lib/tests/builtin/host-runtime.zy,jobs
release,1,721794,692,74,5215039,True,"[383, 160, 38, 39]",11,lib/tests/builtin/host-runtime.zy,explicit
release,1,711922,692,74,4984791,True,"[383, 160, 38, 39]",12,lib/tests/builtin/host-runtime.zy,original
release,1,712671,692,74,4630167,True,"[383, 160, 38, 39]",12,lib/tests/builtin/host-runtime.zy,jobs
release,1,721000,692,74,5368916,True,"[383, 160, 38, 39]",12,lib/tests/builtin/host-runtime.zy,explicit
release,1,719709,692,74,5098169,True,"[383, 160, 38, 39]",12,lib/tests/builtin/host-runtime.zy,recursive
release,1,733333,692,74,4578498,True,"[383, 160, 38, 39]",13,lib/tests/builtin/host-runtime.zy,jobs
release,1,729042,692,74,5250915,True,"[383, 160, 38, 39]",13,lib/tests/builtin/host-runtime.zy,explicit
release,1,740371,692,74,5129665,True,"[383, 160, 38, 39]",13,lib/tests/builtin/host-runtime.zy,recursive
release,1,794256,692,74,5151748,True,"[383, 160, 38, 39]",13,lib/tests/builtin/host-runtime.zy,original
release,1,755673,692,74,5505629,True,"[383, 160, 38, 39]",14,lib/tests/builtin/host-runtime.zy,explicit
release,1,744001,692,74,5169957,True,"[383, 160, 38, 39]",14,lib/tests/builtin/host-runtime.zy,recursive
release,1,741334,692,74,5035869,True,"[383, 160, 38, 39]",14,lib/tests/builtin/host-runtime.zy,original
release,1,851418,692,74,4823376,True,"[383, 160, 38, 39]",14,lib/tests/builtin/host-runtime.zy,jobs
release,1,759041,692,74,5352337,True,"[383, 160, 38, 39]",15,lib/tests/builtin/host-runtime.zy,recursive
release,1,732667,692,74,5018295,True,"[383, 160, 38, 39]",15,lib/tests/builtin/host-runtime.zy,original
release,1,758331,692,74,4804423,True,"[383, 160, 38, 39]",15,lib/tests/builtin/host-runtime.zy,jobs
release,1,776917,692,74,5427790,True,"[383, 160, 38, 39]",15,lib/tests/builtin/host-runtime.zy,explicit
release,1,798755,692,74,5237543,True,"[383, 160, 38, 39]",16,lib/tests/builtin/host-runtime.zy,original
release,1,749752,692,74,4666168,True,"[383, 160, 38, 39]",16,lib/tests/builtin/host-runtime.zy,jobs
release,1,690253,692,74,5326377,True,"[383, 160, 38, 39]",16,lib/tests/builtin/host-runtime.zy,explicit
release,1,727922,692,74,5141668,True,"[383, 160, 38, 39]",16,lib/tests/builtin/host-runtime.zy,recursive
release,1,721416,692,74,4584291,True,"[383, 160, 38, 39]",17,lib/tests/builtin/host-runtime.zy,jobs
release,1,751540,692,74,5334713,True,"[383, 160, 38, 39]",17,lib/tests/builtin/host-runtime.zy,explicit
release,1,737251,692,74,5105672,True,"[383, 160, 38, 39]",17,lib/tests/builtin/host-runtime.zy,recursive
release,1,761542,692,74,5169001,True,"[383, 160, 38, 39]",17,lib/tests/builtin/host-runtime.zy,original
release,1,731086,692,74,5342631,True,"[383, 160, 38, 39]",18,lib/tests/builtin/host-runtime.zy,explicit
release,1,735497,692,74,5128209,True,"[383, 160, 38, 39]",18,lib/tests/builtin/host-runtime.zy,recursive
release,1,714876,692,74,4910546,True,"[383, 160, 38, 39]",18,lib/tests/builtin/host-runtime.zy,original
release,1,738202,692,74,4525213,True,"[383, 160, 38, 39]",18,lib/tests/builtin/host-runtime.zy,jobs
release,1,707247,692,74,5132543,True,"[383, 160, 38, 39]",19,lib/tests/builtin/host-runtime.zy,recursive
release,1,716711,692,74,4975164,True,"[383, 160, 38, 39]",19,lib/tests/builtin/host-runtime.zy,original
release,1,733579,692,74,4667498,True,"[383, 160, 38, 39]",19,lib/tests/builtin/host-runtime.zy,jobs
release,1,751960,692,74,5565452,True,"[383, 160, 38, 39]",19,lib/tests/builtin/host-runtime.zy,explicit
release,1,743794,692,74,5014788,True,"[383, 160, 38, 39]",20,lib/tests/builtin/host-runtime.zy,original
release,1,756252,692,74,4674333,True,"[383, 160, 38, 39]",20,lib/tests/builtin/host-runtime.zy,jobs
release,1,701790,692,74,5264413,True,"[383, 160, 38, 39]",20,lib/tests/builtin/host-runtime.zy,explicit
release,1,709751,692,74,5133416,True,"[383, 160, 38, 39]",20,lib/tests/builtin/host-runtime.zy,recursive
release,1,753463,692,74,4624786,True,"[383, 160, 38, 39]",21,lib/tests/builtin/host-runtime.zy,jobs
release,1,750836,692,74,5435376,True,"[383, 160, 38, 39]",21,lib/tests/builtin/host-runtime.zy,explicit
release,1,771627,692,74,5220916,True,"[383, 160, 38, 39]",21,lib/tests/builtin/host-runtime.zy,recursive
release,1,747624,692,74,5055001,True,"[383, 160, 38, 39]",21,lib/tests/builtin/host-runtime.zy,original
release,1,748954,692,74,5515086,True,"[383, 160, 38, 39]",22,lib/tests/builtin/host-runtime.zy,explicit
release,1,772294,692,74,5260957,True,"[383, 160, 38, 39]",22,lib/tests/builtin/host-runtime.zy,recursive
release,1,722914,692,74,5033287,True,"[383, 160, 38, 39]",22,lib/tests/builtin/host-runtime.zy,original
release,1,784205,692,74,4714789,True,"[383, 160, 38, 39]",22,lib/tests/builtin/host-runtime.zy,jobs
release,1,706297,692,74,5186574,True,"[383, 160, 38, 39]",23,lib/tests/builtin/host-runtime.zy,recursive
release,1,709121,692,74,4987421,True,"[383, 160, 38, 39]",23,lib/tests/builtin/host-runtime.zy,original
release,1,690881,692,74,4551585,True,"[383, 160, 38, 39]",23,lib/tests/builtin/host-runtime.zy,jobs
release,1,754414,692,74,5385460,True,"[383, 160, 38, 39]",23,lib/tests/builtin/host-runtime.zy,explicit
release,1,746254,692,74,5079838,True,"[383, 160, 38, 39]",24,lib/tests/builtin/host-runtime.zy,original
release,1,707919,692,74,4591045,True,"[383, 160, 38, 39]",24,lib/tests/builtin/host-runtime.zy,jobs
release,1,741837,692,74,5281170,True,"[383, 160, 38, 39]",24,lib/tests/builtin/host-runtime.zy,explicit
release,1,787580,692,74,5324710,True,"[383, 160, 38, 39]",24,lib/tests/builtin/host-runtime.zy,recursive
release,1,770666,692,74,4900330,True,"[383, 160, 38, 39]",25,lib/tests/builtin/host-runtime.zy,jobs
release,1,744041,692,74,5464502,True,"[383, 160, 38, 39]",25,lib/tests/builtin/host-runtime.zy,explicit
release,1,739297,692,74,5088492,True,"[383, 160, 38, 39]",25,lib/tests/builtin/host-runtime.zy,recursive
release,1,696543,692,74,4938747,True,"[383, 160, 38, 39]",25,lib/tests/builtin/host-runtime.zy,original
release,1,754749,692,74,5353167,True,"[383, 160, 38, 39]",26,lib/tests/builtin/host-runtime.zy,explicit
release,1,739584,692,74,5116751,True,"[383, 160, 38, 39]",26,lib/tests/builtin/host-runtime.zy,recursive
release,1,745038,692,74,4987417,True,"[383, 160, 38, 39]",26,lib/tests/builtin/host-runtime.zy,original
release,1,721126,692,74,4536578,True,"[383, 160, 38, 39]",26,lib/tests/builtin/host-runtime.zy,jobs
release,1,743833,692,74,5010461,True,"[383, 160, 38, 39]",27,lib/tests/builtin/host-runtime.zy,recursive
release,1,720253,692,74,4897543,True,"[383, 160, 38, 39]",27,lib/tests/builtin/host-runtime.zy,original
release,1,749001,692,74,4567831,True,"[383, 160, 38, 39]",27,lib/tests/builtin/host-runtime.zy,jobs
release,1,707623,692,74,5240204,True,"[383, 160, 38, 39]",27,lib/tests/builtin/host-runtime.zy,explicit
release,1,747210,692,74,4953164,True,"[383, 160, 38, 39]",28,lib/tests/builtin/host-runtime.zy,original
release,1,720872,692,74,4583125,True,"[383, 160, 38, 39]",28,lib/tests/builtin/host-runtime.zy,jobs
release,1,744671,692,74,5303417,True,"[383, 160, 38, 39]",28,lib/tests/builtin/host-runtime.zy,explicit
release,1,752714,692,74,5174294,True,"[383, 160, 38, 39]",28,lib/tests/builtin/host-runtime.zy,recursive
release,1,704834,692,74,4662872,True,"[383, 160, 38, 39]",29,lib/tests/builtin/host-runtime.zy,jobs
release,1,726289,692,74,5275626,True,"[383, 160, 38, 39]",29,lib/tests/builtin/host-runtime.zy,explicit
release,1,698252,692,74,5022917,True,"[383, 160, 38, 39]",29,lib/tests/builtin/host-runtime.zy,recursive
release,1,687214,692,74,4919122,True,"[383, 160, 38, 39]",29,lib/tests/builtin/host-runtime.zy,original
release,1,721370,692,74,5285084,True,"[383, 160, 38, 39]",30,lib/tests/builtin/host-runtime.zy,explicit
release,1,750496,692,74,5121580,True,"[383, 160, 38, 39]",30,lib/tests/builtin/host-runtime.zy,recursive
release,1,751129,692,74,4987379,True,"[383, 160, 38, 39]",30,lib/tests/builtin/host-runtime.zy,original
release,1,685747,692,74,4470795,True,"[383, 160, 38, 39]",30,lib/tests/builtin/host-runtime.zy,jobs
release,1,708922,692,74,5076036,True,"[383, 160, 38, 39]",31,lib/tests/builtin/host-runtime.zy,recursive
release,1,735419,692,74,4941705,True,"[383, 160, 38, 39]",31,lib/tests/builtin/host-runtime.zy,original
release,1,725378,692,74,4658957,True,"[383, 160, 38, 39]",31,lib/tests/builtin/host-runtime.zy,jobs
release,1,726295,692,74,5524460,True,"[383, 160, 38, 39]",31,lib/tests/builtin/host-runtime.zy,explicit
release,1,744080,251,173,5243379,False,"[191, 52, 14, 0]",0,lib/tests/delimcc/reset-shift-k.zy,original
release,1,766046,251,173,4746577,False,"[191, 52, 14, 0]",0,lib/tests/delimcc/reset-shift-k.zy,jobs
release,1,772830,251,173,5714087,False,"[191, 52, 14, 0]",0,lib/tests/delimcc/reset-shift-k.zy,explicit
release,1,824873,251,173,5640754,False,"[191, 52, 14, 0]",0,lib/tests/delimcc/reset-shift-k.zy,recursive
release,1,732956,251,173,4907414,False,"[191, 52, 14, 0]",1,lib/tests/delimcc/reset-shift-k.zy,jobs
release,1,728123,251,173,5804590,False,"[191, 52, 14, 0]",1,lib/tests/delimcc/reset-shift-k.zy,explicit
release,1,730759,251,173,5649823,False,"[191, 52, 14, 0]",1,lib/tests/delimcc/reset-shift-k.zy,recursive
release,1,771082,251,173,5513706,False,"[191, 52, 14, 0]",1,lib/tests/delimcc/reset-shift-k.zy,original
release,1,733084,251,173,5822083,False,"[191, 52, 14, 0]",2,lib/tests/delimcc/reset-shift-k.zy,explicit
release,1,768042,251,173,5559627,False,"[191, 52, 14, 0]",2,lib/tests/delimcc/reset-shift-k.zy,recursive
release,1,751417,251,173,5384996,False,"[191, 52, 14, 0]",2,lib/tests/delimcc/reset-shift-k.zy,original
release,1,814371,251,173,4990129,False,"[191, 52, 14, 0]",2,lib/tests/delimcc/reset-shift-k.zy,jobs
release,1,767671,251,173,5772166,False,"[191, 52, 14, 0]",3,lib/tests/delimcc/reset-shift-k.zy,recursive
release,1,728081,251,173,5295913,False,"[191, 52, 14, 0]",3,lib/tests/delimcc/reset-shift-k.zy,original
release,1,768541,251,173,4814040,False,"[191, 52, 14, 0]",3,lib/tests/delimcc/reset-shift-k.zy,jobs
release,1,743633,251,173,5794660,False,"[191, 52, 14, 0]",3,lib/tests/delimcc/reset-shift-k.zy,explicit
release,1,747000,251,173,5258622,False,"[191, 52, 14, 0]",4,lib/tests/delimcc/reset-shift-k.zy,original
release,1,750707,251,173,4946332,False,"[191, 52, 14, 0]",4,lib/tests/delimcc/reset-shift-k.zy,jobs
release,1,765042,251,173,5860456,False,"[191, 52, 14, 0]",4,lib/tests/delimcc/reset-shift-k.zy,explicit
release,1,732419,251,173,5411536,False,"[191, 52, 14, 0]",4,lib/tests/delimcc/reset-shift-k.zy,recursive
release,1,714461,251,173,4766036,False,"[191, 52, 14, 0]",5,lib/tests/delimcc/reset-shift-k.zy,jobs
release,1,705957,251,173,5785257,False,"[191, 52, 14, 0]",5,lib/tests/delimcc/reset-shift-k.zy,explicit
release,1,712256,251,173,5420298,False,"[191, 52, 14, 0]",5,lib/tests/delimcc/reset-shift-k.zy,recursive
release,1,746003,251,173,5442041,False,"[191, 52, 14, 0]",5,lib/tests/delimcc/reset-shift-k.zy,original
release,1,799535,251,173,6129050,False,"[191, 52, 14, 0]",6,lib/tests/delimcc/reset-shift-k.zy,explicit
release,1,803628,251,173,5776539,False,"[191, 52, 14, 0]",6,lib/tests/delimcc/reset-shift-k.zy,recursive
release,1,753159,251,173,5443747,False,"[191, 52, 14, 0]",6,lib/tests/delimcc/reset-shift-k.zy,original
release,1,729506,251,173,4922621,False,"[191, 52, 14, 0]",6,lib/tests/delimcc/reset-shift-k.zy,jobs
release,1,723758,251,173,5630081,False,"[191, 52, 14, 0]",7,lib/tests/delimcc/reset-shift-k.zy,recursive
release,1,763924,251,173,5427995,False,"[191, 52, 14, 0]",7,lib/tests/delimcc/reset-shift-k.zy,original
release,1,759087,251,173,4983371,False,"[191, 52, 14, 0]",7,lib/tests/delimcc/reset-shift-k.zy,jobs
release,1,733706,251,173,5938085,False,"[191, 52, 14, 0]",7,lib/tests/delimcc/reset-shift-k.zy,explicit
release,1,746794,251,173,5379285,False,"[191, 52, 14, 0]",8,lib/tests/delimcc/reset-shift-k.zy,original
release,1,746168,251,173,4941087,False,"[191, 52, 14, 0]",8,lib/tests/delimcc/reset-shift-k.zy,jobs
release,1,775417,251,173,6048797,False,"[191, 52, 14, 0]",8,lib/tests/delimcc/reset-shift-k.zy,explicit
release,1,742419,251,173,5843041,False,"[191, 52, 14, 0]",8,lib/tests/delimcc/reset-shift-k.zy,recursive
release,1,791669,251,173,5052419,False,"[191, 52, 14, 0]",9,lib/tests/delimcc/reset-shift-k.zy,jobs
release,1,753537,251,173,6001333,False,"[191, 52, 14, 0]",9,lib/tests/delimcc/reset-shift-k.zy,explicit
release,1,692540,251,173,5548576,False,"[191, 52, 14, 0]",9,lib/tests/delimcc/reset-shift-k.zy,recursive
release,1,726914,251,173,5460914,False,"[191, 52, 14, 0]",9,lib/tests/delimcc/reset-shift-k.zy,original
release,1,730955,251,173,5903759,False,"[191, 52, 14, 0]",10,lib/tests/delimcc/reset-shift-k.zy,explicit
release,1,720581,251,173,5622792,False,"[191, 52, 14, 0]",10,lib/tests/delimcc/reset-shift-k.zy,recursive
release,1,733044,251,173,5370746,False,"[191, 52, 14, 0]",10,lib/tests/delimcc/reset-shift-k.zy,original
release,1,746132,251,173,4853956,False,"[191, 52, 14, 0]",10,lib/tests/delimcc/reset-shift-k.zy,jobs
release,1,787505,251,173,5706540,False,"[191, 52, 14, 0]",11,lib/tests/delimcc/reset-shift-k.zy,recursive
release,1,771996,251,173,5448212,False,"[191, 52, 14, 0]",11,lib/tests/delimcc/reset-shift-k.zy,original
release,1,767252,251,173,4959867,False,"[191, 52, 14, 0]",11,lib/tests/delimcc/reset-shift-k.zy,jobs
release,1,751571,251,173,5921543,False,"[191, 52, 14, 0]",11,lib/tests/delimcc/reset-shift-k.zy,explicit
release,1,737079,251,173,5384197,False,"[191, 52, 14, 0]",12,lib/tests/delimcc/reset-shift-k.zy,original
release,1,742542,251,173,4815209,False,"[191, 52, 14, 0]",12,lib/tests/delimcc/reset-shift-k.zy,jobs
release,1,788620,251,173,5878619,False,"[191, 52, 14, 0]",12,lib/tests/delimcc/reset-shift-k.zy,explicit
release,1,729872,251,173,5637827,False,"[191, 52, 14, 0]",12,lib/tests/delimcc/reset-shift-k.zy,recursive
release,1,782457,251,173,4815415,False,"[191, 52, 14, 0]",13,lib/tests/delimcc/reset-shift-k.zy,jobs
release,1,771931,251,173,5837467,False,"[191, 52, 14, 0]",13,lib/tests/delimcc/reset-shift-k.zy,explicit
release,1,722954,251,173,5540717,False,"[191, 52, 14, 0]",13,lib/tests/delimcc/reset-shift-k.zy,recursive
release,1,740664,251,173,5398668,False,"[191, 52, 14, 0]",13,lib/tests/delimcc/reset-shift-k.zy,original
release,1,720045,251,173,5863624,False,"[191, 52, 14, 0]",14,lib/tests/delimcc/reset-shift-k.zy,explicit
release,1,775164,251,173,5595925,False,"[191, 52, 14, 0]",14,lib/tests/delimcc/reset-shift-k.zy,recursive
release,1,817956,251,173,5440088,False,"[191, 52, 14, 0]",14,lib/tests/delimcc/reset-shift-k.zy,original
release,1,732583,251,173,4929249,False,"[191, 52, 14, 0]",14,lib/tests/delimcc/reset-shift-k.zy,jobs
release,1,773622,251,173,5598333,False,"[191, 52, 14, 0]",15,lib/tests/delimcc/reset-shift-k.zy,recursive
release,1,758120,251,173,5468376,False,"[191, 52, 14, 0]",15,lib/tests/delimcc/reset-shift-k.zy,original
release,1,766920,251,173,4907045,False,"[191, 52, 14, 0]",15,lib/tests/delimcc/reset-shift-k.zy,jobs
release,1,737084,251,173,5783837,False,"[191, 52, 14, 0]",15,lib/tests/delimcc/reset-shift-k.zy,explicit
release,1,732158,251,173,5309621,False,"[191, 52, 14, 0]",16,lib/tests/delimcc/reset-shift-k.zy,original
release,1,725469,251,173,4950837,False,"[191, 52, 14, 0]",16,lib/tests/delimcc/reset-shift-k.zy,jobs
release,1,718547,251,173,5748584,False,"[191, 52, 14, 0]",16,lib/tests/delimcc/reset-shift-k.zy,explicit
release,1,787386,251,173,5616292,False,"[191, 52, 14, 0]",16,lib/tests/delimcc/reset-shift-k.zy,recursive
release,1,767591,251,173,4917667,False,"[191, 52, 14, 0]",17,lib/tests/delimcc/reset-shift-k.zy,jobs
release,1,752247,251,173,5923412,False,"[191, 52, 14, 0]",17,lib/tests/delimcc/reset-shift-k.zy,explicit
release,1,716998,251,173,5479039,False,"[191, 52, 14, 0]",17,lib/tests/delimcc/reset-shift-k.zy,recursive
release,1,743876,251,173,5298128,False,"[191, 52, 14, 0]",17,lib/tests/delimcc/reset-shift-k.zy,original
release,1,775838,251,173,5925998,False,"[191, 52, 14, 0]",18,lib/tests/delimcc/reset-shift-k.zy,explicit
release,1,777994,251,173,5578580,False,"[191, 52, 14, 0]",18,lib/tests/delimcc/reset-shift-k.zy,recursive
release,1,712208,251,173,5270173,False,"[191, 52, 14, 0]",18,lib/tests/delimcc/reset-shift-k.zy,original
release,1,707207,251,173,4799246,False,"[191, 52, 14, 0]",18,lib/tests/delimcc/reset-shift-k.zy,jobs
release,1,730210,251,173,5518412,False,"[191, 52, 14, 0]",19,lib/tests/delimcc/reset-shift-k.zy,recursive
release,1,750702,251,173,5287830,False,"[191, 52, 14, 0]",19,lib/tests/delimcc/reset-shift-k.zy,original
release,1,775535,251,173,4915587,False,"[191, 52, 14, 0]",19,lib/tests/delimcc/reset-shift-k.zy,jobs
release,1,756871,251,173,5769669,False,"[191, 52, 14, 0]",19,lib/tests/delimcc/reset-shift-k.zy,explicit
release,1,743203,251,173,5369115,False,"[191, 52, 14, 0]",20,lib/tests/delimcc/reset-shift-k.zy,original
release,1,722547,251,173,4761742,False,"[191, 52, 14, 0]",20,lib/tests/delimcc/reset-shift-k.zy,jobs
release,1,750798,251,173,5750958,False,"[191, 52, 14, 0]",20,lib/tests/delimcc/reset-shift-k.zy,explicit
release,1,772624,251,173,5628450,False,"[191, 52, 14, 0]",20,lib/tests/delimcc/reset-shift-k.zy,recursive
release,1,719175,251,173,4805459,False,"[191, 52, 14, 0]",21,lib/tests/delimcc/reset-shift-k.zy,jobs
release,1,741077,251,173,5723878,False,"[191, 52, 14, 0]",21,lib/tests/delimcc/reset-shift-k.zy,explicit
release,1,743547,251,173,5672495,False,"[191, 52, 14, 0]",21,lib/tests/delimcc/reset-shift-k.zy,recursive
release,1,725795,251,173,5299456,False,"[191, 52, 14, 0]",21,lib/tests/delimcc/reset-shift-k.zy,original
release,1,746877,251,173,5817123,False,"[191, 52, 14, 0]",22,lib/tests/delimcc/reset-shift-k.zy,explicit
release,1,743963,251,173,5619666,False,"[191, 52, 14, 0]",22,lib/tests/delimcc/reset-shift-k.zy,recursive
release,1,746191,251,173,5349793,False,"[191, 52, 14, 0]",22,lib/tests/delimcc/reset-shift-k.zy,original
release,1,751832,251,173,4847746,False,"[191, 52, 14, 0]",22,lib/tests/delimcc/reset-shift-k.zy,jobs
release,1,741456,251,173,5598169,False,"[191, 52, 14, 0]",23,lib/tests/delimcc/reset-shift-k.zy,recursive
release,1,766127,251,173,5362997,False,"[191, 52, 14, 0]",23,lib/tests/delimcc/reset-shift-k.zy,original
release,1,753493,251,173,4882998,False,"[191, 52, 14, 0]",23,lib/tests/delimcc/reset-shift-k.zy,jobs
release,1,806576,251,173,5936709,False,"[191, 52, 14, 0]",23,lib/tests/delimcc/reset-shift-k.zy,explicit
release,1,729907,251,173,5330120,False,"[191, 52, 14, 0]",24,lib/tests/delimcc/reset-shift-k.zy,original
release,1,744792,251,173,4818750,False,"[191, 52, 14, 0]",24,lib/tests/delimcc/reset-shift-k.zy,jobs
release,1,747295,251,173,5814955,False,"[191, 52, 14, 0]",24,lib/tests/delimcc/reset-shift-k.zy,explicit
release,1,748836,251,173,5586873,False,"[191, 52, 14, 0]",24,lib/tests/delimcc/reset-shift-k.zy,recursive
release,1,731999,251,173,4829252,False,"[191, 52, 14, 0]",25,lib/tests/delimcc/reset-shift-k.zy,jobs
release,1,730914,251,173,5719378,False,"[191, 52, 14, 0]",25,lib/tests/delimcc/reset-shift-k.zy,explicit
release,1,728754,251,173,5522543,False,"[191, 52, 14, 0]",25,lib/tests/delimcc/reset-shift-k.zy,recursive
release,1,736798,251,173,5459714,False,"[191, 52, 14, 0]",25,lib/tests/delimcc/reset-shift-k.zy,original
release,1,743753,251,173,5693001,False,"[191, 52, 14, 0]",26,lib/tests/delimcc/reset-shift-k.zy,explicit
release,1,731126,251,173,5504043,False,"[191, 52, 14, 0]",26,lib/tests/delimcc/reset-shift-k.zy,recursive
release,1,733585,251,173,5463954,False,"[191, 52, 14, 0]",26,lib/tests/delimcc/reset-shift-k.zy,original
release,1,740580,251,173,4893003,False,"[191, 52, 14, 0]",26,lib/tests/delimcc/reset-shift-k.zy,jobs
release,1,778330,251,173,5685539,False,"[191, 52, 14, 0]",27,lib/tests/delimcc/reset-shift-k.zy,recursive
release,1,733492,251,173,5339211,False,"[191, 52, 14, 0]",27,lib/tests/delimcc/reset-shift-k.zy,original
release,1,767336,251,173,5012081,False,"[191, 52, 14, 0]",27,lib/tests/delimcc/reset-shift-k.zy,jobs
release,1,748699,251,173,5824260,False,"[191, 52, 14, 0]",27,lib/tests/delimcc/reset-shift-k.zy,explicit
release,1,763708,251,173,5492956,False,"[191, 52, 14, 0]",28,lib/tests/delimcc/reset-shift-k.zy,original
release,1,795798,251,173,4934581,False,"[191, 52, 14, 0]",28,lib/tests/delimcc/reset-shift-k.zy,jobs
release,1,736208,251,173,5807754,False,"[191, 52, 14, 0]",28,lib/tests/delimcc/reset-shift-k.zy,explicit
release,1,720250,251,173,5561544,False,"[191, 52, 14, 0]",28,lib/tests/delimcc/reset-shift-k.zy,recursive
release,1,742875,251,173,4807170,False,"[191, 52, 14, 0]",29,lib/tests/delimcc/reset-shift-k.zy,jobs
release,1,737992,251,173,5751241,False,"[191, 52, 14, 0]",29,lib/tests/delimcc/reset-shift-k.zy,explicit
release,1,735882,251,173,5600878,False,"[191, 52, 14, 0]",29,lib/tests/delimcc/reset-shift-k.zy,recursive
release,1,761077,251,173,5360042,False,"[191, 52, 14, 0]",29,lib/tests/delimcc/reset-shift-k.zy,original
release,1,790745,251,173,6106590,False,"[191, 52, 14, 0]",30,lib/tests/delimcc/reset-shift-k.zy,explicit
release,1,797077,251,173,5700127,False,"[191, 52, 14, 0]",30,lib/tests/delimcc/reset-shift-k.zy,recursive
release,1,752126,251,173,5653704,False,"[191, 52, 14, 0]",30,lib/tests/delimcc/reset-shift-k.zy,original
release,1,733138,251,173,4908583,False,"[191, 52, 14, 0]",30,lib/tests/delimcc/reset-shift-k.zy,jobs
release,1,750048,251,173,5677831,False,"[191, 52, 14, 0]",31,lib/tests/delimcc/reset-shift-k.zy,recursive
release,1,797417,251,173,5467748,False,"[191, 52, 14, 0]",31,lib/tests/delimcc/reset-shift-k.zy,original
release,1,803787,251,173,4959414,False,"[191, 52, 14, 0]",31,lib/tests/delimcc/reset-shift-k.zy,jobs
release,1,846698,251,173,6115205,False,"[191, 52, 14, 0]",31,lib/tests/delimcc/reset-shift-k.zy,explicit
release,1,789330,251,168,5131828,True,"[184, 51, 14, 13]",0,lib/tests/delimcc/reset-shift-k.zy,original
release,1,746386,251,168,4663874,True,"[184, 51, 14, 13]",0,lib/tests/delimcc/reset-shift-k.zy,jobs
release,1,724999,251,168,5559664,True,"[184, 51, 14, 13]",0,lib/tests/delimcc/reset-shift-k.zy,explicit
release,1,726342,251,168,5260825,True,"[184, 51, 14, 13]",0,lib/tests/delimcc/reset-shift-k.zy,recursive
release,1,714838,251,168,4540625,True,"[184, 51, 14, 13]",1,lib/tests/delimcc/reset-shift-k.zy,jobs
release,1,751450,251,168,5406879,True,"[184, 51, 14, 13]",1,lib/tests/delimcc/reset-shift-k.zy,explicit
release,1,808296,251,168,5225258,True,"[184, 51, 14, 13]",1,lib/tests/delimcc/reset-shift-k.zy,recursive
release,1,692126,251,168,5030212,True,"[184, 51, 14, 13]",1,lib/tests/delimcc/reset-shift-k.zy,original
release,1,820051,251,168,5591043,True,"[184, 51, 14, 13]",2,lib/tests/delimcc/reset-shift-k.zy,explicit
release,1,780538,251,168,5387542,True,"[184, 51, 14, 13]",2,lib/tests/delimcc/reset-shift-k.zy,recursive
release,1,782962,251,168,5202872,True,"[184, 51, 14, 13]",2,lib/tests/delimcc/reset-shift-k.zy,original
release,1,708169,251,168,4589289,True,"[184, 51, 14, 13]",2,lib/tests/delimcc/reset-shift-k.zy,jobs
release,1,742382,251,168,5264958,True,"[184, 51, 14, 13]",3,lib/tests/delimcc/reset-shift-k.zy,recursive
release,1,721000,251,168,5064132,True,"[184, 51, 14, 13]",3,lib/tests/delimcc/reset-shift-k.zy,original
release,1,729298,251,168,4477755,True,"[184, 51, 14, 13]",3,lib/tests/delimcc/reset-shift-k.zy,jobs
release,1,750372,251,168,5575462,True,"[184, 51, 14, 13]",3,lib/tests/delimcc/reset-shift-k.zy,explicit
release,1,732622,251,168,5129467,True,"[184, 51, 14, 13]",4,lib/tests/delimcc/reset-shift-k.zy,original
release,1,728081,251,168,4595913,True,"[184, 51, 14, 13]",4,lib/tests/delimcc/reset-shift-k.zy,jobs
release,1,694658,251,168,5381253,True,"[184, 51, 14, 13]",4,lib/tests/delimcc/reset-shift-k.zy,explicit
release,1,706504,251,168,5202080,True,"[184, 51, 14, 13]",4,lib/tests/delimcc/reset-shift-k.zy,recursive
release,1,712834,251,168,4547373,True,"[184, 51, 14, 13]",5,lib/tests/delimcc/reset-shift-k.zy,jobs
release,1,728052,251,168,5566037,True,"[184, 51, 14, 13]",5,lib/tests/delimcc/reset-shift-k.zy,explicit
release,1,721122,251,168,5320204,True,"[184, 51, 14, 13]",5,lib/tests/delimcc/reset-shift-k.zy,recursive
release,1,709004,251,168,5139787,True,"[184, 51, 14, 13]",5,lib/tests/delimcc/reset-shift-k.zy,original
release,1,733501,251,168,5597919,True,"[184, 51, 14, 13]",6,lib/tests/delimcc/reset-shift-k.zy,explicit
release,1,702000,251,168,5145370,True,"[184, 51, 14, 13]",6,lib/tests/delimcc/reset-shift-k.zy,recursive
release,1,696319,251,168,5092669,True,"[184, 51, 14, 13]",6,lib/tests/delimcc/reset-shift-k.zy,original
release,1,784331,251,168,4770874,True,"[184, 51, 14, 13]",6,lib/tests/delimcc/reset-shift-k.zy,jobs
release,1,743793,251,168,5306494,True,"[184, 51, 14, 13]",7,lib/tests/delimcc/reset-shift-k.zy,recursive
release,1,735913,251,168,5105502,True,"[184, 51, 14, 13]",7,lib/tests/delimcc/reset-shift-k.zy,original
release,1,737161,251,168,4714592,True,"[184, 51, 14, 13]",7,lib/tests/delimcc/reset-shift-k.zy,jobs
release,1,717113,251,168,5534836,True,"[184, 51, 14, 13]",7,lib/tests/delimcc/reset-shift-k.zy,explicit
release,1,733457,251,168,5071488,True,"[184, 51, 14, 13]",8,lib/tests/delimcc/reset-shift-k.zy,original
release,1,677957,251,168,4654006,True,"[184, 51, 14, 13]",8,lib/tests/delimcc/reset-shift-k.zy,jobs
release,1,725546,251,168,5520165,True,"[184, 51, 14, 13]",8,lib/tests/delimcc/reset-shift-k.zy,explicit
release,1,724205,251,168,5208046,True,"[184, 51, 14, 13]",8,lib/tests/delimcc/reset-shift-k.zy,recursive
release,1,704669,251,168,4544379,True,"[184, 51, 14, 13]",9,lib/tests/delimcc/reset-shift-k.zy,jobs
release,1,723375,251,168,5425045,True,"[184, 51, 14, 13]",9,lib/tests/delimcc/reset-shift-k.zy,explicit
release,1,677078,251,168,5297669,True,"[184, 51, 14, 13]",9,lib/tests/delimcc/reset-shift-k.zy,recursive
release,1,706965,251,168,4986831,True,"[184, 51, 14, 13]",9,lib/tests/delimcc/reset-shift-k.zy,original
release,1,740326,251,168,5440707,True,"[184, 51, 14, 13]",10,lib/tests/delimcc/reset-shift-k.zy,explicit
release,1,701000,251,168,5225876,True,"[184, 51, 14, 13]",10,lib/tests/delimcc/reset-shift-k.zy,recursive
release,1,721128,251,168,5170501,True,"[184, 51, 14, 13]",10,lib/tests/delimcc/reset-shift-k.zy,original
release,1,736915,251,168,4616828,True,"[184, 51, 14, 13]",10,lib/tests/delimcc/reset-shift-k.zy,jobs
release,1,719466,251,168,5286250,True,"[184, 51, 14, 13]",11,lib/tests/delimcc/reset-shift-k.zy,recursive
release,1,748633,251,168,5092212,True,"[184, 51, 14, 13]",11,lib/tests/delimcc/reset-shift-k.zy,original
release,1,711494,251,168,4605498,True,"[184, 51, 14, 13]",11,lib/tests/delimcc/reset-shift-k.zy,jobs
release,1,699462,251,168,5360538,True,"[184, 51, 14, 13]",11,lib/tests/delimcc/reset-shift-k.zy,explicit
release,1,761086,251,168,5067582,True,"[184, 51, 14, 13]",12,lib/tests/delimcc/reset-shift-k.zy,original
release,1,750544,251,168,4698293,True,"[184, 51, 14, 13]",12,lib/tests/delimcc/reset-shift-k.zy,jobs
release,1,759420,251,168,5508533,True,"[184, 51, 14, 13]",12,lib/tests/delimcc/reset-shift-k.zy,explicit
release,1,730293,251,168,5188254,True,"[184, 51, 14, 13]",12,lib/tests/delimcc/reset-shift-k.zy,recursive
release,1,725963,251,168,4490583,True,"[184, 51, 14, 13]",13,lib/tests/delimcc/reset-shift-k.zy,jobs
release,1,711004,251,168,5388584,True,"[184, 51, 14, 13]",13,lib/tests/delimcc/reset-shift-k.zy,explicit
release,1,687585,251,168,5121755,True,"[184, 51, 14, 13]",13,lib/tests/delimcc/reset-shift-k.zy,recursive
release,1,757587,251,168,5130835,True,"[184, 51, 14, 13]",13,lib/tests/delimcc/reset-shift-k.zy,original
release,1,741964,251,168,5530797,True,"[184, 51, 14, 13]",14,lib/tests/delimcc/reset-shift-k.zy,explicit
release,1,728505,251,168,5366497,True,"[184, 51, 14, 13]",14,lib/tests/delimcc/reset-shift-k.zy,recursive
release,1,700203,251,168,5036545,True,"[184, 51, 14, 13]",14,lib/tests/delimcc/reset-shift-k.zy,original
release,1,707079,251,168,4607835,True,"[184, 51, 14, 13]",14,lib/tests/delimcc/reset-shift-k.zy,jobs
release,1,704463,251,168,5156132,True,"[184, 51, 14, 13]",15,lib/tests/delimcc/reset-shift-k.zy,recursive
release,1,746948,251,168,5155324,True,"[184, 51, 14, 13]",15,lib/tests/delimcc/reset-shift-k.zy,original
release,1,705674,251,168,4609917,True,"[184, 51, 14, 13]",15,lib/tests/delimcc/reset-shift-k.zy,jobs
release,1,748830,251,168,5783722,True,"[184, 51, 14, 13]",15,lib/tests/delimcc/reset-shift-k.zy,explicit
release,1,721007,251,168,5165128,True,"[184, 51, 14, 13]",16,lib/tests/delimcc/reset-shift-k.zy,original
release,1,723210,251,168,4609003,True,"[184, 51, 14, 13]",16,lib/tests/delimcc/reset-shift-k.zy,jobs
release,1,702919,251,168,5468453,True,"[184, 51, 14, 13]",16,lib/tests/delimcc/reset-shift-k.zy,explicit
release,1,768498,251,168,5352297,True,"[184, 51, 14, 13]",16,lib/tests/delimcc/reset-shift-k.zy,recursive
release,1,757081,251,168,4726289,True,"[184, 51, 14, 13]",17,lib/tests/delimcc/reset-shift-k.zy,jobs
release,1,752873,251,168,5536045,True,"[184, 51, 14, 13]",17,lib/tests/delimcc/reset-shift-k.zy,explicit
release,1,751671,251,168,5285163,True,"[184, 51, 14, 13]",17,lib/tests/delimcc/reset-shift-k.zy,recursive
release,1,746208,251,168,5213297,True,"[184, 51, 14, 13]",17,lib/tests/delimcc/reset-shift-k.zy,original
release,1,718750,251,168,5590709,True,"[184, 51, 14, 13]",18,lib/tests/delimcc/reset-shift-k.zy,explicit
release,1,719790,251,168,5326080,True,"[184, 51, 14, 13]",18,lib/tests/delimcc/reset-shift-k.zy,recursive
release,1,730380,251,168,5098209,True,"[184, 51, 14, 13]",18,lib/tests/delimcc/reset-shift-k.zy,original
release,1,745831,251,168,4691585,True,"[184, 51, 14, 13]",18,lib/tests/delimcc/reset-shift-k.zy,jobs
release,1,769791,251,168,5408155,True,"[184, 51, 14, 13]",19,lib/tests/delimcc/reset-shift-k.zy,recursive
release,1,761123,251,168,5237038,True,"[184, 51, 14, 13]",19,lib/tests/delimcc/reset-shift-k.zy,original
release,1,742784,251,168,4767750,True,"[184, 51, 14, 13]",19,lib/tests/delimcc/reset-shift-k.zy,jobs
release,1,717950,251,168,5591918,True,"[184, 51, 14, 13]",19,lib/tests/delimcc/reset-shift-k.zy,explicit
release,1,769583,251,168,5188256,True,"[184, 51, 14, 13]",20,lib/tests/delimcc/reset-shift-k.zy,original
release,1,730633,251,168,4693953,True,"[184, 51, 14, 13]",20,lib/tests/delimcc/reset-shift-k.zy,jobs
release,1,714667,251,168,5551626,True,"[184, 51, 14, 13]",20,lib/tests/delimcc/reset-shift-k.zy,explicit
release,1,704289,251,168,5350241,True,"[184, 51, 14, 13]",20,lib/tests/delimcc/reset-shift-k.zy,recursive
release,1,698342,251,168,4646581,True,"[184, 51, 14, 13]",21,lib/tests/delimcc/reset-shift-k.zy,jobs
release,1,736830,251,168,5563627,True,"[184, 51, 14, 13]",21,lib/tests/delimcc/reset-shift-k.zy,explicit
release,1,759255,251,168,5322871,True,"[184, 51, 14, 13]",21,lib/tests/delimcc/reset-shift-k.zy,recursive
release,1,756125,251,168,5161668,True,"[184, 51, 14, 13]",21,lib/tests/delimcc/reset-shift-k.zy,original
release,1,707954,251,168,5501169,True,"[184, 51, 14, 13]",22,lib/tests/delimcc/reset-shift-k.zy,explicit
release,1,709585,251,168,5276668,True,"[184, 51, 14, 13]",22,lib/tests/delimcc/reset-shift-k.zy,recursive
release,1,735879,251,168,5153419,True,"[184, 51, 14, 13]",22,lib/tests/delimcc/reset-shift-k.zy,original
release,1,763961,251,168,4748709,True,"[184, 51, 14, 13]",22,lib/tests/delimcc/reset-shift-k.zy,jobs
release,1,738587,251,168,5340956,True,"[184, 51, 14, 13]",23,lib/tests/delimcc/reset-shift-k.zy,recursive
release,1,715665,251,168,5060879,True,"[184, 51, 14, 13]",23,lib/tests/delimcc/reset-shift-k.zy,original
release,1,734706,251,168,4593710,True,"[184, 51, 14, 13]",23,lib/tests/delimcc/reset-shift-k.zy,jobs
release,1,719881,251,168,5525834,True,"[184, 51, 14, 13]",23,lib/tests/delimcc/reset-shift-k.zy,explicit
release,1,718828,251,168,5156169,True,"[184, 51, 14, 13]",24,lib/tests/delimcc/reset-shift-k.zy,original
release,1,708000,251,168,4599291,True,"[184, 51, 14, 13]",24,lib/tests/delimcc/reset-shift-k.zy,jobs
release,1,782337,251,168,5610081,True,"[184, 51, 14, 13]",24,lib/tests/delimcc/reset-shift-k.zy,explicit
release,1,746211,251,168,5396829,True,"[184, 51, 14, 13]",24,lib/tests/delimcc/reset-shift-k.zy,recursive
release,1,727248,251,168,4634052,True,"[184, 51, 14, 13]",25,lib/tests/delimcc/reset-shift-k.zy,jobs
release,1,705372,251,168,5425584,True,"[184, 51, 14, 13]",25,lib/tests/delimcc/reset-shift-k.zy,explicit
release,1,719877,251,168,5261373,True,"[184, 51, 14, 13]",25,lib/tests/delimcc/reset-shift-k.zy,recursive
release,1,711092,251,168,5130677,True,"[184, 51, 14, 13]",25,lib/tests/delimcc/reset-shift-k.zy,original
release,1,723290,251,168,5511633,True,"[184, 51, 14, 13]",26,lib/tests/delimcc/reset-shift-k.zy,explicit
release,1,707954,251,168,5276762,True,"[184, 51, 14, 13]",26,lib/tests/delimcc/reset-shift-k.zy,recursive
release,1,727707,251,168,5023662,True,"[184, 51, 14, 13]",26,lib/tests/delimcc/reset-shift-k.zy,original
release,1,712166,251,168,4616163,True,"[184, 51, 14, 13]",26,lib/tests/delimcc/reset-shift-k.zy,jobs
release,1,746043,251,168,5290079,True,"[184, 51, 14, 13]",27,lib/tests/delimcc/reset-shift-k.zy,recursive
release,1,724535,251,168,5160628,True,"[184, 51, 14, 13]",27,lib/tests/delimcc/reset-shift-k.zy,original
release,1,690675,251,168,4573495,True,"[184, 51, 14, 13]",27,lib/tests/delimcc/reset-shift-k.zy,jobs
release,1,744502,251,168,5612969,True,"[184, 51, 14, 13]",27,lib/tests/delimcc/reset-shift-k.zy,explicit
release,1,712539,251,168,5025378,True,"[184, 51, 14, 13]",28,lib/tests/delimcc/reset-shift-k.zy,original
release,1,696336,251,168,4510783,True,"[184, 51, 14, 13]",28,lib/tests/delimcc/reset-shift-k.zy,jobs
release,1,723284,251,168,5571168,True,"[184, 51, 14, 13]",28,lib/tests/delimcc/reset-shift-k.zy,explicit
release,1,720137,251,168,5186368,True,"[184, 51, 14, 13]",28,lib/tests/delimcc/reset-shift-k.zy,recursive
release,1,709336,251,168,4596537,True,"[184, 51, 14, 13]",29,lib/tests/delimcc/reset-shift-k.zy,jobs
release,1,690249,251,168,5415375,True,"[184, 51, 14, 13]",29,lib/tests/delimcc/reset-shift-k.zy,explicit
release,1,737079,251,168,5351543,True,"[184, 51, 14, 13]",29,lib/tests/delimcc/reset-shift-k.zy,recursive
release,1,725171,251,168,5169663,True,"[184, 51, 14, 13]",29,lib/tests/delimcc/reset-shift-k.zy,original
release,1,702787,251,168,5630710,True,"[184, 51, 14, 13]",30,lib/tests/delimcc/reset-shift-k.zy,explicit
release,1,721629,251,168,5309877,True,"[184, 51, 14, 13]",30,lib/tests/delimcc/reset-shift-k.zy,recursive
release,1,734595,251,168,5104956,True,"[184, 51, 14, 13]",30,lib/tests/delimcc/reset-shift-k.zy,original
release,1,704624,251,168,4569163,True,"[184, 51, 14, 13]",30,lib/tests/delimcc/reset-shift-k.zy,jobs
release,1,699414,251,168,5230545,True,"[184, 51, 14, 13]",31,lib/tests/delimcc/reset-shift-k.zy,recursive
release,1,728174,251,168,5063910,True,"[184, 51, 14, 13]",31,lib/tests/delimcc/reset-shift-k.zy,original
release,1,709740,251,168,4605913,True,"[184, 51, 14, 13]",31,lib/tests/delimcc/reset-shift-k.zy,jobs
release,1,700670,251,168,5428589,True,"[184, 51, 14, 13]",31,lib/tests/delimcc/reset-shift-k.zy,explicit
release,1,701292,516,65,4657620,False,"[439, 163, 16, 0]",0,lib/tests/core/gc-stress.zy,original
release,1,781744,516,65,4407919,False,"[439, 163, 16, 0]",0,lib/tests/core/gc-stress.zy,jobs
release,1,717709,516,65,5250539,False,"[439, 163, 16, 0]",0,lib/tests/core/gc-stress.zy,explicit
release,1,708706,516,65,4923546,False,"[439, 163, 16, 0]",0,lib/tests/core/gc-stress.zy,recursive
release,1,699207,516,65,4317083,False,"[439, 163, 16, 0]",1,lib/tests/core/gc-stress.zy,jobs
release,1,705120,516,65,4945462,False,"[439, 163, 16, 0]",1,lib/tests/core/gc-stress.zy,explicit
release,1,704626,516,65,4880959,False,"[439, 163, 16, 0]",1,lib/tests/core/gc-stress.zy,recursive
release,1,721412,516,65,4722548,False,"[439, 163, 16, 0]",1,lib/tests/core/gc-stress.zy,original
release,1,648165,516,65,4930627,False,"[439, 163, 16, 0]",2,lib/tests/core/gc-stress.zy,explicit
release,1,654204,516,65,4801956,False,"[439, 163, 16, 0]",2,lib/tests/core/gc-stress.zy,recursive
release,1,701206,516,65,4694666,False,"[439, 163, 16, 0]",2,lib/tests/core/gc-stress.zy,original
release,1,660915,516,65,4227957,False,"[439, 163, 16, 0]",2,lib/tests/core/gc-stress.zy,jobs
release,1,649045,516,65,4785873,False,"[439, 163, 16, 0]",3,lib/tests/core/gc-stress.zy,recursive
release,1,692958,516,65,4722545,False,"[439, 163, 16, 0]",3,lib/tests/core/gc-stress.zy,original
release,1,665336,516,65,4338664,False,"[439, 163, 16, 0]",3,lib/tests/core/gc-stress.zy,jobs
release,1,713582,516,65,5109874,False,"[439, 163, 16, 0]",3,lib/tests/core/gc-stress.zy,explicit
release,1,662288,516,65,4634168,False,"[439, 163, 16, 0]",4,lib/tests/core/gc-stress.zy,original
release,1,668294,516,65,4250411,False,"[439, 163, 16, 0]",4,lib/tests/core/gc-stress.zy,jobs
release,1,678502,516,65,5158708,False,"[439, 163, 16, 0]",4,lib/tests/core/gc-stress.zy,explicit
release,1,678295,516,65,4707084,False,"[439, 163, 16, 0]",4,lib/tests/core/gc-stress.zy,recursive
release,1,661459,516,65,4243831,False,"[439, 163, 16, 0]",5,lib/tests/core/gc-stress.zy,jobs
release,1,654959,516,65,4887248,False,"[439, 163, 16, 0]",5,lib/tests/core/gc-stress.zy,explicit
release,1,637913,516,65,4720795,False,"[439, 163, 16, 0]",5,lib/tests/core/gc-stress.zy,recursive
release,1,647292,516,65,4603376,False,"[439, 163, 16, 0]",5,lib/tests/core/gc-stress.zy,original
release,1,637835,516,65,4982165,False,"[439, 163, 16, 0]",6,lib/tests/core/gc-stress.zy,explicit
release,1,642839,516,65,4703458,False,"[439, 163, 16, 0]",6,lib/tests/core/gc-stress.zy,recursive
release,1,673456,516,65,4670707,False,"[439, 163, 16, 0]",6,lib/tests/core/gc-stress.zy,original
release,1,641167,516,65,4130622,False,"[439, 163, 16, 0]",6,lib/tests/core/gc-stress.zy,jobs
release,1,643420,516,65,4754794,False,"[439, 163, 16, 0]",7,lib/tests/core/gc-stress.zy,recursive
release,1,650708,516,65,4569837,False,"[439, 163, 16, 0]",7,lib/tests/core/gc-stress.zy,original
release,1,700082,516,65,4296336,False,"[439, 163, 16, 0]",7,lib/tests/core/gc-stress.zy,jobs
release,1,656337,516,65,4991834,False,"[439, 163, 16, 0]",7,lib/tests/core/gc-stress.zy,explicit
release,1,665371,516,65,4699413,False,"[439, 163, 16, 0]",8,lib/tests/core/gc-stress.zy,original
release,1,670710,516,65,4253459,False,"[439, 163, 16, 0]",8,lib/tests/core/gc-stress.zy,jobs
release,1,658500,516,65,5000126,False,"[439, 163, 16, 0]",8,lib/tests/core/gc-stress.zy,explicit
release,1,704790,516,65,4808580,False,"[439, 163, 16, 0]",8,lib/tests/core/gc-stress.zy,recursive
release,1,665456,516,65,4283502,False,"[439, 163, 16, 0]",9,lib/tests/core/gc-stress.zy,jobs
release,1,651712,516,65,4997083,False,"[439, 163, 16, 0]",9,lib/tests/core/gc-stress.zy,explicit
release,1,673502,516,65,4869665,False,"[439, 163, 16, 0]",9,lib/tests/core/gc-stress.zy,recursive
release,1,697377,516,65,4777254,False,"[439, 163, 16, 0]",9,lib/tests/core/gc-stress.zy,original
release,1,655789,516,65,4941456,False,"[439, 163, 16, 0]",10,lib/tests/core/gc-stress.zy,explicit
release,1,684042,516,65,4827083,False,"[439, 163, 16, 0]",10,lib/tests/core/gc-stress.zy,recursive
release,1,664290,516,65,4721209,False,"[439, 163, 16, 0]",10,lib/tests/core/gc-stress.zy,original
release,1,656043,516,65,4301083,False,"[439, 163, 16, 0]",10,lib/tests/core/gc-stress.zy,jobs
release,1,648162,516,65,4762420,False,"[439, 163, 16, 0]",11,lib/tests/core/gc-stress.zy,recursive
release,1,719126,516,65,4810586,False,"[439, 163, 16, 0]",11,lib/tests/core/gc-stress.zy,original
release,1,702368,516,65,4332044,False,"[439, 163, 16, 0]",11,lib/tests/core/gc-stress.zy,jobs
release,1,662838,516,65,5023874,False,"[439, 163, 16, 0]",11,lib/tests/core/gc-stress.zy,explicit
release,1,705457,516,65,4655292,False,"[439, 163, 16, 0]",12,lib/tests/core/gc-stress.zy,original
release,1,669836,516,65,4257541,False,"[439, 163, 16, 0]",12,lib/tests/core/gc-stress.zy,jobs
release,1,689955,516,65,5024586,False,"[439, 163, 16, 0]",12,lib/tests/core/gc-stress.zy,explicit
release,1,678833,516,65,4791671,False,"[439, 163, 16, 0]",12,lib/tests/core/gc-stress.zy,recursive
release,1,678586,516,65,4253500,False,"[439, 163, 16, 0]",13,lib/tests/core/gc-stress.zy,jobs
release,1,683790,516,65,5105251,False,"[439, 163, 16, 0]",13,lib/tests/core/gc-stress.zy,explicit
release,1,659083,516,65,4797790,False,"[439, 163, 16, 0]",13,lib/tests/core/gc-stress.zy,recursive
release,1,641996,516,65,4629838,False,"[439, 163, 16, 0]",13,lib/tests/core/gc-stress.zy,original
release,1,667250,516,65,5016750,False,"[439, 163, 16, 0]",14,lib/tests/core/gc-stress.zy,explicit
release,1,698704,516,65,4843459,False,"[439, 163, 16, 0]",14,lib/tests/core/gc-stress.zy,recursive
release,1,700998,516,65,4602626,False,"[439, 163, 16, 0]",14,lib/tests/core/gc-stress.zy,original
release,1,676378,516,65,4135830,False,"[439, 163, 16, 0]",14,lib/tests/core/gc-stress.zy,jobs
release,1,646622,516,65,4699580,False,"[439, 163, 16, 0]",15,lib/tests/core/gc-stress.zy,recursive
release,1,654540,516,65,4702296,False,"[439, 163, 16, 0]",15,lib/tests/core/gc-stress.zy,original
release,1,648459,516,65,4309543,False,"[439, 163, 16, 0]",15,lib/tests/core/gc-stress.zy,jobs
release,1,684457,516,65,5115832,False,"[439, 163, 16, 0]",15,lib/tests/core/gc-stress.zy,explicit
release,1,671203,516,65,4643249,False,"[439, 163, 16, 0]",16,lib/tests/core/gc-stress.zy,original
release,1,661001,516,65,4205293,False,"[439, 163, 16, 0]",16,lib/tests/core/gc-stress.zy,jobs
release,1,669370,516,65,5055874,False,"[439, 163, 16, 0]",16,lib/tests/core/gc-stress.zy,explicit
release,1,682127,516,65,4894748,False,"[439, 163, 16, 0]",16,lib/tests/core/gc-stress.zy,recursive
release,1,649626,516,65,4351460,False,"[439, 163, 16, 0]",17,lib/tests/core/gc-stress.zy,jobs
release,1,672376,516,65,5044785,False,"[439, 163, 16, 0]",17,lib/tests/core/gc-stress.zy,explicit
release,1,664669,516,65,4750330,False,"[439, 163, 16, 0]",17,lib/tests/core/gc-stress.zy,recursive
release,1,671620,516,65,4619502,False,"[439, 163, 16, 0]",17,lib/tests/core/gc-stress.zy,original
release,1,648118,516,65,4951332,False,"[439, 163, 16, 0]",18,lib/tests/core/gc-stress.zy,explicit
release,1,648212,516,65,4771496,False,"[439, 163, 16, 0]",18,lib/tests/core/gc-stress.zy,recursive
release,1,651705,516,65,4643459,False,"[439, 163, 16, 0]",18,lib/tests/core/gc-stress.zy,original
release,1,637168,516,65,4143131,False,"[439, 163, 16, 0]",18,lib/tests/core/gc-stress.zy,jobs
release,1,649540,516,65,4798457,False,"[439, 163, 16, 0]",19,lib/tests/core/gc-stress.zy,recursive
release,1,693540,516,65,4610545,False,"[439, 163, 16, 0]",19,lib/tests/core/gc-stress.zy,original
release,1,679836,516,65,4290542,False,"[439, 163, 16, 0]",19,lib/tests/core/gc-stress.zy,jobs
release,1,658538,516,65,4969965,False,"[439, 163, 16, 0]",19,lib/tests/core/gc-stress.zy,explicit
release,1,637208,516,65,4629084,False,"[439, 163, 16, 0]",20,lib/tests/core/gc-stress.zy,original
release,1,663171,516,65,4222541,False,"[439, 163, 16, 0]",20,lib/tests/core/gc-stress.zy,jobs
release,1,650707,516,65,4923540,False,"[439, 163, 16, 0]",20,lib/tests/core/gc-stress.zy,explicit
release,1,638092,516,65,4730835,False,"[439, 163, 16, 0]",20,lib/tests/core/gc-stress.zy,recursive
release,1,637419,516,65,4177086,False,"[439, 163, 16, 0]",21,lib/tests/core/gc-stress.zy,jobs
release,1,669585,516,65,5144167,False,"[439, 163, 16, 0]",21,lib/tests/core/gc-stress.zy,explicit
release,1,658672,516,65,4743544,False,"[439, 163, 16, 0]",21,lib/tests/core/gc-stress.zy,recursive
release,1,669507,516,65,4616585,False,"[439, 163, 16, 0]",21,lib/tests/core/gc-stress.zy,original
release,1,652919,516,65,4972707,False,"[439, 163, 16, 0]",22,lib/tests/core/gc-stress.zy,explicit
release,1,655582,516,65,4731543,False,"[439, 163, 16, 0]",22,lib/tests/core/gc-stress.zy,recursive
release,1,661418,516,65,4554874,False,"[439, 163, 16, 0]",22,lib/tests/core/gc-stress.zy,original
release,1,658751,516,65,4199828,False,"[439, 163, 16, 0]",22,lib/tests/core/gc-stress.zy,jobs
release,1,646459,516,65,4766706,False,"[439, 163, 16, 0]",23,lib/tests/core/gc-stress.zy,recursive
release,1,649919,516,65,4613963,False,"[439, 163, 16, 0]",23,lib/tests/core/gc-stress.zy,original
release,1,653917,516,65,4235502,False,"[439, 163, 16, 0]",23,lib/tests/core/gc-stress.zy,jobs
release,1,648252,516,65,4983793,False,"[439, 163, 16, 0]",23,lib/tests/core/gc-stress.zy,explicit
release,1,660081,516,65,4695457,False,"[439, 163, 16, 0]",24,lib/tests/core/gc-stress.zy,original
release,1,645629,516,65,4271415,False,"[439, 163, 16, 0]",24,lib/tests/core/gc-stress.zy,jobs
release,1,657127,516,65,4988827,False,"[439, 163, 16, 0]",24,lib/tests/core/gc-stress.zy,explicit
release,1,671618,516,65,4810664,False,"[439, 163, 16, 0]",24,lib/tests/core/gc-stress.zy,recursive
release,1,683168,516,65,4283421,False,"[439, 163, 16, 0]",25,lib/tests/core/gc-stress.zy,jobs
release,1,655835,516,65,4966004,False,"[439, 163, 16, 0]",25,lib/tests/core/gc-stress.zy,explicit
release,1,652333,516,65,4800956,False,"[439, 163, 16, 0]",25,lib/tests/core/gc-stress.zy,recursive
release,1,675959,516,65,4757078,False,"[439, 163, 16, 0]",25,lib/tests/core/gc-stress.zy,original
release,1,694209,516,65,5126580,False,"[439, 163, 16, 0]",26,lib/tests/core/gc-stress.zy,explicit
release,1,651335,516,65,4741876,False,"[439, 163, 16, 0]",26,lib/tests/core/gc-stress.zy,recursive
release,1,653499,516,65,4645334,False,"[439, 163, 16, 0]",26,lib/tests/core/gc-stress.zy,original
release,1,656086,516,65,4325332,False,"[439, 163, 16, 0]",26,lib/tests/core/gc-stress.zy,jobs
release,1,648666,516,65,4812295,False,"[439, 163, 16, 0]",27,lib/tests/core/gc-stress.zy,recursive
release,1,664960,516,65,4640538,False,"[439, 163, 16, 0]",27,lib/tests/core/gc-stress.zy,original
release,1,654210,516,65,4185461,False,"[439, 163, 16, 0]",27,lib/tests/core/gc-stress.zy,jobs
release,1,635040,516,65,4940757,False,"[439, 163, 16, 0]",27,lib/tests/core/gc-stress.zy,explicit
release,1,648912,516,65,4587874,False,"[439, 163, 16, 0]",28,lib/tests/core/gc-stress.zy,original
release,1,666712,516,65,4222290,False,"[439, 163, 16, 0]",28,lib/tests/core/gc-stress.zy,jobs
release,1,638580,516,65,4917327,False,"[439, 163, 16, 0]",28,lib/tests/core/gc-stress.zy,explicit
release,1,642664,516,65,4699334,False,"[439, 163, 16, 0]",28,lib/tests/core/gc-stress.zy,recursive
release,1,627292,516,65,4119872,False,"[439, 163, 16, 0]",29,lib/tests/core/gc-stress.zy,jobs
release,1,653666,516,65,5047752,False,"[439, 163, 16, 0]",29,lib/tests/core/gc-stress.zy,explicit
release,1,660708,516,65,4782128,False,"[439, 163, 16, 0]",29,lib/tests/core/gc-stress.zy,recursive
release,1,678748,516,65,4682205,False,"[439, 163, 16, 0]",29,lib/tests/core/gc-stress.zy,original
release,1,682040,516,65,5094379,False,"[439, 163, 16, 0]",30,lib/tests/core/gc-stress.zy,explicit
release,1,682207,516,65,4895912,False,"[439, 163, 16, 0]",30,lib/tests/core/gc-stress.zy,recursive
release,1,686373,516,65,4716290,False,"[439, 163, 16, 0]",30,lib/tests/core/gc-stress.zy,original
release,1,675454,516,65,4358709,False,"[439, 163, 16, 0]",30,lib/tests/core/gc-stress.zy,jobs
release,1,656541,516,65,4716250,False,"[439, 163, 16, 0]",31,lib/tests/core/gc-stress.zy,recursive
release,1,691372,516,65,4786671,False,"[439, 163, 16, 0]",31,lib/tests/core/gc-stress.zy,original
release,1,646003,516,65,4170080,False,"[439, 163, 16, 0]",31,lib/tests/core/gc-stress.zy,jobs
release,1,622161,516,65,5018043,False,"[439, 163, 16, 0]",31,lib/tests/core/gc-stress.zy,explicit
release,1,826704,516,74,5108506,True,"[422, 163, 16, 15]",0,lib/tests/core/gc-stress.zy,original
release,1,818913,516,74,4730629,True,"[422, 163, 16, 15]",0,lib/tests/core/gc-stress.zy,jobs
release,1,778169,516,74,5466879,True,"[422, 163, 16, 15]",0,lib/tests/core/gc-stress.zy,explicit
release,1,789039,516,74,5179834,True,"[422, 163, 16, 15]",0,lib/tests/core/gc-stress.zy,recursive
release,1,762917,516,74,4698542,True,"[422, 163, 16, 15]",1,lib/tests/core/gc-stress.zy,jobs
release,1,762420,516,74,5456252,True,"[422, 163, 16, 15]",1,lib/tests/core/gc-stress.zy,explicit
release,1,734330,516,74,5165338,True,"[422, 163, 16, 15]",1,lib/tests/core/gc-stress.zy,recursive
release,1,789370,516,74,5195913,True,"[422, 163, 16, 15]",1,lib/tests/core/gc-stress.zy,original
release,1,734418,516,74,5434966,True,"[422, 163, 16, 15]",2,lib/tests/core/gc-stress.zy,explicit
release,1,747127,516,74,5183713,True,"[422, 163, 16, 15]",2,lib/tests/core/gc-stress.zy,recursive
release,1,743455,516,74,5036085,True,"[422, 163, 16, 15]",2,lib/tests/core/gc-stress.zy,original
release,1,757215,516,74,4605539,True,"[422, 163, 16, 15]",2,lib/tests/core/gc-stress.zy,jobs
release,1,739954,516,74,5147878,True,"[422, 163, 16, 15]",3,lib/tests/core/gc-stress.zy,recursive
release,1,731374,516,74,5055624,True,"[422, 163, 16, 15]",3,lib/tests/core/gc-stress.zy,original
release,1,724909,516,74,4645667,True,"[422, 163, 16, 15]",3,lib/tests/core/gc-stress.zy,jobs
release,1,712920,516,74,5393920,True,"[422, 163, 16, 15]",3,lib/tests/core/gc-stress.zy,explicit
release,1,779629,516,74,5134376,True,"[422, 163, 16, 15]",4,lib/tests/core/gc-stress.zy,original
release,1,721748,516,74,4592332,True,"[422, 163, 16, 15]",4,lib/tests/core/gc-stress.zy,jobs
release,1,772080,516,74,5366294,True,"[422, 163, 16, 15]",4,lib/tests/core/gc-stress.zy,explicit
release,1,755125,516,74,5304953,True,"[422, 163, 16, 15]",4,lib/tests/core/gc-stress.zy,recursive
release,1,729421,516,74,4615500,True,"[422, 163, 16, 15]",5,lib/tests/core/gc-stress.zy,jobs
release,1,772917,516,74,5443162,True,"[422, 163, 16, 15]",5,lib/tests/core/gc-stress.zy,explicit
release,1,765710,516,74,5212503,True,"[422, 163, 16, 15]",5,lib/tests/core/gc-stress.zy,recursive
release,1,768959,516,74,5261999,True,"[422, 163, 16, 15]",5,lib/tests/core/gc-stress.zy,original
release,1,772662,516,74,5476835,True,"[422, 163, 16, 15]",6,lib/tests/core/gc-stress.zy,explicit
release,1,750089,516,74,5147538,True,"[422, 163, 16, 15]",6,lib/tests/core/gc-stress.zy,recursive
release,1,684412,516,74,4981372,True,"[422, 163, 16, 15]",6,lib/tests/core/gc-stress.zy,original
release,1,692748,516,74,4558211,True,"[422, 163, 16, 15]",6,lib/tests/core/gc-stress.zy,jobs
release,1,740079,516,74,5239335,True,"[422, 163, 16, 15]",7,lib/tests/core/gc-stress.zy,recursive
release,1,766244,516,74,5083209,True,"[422, 163, 16, 15]",7,lib/tests/core/gc-stress.zy,original
release,1,717959,516,74,4638997,True,"[422, 163, 16, 15]",7,lib/tests/core/gc-stress.zy,jobs
release,1,721750,516,74,5409663,True,"[422, 163, 16, 15]",7,lib/tests/core/gc-stress.zy,explicit
release,1,724292,516,74,5010125,True,"[422, 163, 16, 15]",8,lib/tests/core/gc-stress.zy,original
release,1,708541,516,74,4639464,True,"[422, 163, 16, 15]",8,lib/tests/core/gc-stress.zy,jobs
release,1,743545,516,74,5361548,True,"[422, 163, 16, 15]",8,lib/tests/core/gc-stress.zy,explicit
release,1,767833,516,74,5109667,True,"[422, 163, 16, 15]",8,lib/tests/core/gc-stress.zy,recursive
release,1,710249,516,74,4531001,True,"[422, 163, 16, 15]",9,lib/tests/core/gc-stress.zy,jobs
release,1,718330,516,74,5468334,True,"[422, 163, 16, 15]",9,lib/tests/core/gc-stress.zy,explicit
release,1,719580,516,74,5159325,True,"[422, 163, 16, 15]",9,lib/tests/core/gc-stress.zy,recursive
release,1,753580,516,74,5120708,True,"[422, 163, 16, 15]",9,lib/tests/core/gc-stress.zy,original
release,1,700333,516,74,5618875,True,"[422, 163, 16, 15]",10,lib/tests/core/gc-stress.zy,explicit
release,1,737620,516,74,5244542,True,"[422, 163, 16, 15]",10,lib/tests/core/gc-stress.zy,recursive
release,1,797752,516,74,5209003,True,"[422, 163, 16, 15]",10,lib/tests/core/gc-stress.zy,original
release,1,752214,516,74,4757084,True,"[422, 163, 16, 15]",10,lib/tests/core/gc-stress.zy,jobs
release,1,753868,516,74,5298039,True,"[422, 163, 16, 15]",11,lib/tests/core/gc-stress.zy,recursive
release,1,761707,516,74,5227499,True,"[422, 163, 16, 15]",11,lib/tests/core/gc-stress.zy,original
release,1,755585,516,74,4782045,True,"[422, 163, 16, 15]",11,lib/tests/core/gc-stress.zy,jobs
release,1,719079,516,74,5427915,True,"[422, 163, 16, 15]",11,lib/tests/core/gc-stress.zy,explicit
release,1,823039,516,74,5229831,True,"[422, 163, 16, 15]",12,lib/tests/core/gc-stress.zy,original
release,1,761747,516,74,4785962,True,"[422, 163, 16, 15]",12,lib/tests/core/gc-stress.zy,jobs
release,1,784660,516,74,5818002,True,"[422, 163, 16, 15]",12,lib/tests/core/gc-stress.zy,explicit
release,1,738458,516,74,5302416,True,"[422, 163, 16, 15]",12,lib/tests/core/gc-stress.zy,recursive
release,1,761836,516,74,4803667,True,"[422, 163, 16, 15]",13,lib/tests/core/gc-stress.zy,jobs
release,1,732293,516,74,5492744,True,"[422, 163, 16, 15]",13,lib/tests/core/gc-stress.zy,explicit
release,1,735918,516,74,5268665,True,"[422, 163, 16, 15]",13,lib/tests/core/gc-stress.zy,recursive
release,1,729665,516,74,5162538,True,"[422, 163, 16, 15]",13,lib/tests/core/gc-stress.zy,original
release,1,737377,516,74,5494669,True,"[422, 163, 16, 15]",14,lib/tests/core/gc-stress.zy,explicit
release,1,746549,516,74,5219417,True,"[422, 163, 16, 15]",14,lib/tests/core/gc-stress.zy,recursive
release,1,728754,516,74,5100247,True,"[422, 163, 16, 15]",14,lib/tests/core/gc-stress.zy,original
release,1,726582,516,74,4730633,True,"[422, 163, 16, 15]",14,lib/tests/core/gc-stress.zy,jobs
release,1,769577,516,74,5183039,True,"[422, 163, 16, 15]",15,lib/tests/core/gc-stress.zy,recursive
release,1,791004,516,74,5134793,True,"[422, 163, 16, 15]",15,lib/tests/core/gc-stress.zy,original
release,1,711999,516,74,4617125,True,"[422, 163, 16, 15]",15,lib/tests/core/gc-stress.zy,jobs
release,1,714038,516,74,5340918,True,"[422, 163, 16, 15]",15,lib/tests/core/gc-stress.zy,explicit
release,1,719627,516,74,5031541,True,"[422, 163, 16, 15]",16,lib/tests/core/gc-stress.zy,original
release,1,712750,516,74,4671960,True,"[422, 163, 16, 15]",16,lib/tests/core/gc-stress.zy,jobs
release,1,715333,516,74,5355544,True,"[422, 163, 16, 15]",16,lib/tests/core/gc-stress.zy,explicit
release,1,709005,516,74,5126414,True,"[422, 163, 16, 15]",16,lib/tests/core/gc-stress.zy,recursive
release,1,705501,516,74,4577789,True,"[422, 163, 16, 15]",17,lib/tests/core/gc-stress.zy,jobs
release,1,754079,516,74,5341045,True,"[422, 163, 16, 15]",17,lib/tests/core/gc-stress.zy,explicit
release,1,705790,516,74,5167043,True,"[422, 163, 16, 15]",17,lib/tests/core/gc-stress.zy,recursive
release,1,737755,516,74,5092414,True,"[422, 163, 16, 15]",17,lib/tests/core/gc-stress.zy,original
release,1,742126,516,74,5413039,True,"[422, 163, 16, 15]",18,lib/tests/core/gc-stress.zy,explicit
release,1,694045,516,74,5114458,True,"[422, 163, 16, 15]",18,lib/tests/core/gc-stress.zy,recursive
release,1,705712,516,74,4989833,True,"[422, 163, 16, 15]",18,lib/tests/core/gc-stress.zy,original
release,1,716910,516,74,4657124,True,"[422, 163, 16, 15]",18,lib/tests/core/gc-stress.zy,jobs
release,1,676415,516,74,5089539,True,"[422, 163, 16, 15]",19,lib/tests/core/gc-stress.zy,recursive
release,1,699333,516,74,5008670,True,"[422, 163, 16, 15]",19,lib/tests/core/gc-stress.zy,original
release,1,694624,516,74,4599961,True,"[422, 163, 16, 15]",19,lib/tests/core/gc-stress.zy,jobs
release,1,702500,516,74,5380834,True,"[422, 163, 16, 15]",19,lib/tests/core/gc-stress.zy,explicit
release,1,716834,516,74,5114253,True,"[422, 163, 16, 15]",20,lib/tests/core/gc-stress.zy,original
release,1,707422,516,74,4704045,True,"[422, 163, 16, 15]",20,lib/tests/core/gc-stress.zy,jobs
release,1,727673,516,74,5368625,True,"[422, 163, 16, 15]",20,lib/tests/core/gc-stress.zy,explicit
release,1,708667,516,74,5168415,True,"[422, 163, 16, 15]",20,lib/tests/core/gc-stress.zy,recursive
release,1,709250,516,74,4578086,True,"[422, 163, 16, 15]",21,lib/tests/core/gc-stress.zy,jobs
release,1,714410,516,74,5408835,True,"[422, 163, 16, 15]",21,lib/tests/core/gc-stress.zy,explicit
release,1,739419,516,74,5405622,True,"[422, 163, 16, 15]",21,lib/tests/core/gc-stress.zy,recursive
release,1,758122,516,74,5365374,True,"[422, 163, 16, 15]",21,lib/tests/core/gc-stress.zy,original
release,1,746288,516,74,5328957,True,"[422, 163, 16, 15]",22,lib/tests/core/gc-stress.zy,explicit
release,1,732882,516,74,5231707,True,"[422, 163, 16, 15]",22,lib/tests/core/gc-stress.zy,recursive
release,1,726208,516,74,5020835,True,"[422, 163, 16, 15]",22,lib/tests/core/gc-stress.zy,original
release,1,728001,516,74,4661711,True,"[422, 163, 16, 15]",22,lib/tests/core/gc-stress.zy,jobs
release,1,712790,516,74,5200502,True,"[422, 163, 16, 15]",23,lib/tests/core/gc-stress.zy,recursive
release,1,721541,516,74,5127086,True,"[422, 163, 16, 15]",23,lib/tests/core/gc-stress.zy,original
release,1,700547,516,74,4640168,True,"[422, 163, 16, 15]",23,lib/tests/core/gc-stress.zy,jobs
release,1,741002,516,74,5361786,True,"[422, 163, 16, 15]",23,lib/tests/core/gc-stress.zy,explicit
release,1,738176,516,74,5052463,True,"[422, 163, 16, 15]",24,lib/tests/core/gc-stress.zy,original
release,1,727492,516,74,4669499,True,"[422, 163, 16, 15]",24,lib/tests/core/gc-stress.zy,jobs
release,1,717339,516,74,5373580,True,"[422, 163, 16, 15]",24,lib/tests/core/gc-stress.zy,explicit
release,1,712168,516,74,5072959,True,"[422, 163, 16, 15]",24,lib/tests/core/gc-stress.zy,recursive
release,1,724460,516,74,4597416,True,"[422, 163, 16, 15]",25,lib/tests/core/gc-stress.zy,jobs
release,1,736547,516,74,5440164,True,"[422, 163, 16, 15]",25,lib/tests/core/gc-stress.zy,explicit
release,1,719163,516,74,5148166,True,"[422, 163, 16, 15]",25,lib/tests/core/gc-stress.zy,recursive
release,1,733791,516,74,5024834,True,"[422, 163, 16, 15]",25,lib/tests/core/gc-stress.zy,original
release,1,778789,516,74,5502045,True,"[422, 163, 16, 15]",26,lib/tests/core/gc-stress.zy,explicit
release,1,727790,516,74,5247587,True,"[422, 163, 16, 15]",26,lib/tests/core/gc-stress.zy,recursive
release,1,781168,516,74,5186581,True,"[422, 163, 16, 15]",26,lib/tests/core/gc-stress.zy,original
release,1,780004,516,74,4785496,True,"[422, 163, 16, 15]",26,lib/tests/core/gc-stress.zy,jobs
release,1,722126,516,74,5109288,True,"[422, 163, 16, 15]",27,lib/tests/core/gc-stress.zy,recursive
release,1,744665,516,74,4993913,True,"[422, 163, 16, 15]",27,lib/tests/core/gc-stress.zy,original
release,1,720210,516,74,4627249,True,"[422, 163, 16, 15]",27,lib/tests/core/gc-stress.zy,jobs
release,1,720629,516,74,5424082,True,"[422, 163, 16, 15]",27,lib/tests/core/gc-stress.zy,explicit
release,1,731798,516,74,5010751,True,"[422, 163, 16, 15]",28,lib/tests/core/gc-stress.zy,original
release,1,787996,516,74,4613338,True,"[422, 163, 16, 15]",28,lib/tests/core/gc-stress.zy,jobs
release,1,753207,516,74,5481167,True,"[422, 163, 16, 15]",28,lib/tests/core/gc-stress.zy,explicit
release,1,747588,516,74,5278129,True,"[422, 163, 16, 15]",28,lib/tests/core/gc-stress.zy,recursive
release,1,741084,516,74,4615422,True,"[422, 163, 16, 15]",29,lib/tests/core/gc-stress.zy,jobs
release,1,726123,516,74,5352879,True,"[422, 163, 16, 15]",29,lib/tests/core/gc-stress.zy,explicit
release,1,718044,516,74,5168376,True,"[422, 163, 16, 15]",29,lib/tests/core/gc-stress.zy,recursive
release,1,728160,516,74,5079412,True,"[422, 163, 16, 15]",29,lib/tests/core/gc-stress.zy,original
release,1,734999,516,74,5361086,True,"[422, 163, 16, 15]",30,lib/tests/core/gc-stress.zy,explicit
release,1,718834,516,74,5165377,True,"[422, 163, 16, 15]",30,lib/tests/core/gc-stress.zy,recursive
release,1,722043,516,74,5009584,True,"[422, 163, 16, 15]",30,lib/tests/core/gc-stress.zy,original
release,1,743621,516,74,4636042,True,"[422, 163, 16, 15]",30,lib/tests/core/gc-stress.zy,jobs
release,1,730755,516,74,5078415,True,"[422, 163, 16, 15]",31,lib/tests/core/gc-stress.zy,recursive
release,1,736460,516,74,5035375,True,"[422, 163, 16, 15]",31,lib/tests/core/gc-stress.zy,original
release,1,722162,516,74,4689047,True,"[422, 163, 16, 15]",31,lib/tests/core/gc-stress.zy,jobs
release,1,714168,516,74,5338578,True,"[422, 163, 16, 15]",31,lib/tests/core/gc-stress.zy,explicit
