profile,run,drop_ns,input_nodes,iterations,lower_ns,native,output_counts,round,source,variant
release,0,642622,343,69,4744830,False,"[276, 90, 14, 0]",0,lib/tests/core/fact.zy,original
release,0,991997,343,69,5171876,False,"[276, 90, 14, 0]",0,lib/tests/core/fact.zy,jobs
release,0,797332,343,69,4839752,False,"[276, 90, 14, 0]",0,lib/tests/core/fact.zy,baseline
release,0,617919,343,69,4120288,False,"[276, 90, 14, 0]",0,lib/tests/core/fact.zy,explicit
release,0,523258,343,69,3663871,False,"[276, 90, 14, 0]",0,lib/tests/core/fact.zy,recursive
release,0,411918,343,69,3017084,False,"[276, 90, 14, 0]",1,lib/tests/core/fact.zy,jobs
release,0,529334,343,69,3840714,False,"[276, 90, 14, 0]",1,lib/tests/core/fact.zy,baseline
release,0,481248,343,69,3668496,False,"[276, 90, 14, 0]",1,lib/tests/core/fact.zy,explicit
release,0,642245,343,69,4258044,False,"[276, 90, 14, 0]",1,lib/tests/core/fact.zy,recursive
release,0,545873,343,69,3528417,False,"[276, 90, 14, 0]",1,lib/tests/core/fact.zy,original
release,0,515246,343,69,3777254,False,"[276, 90, 14, 0]",2,lib/tests/core/fact.zy,baseline
release,0,446958,343,69,3446331,False,"[276, 90, 14, 0]",2,lib/tests/core/fact.zy,explicit
release,0,485082,343,69,3478334,False,"[276, 90, 14, 0]",2,lib/tests/core/fact.zy,recursive
release,0,424001,343,69,3350246,False,"[276, 90, 14, 0]",2,lib/tests/core/fact.zy,original
release,0,706752,343,69,4280501,False,"[276, 90, 14, 0]",2,lib/tests/core/fact.zy,jobs
release,0,604960,343,69,4457208,False,"[276, 90, 14, 0]",3,lib/tests/core/fact.zy,explicit
release,0,613083,343,69,4674373,False,"[276, 90, 14, 0]",3,lib/tests/core/fact.zy,recursive
release,0,537711,343,69,3775164,False,"[276, 90, 14, 0]",3,lib/tests/core/fact.zy,original
release,0,641871,343,69,4058546,False,"[276, 90, 14, 0]",3,lib/tests/core/fact.zy,jobs
release,0,980668,343,69,5039413,False,"[276, 90, 14, 0]",3,lib/tests/core/fact.zy,baseline
release,0,661501,343,69,4852462,False,"[276, 90, 14, 0]",4,lib/tests/core/fact.zy,recursive
release,0,521332,343,69,3868586,False,"[276, 90, 14, 0]",4,lib/tests/core/fact.zy,original
release,0,592835,343,69,3689419,False,"[276, 90, 14, 0]",4,lib/tests/core/fact.zy,jobs
release,0,563412,343,69,4962797,False,"[276, 90, 14, 0]",4,lib/tests/core/fact.zy,baseline
release,0,598165,343,69,4442085,False,"[276, 90, 14, 0]",4,lib/tests/core/fact.zy,explicit
release,0,528626,343,69,3922122,False,"[276, 90, 14, 0]",5,lib/tests/core/fact.zy,original
release,0,535379,343,69,3771543,False,"[276, 90, 14, 0]",5,lib/tests/core/fact.zy,jobs
release,0,528752,343,69,4380451,False,"[276, 90, 14, 0]",5,lib/tests/core/fact.zy,baseline
release,0,495166,343,69,3774544,False,"[276, 90, 14, 0]",5,lib/tests/core/fact.zy,explicit
release,0,547789,343,69,3935711,False,"[276, 90, 14, 0]",5,lib/tests/core/fact.zy,recursive
release,0,594119,343,69,4082288,False,"[276, 90, 14, 0]",6,lib/tests/core/fact.zy,jobs
release,0,529507,343,69,4438870,False,"[276, 90, 14, 0]",6,lib/tests/core/fact.zy,baseline
release,0,463041,343,69,3413292,False,"[276, 90, 14, 0]",6,lib/tests/core/fact.zy,explicit
release,0,499665,343,69,3700832,False,"[276, 90, 14, 0]",6,lib/tests/core/fact.zy,recursive
release,0,499497,343,69,3842706,False,"[276, 90, 14, 0]",6,lib/tests/core/fact.zy,original
release,0,673540,343,69,4700837,False,"[276, 90, 14, 0]",7,lib/tests/core/fact.zy,baseline
release,0,680376,343,69,4570790,False,"[276, 90, 14, 0]",7,lib/tests/core/fact.zy,explicit
release,0,549916,343,69,3755581,False,"[276, 90, 14, 0]",7,lib/tests/core/fact.zy,recursive
release,0,970338,343,69,5297586,False,"[276, 90, 14, 0]",7,lib/tests/core/fact.zy,original
release,0,472125,343,69,3215788,False,"[276, 90, 14, 0]",7,lib/tests/core/fact.zy,jobs
release,0,555417,343,69,3713712,False,"[276, 90, 14, 0]",8,lib/tests/core/fact.zy,explicit
release,0,525622,343,69,3700496,False,"[276, 90, 14, 0]",8,lib/tests/core/fact.zy,recursive
release,0,670625,343,69,4343706,False,"[276, 90, 14, 0]",8,lib/tests/core/fact.zy,original
release,0,708289,343,69,4328212,False,"[276, 90, 14, 0]",8,lib/tests/core/fact.zy,jobs
release,0,778915,343,69,4751251,False,"[276, 90, 14, 0]",8,lib/tests/core/fact.zy,baseline
release,0,810375,343,69,4882914,False,"[276, 90, 14, 0]",9,lib/tests/core/fact.zy,recursive
release,0,737418,343,69,4150421,False,"[276, 90, 14, 0]",9,lib/tests/core/fact.zy,original
release,0,659956,343,69,4043252,False,"[276, 90, 14, 0]",9,lib/tests/core/fact.zy,jobs
release,0,695498,343,69,5166794,False,"[276, 90, 14, 0]",9,lib/tests/core/fact.zy,baseline
release,0,845297,343,69,5076163,False,"[276, 90, 14, 0]",9,lib/tests/core/fact.zy,explicit
release,0,715995,343,69,4650000,False,"[276, 90, 14, 0]",10,lib/tests/core/fact.zy,original
release,0,855828,343,69,4318084,False,"[276, 90, 14, 0]",10,lib/tests/core/fact.zy,jobs
release,0,494376,343,69,3920211,False,"[276, 90, 14, 0]",10,lib/tests/core/fact.zy,baseline
release,0,852376,343,69,4929663,False,"[276, 90, 14, 0]",10,lib/tests/core/fact.zy,explicit
release,0,616874,343,69,4135248,False,"[276, 90, 14, 0]",10,lib/tests/core/fact.zy,recursive
release,0,533662,343,69,3739375,False,"[276, 90, 14, 0]",11,lib/tests/core/fact.zy,jobs
release,0,598079,343,69,4062166,False,"[276, 90, 14, 0]",11,lib/tests/core/fact.zy,baseline
release,0,952793,343,69,4751456,False,"[276, 90, 14, 0]",11,lib/tests/core/fact.zy,explicit
release,0,492833,343,69,3650254,False,"[276, 90, 14, 0]",11,lib/tests/core/fact.zy,recursive
release,0,440456,343,69,3528086,False,"[276, 90, 14, 0]",11,lib/tests/core/fact.zy,original
release,0,529000,343,69,4128421,False,"[276, 90, 14, 0]",12,lib/tests/core/fact.zy,baseline
release,0,533209,343,69,3686910,False,"[276, 90, 14, 0]",12,lib/tests/core/fact.zy,explicit
release,0,447998,343,69,3440708,False,"[276, 90, 14, 0]",12,lib/tests/core/fact.zy,recursive
release,0,524631,343,69,3765206,False,"[276, 90, 14, 0]",12,lib/tests/core/fact.zy,original
release,0,497335,343,69,3559582,False,"[276, 90, 14, 0]",12,lib/tests/core/fact.zy,jobs
release,0,448918,343,69,3575540,False,"[276, 90, 14, 0]",13,lib/tests/core/fact.zy,explicit
release,0,465832,343,69,3463377,False,"[276, 90, 14, 0]",13,lib/tests/core/fact.zy,recursive
release,0,443458,343,69,3525707,False,"[276, 90, 14, 0]",13,lib/tests/core/fact.zy,original
release,0,464793,343,69,3191621,False,"[276, 90, 14, 0]",13,lib/tests/core/fact.zy,jobs
release,0,449169,343,69,3794876,False,"[276, 90, 14, 0]",13,lib/tests/core/fact.zy,baseline
release,0,481869,343,69,3531667,False,"[276, 90, 14, 0]",14,lib/tests/core/fact.zy,recursive
release,0,514042,343,69,3624412,False,"[276, 90, 14, 0]",14,lib/tests/core/fact.zy,original
release,0,438752,343,69,3170587,False,"[276, 90, 14, 0]",14,lib/tests/core/fact.zy,jobs
release,0,507208,343,69,3907585,False,"[276, 90, 14, 0]",14,lib/tests/core/fact.zy,baseline
release,0,438797,343,69,3568459,False,"[276, 90, 14, 0]",14,lib/tests/core/fact.zy,explicit
release,0,427335,343,69,3496918,False,"[276, 90, 14, 0]",15,lib/tests/core/fact.zy,original
release,0,473415,343,69,3535419,False,"[276, 90, 14, 0]",15,lib/tests/core/fact.zy,jobs
release,0,426621,343,69,3638169,False,"[276, 90, 14, 0]",15,lib/tests/core/fact.zy,baseline
release,0,456501,343,69,3696587,False,"[276, 90, 14, 0]",15,lib/tests/core/fact.zy,explicit
release,0,557871,343,69,4387044,False,"[276, 90, 14, 0]",15,lib/tests/core/fact.zy,recursive
release,0,644580,343,69,4048673,False,"[276, 90, 14, 0]",16,lib/tests/core/fact.zy,jobs
release,0,545455,343,69,4683411,False,"[276, 90, 14, 0]",16,lib/tests/core/fact.zy,baseline
release,0,545498,343,69,3774289,False,"[276, 90, 14, 0]",16,lib/tests/core/fact.zy,explicit
release,0,591123,343,69,3914418,False,"[276, 90, 14, 0]",16,lib/tests/core/fact.zy,recursive
release,0,520500,343,69,4421620,False,"[276, 90, 14, 0]",16,lib/tests/core/fact.zy,original
release,0,505423,343,69,4363915,False,"[276, 90, 14, 0]",17,lib/tests/core/fact.zy,baseline
release,0,540291,343,69,3786714,False,"[276, 90, 14, 0]",17,lib/tests/core/fact.zy,explicit
release,0,574869,343,69,3881455,False,"[276, 90, 14, 0]",17,lib/tests/core/fact.zy,recursive
release,0,735420,343,69,4600418,False,"[276, 90, 14, 0]",17,lib/tests/core/fact.zy,original
release,0,554210,343,69,3644123,False,"[276, 90, 14, 0]",17,lib/tests/core/fact.zy,jobs
release,0,507832,343,69,3823539,False,"[276, 90, 14, 0]",18,lib/tests/core/fact.zy,explicit
release,0,517125,343,69,4051627,False,"[276, 90, 14, 0]",18,lib/tests/core/fact.zy,recursive
release,0,499219,343,69,4388213,False,"[276, 90, 14, 0]",18,lib/tests/core/fact.zy,original
release,0,516790,343,69,3487789,False,"[276, 90, 14, 0]",18,lib/tests/core/fact.zy,jobs
release,0,520745,343,69,3784628,False,"[276, 90, 14, 0]",18,lib/tests/core/fact.zy,baseline
release,0,562164,343,69,4203170,False,"[276, 90, 14, 0]",19,lib/tests/core/fact.zy,recursive
release,0,551293,343,69,4480002,False,"[276, 90, 14, 0]",19,lib/tests/core/fact.zy,original
release,0,503456,343,69,3125206,False,"[276, 90, 14, 0]",19,lib/tests/core/fact.zy,jobs
release,0,541790,343,69,4132547,False,"[276, 90, 14, 0]",19,lib/tests/core/fact.zy,baseline
release,0,540424,343,69,4287081,False,"[276, 90, 14, 0]",19,lib/tests/core/fact.zy,explicit
release,0,574125,343,69,4780589,False,"[276, 90, 14, 0]",20,lib/tests/core/fact.zy,original
release,0,584378,343,69,3289289,False,"[276, 90, 14, 0]",20,lib/tests/core/fact.zy,jobs
release,0,608788,343,69,4627707,False,"[276, 90, 14, 0]",20,lib/tests/core/fact.zy,baseline
release,0,573043,343,69,4288127,False,"[276, 90, 14, 0]",20,lib/tests/core/fact.zy,explicit
release,0,556084,343,69,3739662,False,"[276, 90, 14, 0]",20,lib/tests/core/fact.zy,recursive
release,0,400917,343,69,2967000,False,"[276, 90, 14, 0]",21,lib/tests/core/fact.zy,jobs
release,0,478705,343,69,3870206,False,"[276, 90, 14, 0]",21,lib/tests/core/fact.zy,baseline
release,0,526958,343,69,4271294,False,"[276, 90, 14, 0]",21,lib/tests/core/fact.zy,explicit
release,0,530375,343,69,3964662,False,"[276, 90, 14, 0]",21,lib/tests/core/fact.zy,recursive
release,0,536584,343,69,4324667,False,"[276, 90, 14, 0]",21,lib/tests/core/fact.zy,original
release,0,535878,343,69,4112538,False,"[276, 90, 14, 0]",22,lib/tests/core/fact.zy,baseline
release,0,612505,343,69,5081833,False,"[276, 90, 14, 0]",22,lib/tests/core/fact.zy,explicit
release,0,609168,343,69,4194293,False,"[276, 90, 14, 0]",22,lib/tests/core/fact.zy,recursive
release,0,665290,343,69,4325418,False,"[276, 90, 14, 0]",22,lib/tests/core/fact.zy,original
release,0,533413,343,69,3643170,False,"[276, 90, 14, 0]",22,lib/tests/core/fact.zy,jobs
release,0,549581,343,69,4375877,False,"[276, 90, 14, 0]",23,lib/tests/core/fact.zy,explicit
release,0,492165,343,69,3524457,False,"[276, 90, 14, 0]",23,lib/tests/core/fact.zy,recursive
release,0,468622,343,69,3496715,False,"[276, 90, 14, 0]",23,lib/tests/core/fact.zy,original
release,0,682333,343,69,4233966,False,"[276, 90, 14, 0]",23,lib/tests/core/fact.zy,jobs
release,0,529371,343,69,4537295,False,"[276, 90, 14, 0]",23,lib/tests/core/fact.zy,baseline
release,0,497918,343,69,3467167,False,"[276, 90, 14, 0]",24,lib/tests/core/fact.zy,recursive
release,0,564083,343,69,4306254,False,"[276, 90, 14, 0]",24,lib/tests/core/fact.zy,original
release,0,698831,343,69,3544040,False,"[276, 90, 14, 0]",24,lib/tests/core/fact.zy,jobs
release,0,562335,343,69,4466707,False,"[276, 90, 14, 0]",24,lib/tests/core/fact.zy,baseline
release,0,420751,343,69,3442121,False,"[276, 90, 14, 0]",24,lib/tests/core/fact.zy,explicit
release,0,422128,343,69,3449295,False,"[276, 90, 14, 0]",25,lib/tests/core/fact.zy,original
release,0,413253,343,69,3107247,False,"[276, 90, 14, 0]",25,lib/tests/core/fact.zy,jobs
release,0,487997,343,69,3894004,False,"[276, 90, 14, 0]",25,lib/tests/core/fact.zy,baseline
release,0,463495,343,69,3631749,False,"[276, 90, 14, 0]",25,lib/tests/core/fact.zy,explicit
release,0,470543,343,69,3366913,False,"[276, 90, 14, 0]",25,lib/tests/core/fact.zy,recursive
release,0,488211,343,69,3168374,False,"[276, 90, 14, 0]",26,lib/tests/core/fact.zy,jobs
release,0,445124,343,69,3616621,False,"[276, 90, 14, 0]",26,lib/tests/core/fact.zy,baseline
release,0,480919,343,69,3646331,False,"[276, 90, 14, 0]",26,lib/tests/core/fact.zy,explicit
release,0,427121,343,69,3307540,False,"[276, 90, 14, 0]",26,lib/tests/core/fact.zy,recursive
release,0,478543,343,69,3785044,False,"[276, 90, 14, 0]",26,lib/tests/core/fact.zy,original
release,0,754080,343,69,5076915,False,"[276, 90, 14, 0]",27,lib/tests/core/fact.zy,baseline
release,0,817045,343,69,4468041,False,"[276, 90, 14, 0]",27,lib/tests/core/fact.zy,explicit
release,0,652369,343,69,4603542,False,"[276, 90, 14, 0]",27,lib/tests/core/fact.zy,recursive
release,0,628122,343,69,5038672,False,"[276, 90, 14, 0]",27,lib/tests/core/fact.zy,original
release,0,1053001,343,69,5045168,False,"[276, 90, 14, 0]",27,lib/tests/core/fact.zy,jobs
release,0,662496,343,69,4260960,False,"[276, 90, 14, 0]",28,lib/tests/core/fact.zy,explicit
release,0,737790,343,69,4511959,False,"[276, 90, 14, 0]",28,lib/tests/core/fact.zy,recursive
release,0,483454,343,69,3516712,False,"[276, 90, 14, 0]",28,lib/tests/core/fact.zy,original
release,0,695708,343,69,4192545,False,"[276, 90, 14, 0]",28,lib/tests/core/fact.zy,jobs
release,0,420331,343,69,3631663,False,"[276, 90, 14, 0]",28,lib/tests/core/fact.zy,baseline
release,0,399500,343,69,3187829,False,"[276, 90, 14, 0]",29,lib/tests/core/fact.zy,recursive
release,0,403918,343,69,3209786,False,"[276, 90, 14, 0]",29,lib/tests/core/fact.zy,original
release,0,407789,343,69,3310583,False,"[276, 90, 14, 0]",29,lib/tests/core/fact.zy,jobs
release,0,399874,343,69,3737829,False,"[276, 90, 14, 0]",29,lib/tests/core/fact.zy,baseline
release,0,498005,343,69,3912626,False,"[276, 90, 14, 0]",29,lib/tests/core/fact.zy,explicit
release,0,544830,343,69,4076543,False,"[276, 90, 14, 0]",30,lib/tests/core/fact.zy,original
release,0,561580,343,69,4144834,False,"[276, 90, 14, 0]",30,lib/tests/core/fact.zy,jobs
release,0,590251,343,69,4227879,False,"[276, 90, 14, 0]",30,lib/tests/core/fact.zy,baseline
release,0,474333,343,69,3527585,False,"[276, 90, 14, 0]",30,lib/tests/core/fact.zy,explicit
release,0,492920,343,69,3686960,False,"[276, 90, 14, 0]",30,lib/tests/core/fact.zy,recursive
release,0,518962,343,69,4047325,False,"[276, 90, 14, 0]",31,lib/tests/core/fact.zy,jobs
release,0,653840,343,69,4918833,False,"[276, 90, 14, 0]",31,lib/tests/core/fact.zy,baseline
release,0,429207,343,69,3413206,False,"[276, 90, 14, 0]",31,lib/tests/core/fact.zy,explicit
release,0,537829,343,69,3997166,False,"[276, 90, 14, 0]",31,lib/tests/core/fact.zy,recursive
release,0,508041,343,69,4409674,False,"[276, 90, 14, 0]",31,lib/tests/core/fact.zy,original
release,0,464957,343,69,3693792,False,"[276, 90, 14, 0]",32,lib/tests/core/fact.zy,baseline
release,0,462920,343,69,3383254,False,"[276, 90, 14, 0]",32,lib/tests/core/fact.zy,explicit
release,0,582166,343,69,3994333,False,"[276, 90, 14, 0]",32,lib/tests/core/fact.zy,recursive
release,0,525962,343,69,5067870,False,"[276, 90, 14, 0]",32,lib/tests/core/fact.zy,original
release,0,513129,343,69,3371168,False,"[276, 90, 14, 0]",32,lib/tests/core/fact.zy,jobs
release,0,486915,343,69,3586123,False,"[276, 90, 14, 0]",33,lib/tests/core/fact.zy,explicit
release,0,504127,343,69,4204250,False,"[276, 90, 14, 0]",33,lib/tests/core/fact.zy,recursive
release,0,499583,343,69,4549879,False,"[276, 90, 14, 0]",33,lib/tests/core/fact.zy,original
release,0,638872,343,69,4248913,False,"[276, 90, 14, 0]",33,lib/tests/core/fact.zy,jobs
release,0,529500,343,69,3841035,False,"[276, 90, 14, 0]",33,lib/tests/core/fact.zy,baseline
release,0,564750,343,69,4290667,False,"[276, 90, 14, 0]",34,lib/tests/core/fact.zy,recursive
release,0,515675,343,69,5450746,False,"[276, 90, 14, 0]",34,lib/tests/core/fact.zy,original
release,0,510664,343,69,4078547,False,"[276, 90, 14, 0]",34,lib/tests/core/fact.zy,jobs
release,0,516788,343,69,4148129,False,"[276, 90, 14, 0]",34,lib/tests/core/fact.zy,baseline
release,0,455587,343,69,3572576,False,"[276, 90, 14, 0]",34,lib/tests/core/fact.zy,explicit
release,0,474791,343,69,3584879,False,"[276, 90, 14, 0]",35,lib/tests/core/fact.zy,original
release,0,495834,343,69,3420421,False,"[276, 90, 14, 0]",35,lib/tests/core/fact.zy,jobs
release,0,538749,343,69,3895582,False,"[276, 90, 14, 0]",35,lib/tests/core/fact.zy,baseline
release,0,467169,343,69,3774830,False,"[276, 90, 14, 0]",35,lib/tests/core/fact.zy,explicit
release,0,461541,343,69,3478248,False,"[276, 90, 14, 0]",35,lib/tests/core/fact.zy,recursive
release,0,454249,343,69,3208164,False,"[276, 90, 14, 0]",36,lib/tests/core/fact.zy,jobs
release,0,425960,343,69,3830418,False,"[276, 90, 14, 0]",36,lib/tests/core/fact.zy,baseline
release,0,463369,343,69,3579457,False,"[276, 90, 14, 0]",36,lib/tests/core/fact.zy,explicit
release,0,484503,343,69,3555373,False,"[276, 90, 14, 0]",36,lib/tests/core/fact.zy,recursive
release,0,473376,343,69,3614879,False,"[276, 90, 14, 0]",36,lib/tests/core/fact.zy,original
release,0,453333,343,69,3778920,False,"[276, 90, 14, 0]",37,lib/tests/core/fact.zy,baseline
release,0,459082,343,69,3671833,False,"[276, 90, 14, 0]",37,lib/tests/core/fact.zy,explicit
release,0,447253,343,69,3419703,False,"[276, 90, 14, 0]",37,lib/tests/core/fact.zy,recursive
release,0,441205,343,69,3441791,False,"[276, 90, 14, 0]",37,lib/tests/core/fact.zy,original
release,0,442961,343,69,3116290,False,"[276, 90, 14, 0]",37,lib/tests/core/fact.zy,jobs
release,0,435504,343,69,3516832,False,"[276, 90, 14, 0]",38,lib/tests/core/fact.zy,explicit
release,0,439871,343,69,3363085,False,"[276, 90, 14, 0]",38,lib/tests/core/fact.zy,recursive
release,0,423207,343,69,3352706,False,"[276, 90, 14, 0]",38,lib/tests/core/fact.zy,original
release,0,463672,343,69,3210710,False,"[276, 90, 14, 0]",38,lib/tests/core/fact.zy,jobs
release,0,554709,343,69,4061040,False,"[276, 90, 14, 0]",38,lib/tests/core/fact.zy,baseline
release,0,466081,343,69,3533752,False,"[276, 90, 14, 0]",39,lib/tests/core/fact.zy,recursive
release,0,446916,343,69,3523331,False,"[276, 90, 14, 0]",39,lib/tests/core/fact.zy,original
release,0,431456,343,69,3123172,False,"[276, 90, 14, 0]",39,lib/tests/core/fact.zy,jobs
release,0,448587,343,69,3788993,False,"[276, 90, 14, 0]",39,lib/tests/core/fact.zy,baseline
release,0,430674,343,69,3500625,False,"[276, 90, 14, 0]",39,lib/tests/core/fact.zy,explicit
release,0,751833,343,106,5164625,True,"[265, 89, 14, 13]",0,lib/tests/core/fact.zy,original
release,0,711498,343,106,4737086,True,"[265, 89, 14, 13]",0,lib/tests/core/fact.zy,jobs
release,0,834122,343,106,5890745,True,"[265, 89, 14, 13]",0,lib/tests/core/fact.zy,baseline
release,0,719123,343,106,5225250,True,"[265, 89, 14, 13]",0,lib/tests/core/fact.zy,explicit
release,0,645542,343,106,5032169,True,"[265, 89, 14, 13]",0,lib/tests/core/fact.zy,recursive
release,0,738791,343,106,4993166,True,"[265, 89, 14, 13]",1,lib/tests/core/fact.zy,jobs
release,0,660503,343,106,5635458,True,"[265, 89, 14, 13]",1,lib/tests/core/fact.zy,baseline
release,0,624332,343,106,5102167,True,"[265, 89, 14, 13]",1,lib/tests/core/fact.zy,explicit
release,0,621875,343,106,4889001,True,"[265, 89, 14, 13]",1,lib/tests/core/fact.zy,recursive
release,0,702584,343,106,5066127,True,"[265, 89, 14, 13]",1,lib/tests/core/fact.zy,original
release,0,602627,343,106,5276790,True,"[265, 89, 14, 13]",2,lib/tests/core/fact.zy,baseline
release,0,753464,343,106,5683038,True,"[265, 89, 14, 13]",2,lib/tests/core/fact.zy,explicit
release,0,768880,343,106,6024543,True,"[265, 89, 14, 13]",2,lib/tests/core/fact.zy,recursive
release,0,752747,343,106,5630414,True,"[265, 89, 14, 13]",2,lib/tests/core/fact.zy,original
release,0,849671,343,106,5411500,True,"[265, 89, 14, 13]",2,lib/tests/core/fact.zy,jobs
release,0,860798,343,106,5641334,True,"[265, 89, 14, 13]",3,lib/tests/core/fact.zy,explicit
release,0,716122,343,106,5007829,True,"[265, 89, 14, 13]",3,lib/tests/core/fact.zy,recursive
release,0,732836,343,106,6074453,True,"[265, 89, 14, 13]",3,lib/tests/core/fact.zy,original
release,0,783291,343,106,5451832,True,"[265, 89, 14, 13]",3,lib/tests/core/fact.zy,jobs
release,0,763333,343,106,5843623,True,"[265, 89, 14, 13]",3,lib/tests/core/fact.zy,baseline
release,0,845161,343,106,7473497,True,"[265, 89, 14, 13]",4,lib/tests/core/fact.zy,recursive
release,0,762078,343,106,5524425,True,"[265, 89, 14, 13]",4,lib/tests/core/fact.zy,original
release,0,834545,343,106,6164864,True,"[265, 89, 14, 13]",4,lib/tests/core/fact.zy,jobs
release,0,1644201,343,106,6934920,True,"[265, 89, 14, 13]",4,lib/tests/core/fact.zy,baseline
release,0,954119,343,106,6541750,True,"[265, 89, 14, 13]",4,lib/tests/core/fact.zy,explicit
release,0,1427287,343,106,6924711,True,"[265, 89, 14, 13]",5,lib/tests/core/fact.zy,original
release,0,979166,343,106,5605550,True,"[265, 89, 14, 13]",5,lib/tests/core/fact.zy,jobs
release,0,882914,343,106,6764411,True,"[265, 89, 14, 13]",5,lib/tests/core/fact.zy,baseline
release,0,786831,343,106,6299119,True,"[265, 89, 14, 13]",5,lib/tests/core/fact.zy,explicit
release,0,884583,343,106,6290336,True,"[265, 89, 14, 13]",5,lib/tests/core/fact.zy,recursive
release,0,874288,343,106,5926874,True,"[265, 89, 14, 13]",6,lib/tests/core/fact.zy,jobs
release,0,1489250,343,106,6381755,True,"[265, 89, 14, 13]",6,lib/tests/core/fact.zy,baseline
release,0,875543,343,106,6320667,True,"[265, 89, 14, 13]",6,lib/tests/core/fact.zy,explicit
release,0,842876,343,106,6427038,True,"[265, 89, 14, 13]",6,lib/tests/core/fact.zy,recursive
release,0,823751,343,106,5741007,True,"[265, 89, 14, 13]",6,lib/tests/core/fact.zy,original
release,0,854255,343,106,6671824,True,"[265, 89, 14, 13]",7,lib/tests/core/fact.zy,baseline
release,0,804085,343,106,5815452,True,"[265, 89, 14, 13]",7,lib/tests/core/fact.zy,explicit
release,0,824996,343,106,5962046,True,"[265, 89, 14, 13]",7,lib/tests/core/fact.zy,recursive
release,0,819502,343,106,6562706,True,"[265, 89, 14, 13]",7,lib/tests/core/fact.zy,original
release,0,887083,343,106,6366995,True,"[265, 89, 14, 13]",7,lib/tests/core/fact.zy,jobs
release,0,902245,343,106,8215704,True,"[265, 89, 14, 13]",8,lib/tests/core/fact.zy,explicit
release,0,875794,343,106,5915039,True,"[265, 89, 14, 13]",8,lib/tests/core/fact.zy,recursive
release,0,725507,343,106,5565416,True,"[265, 89, 14, 13]",8,lib/tests/core/fact.zy,original
release,0,781830,343,106,5038668,True,"[265, 89, 14, 13]",8,lib/tests/core/fact.zy,jobs
release,0,932918,343,106,6336875,True,"[265, 89, 14, 13]",8,lib/tests/core/fact.zy,baseline
release,0,832167,343,106,5538329,True,"[265, 89, 14, 13]",9,lib/tests/core/fact.zy,recursive
release,0,817375,343,106,5825417,True,"[265, 89, 14, 13]",9,lib/tests/core/fact.zy,original
release,0,905707,343,106,5484996,True,"[265, 89, 14, 13]",9,lib/tests/core/fact.zy,jobs
release,0,914293,343,106,6383007,True,"[265, 89, 14, 13]",9,lib/tests/core/fact.zy,baseline
release,0,815962,343,106,5729746,True,"[265, 89, 14, 13]",9,lib/tests/core/fact.zy,explicit
release,0,856210,343,106,6827500,True,"[265, 89, 14, 13]",10,lib/tests/core/fact.zy,original
release,0,907544,343,106,5992875,True,"[265, 89, 14, 13]",10,lib/tests/core/fact.zy,jobs
release,0,795205,343,106,5700081,True,"[265, 89, 14, 13]",10,lib/tests/core/fact.zy,baseline
release,0,760207,343,106,5236879,True,"[265, 89, 14, 13]",10,lib/tests/core/fact.zy,explicit
release,0,658955,343,106,4841125,True,"[265, 89, 14, 13]",10,lib/tests/core/fact.zy,recursive
release,0,709624,343,106,4744919,True,"[265, 89, 14, 13]",11,lib/tests/core/fact.zy,jobs
release,0,712372,343,106,5506543,True,"[265, 89, 14, 13]",11,lib/tests/core/fact.zy,baseline
release,0,636376,343,106,4878627,True,"[265, 89, 14, 13]",11,lib/tests/core/fact.zy,explicit
release,0,753584,343,106,5085335,True,"[265, 89, 14, 13]",11,lib/tests/core/fact.zy,recursive
release,0,893085,343,106,7020420,True,"[265, 89, 14, 13]",11,lib/tests/core/fact.zy,original
release,0,905542,343,106,7006380,True,"[265, 89, 14, 13]",12,lib/tests/core/fact.zy,baseline
release,0,778954,343,106,5655005,True,"[265, 89, 14, 13]",12,lib/tests/core/fact.zy,explicit
release,0,909290,343,106,8417085,True,"[265, 89, 14, 13]",12,lib/tests/core/fact.zy,recursive
release,0,842502,343,106,5787377,True,"[265, 89, 14, 13]",12,lib/tests/core/fact.zy,original
release,0,952749,343,106,6082542,True,"[265, 89, 14, 13]",12,lib/tests/core/fact.zy,jobs
release,0,821586,343,106,6554213,True,"[265, 89, 14, 13]",13,lib/tests/core/fact.zy,explicit
release,0,895088,343,106,6014920,True,"[265, 89, 14, 13]",13,lib/tests/core/fact.zy,recursive
release,0,955710,343,106,6910924,True,"[265, 89, 14, 13]",13,lib/tests/core/fact.zy,original
release,0,914494,343,106,5759169,True,"[265, 89, 14, 13]",13,lib/tests/core/fact.zy,jobs
release,0,887461,343,106,6763331,True,"[265, 89, 14, 13]",13,lib/tests/core/fact.zy,baseline
release,0,1005292,343,106,8478250,True,"[265, 89, 14, 13]",14,lib/tests/core/fact.zy,recursive
release,0,860753,343,106,6022335,True,"[265, 89, 14, 13]",14,lib/tests/core/fact.zy,original
release,0,847878,343,106,5764248,True,"[265, 89, 14, 13]",14,lib/tests/core/fact.zy,jobs
release,0,1014374,343,106,7599999,True,"[265, 89, 14, 13]",14,lib/tests/core/fact.zy,baseline
release,0,1137833,343,106,7169336,True,"[265, 89, 14, 13]",14,lib/tests/core/fact.zy,explicit
release,0,879204,343,106,7284837,True,"[265, 89, 14, 13]",15,lib/tests/core/fact.zy,original
release,0,764872,343,106,5166301,True,"[265, 89, 14, 13]",15,lib/tests/core/fact.zy,jobs
release,0,795961,343,106,6221739,True,"[265, 89, 14, 13]",15,lib/tests/core/fact.zy,baseline
release,0,731961,343,106,5752219,True,"[265, 89, 14, 13]",15,lib/tests/core/fact.zy,explicit
release,0,793410,343,106,5754792,True,"[265, 89, 14, 13]",15,lib/tests/core/fact.zy,recursive
release,0,702626,343,106,5013539,True,"[265, 89, 14, 13]",16,lib/tests/core/fact.zy,jobs
release,0,683002,343,106,5925540,True,"[265, 89, 14, 13]",16,lib/tests/core/fact.zy,baseline
release,0,750211,343,106,5718791,True,"[265, 89, 14, 13]",16,lib/tests/core/fact.zy,explicit
release,0,698336,343,106,5396833,True,"[265, 89, 14, 13]",16,lib/tests/core/fact.zy,recursive
release,0,744212,343,106,5510164,True,"[265, 89, 14, 13]",16,lib/tests/core/fact.zy,original
release,0,741416,343,106,5877789,True,"[265, 89, 14, 13]",17,lib/tests/core/fact.zy,baseline
release,0,703993,343,106,5614677,True,"[265, 89, 14, 13]",17,lib/tests/core/fact.zy,explicit
release,0,695295,343,106,5427126,True,"[265, 89, 14, 13]",17,lib/tests/core/fact.zy,recursive
release,0,674166,343,106,5301667,True,"[265, 89, 14, 13]",17,lib/tests/core/fact.zy,original
release,0,839248,343,106,5307208,True,"[265, 89, 14, 13]",17,lib/tests/core/fact.zy,jobs
release,0,1006039,343,106,6705672,True,"[265, 89, 14, 13]",18,lib/tests/core/fact.zy,explicit
release,0,1066460,343,106,6669332,True,"[265, 89, 14, 13]",18,lib/tests/core/fact.zy,recursive
release,0,1797624,343,106,11023872,True,"[265, 89, 14, 13]",18,lib/tests/core/fact.zy,original
release,0,1032045,343,106,6139172,True,"[265, 89, 14, 13]",18,lib/tests/core/fact.zy,jobs
release,0,954287,343,106,6667498,True,"[265, 89, 14, 13]",18,lib/tests/core/fact.zy,baseline
release,0,872626,343,106,5736255,True,"[265, 89, 14, 13]",19,lib/tests/core/fact.zy,recursive
release,0,963042,343,106,6711913,True,"[265, 89, 14, 13]",19,lib/tests/core/fact.zy,original
release,0,1779250,343,106,9360339,True,"[265, 89, 14, 13]",19,lib/tests/core/fact.zy,jobs
release,0,1431002,343,106,8367835,True,"[265, 89, 14, 13]",19,lib/tests/core/fact.zy,baseline
release,0,1383374,343,106,8410124,True,"[265, 89, 14, 13]",19,lib/tests/core/fact.zy,explicit
release,0,1177082,343,106,7388621,True,"[265, 89, 14, 13]",20,lib/tests/core/fact.zy,original
release,0,1180914,343,106,6257915,True,"[265, 89, 14, 13]",20,lib/tests/core/fact.zy,jobs
release,0,901166,343,106,6280873,True,"[265, 89, 14, 13]",20,lib/tests/core/fact.zy,baseline
release,0,857043,343,106,6274551,True,"[265, 89, 14, 13]",20,lib/tests/core/fact.zy,explicit
release,0,1220962,343,106,6662458,True,"[265, 89, 14, 13]",20,lib/tests/core/fact.zy,recursive
release,0,893873,343,106,5665876,True,"[265, 89, 14, 13]",21,lib/tests/core/fact.zy,jobs
release,0,1344250,343,106,7286620,True,"[265, 89, 14, 13]",21,lib/tests/core/fact.zy,baseline
release,0,791248,343,106,5727247,True,"[265, 89, 14, 13]",21,lib/tests/core/fact.zy,explicit
release,0,822419,343,106,5981007,True,"[265, 89, 14, 13]",21,lib/tests/core/fact.zy,recursive
release,0,890129,343,106,9098576,True,"[265, 89, 14, 13]",21,lib/tests/core/fact.zy,original
release,0,951706,343,106,6937003,True,"[265, 89, 14, 13]",22,lib/tests/core/fact.zy,baseline
release,0,1791828,343,106,7582665,True,"[265, 89, 14, 13]",22,lib/tests/core/fact.zy,explicit
release,0,916213,343,106,5855881,True,"[265, 89, 14, 13]",22,lib/tests/core/fact.zy,recursive
release,0,880210,343,106,7537248,True,"[265, 89, 14, 13]",22,lib/tests/core/fact.zy,original
release,0,934128,343,106,6050288,True,"[265, 89, 14, 13]",22,lib/tests/core/fact.zy,jobs
release,0,802876,343,106,5739041,True,"[265, 89, 14, 13]",23,lib/tests/core/fact.zy,explicit
release,0,913876,343,106,6262460,True,"[265, 89, 14, 13]",23,lib/tests/core/fact.zy,recursive
release,0,791671,343,106,5915790,True,"[265, 89, 14, 13]",23,lib/tests/core/fact.zy,original
release,0,844872,343,106,5528419,True,"[265, 89, 14, 13]",23,lib/tests/core/fact.zy,jobs
release,0,886373,343,106,6810408,True,"[265, 89, 14, 13]",23,lib/tests/core/fact.zy,baseline
release,0,805336,343,106,5383125,True,"[265, 89, 14, 13]",24,lib/tests/core/fact.zy,recursive
release,0,882741,343,106,7662509,True,"[265, 89, 14, 13]",24,lib/tests/core/fact.zy,original
release,0,969707,343,106,5728585,True,"[265, 89, 14, 13]",24,lib/tests/core/fact.zy,jobs
release,0,807711,343,106,6509832,True,"[265, 89, 14, 13]",24,lib/tests/core/fact.zy,baseline
release,0,766418,343,106,6240366,True,"[265, 89, 14, 13]",24,lib/tests/core/fact.zy,explicit
release,0,867008,343,106,5908545,True,"[265, 89, 14, 13]",25,lib/tests/core/fact.zy,original
release,0,905210,343,106,6729537,True,"[265, 89, 14, 13]",25,lib/tests/core/fact.zy,jobs
release,0,867507,343,106,6235503,True,"[265, 89, 14, 13]",25,lib/tests/core/fact.zy,baseline
release,0,823376,343,106,6198416,True,"[265, 89, 14, 13]",25,lib/tests/core/fact.zy,explicit
release,0,784462,343,106,6204333,True,"[265, 89, 14, 13]",25,lib/tests/core/fact.zy,recursive
release,0,741915,343,106,4878416,True,"[265, 89, 14, 13]",26,lib/tests/core/fact.zy,jobs
release,0,817124,343,106,6498834,True,"[265, 89, 14, 13]",26,lib/tests/core/fact.zy,baseline
release,0,916422,343,106,6079000,True,"[265, 89, 14, 13]",26,lib/tests/core/fact.zy,explicit
release,0,874158,343,106,6185371,True,"[265, 89, 14, 13]",26,lib/tests/core/fact.zy,recursive
release,0,752622,343,106,5331498,True,"[265, 89, 14, 13]",26,lib/tests/core/fact.zy,original
release,0,735257,343,106,5661491,True,"[265, 89, 14, 13]",27,lib/tests/core/fact.zy,baseline
release,0,747410,343,106,5740958,True,"[265, 89, 14, 13]",27,lib/tests/core/fact.zy,explicit
release,0,762581,343,106,5488248,True,"[265, 89, 14, 13]",27,lib/tests/core/fact.zy,recursive
release,0,700837,343,106,5184457,True,"[265, 89, 14, 13]",27,lib/tests/core/fact.zy,original
release,0,716208,343,106,5149657,True,"[265, 89, 14, 13]",27,lib/tests/core/fact.zy,jobs
release,0,660209,343,106,5279463,True,"[265, 89, 14, 13]",28,lib/tests/core/fact.zy,explicit
release,0,663250,343,106,5017459,True,"[265, 89, 14, 13]",28,lib/tests/core/fact.zy,recursive
release,0,630660,343,106,5004829,True,"[265, 89, 14, 13]",28,lib/tests/core/fact.zy,original
release,0,688419,343,106,4667165,True,"[265, 89, 14, 13]",28,lib/tests/core/fact.zy,jobs
release,0,699542,343,106,5929576,True,"[265, 89, 14, 13]",28,lib/tests/core/fact.zy,baseline
release,0,830002,343,106,7016928,True,"[265, 89, 14, 13]",29,lib/tests/core/fact.zy,recursive
release,0,800837,343,106,5894501,True,"[265, 89, 14, 13]",29,lib/tests/core/fact.zy,original
release,0,718082,343,106,4575661,True,"[265, 89, 14, 13]",29,lib/tests/core/fact.zy,jobs
release,0,723997,343,106,5273628,True,"[265, 89, 14, 13]",29,lib/tests/core/fact.zy,baseline
release,0,635372,343,106,5098249,True,"[265, 89, 14, 13]",29,lib/tests/core/fact.zy,explicit
release,0,658418,343,106,5047491,True,"[265, 89, 14, 13]",30,lib/tests/core/fact.zy,original
release,0,728249,343,106,4614788,True,"[265, 89, 14, 13]",30,lib/tests/core/fact.zy,jobs
release,0,619873,343,106,5176959,True,"[265, 89, 14, 13]",30,lib/tests/core/fact.zy,baseline
release,0,672839,343,106,5177671,True,"[265, 89, 14, 13]",30,lib/tests/core/fact.zy,explicit
release,0,889333,343,106,7972959,True,"[265, 89, 14, 13]",30,lib/tests/core/fact.zy,recursive
release,0,768004,343,106,5651258,True,"[265, 89, 14, 13]",31,lib/tests/core/fact.zy,jobs
release,0,861463,343,106,6184330,True,"[265, 89, 14, 13]",31,lib/tests/core/fact.zy,baseline
release,0,790124,343,106,6449208,True,"[265, 89, 14, 13]",31,lib/tests/core/fact.zy,explicit
release,0,865288,343,106,5954378,True,"[265, 89, 14, 13]",31,lib/tests/core/fact.zy,recursive
release,0,805039,343,106,6761627,True,"[265, 89, 14, 13]",31,lib/tests/core/fact.zy,original
release,0,883789,343,106,6915540,True,"[265, 89, 14, 13]",32,lib/tests/core/fact.zy,baseline
release,0,808206,343,106,5914422,True,"[265, 89, 14, 13]",32,lib/tests/core/fact.zy,explicit
release,0,881166,343,106,6008533,True,"[265, 89, 14, 13]",32,lib/tests/core/fact.zy,recursive
release,0,899879,343,106,6249164,True,"[265, 89, 14, 13]",32,lib/tests/core/fact.zy,original
release,0,757620,343,106,5351538,True,"[265, 89, 14, 13]",32,lib/tests/core/fact.zy,jobs
release,0,815210,343,106,6273790,True,"[265, 89, 14, 13]",33,lib/tests/core/fact.zy,explicit
release,0,755666,343,106,5183670,True,"[265, 89, 14, 13]",33,lib/tests/core/fact.zy,recursive
release,0,722671,343,106,6137922,True,"[265, 89, 14, 13]",33,lib/tests/core/fact.zy,original
release,0,786295,343,106,5758545,True,"[265, 89, 14, 13]",33,lib/tests/core/fact.zy,jobs
release,0,774292,343,106,5606631,True,"[265, 89, 14, 13]",33,lib/tests/core/fact.zy,baseline
release,0,670880,343,106,4841949,True,"[265, 89, 14, 13]",34,lib/tests/core/fact.zy,recursive
release,0,720038,343,106,5416792,True,"[265, 89, 14, 13]",34,lib/tests/core/fact.zy,original
release,0,743707,343,106,5151336,True,"[265, 89, 14, 13]",34,lib/tests/core/fact.zy,jobs
release,0,705792,343,106,5772585,True,"[265, 89, 14, 13]",34,lib/tests/core/fact.zy,baseline
release,0,679003,343,106,5193167,True,"[265, 89, 14, 13]",34,lib/tests/core/fact.zy,explicit
release,0,668417,343,106,5354914,True,"[265, 89, 14, 13]",35,lib/tests/core/fact.zy,original
release,0,733084,343,106,4745466,True,"[265, 89, 14, 13]",35,lib/tests/core/fact.zy,jobs
release,0,680174,343,106,5329824,True,"[265, 89, 14, 13]",35,lib/tests/core/fact.zy,baseline
release,0,824792,343,106,5666245,True,"[265, 89, 14, 13]",35,lib/tests/core/fact.zy,explicit
release,0,759169,343,106,5239708,True,"[265, 89, 14, 13]",35,lib/tests/core/fact.zy,recursive
release,0,805753,343,106,5070719,True,"[265, 89, 14, 13]",36,lib/tests/core/fact.zy,jobs
release,0,934957,343,106,6603286,True,"[265, 89, 14, 13]",36,lib/tests/core/fact.zy,baseline
release,0,758417,343,106,5310131,True,"[265, 89, 14, 13]",36,lib/tests/core/fact.zy,explicit
release,0,823211,343,106,5554499,True,"[265, 89, 14, 13]",36,lib/tests/core/fact.zy,recursive
release,0,662335,343,106,5156500,True,"[265, 89, 14, 13]",36,lib/tests/core/fact.zy,original
release,0,705290,343,106,5574332,True,"[265, 89, 14, 13]",37,lib/tests/core/fact.zy,baseline
release,0,660583,343,106,5147041,True,"[265, 89, 14, 13]",37,lib/tests/core/fact.zy,explicit
release,0,695162,343,106,4939209,True,"[265, 89, 14, 13]",37,lib/tests/core/fact.zy,recursive
release,0,633010,343,106,4912963,True,"[265, 89, 14, 13]",37,lib/tests/core/fact.zy,original
release,0,699161,343,106,4632126,True,"[265, 89, 14, 13]",37,lib/tests/core/fact.zy,jobs
release,0,659494,343,106,5171543,True,"[265, 89, 14, 13]",38,lib/tests/core/fact.zy,explicit
release,0,641833,343,106,4859631,True,"[265, 89, 14, 13]",38,lib/tests/core/fact.zy,recursive
release,0,623337,343,106,4948739,True,"[265, 89, 14, 13]",38,lib/tests/core/fact.zy,original
release,0,664504,343,106,4589167,True,"[265, 89, 14, 13]",38,lib/tests/core/fact.zy,jobs
release,0,665916,343,106,5199168,True,"[265, 89, 14, 13]",38,lib/tests/core/fact.zy,baseline
release,0,603292,343,106,4676339,True,"[265, 89, 14, 13]",39,lib/tests/core/fact.zy,recursive
release,0,589419,343,106,4804294,True,"[265, 89, 14, 13]",39,lib/tests/core/fact.zy,original
release,0,680126,343,106,4664830,True,"[265, 89, 14, 13]",39,lib/tests/core/fact.zy,jobs
release,0,831216,343,106,6185746,True,"[265, 89, 14, 13]",39,lib/tests/core/fact.zy,baseline
release,0,790418,343,106,6406959,True,"[265, 89, 14, 13]",39,lib/tests/core/fact.zy,explicit
release,0,60343,4,1024,238999,False,"[2, 0, 0, 0]",0,lib/tests/core/pattern-alias.zy,original
release,0,72503,4,1024,485834,False,"[2, 0, 0, 0]",0,lib/tests/core/pattern-alias.zy,jobs
release,0,64625,4,1024,1590205,False,"[2, 0, 0, 0]",0,lib/tests/core/pattern-alias.zy,baseline
release,0,63290,4,1024,312231,False,"[2, 0, 0, 0]",0,lib/tests/core/pattern-alias.zy,explicit
release,0,71245,4,1024,318125,False,"[2, 0, 0, 0]",0,lib/tests/core/pattern-alias.zy,recursive
release,0,82935,4,1024,319102,False,"[2, 0, 0, 0]",1,lib/tests/core/pattern-alias.zy,jobs
release,0,78565,4,1024,383200,False,"[2, 0, 0, 0]",1,lib/tests/core/pattern-alias.zy,baseline
release,0,72630,4,1024,324327,False,"[2, 0, 0, 0]",1,lib/tests/core/pattern-alias.zy,explicit
release,0,68375,4,1024,308953,False,"[2, 0, 0, 0]",1,lib/tests/core/pattern-alias.zy,recursive
release,0,63307,4,1024,250421,False,"[2, 0, 0, 0]",1,lib/tests/core/pattern-alias.zy,original
release,0,69918,4,1024,348318,False,"[2, 0, 0, 0]",2,lib/tests/core/pattern-alias.zy,baseline
release,0,61514,4,1024,323209,False,"[2, 0, 0, 0]",2,lib/tests/core/pattern-alias.zy,explicit
release,0,66449,4,1024,294346,False,"[2, 0, 0, 0]",2,lib/tests/core/pattern-alias.zy,recursive
release,0,62968,4,1024,238706,False,"[2, 0, 0, 0]",2,lib/tests/core/pattern-alias.zy,original
release,0,68202,4,1024,254108,False,"[2, 0, 0, 0]",2,lib/tests/core/pattern-alias.zy,jobs
release,0,62128,4,1024,314878,False,"[2, 0, 0, 0]",3,lib/tests/core/pattern-alias.zy,explicit
release,0,70798,4,1024,362861,False,"[2, 0, 0, 0]",3,lib/tests/core/pattern-alias.zy,recursive
release,0,66471,4,1024,271329,False,"[2, 0, 0, 0]",3,lib/tests/core/pattern-alias.zy,original
release,0,73168,4,1024,327078,False,"[2, 0, 0, 0]",3,lib/tests/core/pattern-alias.zy,jobs
release,0,62623,4,1024,329245,False,"[2, 0, 0, 0]",3,lib/tests/core/pattern-alias.zy,baseline
release,0,60913,4,1024,284873,False,"[2, 0, 0, 0]",4,lib/tests/core/pattern-alias.zy,recursive
release,0,79636,4,1024,327054,False,"[2, 0, 0, 0]",4,lib/tests/core/pattern-alias.zy,original
release,0,83857,4,1024,361979,False,"[2, 0, 0, 0]",4,lib/tests/core/pattern-alias.zy,jobs
release,0,83656,4,1024,400421,False,"[2, 0, 0, 0]",4,lib/tests/core/pattern-alias.zy,baseline
release,0,82070,4,1024,406836,False,"[2, 0, 0, 0]",4,lib/tests/core/pattern-alias.zy,explicit
release,0,83775,4,1024,341812,False,"[2, 0, 0, 0]",5,lib/tests/core/pattern-alias.zy,original
release,0,83113,4,1024,321769,False,"[2, 0, 0, 0]",5,lib/tests/core/pattern-alias.zy,jobs
release,0,79053,4,1024,383707,False,"[2, 0, 0, 0]",5,lib/tests/core/pattern-alias.zy,baseline
release,0,79305,4,1024,390411,False,"[2, 0, 0, 0]",5,lib/tests/core/pattern-alias.zy,explicit
release,0,78219,4,1024,342505,False,"[2, 0, 0, 0]",5,lib/tests/core/pattern-alias.zy,recursive
release,0,77476,4,1024,306316,False,"[2, 0, 0, 0]",6,lib/tests/core/pattern-alias.zy,jobs
release,0,78083,4,1024,380573,False,"[2, 0, 0, 0]",6,lib/tests/core/pattern-alias.zy,baseline
release,0,79608,4,1024,390997,False,"[2, 0, 0, 0]",6,lib/tests/core/pattern-alias.zy,explicit
release,0,1643835,4,1024,332116,False,"[2, 0, 0, 0]",6,lib/tests/core/pattern-alias.zy,recursive
release,0,82007,4,1024,323271,False,"[2, 0, 0, 0]",6,lib/tests/core/pattern-alias.zy,original
release,0,79281,4,1024,374454,False,"[2, 0, 0, 0]",7,lib/tests/core/pattern-alias.zy,baseline
release,0,79009,4,1024,397251,False,"[2, 0, 0, 0]",7,lib/tests/core/pattern-alias.zy,explicit
release,0,63114,4,1024,281134,False,"[2, 0, 0, 0]",7,lib/tests/core/pattern-alias.zy,recursive
release,0,64761,4,1024,249449,False,"[2, 0, 0, 0]",7,lib/tests/core/pattern-alias.zy,original
release,0,61100,4,1024,239844,False,"[2, 0, 0, 0]",7,lib/tests/core/pattern-alias.zy,jobs
release,0,61221,4,1024,302962,False,"[2, 0, 0, 0]",8,lib/tests/core/pattern-alias.zy,explicit
release,0,61916,4,1024,283629,False,"[2, 0, 0, 0]",8,lib/tests/core/pattern-alias.zy,recursive
release,0,60190,4,1024,243357,False,"[2, 0, 0, 0]",8,lib/tests/core/pattern-alias.zy,original
release,0,85656,4,1024,254867,False,"[2, 0, 0, 0]",8,lib/tests/core/pattern-alias.zy,jobs
release,0,62618,4,1024,322003,False,"[2, 0, 0, 0]",8,lib/tests/core/pattern-alias.zy,baseline
release,0,62304,4,1024,279546,False,"[2, 0, 0, 0]",9,lib/tests/core/pattern-alias.zy,recursive
release,0,63912,4,1024,293092,False,"[2, 0, 0, 0]",9,lib/tests/core/pattern-alias.zy,original
release,0,59672,4,1024,239552,False,"[2, 0, 0, 0]",9,lib/tests/core/pattern-alias.zy,jobs
release,0,66298,4,1024,357084,False,"[2, 0, 0, 0]",9,lib/tests/core/pattern-alias.zy,baseline
release,0,83995,4,1024,415049,False,"[2, 0, 0, 0]",9,lib/tests/core/pattern-alias.zy,explicit
release,0,82493,4,1024,334482,False,"[2, 0, 0, 0]",10,lib/tests/core/pattern-alias.zy,original
release,0,82773,4,1024,330886,False,"[2, 0, 0, 0]",10,lib/tests/core/pattern-alias.zy,jobs
release,0,83958,4,1024,406205,False,"[2, 0, 0, 0]",10,lib/tests/core/pattern-alias.zy,baseline
release,0,82904,4,1024,405929,False,"[2, 0, 0, 0]",10,lib/tests/core/pattern-alias.zy,explicit
release,0,84458,4,1024,352928,False,"[2, 0, 0, 0]",10,lib/tests/core/pattern-alias.zy,recursive
release,0,83888,4,1024,320921,False,"[2, 0, 0, 0]",11,lib/tests/core/pattern-alias.zy,jobs
release,0,81577,4,1024,392994,False,"[2, 0, 0, 0]",11,lib/tests/core/pattern-alias.zy,baseline
release,0,77165,4,1024,389205,False,"[2, 0, 0, 0]",11,lib/tests/core/pattern-alias.zy,explicit
release,0,77493,4,1024,337007,False,"[2, 0, 0, 0]",11,lib/tests/core/pattern-alias.zy,recursive
release,0,78499,4,1024,312036,False,"[2, 0, 0, 0]",11,lib/tests/core/pattern-alias.zy,original
release,0,78588,4,1024,379548,False,"[2, 0, 0, 0]",12,lib/tests/core/pattern-alias.zy,baseline
release,0,77827,4,1024,386128,False,"[2, 0, 0, 0]",12,lib/tests/core/pattern-alias.zy,explicit
release,0,79391,4,1024,343829,False,"[2, 0, 0, 0]",12,lib/tests/core/pattern-alias.zy,recursive
release,0,78436,4,1024,315630,False,"[2, 0, 0, 0]",12,lib/tests/core/pattern-alias.zy,original
release,0,78766,4,1024,305058,False,"[2, 0, 0, 0]",12,lib/tests/core/pattern-alias.zy,jobs
release,0,79429,4,1024,388171,False,"[2, 0, 0, 0]",13,lib/tests/core/pattern-alias.zy,explicit
release,0,84912,4,1024,362837,False,"[2, 0, 0, 0]",13,lib/tests/core/pattern-alias.zy,recursive
release,0,84954,4,1024,334501,False,"[2, 0, 0, 0]",13,lib/tests/core/pattern-alias.zy,original
release,0,81921,4,1024,315899,False,"[2, 0, 0, 0]",13,lib/tests/core/pattern-alias.zy,jobs
release,0,83338,4,1024,392783,False,"[2, 0, 0, 0]",13,lib/tests/core/pattern-alias.zy,baseline
release,0,67588,4,1024,308348,False,"[2, 0, 0, 0]",14,lib/tests/core/pattern-alias.zy,recursive
release,0,62383,4,1024,253032,False,"[2, 0, 0, 0]",14,lib/tests/core/pattern-alias.zy,original
release,0,66367,4,1024,242138,False,"[2, 0, 0, 0]",14,lib/tests/core/pattern-alias.zy,jobs
release,0,62579,4,1024,324505,False,"[2, 0, 0, 0]",14,lib/tests/core/pattern-alias.zy,baseline
release,0,65550,4,1024,338712,False,"[2, 0, 0, 0]",14,lib/tests/core/pattern-alias.zy,explicit
release,0,72545,4,1024,291254,False,"[2, 0, 0, 0]",15,lib/tests/core/pattern-alias.zy,original
release,0,58419,4,1024,236092,False,"[2, 0, 0, 0]",15,lib/tests/core/pattern-alias.zy,jobs
release,0,61865,4,1024,314500,False,"[2, 0, 0, 0]",15,lib/tests/core/pattern-alias.zy,baseline
release,0,64298,4,1024,319301,False,"[2, 0, 0, 0]",15,lib/tests/core/pattern-alias.zy,explicit
release,0,76647,4,1024,341077,False,"[2, 0, 0, 0]",15,lib/tests/core/pattern-alias.zy,recursive
release,0,81711,4,1024,324354,False,"[2, 0, 0, 0]",16,lib/tests/core/pattern-alias.zy,jobs
release,0,72678,4,1024,359836,False,"[2, 0, 0, 0]",16,lib/tests/core/pattern-alias.zy,baseline
release,0,62053,4,1024,327430,False,"[2, 0, 0, 0]",16,lib/tests/core/pattern-alias.zy,explicit
release,0,67089,4,1024,293209,False,"[2, 0, 0, 0]",16,lib/tests/core/pattern-alias.zy,recursive
release,0,73445,4,1024,322044,False,"[2, 0, 0, 0]",16,lib/tests/core/pattern-alias.zy,original
release,0,92407,4,1024,420946,False,"[2, 0, 0, 0]",17,lib/tests/core/pattern-alias.zy,baseline
release,0,85882,4,1024,410464,False,"[2, 0, 0, 0]",17,lib/tests/core/pattern-alias.zy,explicit
release,0,85784,4,1024,354942,False,"[2, 0, 0, 0]",17,lib/tests/core/pattern-alias.zy,recursive
release,0,81602,4,1024,323657,False,"[2, 0, 0, 0]",17,lib/tests/core/pattern-alias.zy,original
release,0,80515,4,1024,307996,False,"[2, 0, 0, 0]",17,lib/tests/core/pattern-alias.zy,jobs
release,0,68958,4,1024,340919,False,"[2, 0, 0, 0]",18,lib/tests/core/pattern-alias.zy,explicit
release,0,89707,4,1024,348794,False,"[2, 0, 0, 0]",18,lib/tests/core/pattern-alias.zy,recursive
release,0,81078,4,1024,334624,False,"[2, 0, 0, 0]",18,lib/tests/core/pattern-alias.zy,original
release,0,82742,4,1024,379735,False,"[2, 0, 0, 0]",18,lib/tests/core/pattern-alias.zy,jobs
release,0,80964,4,1024,385624,False,"[2, 0, 0, 0]",18,lib/tests/core/pattern-alias.zy,baseline
release,0,83816,4,1024,423910,False,"[2, 0, 0, 0]",19,lib/tests/core/pattern-alias.zy,recursive
release,0,80802,4,1024,328331,False,"[2, 0, 0, 0]",19,lib/tests/core/pattern-alias.zy,original
release,0,83350,4,1024,324506,False,"[2, 0, 0, 0]",19,lib/tests/core/pattern-alias.zy,jobs
release,0,71848,4,1024,345954,False,"[2, 0, 0, 0]",19,lib/tests/core/pattern-alias.zy,baseline
release,0,84517,4,1024,489240,False,"[2, 0, 0, 0]",19,lib/tests/core/pattern-alias.zy,explicit
release,0,65282,4,1024,253240,False,"[2, 0, 0, 0]",20,lib/tests/core/pattern-alias.zy,original
release,0,64570,4,1024,240017,False,"[2, 0, 0, 0]",20,lib/tests/core/pattern-alias.zy,jobs
release,0,68844,4,1024,364844,False,"[2, 0, 0, 0]",20,lib/tests/core/pattern-alias.zy,baseline
release,0,58420,4,1024,306138,False,"[2, 0, 0, 0]",20,lib/tests/core/pattern-alias.zy,explicit
release,0,59323,4,1024,294747,False,"[2, 0, 0, 0]",20,lib/tests/core/pattern-alias.zy,recursive
release,0,68000,4,1024,256179,False,"[2, 0, 0, 0]",21,lib/tests/core/pattern-alias.zy,jobs
release,0,57424,4,1024,315774,False,"[2, 0, 0, 0]",21,lib/tests/core/pattern-alias.zy,baseline
release,0,56915,4,1024,300382,False,"[2, 0, 0, 0]",21,lib/tests/core/pattern-alias.zy,explicit
release,0,57502,4,1024,272252,False,"[2, 0, 0, 0]",21,lib/tests/core/pattern-alias.zy,recursive
release,0,56830,4,1024,233622,False,"[2, 0, 0, 0]",21,lib/tests/core/pattern-alias.zy,original
release,0,63404,4,1024,344464,False,"[2, 0, 0, 0]",22,lib/tests/core/pattern-alias.zy,baseline
release,0,85963,4,1024,438334,False,"[2, 0, 0, 0]",22,lib/tests/core/pattern-alias.zy,explicit
release,0,84670,4,1024,355116,False,"[2, 0, 0, 0]",22,lib/tests/core/pattern-alias.zy,recursive
release,0,85387,4,1024,341586,False,"[2, 0, 0, 0]",22,lib/tests/core/pattern-alias.zy,original
release,0,82153,4,1024,322536,False,"[2, 0, 0, 0]",22,lib/tests/core/pattern-alias.zy,jobs
release,0,84467,4,1024,408828,False,"[2, 0, 0, 0]",23,lib/tests/core/pattern-alias.zy,explicit
release,0,83266,4,1024,360036,False,"[2, 0, 0, 0]",23,lib/tests/core/pattern-alias.zy,recursive
release,0,85571,4,1024,341913,False,"[2, 0, 0, 0]",23,lib/tests/core/pattern-alias.zy,original
release,0,82218,4,1024,323920,False,"[2, 0, 0, 0]",23,lib/tests/core/pattern-alias.zy,jobs
release,0,77966,4,1024,387084,False,"[2, 0, 0, 0]",23,lib/tests/core/pattern-alias.zy,baseline
release,0,84265,4,1024,317207,False,"[2, 0, 0, 0]",24,lib/tests/core/pattern-alias.zy,recursive
release,0,73652,4,1024,317118,False,"[2, 0, 0, 0]",24,lib/tests/core/pattern-alias.zy,original
release,0,82573,4,1024,334081,False,"[2, 0, 0, 0]",24,lib/tests/core/pattern-alias.zy,jobs
release,0,82426,4,1024,398995,False,"[2, 0, 0, 0]",24,lib/tests/core/pattern-alias.zy,baseline
release,0,81090,4,1024,397631,False,"[2, 0, 0, 0]",24,lib/tests/core/pattern-alias.zy,explicit
release,0,75091,4,1024,304800,False,"[2, 0, 0, 0]",25,lib/tests/core/pattern-alias.zy,original
release,0,62663,4,1024,247986,False,"[2, 0, 0, 0]",25,lib/tests/core/pattern-alias.zy,jobs
release,0,63616,4,1024,306821,False,"[2, 0, 0, 0]",25,lib/tests/core/pattern-alias.zy,baseline
release,0,65284,4,1024,310798,False,"[2, 0, 0, 0]",25,lib/tests/core/pattern-alias.zy,explicit
release,0,88377,4,1024,465050,False,"[2, 0, 0, 0]",25,lib/tests/core/pattern-alias.zy,recursive
release,0,62856,4,1024,246416,False,"[2, 0, 0, 0]",26,lib/tests/core/pattern-alias.zy,jobs
release,0,78117,4,1024,399584,False,"[2, 0, 0, 0]",26,lib/tests/core/pattern-alias.zy,baseline
release,0,73787,4,1024,358782,False,"[2, 0, 0, 0]",26,lib/tests/core/pattern-alias.zy,explicit
release,0,62231,4,1024,285581,False,"[2, 0, 0, 0]",26,lib/tests/core/pattern-alias.zy,recursive
release,0,60834,4,1024,252368,False,"[2, 0, 0, 0]",26,lib/tests/core/pattern-alias.zy,original
release,0,69632,4,1024,352966,False,"[2, 0, 0, 0]",27,lib/tests/core/pattern-alias.zy,baseline
release,0,65499,4,1024,325881,False,"[2, 0, 0, 0]",27,lib/tests/core/pattern-alias.zy,explicit
release,0,63205,4,1024,304598,False,"[2, 0, 0, 0]",27,lib/tests/core/pattern-alias.zy,recursive
release,0,64569,4,1024,253193,False,"[2, 0, 0, 0]",27,lib/tests/core/pattern-alias.zy,original
release,0,59903,4,1024,241034,False,"[2, 0, 0, 0]",27,lib/tests/core/pattern-alias.zy,jobs
release,0,62416,4,1024,320366,False,"[2, 0, 0, 0]",28,lib/tests/core/pattern-alias.zy,explicit
release,0,62855,4,1024,289499,False,"[2, 0, 0, 0]",28,lib/tests/core/pattern-alias.zy,recursive
release,0,62858,4,1024,242317,False,"[2, 0, 0, 0]",28,lib/tests/core/pattern-alias.zy,original
release,0,60127,4,1024,241936,False,"[2, 0, 0, 0]",28,lib/tests/core/pattern-alias.zy,jobs
release,0,62290,4,1024,321952,False,"[2, 0, 0, 0]",28,lib/tests/core/pattern-alias.zy,baseline
release,0,62798,4,1024,289970,False,"[2, 0, 0, 0]",29,lib/tests/core/pattern-alias.zy,recursive
release,0,64308,4,1024,270245,False,"[2, 0, 0, 0]",29,lib/tests/core/pattern-alias.zy,original
release,0,65770,4,1024,238968,False,"[2, 0, 0, 0]",29,lib/tests/core/pattern-alias.zy,jobs
release,0,65413,4,1024,343952,False,"[2, 0, 0, 0]",29,lib/tests/core/pattern-alias.zy,baseline
release,0,95703,4,1024,374988,False,"[2, 0, 0, 0]",29,lib/tests/core/pattern-alias.zy,explicit
release,0,87251,4,1024,333774,False,"[2, 0, 0, 0]",30,lib/tests/core/pattern-alias.zy,original
release,0,85243,4,1024,319292,False,"[2, 0, 0, 0]",30,lib/tests/core/pattern-alias.zy,jobs
release,0,74364,4,1024,360736,False,"[2, 0, 0, 0]",30,lib/tests/core/pattern-alias.zy,baseline
release,0,69988,4,1024,347363,False,"[2, 0, 0, 0]",30,lib/tests/core/pattern-alias.zy,explicit
release,0,86924,4,1024,354636,False,"[2, 0, 0, 0]",30,lib/tests/core/pattern-alias.zy,recursive
release,0,80779,4,1024,311824,False,"[2, 0, 0, 0]",31,lib/tests/core/pattern-alias.zy,jobs
release,0,80420,4,1024,379625,False,"[2, 0, 0, 0]",31,lib/tests/core/pattern-alias.zy,baseline
release,0,82414,4,1024,398252,False,"[2, 0, 0, 0]",31,lib/tests/core/pattern-alias.zy,explicit
release,0,81338,4,1024,340181,False,"[2, 0, 0, 0]",31,lib/tests/core/pattern-alias.zy,recursive
release,0,79240,4,1024,320453,False,"[2, 0, 0, 0]",31,lib/tests/core/pattern-alias.zy,original
release,0,80867,4,1024,377537,False,"[2, 0, 0, 0]",32,lib/tests/core/pattern-alias.zy,baseline
release,0,80172,4,1024,386489,False,"[2, 0, 0, 0]",32,lib/tests/core/pattern-alias.zy,explicit
release,0,81704,4,1024,340917,False,"[2, 0, 0, 0]",32,lib/tests/core/pattern-alias.zy,recursive
release,0,80152,4,1024,313008,False,"[2, 0, 0, 0]",32,lib/tests/core/pattern-alias.zy,original
release,0,82354,4,1024,316959,False,"[2, 0, 0, 0]",32,lib/tests/core/pattern-alias.zy,jobs
release,0,86684,4,1024,381846,False,"[2, 0, 0, 0]",33,lib/tests/core/pattern-alias.zy,explicit
release,0,63673,4,1024,297198,False,"[2, 0, 0, 0]",33,lib/tests/core/pattern-alias.zy,recursive
release,0,70651,4,1024,273662,False,"[2, 0, 0, 0]",33,lib/tests/core/pattern-alias.zy,original
release,0,71235,4,1024,279092,False,"[2, 0, 0, 0]",33,lib/tests/core/pattern-alias.zy,jobs
release,0,68168,4,1024,323938,False,"[2, 0, 0, 0]",33,lib/tests/core/pattern-alias.zy,baseline
release,0,84598,4,1024,366104,False,"[2, 0, 0, 0]",34,lib/tests/core/pattern-alias.zy,recursive
release,0,81497,4,1024,302292,False,"[2, 0, 0, 0]",34,lib/tests/core/pattern-alias.zy,original
release,0,63157,4,1024,232657,False,"[2, 0, 0, 0]",34,lib/tests/core/pattern-alias.zy,jobs
release,0,64535,4,1024,312453,False,"[2, 0, 0, 0]",34,lib/tests/core/pattern-alias.zy,baseline
release,0,65859,4,1024,358218,False,"[2, 0, 0, 0]",34,lib/tests/core/pattern-alias.zy,explicit
release,0,67337,4,1024,272716,False,"[2, 0, 0, 0]",35,lib/tests/core/pattern-alias.zy,original
release,0,71310,4,1024,302262,False,"[2, 0, 0, 0]",35,lib/tests/core/pattern-alias.zy,jobs
release,0,58343,4,1024,322674,False,"[2, 0, 0, 0]",35,lib/tests/core/pattern-alias.zy,baseline
release,0,59326,4,1024,315511,False,"[2, 0, 0, 0]",35,lib/tests/core/pattern-alias.zy,explicit
release,0,60873,4,1024,282635,False,"[2, 0, 0, 0]",35,lib/tests/core/pattern-alias.zy,recursive
release,0,61336,4,1024,249092,False,"[2, 0, 0, 0]",36,lib/tests/core/pattern-alias.zy,jobs
release,0,63992,4,1024,340879,False,"[2, 0, 0, 0]",36,lib/tests/core/pattern-alias.zy,baseline
release,0,84092,4,1024,365399,False,"[2, 0, 0, 0]",36,lib/tests/core/pattern-alias.zy,explicit
release,0,82674,4,1024,373774,False,"[2, 0, 0, 0]",36,lib/tests/core/pattern-alias.zy,recursive
release,0,84635,4,1024,335765,False,"[2, 0, 0, 0]",36,lib/tests/core/pattern-alias.zy,original
release,0,85630,4,1024,401837,False,"[2, 0, 0, 0]",37,lib/tests/core/pattern-alias.zy,baseline
release,0,83311,4,1024,430152,False,"[2, 0, 0, 0]",37,lib/tests/core/pattern-alias.zy,explicit
release,0,72452,4,1024,400171,False,"[2, 0, 0, 0]",37,lib/tests/core/pattern-alias.zy,recursive
release,0,94533,4,1024,358251,False,"[2, 0, 0, 0]",37,lib/tests/core/pattern-alias.zy,original
release,0,66762,4,1024,1177917,False,"[2, 0, 0, 0]",37,lib/tests/core/pattern-alias.zy,jobs
release,0,74131,4,1024,891081,False,"[2, 0, 0, 0]",38,lib/tests/core/pattern-alias.zy,explicit
release,0,68669,4,1024,389776,False,"[2, 0, 0, 0]",38,lib/tests/core/pattern-alias.zy,recursive
release,0,79648,4,1024,343862,False,"[2, 0, 0, 0]",38,lib/tests/core/pattern-alias.zy,original
release,0,79326,4,1024,305422,False,"[2, 0, 0, 0]",38,lib/tests/core/pattern-alias.zy,jobs
release,0,79787,4,1024,383670,False,"[2, 0, 0, 0]",38,lib/tests/core/pattern-alias.zy,baseline
release,0,80779,4,1024,346195,False,"[2, 0, 0, 0]",39,lib/tests/core/pattern-alias.zy,recursive
release,0,82437,4,1024,416565,False,"[2, 0, 0, 0]",39,lib/tests/core/pattern-alias.zy,original
release,0,97872,4,1024,366516,False,"[2, 0, 0, 0]",39,lib/tests/core/pattern-alias.zy,jobs
release,0,85246,4,1024,401704,False,"[2, 0, 0, 0]",39,lib/tests/core/pattern-alias.zy,baseline
release,0,67999,4,1024,329632,False,"[2, 0, 0, 0]",39,lib/tests/core/pattern-alias.zy,explicit
release,0,140884,4,1024,275185,True,"[2, 0, 0, 1]",0,lib/tests/core/pattern-alias.zy,original
release,0,104104,4,1024,372803,True,"[2, 0, 0, 1]",0,lib/tests/core/pattern-alias.zy,jobs
release,0,91898,4,1024,349723,True,"[2, 0, 0, 1]",0,lib/tests/core/pattern-alias.zy,baseline
release,0,84302,4,1024,322969,True,"[2, 0, 0, 1]",0,lib/tests/core/pattern-alias.zy,explicit
release,0,84411,4,1024,283705,True,"[2, 0, 0, 1]",0,lib/tests/core/pattern-alias.zy,recursive
release,0,87245,4,1024,279375,True,"[2, 0, 0, 1]",1,lib/tests/core/pattern-alias.zy,jobs
release,0,93747,4,1024,399745,True,"[2, 0, 0, 1]",1,lib/tests/core/pattern-alias.zy,baseline
release,0,82237,4,1024,324300,True,"[2, 0, 0, 1]",1,lib/tests/core/pattern-alias.zy,explicit
release,0,107498,4,1024,360355,True,"[2, 0, 0, 1]",1,lib/tests/core/pattern-alias.zy,recursive
release,0,93047,4,1024,280073,True,"[2, 0, 0, 1]",1,lib/tests/core/pattern-alias.zy,original
release,0,75619,4,1024,316046,True,"[2, 0, 0, 1]",2,lib/tests/core/pattern-alias.zy,baseline
release,0,88994,4,1024,353926,True,"[2, 0, 0, 1]",2,lib/tests/core/pattern-alias.zy,explicit
release,0,99033,4,1024,344370,True,"[2, 0, 0, 1]",2,lib/tests/core/pattern-alias.zy,recursive
release,0,114711,4,1024,321639,True,"[2, 0, 0, 1]",2,lib/tests/core/pattern-alias.zy,original
release,0,107200,4,1024,338410,True,"[2, 0, 0, 1]",2,lib/tests/core/pattern-alias.zy,jobs
release,0,104509,4,1024,428681,True,"[2, 0, 0, 1]",3,lib/tests/core/pattern-alias.zy,explicit
release,0,102756,4,1024,375672,True,"[2, 0, 0, 1]",3,lib/tests/core/pattern-alias.zy,recursive
release,0,106724,4,1024,353519,True,"[2, 0, 0, 1]",3,lib/tests/core/pattern-alias.zy,original
release,0,128948,4,1024,360834,True,"[2, 0, 0, 1]",3,lib/tests/core/pattern-alias.zy,jobs
release,0,103242,4,1024,413841,True,"[2, 0, 0, 1]",3,lib/tests/core/pattern-alias.zy,baseline
release,0,146629,4,1024,735520,True,"[2, 0, 0, 1]",4,lib/tests/core/pattern-alias.zy,recursive
release,0,100330,4,1024,327343,True,"[2, 0, 0, 1]",4,lib/tests/core/pattern-alias.zy,original
release,0,99254,4,1024,319369,True,"[2, 0, 0, 1]",4,lib/tests/core/pattern-alias.zy,jobs
release,0,101744,4,1024,395051,True,"[2, 0, 0, 1]",4,lib/tests/core/pattern-alias.zy,baseline
release,0,98238,4,1024,402046,True,"[2, 0, 0, 1]",4,lib/tests/core/pattern-alias.zy,explicit
release,0,98975,4,1024,327764,True,"[2, 0, 0, 1]",5,lib/tests/core/pattern-alias.zy,original
release,0,98882,4,1024,320540,True,"[2, 0, 0, 1]",5,lib/tests/core/pattern-alias.zy,jobs
release,0,98464,4,1024,388795,True,"[2, 0, 0, 1]",5,lib/tests/core/pattern-alias.zy,baseline
release,0,100220,4,1024,409443,True,"[2, 0, 0, 1]",5,lib/tests/core/pattern-alias.zy,explicit
release,0,98794,4,1024,396254,True,"[2, 0, 0, 1]",5,lib/tests/core/pattern-alias.zy,recursive
release,0,105845,4,1024,482377,True,"[2, 0, 0, 1]",6,lib/tests/core/pattern-alias.zy,jobs
release,0,125837,4,1024,586548,True,"[2, 0, 0, 1]",6,lib/tests/core/pattern-alias.zy,baseline
release,0,99494,4,1024,451172,True,"[2, 0, 0, 1]",6,lib/tests/core/pattern-alias.zy,explicit
release,0,116503,4,1024,294300,True,"[2, 0, 0, 1]",6,lib/tests/core/pattern-alias.zy,recursive
release,0,77607,4,1024,254885,True,"[2, 0, 0, 1]",6,lib/tests/core/pattern-alias.zy,original
release,0,95391,4,1024,329374,True,"[2, 0, 0, 1]",7,lib/tests/core/pattern-alias.zy,baseline
release,0,81658,4,1024,342347,True,"[2, 0, 0, 1]",7,lib/tests/core/pattern-alias.zy,explicit
release,0,72796,4,1024,294294,True,"[2, 0, 0, 1]",7,lib/tests/core/pattern-alias.zy,recursive
release,0,73972,4,1024,244541,True,"[2, 0, 0, 1]",7,lib/tests/core/pattern-alias.zy,original
release,0,115288,4,1024,288518,True,"[2, 0, 0, 1]",7,lib/tests/core/pattern-alias.zy,jobs
release,0,96016,4,1024,441007,True,"[2, 0, 0, 1]",8,lib/tests/core/pattern-alias.zy,explicit
release,0,104666,4,1024,413315,True,"[2, 0, 0, 1]",8,lib/tests/core/pattern-alias.zy,recursive
release,0,105161,4,1024,427706,True,"[2, 0, 0, 1]",8,lib/tests/core/pattern-alias.zy,original
release,0,103408,4,1024,426857,True,"[2, 0, 0, 1]",8,lib/tests/core/pattern-alias.zy,jobs
release,0,106577,4,1024,461917,True,"[2, 0, 0, 1]",8,lib/tests/core/pattern-alias.zy,baseline
release,0,108233,4,1024,376292,True,"[2, 0, 0, 1]",9,lib/tests/core/pattern-alias.zy,recursive
release,0,106111,4,1024,342966,True,"[2, 0, 0, 1]",9,lib/tests/core/pattern-alias.zy,original
release,0,104262,4,1024,327111,True,"[2, 0, 0, 1]",9,lib/tests/core/pattern-alias.zy,jobs
release,0,98786,4,1024,392866,True,"[2, 0, 0, 1]",9,lib/tests/core/pattern-alias.zy,baseline
release,0,100463,4,1024,406658,True,"[2, 0, 0, 1]",9,lib/tests/core/pattern-alias.zy,explicit
release,0,99912,4,1024,325167,True,"[2, 0, 0, 1]",10,lib/tests/core/pattern-alias.zy,original
release,0,99718,4,1024,318707,True,"[2, 0, 0, 1]",10,lib/tests/core/pattern-alias.zy,jobs
release,0,99035,4,1024,393793,True,"[2, 0, 0, 1]",10,lib/tests/core/pattern-alias.zy,baseline
release,0,101373,4,1024,406500,True,"[2, 0, 0, 1]",10,lib/tests/core/pattern-alias.zy,explicit
release,0,100377,4,1024,356966,True,"[2, 0, 0, 1]",10,lib/tests/core/pattern-alias.zy,recursive
release,0,99424,4,1024,319559,True,"[2, 0, 0, 1]",11,lib/tests/core/pattern-alias.zy,jobs
release,0,100547,4,1024,396006,True,"[2, 0, 0, 1]",11,lib/tests/core/pattern-alias.zy,baseline
release,0,107616,4,1024,423621,True,"[2, 0, 0, 1]",11,lib/tests/core/pattern-alias.zy,explicit
release,0,109377,4,1024,380258,True,"[2, 0, 0, 1]",11,lib/tests/core/pattern-alias.zy,recursive
release,0,103171,4,1024,334505,True,"[2, 0, 0, 1]",11,lib/tests/core/pattern-alias.zy,original
release,0,94933,4,1024,392588,True,"[2, 0, 0, 1]",12,lib/tests/core/pattern-alias.zy,baseline
release,0,120205,4,1024,449879,True,"[2, 0, 0, 1]",12,lib/tests/core/pattern-alias.zy,explicit
release,0,92092,4,1024,325610,True,"[2, 0, 0, 1]",12,lib/tests/core/pattern-alias.zy,recursive
release,0,97160,4,1024,406668,True,"[2, 0, 0, 1]",12,lib/tests/core/pattern-alias.zy,original
release,0,95169,4,1024,273123,True,"[2, 0, 0, 1]",12,lib/tests/core/pattern-alias.zy,jobs
release,0,88954,4,1024,371921,True,"[2, 0, 0, 1]",13,lib/tests/core/pattern-alias.zy,explicit
release,0,85204,4,1024,284702,True,"[2, 0, 0, 1]",13,lib/tests/core/pattern-alias.zy,recursive
release,0,82256,4,1024,254075,True,"[2, 0, 0, 1]",13,lib/tests/core/pattern-alias.zy,original
release,0,114203,4,1024,248793,True,"[2, 0, 0, 1]",13,lib/tests/core/pattern-alias.zy,jobs
release,0,72252,4,1024,315891,True,"[2, 0, 0, 1]",13,lib/tests/core/pattern-alias.zy,baseline
release,0,82704,4,1024,300325,True,"[2, 0, 0, 1]",14,lib/tests/core/pattern-alias.zy,recursive
release,0,78775,4,1024,256079,True,"[2, 0, 0, 1]",14,lib/tests/core/pattern-alias.zy,original
release,0,79617,4,1024,253250,True,"[2, 0, 0, 1]",14,lib/tests/core/pattern-alias.zy,jobs
release,0,163870,4,1024,456474,True,"[2, 0, 0, 1]",14,lib/tests/core/pattern-alias.zy,baseline
release,0,106539,4,1024,422667,True,"[2, 0, 0, 1]",14,lib/tests/core/pattern-alias.zy,explicit
release,0,104323,4,1024,343084,True,"[2, 0, 0, 1]",15,lib/tests/core/pattern-alias.zy,original
release,0,103262,4,1024,351299,True,"[2, 0, 0, 1]",15,lib/tests/core/pattern-alias.zy,jobs
release,0,96328,4,1024,416124,True,"[2, 0, 0, 1]",15,lib/tests/core/pattern-alias.zy,baseline
release,0,81207,4,1024,358685,True,"[2, 0, 0, 1]",15,lib/tests/core/pattern-alias.zy,explicit
release,0,84050,4,1024,289499,True,"[2, 0, 0, 1]",15,lib/tests/core/pattern-alias.zy,recursive
release,0,82728,4,1024,251002,True,"[2, 0, 0, 1]",16,lib/tests/core/pattern-alias.zy,jobs
release,0,91164,4,1024,354381,True,"[2, 0, 0, 1]",16,lib/tests/core/pattern-alias.zy,baseline
release,0,98872,4,1024,409580,True,"[2, 0, 0, 1]",16,lib/tests/core/pattern-alias.zy,explicit
release,0,96834,4,1024,351715,True,"[2, 0, 0, 1]",16,lib/tests/core/pattern-alias.zy,recursive
release,0,96466,4,1024,328670,True,"[2, 0, 0, 1]",16,lib/tests/core/pattern-alias.zy,original
release,0,97938,4,1024,395669,True,"[2, 0, 0, 1]",17,lib/tests/core/pattern-alias.zy,baseline
release,0,97907,4,1024,406934,True,"[2, 0, 0, 1]",17,lib/tests/core/pattern-alias.zy,explicit
release,0,4337249,4,1024,346936,True,"[2, 0, 0, 1]",17,lib/tests/core/pattern-alias.zy,recursive
release,0,97021,4,1024,476630,True,"[2, 0, 0, 1]",17,lib/tests/core/pattern-alias.zy,original
release,0,116669,4,1024,336706,True,"[2, 0, 0, 1]",17,lib/tests/core/pattern-alias.zy,jobs
release,0,146565,4,1024,468016,True,"[2, 0, 0, 1]",18,lib/tests/core/pattern-alias.zy,explicit
release,0,104568,4,1024,442722,True,"[2, 0, 0, 1]",18,lib/tests/core/pattern-alias.zy,recursive
release,0,178283,4,1024,299243,True,"[2, 0, 0, 1]",18,lib/tests/core/pattern-alias.zy,original
release,0,94009,4,1024,295160,True,"[2, 0, 0, 1]",18,lib/tests/core/pattern-alias.zy,jobs
release,0,83155,4,1024,326898,True,"[2, 0, 0, 1]",18,lib/tests/core/pattern-alias.zy,baseline
release,0,85755,4,1024,294212,True,"[2, 0, 0, 1]",19,lib/tests/core/pattern-alias.zy,recursive
release,0,124171,4,1024,421673,True,"[2, 0, 0, 1]",19,lib/tests/core/pattern-alias.zy,original
release,0,91951,4,1024,299867,True,"[2, 0, 0, 1]",19,lib/tests/core/pattern-alias.zy,jobs
release,0,80714,4,1024,316824,True,"[2, 0, 0, 1]",19,lib/tests/core/pattern-alias.zy,baseline
release,0,86300,4,1024,320585,True,"[2, 0, 0, 1]",19,lib/tests/core/pattern-alias.zy,explicit
release,0,99459,4,1024,477081,True,"[2, 0, 0, 1]",20,lib/tests/core/pattern-alias.zy,original
release,0,101152,4,1024,464003,True,"[2, 0, 0, 1]",20,lib/tests/core/pattern-alias.zy,jobs
release,0,158227,4,1024,409678,True,"[2, 0, 0, 1]",20,lib/tests/core/pattern-alias.zy,baseline
release,0,126190,4,1024,426313,True,"[2, 0, 0, 1]",20,lib/tests/core/pattern-alias.zy,explicit
release,0,106163,4,1024,379072,True,"[2, 0, 0, 1]",20,lib/tests/core/pattern-alias.zy,recursive
release,0,106382,4,1024,346599,True,"[2, 0, 0, 1]",21,lib/tests/core/pattern-alias.zy,jobs
release,0,108352,4,1024,417548,True,"[2, 0, 0, 1]",21,lib/tests/core/pattern-alias.zy,baseline
release,0,107552,4,1024,428202,True,"[2, 0, 0, 1]",21,lib/tests/core/pattern-alias.zy,explicit
release,0,108126,4,1024,363877,True,"[2, 0, 0, 1]",21,lib/tests/core/pattern-alias.zy,recursive
release,0,100991,4,1024,334093,True,"[2, 0, 0, 1]",21,lib/tests/core/pattern-alias.zy,original
release,0,99487,4,1024,393060,True,"[2, 0, 0, 1]",22,lib/tests/core/pattern-alias.zy,baseline
release,0,99636,4,1024,406787,True,"[2, 0, 0, 1]",22,lib/tests/core/pattern-alias.zy,explicit
release,0,99858,4,1024,368162,True,"[2, 0, 0, 1]",22,lib/tests/core/pattern-alias.zy,recursive
release,0,100582,4,1024,330637,True,"[2, 0, 0, 1]",22,lib/tests/core/pattern-alias.zy,original
release,0,103538,4,1024,2975393,True,"[2, 0, 0, 1]",22,lib/tests/core/pattern-alias.zy,jobs
release,0,103707,4,1024,416160,True,"[2, 0, 0, 1]",23,lib/tests/core/pattern-alias.zy,explicit
release,0,227980,4,1024,374623,True,"[2, 0, 0, 1]",23,lib/tests/core/pattern-alias.zy,recursive
release,0,109035,4,1024,382464,True,"[2, 0, 0, 1]",23,lib/tests/core/pattern-alias.zy,original
release,0,110958,4,1024,399844,True,"[2, 0, 0, 1]",23,lib/tests/core/pattern-alias.zy,jobs
release,0,106877,4,1024,528103,True,"[2, 0, 0, 1]",23,lib/tests/core/pattern-alias.zy,baseline
release,0,104713,4,1024,451549,True,"[2, 0, 0, 1]",24,lib/tests/core/pattern-alias.zy,recursive
release,0,91834,4,1024,316164,True,"[2, 0, 0, 1]",24,lib/tests/core/pattern-alias.zy,original
release,0,105734,4,1024,302765,True,"[2, 0, 0, 1]",24,lib/tests/core/pattern-alias.zy,jobs
release,0,80246,4,1024,328330,True,"[2, 0, 0, 1]",24,lib/tests/core/pattern-alias.zy,baseline
release,0,82370,4,1024,315348,True,"[2, 0, 0, 1]",24,lib/tests/core/pattern-alias.zy,explicit
release,0,90411,4,1024,326420,True,"[2, 0, 0, 1]",25,lib/tests/core/pattern-alias.zy,original
release,0,106539,4,1024,344761,True,"[2, 0, 0, 1]",25,lib/tests/core/pattern-alias.zy,jobs
release,0,98400,4,1024,419388,True,"[2, 0, 0, 1]",25,lib/tests/core/pattern-alias.zy,baseline
release,0,98778,4,1024,319329,True,"[2, 0, 0, 1]",25,lib/tests/core/pattern-alias.zy,explicit
release,0,100553,4,1024,378242,True,"[2, 0, 0, 1]",25,lib/tests/core/pattern-alias.zy,recursive
release,0,115592,4,1024,426709,True,"[2, 0, 0, 1]",26,lib/tests/core/pattern-alias.zy,jobs
release,0,111294,4,1024,543123,True,"[2, 0, 0, 1]",26,lib/tests/core/pattern-alias.zy,baseline
release,0,158192,4,1024,534503,True,"[2, 0, 0, 1]",26,lib/tests/core/pattern-alias.zy,explicit
release,0,89816,4,1024,333895,True,"[2, 0, 0, 1]",26,lib/tests/core/pattern-alias.zy,recursive
release,0,98457,4,1024,354455,True,"[2, 0, 0, 1]",26,lib/tests/core/pattern-alias.zy,original
release,0,84427,4,1024,341021,True,"[2, 0, 0, 1]",27,lib/tests/core/pattern-alias.zy,baseline
release,0,103478,4,1024,341630,True,"[2, 0, 0, 1]",27,lib/tests/core/pattern-alias.zy,explicit
release,0,116373,4,1024,422931,True,"[2, 0, 0, 1]",27,lib/tests/core/pattern-alias.zy,recursive
release,0,84033,4,1024,256956,True,"[2, 0, 0, 1]",27,lib/tests/core/pattern-alias.zy,original
release,0,91591,4,1024,284502,True,"[2, 0, 0, 1]",27,lib/tests/core/pattern-alias.zy,jobs
release,0,118132,4,1024,523372,True,"[2, 0, 0, 1]",28,lib/tests/core/pattern-alias.zy,explicit
release,0,97830,4,1024,390891,True,"[2, 0, 0, 1]",28,lib/tests/core/pattern-alias.zy,recursive
release,0,136599,4,1024,410103,True,"[2, 0, 0, 1]",28,lib/tests/core/pattern-alias.zy,original
release,0,92375,4,1024,350136,True,"[2, 0, 0, 1]",28,lib/tests/core/pattern-alias.zy,jobs
release,0,133346,4,1024,421276,True,"[2, 0, 0, 1]",28,lib/tests/core/pattern-alias.zy,baseline
release,0,86612,4,1024,362461,True,"[2, 0, 0, 1]",29,lib/tests/core/pattern-alias.zy,recursive
release,0,91227,4,1024,269419,True,"[2, 0, 0, 1]",29,lib/tests/core/pattern-alias.zy,original
release,0,88495,4,1024,251956,True,"[2, 0, 0, 1]",29,lib/tests/core/pattern-alias.zy,jobs
release,0,90897,4,1024,346739,True,"[2, 0, 0, 1]",29,lib/tests/core/pattern-alias.zy,baseline
release,0,90011,4,1024,353490,True,"[2, 0, 0, 1]",29,lib/tests/core/pattern-alias.zy,explicit
release,0,87213,4,1024,263972,True,"[2, 0, 0, 1]",30,lib/tests/core/pattern-alias.zy,original
release,0,88245,4,1024,250959,True,"[2, 0, 0, 1]",30,lib/tests/core/pattern-alias.zy,jobs
release,0,90702,4,1024,369655,True,"[2, 0, 0, 1]",30,lib/tests/core/pattern-alias.zy,baseline
release,0,89277,4,1024,333789,True,"[2, 0, 0, 1]",30,lib/tests/core/pattern-alias.zy,explicit
release,0,88779,4,1024,294797,True,"[2, 0, 0, 1]",30,lib/tests/core/pattern-alias.zy,recursive
release,0,88170,4,1024,253046,True,"[2, 0, 0, 1]",31,lib/tests/core/pattern-alias.zy,jobs
release,0,91676,4,1024,360501,True,"[2, 0, 0, 1]",31,lib/tests/core/pattern-alias.zy,baseline
release,0,94603,4,1024,365069,True,"[2, 0, 0, 1]",31,lib/tests/core/pattern-alias.zy,explicit
release,0,88262,4,1024,312070,True,"[2, 0, 0, 1]",31,lib/tests/core/pattern-alias.zy,recursive
release,0,79784,4,1024,257655,True,"[2, 0, 0, 1]",31,lib/tests/core/pattern-alias.zy,original
release,0,86983,4,1024,343502,True,"[2, 0, 0, 1]",32,lib/tests/core/pattern-alias.zy,baseline
release,0,85885,4,1024,331959,True,"[2, 0, 0, 1]",32,lib/tests/core/pattern-alias.zy,explicit
release,0,89271,4,1024,312542,True,"[2, 0, 0, 1]",32,lib/tests/core/pattern-alias.zy,recursive
release,0,83380,4,1024,261297,True,"[2, 0, 0, 1]",32,lib/tests/core/pattern-alias.zy,original
release,0,87984,4,1024,265455,True,"[2, 0, 0, 1]",32,lib/tests/core/pattern-alias.zy,jobs
release,0,86141,4,1024,332047,True,"[2, 0, 0, 1]",33,lib/tests/core/pattern-alias.zy,explicit
release,0,87705,4,1024,294781,True,"[2, 0, 0, 1]",33,lib/tests/core/pattern-alias.zy,recursive
release,0,83396,4,1024,260913,True,"[2, 0, 0, 1]",33,lib/tests/core/pattern-alias.zy,original
release,0,84327,4,1024,255525,True,"[2, 0, 0, 1]",33,lib/tests/core/pattern-alias.zy,jobs
release,0,91211,4,1024,363561,True,"[2, 0, 0, 1]",33,lib/tests/core/pattern-alias.zy,baseline
release,0,100973,4,1024,325552,True,"[2, 0, 0, 1]",34,lib/tests/core/pattern-alias.zy,recursive
release,0,86352,4,1024,266749,True,"[2, 0, 0, 1]",34,lib/tests/core/pattern-alias.zy,original
release,0,89119,4,1024,254043,True,"[2, 0, 0, 1]",34,lib/tests/core/pattern-alias.zy,jobs
release,0,90652,4,1024,351230,True,"[2, 0, 0, 1]",34,lib/tests/core/pattern-alias.zy,baseline
release,0,87062,4,1024,329201,True,"[2, 0, 0, 1]",34,lib/tests/core/pattern-alias.zy,explicit
release,0,90085,4,1024,254671,True,"[2, 0, 0, 1]",35,lib/tests/core/pattern-alias.zy,original
release,0,83112,4,1024,253448,True,"[2, 0, 0, 1]",35,lib/tests/core/pattern-alias.zy,jobs
release,0,80451,4,1024,343173,True,"[2, 0, 0, 1]",35,lib/tests/core/pattern-alias.zy,baseline
release,0,90524,4,1024,348550,True,"[2, 0, 0, 1]",35,lib/tests/core/pattern-alias.zy,explicit
release,0,86601,4,1024,298363,True,"[2, 0, 0, 1]",35,lib/tests/core/pattern-alias.zy,recursive
release,0,79245,4,1024,249624,True,"[2, 0, 0, 1]",36,lib/tests/core/pattern-alias.zy,jobs
release,0,81589,4,1024,334360,True,"[2, 0, 0, 1]",36,lib/tests/core/pattern-alias.zy,baseline
release,0,81606,4,1024,341745,True,"[2, 0, 0, 1]",36,lib/tests/core/pattern-alias.zy,explicit
release,0,115508,4,1024,325756,True,"[2, 0, 0, 1]",36,lib/tests/core/pattern-alias.zy,recursive
release,0,93334,4,1024,266125,True,"[2, 0, 0, 1]",36,lib/tests/core/pattern-alias.zy,original
release,0,87820,4,1024,337060,True,"[2, 0, 0, 1]",37,lib/tests/core/pattern-alias.zy,baseline
release,0,87958,4,1024,335387,True,"[2, 0, 0, 1]",37,lib/tests/core/pattern-alias.zy,explicit
release,0,86975,4,1024,296611,True,"[2, 0, 0, 1]",37,lib/tests/core/pattern-alias.zy,recursive
release,0,87125,4,1024,254084,True,"[2, 0, 0, 1]",37,lib/tests/core/pattern-alias.zy,original
release,0,81985,4,1024,256246,True,"[2, 0, 0, 1]",37,lib/tests/core/pattern-alias.zy,jobs
release,0,88446,4,1024,343694,True,"[2, 0, 0, 1]",38,lib/tests/core/pattern-alias.zy,explicit
release,0,90711,4,1024,311603,True,"[2, 0, 0, 1]",38,lib/tests/core/pattern-alias.zy,recursive
release,0,92546,4,1024,267340,True,"[2, 0, 0, 1]",38,lib/tests/core/pattern-alias.zy,original
release,0,85703,4,1024,249622,True,"[2, 0, 0, 1]",38,lib/tests/core/pattern-alias.zy,jobs
release,0,84740,4,1024,347304,True,"[2, 0, 0, 1]",38,lib/tests/core/pattern-alias.zy,baseline
release,0,82753,4,1024,311370,True,"[2, 0, 0, 1]",39,lib/tests/core/pattern-alias.zy,recursive
release,0,82180,4,1024,261379,True,"[2, 0, 0, 1]",39,lib/tests/core/pattern-alias.zy,original
release,0,110209,4,1024,298824,True,"[2, 0, 0, 1]",39,lib/tests/core/pattern-alias.zy,jobs
release,0,83382,4,1024,333777,True,"[2, 0, 0, 1]",39,lib/tests/core/pattern-alias.zy,baseline
release,0,88682,4,1024,327027,True,"[2, 0, 0, 1]",39,lib/tests/core/pattern-alias.zy,explicit
release,0,406171,135,155,2798748,False,"[104, 26, 8, 0]",0,lib/tests/core/native-frames.zy,original
release,0,437334,135,155,3117336,False,"[104, 26, 8, 0]",0,lib/tests/core/native-frames.zy,jobs
release,0,417702,135,155,3543177,False,"[104, 26, 8, 0]",0,lib/tests/core/native-frames.zy,baseline
release,0,431919,135,155,3192048,False,"[104, 26, 8, 0]",0,lib/tests/core/native-frames.zy,explicit
release,0,428998,135,155,2713842,False,"[104, 26, 8, 0]",0,lib/tests/core/native-frames.zy,recursive
release,0,407492,135,155,2538459,False,"[104, 26, 8, 0]",1,lib/tests/core/native-frames.zy,jobs
release,0,379497,135,155,2889546,False,"[104, 26, 8, 0]",1,lib/tests/core/native-frames.zy,baseline
release,0,394422,135,155,2795746,False,"[104, 26, 8, 0]",1,lib/tests/core/native-frames.zy,explicit
release,0,357921,135,155,2501539,False,"[104, 26, 8, 0]",1,lib/tests/core/native-frames.zy,recursive
release,0,388664,135,155,2780951,False,"[104, 26, 8, 0]",1,lib/tests/core/native-frames.zy,original
release,0,350171,135,155,2786171,False,"[104, 26, 8, 0]",2,lib/tests/core/native-frames.zy,baseline
release,0,374093,135,155,2589496,False,"[104, 26, 8, 0]",2,lib/tests/core/native-frames.zy,explicit
release,0,337079,135,155,2403634,False,"[104, 26, 8, 0]",2,lib/tests/core/native-frames.zy,recursive
release,0,337836,135,155,2573746,False,"[104, 26, 8, 0]",2,lib/tests/core/native-frames.zy,original
release,0,363091,135,155,2261379,False,"[104, 26, 8, 0]",2,lib/tests/core/native-frames.zy,jobs
release,0,345382,135,155,2515383,False,"[104, 26, 8, 0]",3,lib/tests/core/native-frames.zy,explicit
release,0,351040,135,155,2449962,False,"[104, 26, 8, 0]",3,lib/tests/core/native-frames.zy,recursive
release,0,342381,135,155,2555701,False,"[104, 26, 8, 0]",3,lib/tests/core/native-frames.zy,original
release,0,386457,135,155,2519800,False,"[104, 26, 8, 0]",3,lib/tests/core/native-frames.zy,jobs
release,0,393458,135,155,3724954,False,"[104, 26, 8, 0]",3,lib/tests/core/native-frames.zy,baseline
release,0,441957,135,155,3166751,False,"[104, 26, 8, 0]",4,lib/tests/core/native-frames.zy,recursive
release,0,403213,135,155,2981503,False,"[104, 26, 8, 0]",4,lib/tests/core/native-frames.zy,original
release,0,375664,135,155,2291085,False,"[104, 26, 8, 0]",4,lib/tests/core/native-frames.zy,jobs
release,0,437081,135,155,3480793,False,"[104, 26, 8, 0]",4,lib/tests/core/native-frames.zy,baseline
release,0,414207,135,155,3370295,False,"[104, 26, 8, 0]",4,lib/tests/core/native-frames.zy,explicit
release,0,400492,135,155,3139503,False,"[104, 26, 8, 0]",5,lib/tests/core/native-frames.zy,original
release,0,372919,135,155,2381034,False,"[104, 26, 8, 0]",5,lib/tests/core/native-frames.zy,jobs
release,0,528546,135,155,3706586,False,"[104, 26, 8, 0]",5,lib/tests/core/native-frames.zy,baseline
release,0,488253,135,155,3003037,False,"[104, 26, 8, 0]",5,lib/tests/core/native-frames.zy,explicit
release,0,458632,135,155,3252415,False,"[104, 26, 8, 0]",5,lib/tests/core/native-frames.zy,recursive
release,0,417543,135,155,3067161,False,"[104, 26, 8, 0]",6,lib/tests/core/native-frames.zy,jobs
release,0,451376,135,155,3498793,False,"[104, 26, 8, 0]",6,lib/tests/core/native-frames.zy,baseline
release,0,404339,135,155,2788414,False,"[104, 26, 8, 0]",6,lib/tests/core/native-frames.zy,explicit
release,0,447045,135,155,3025541,False,"[104, 26, 8, 0]",6,lib/tests/core/native-frames.zy,recursive
release,0,424625,135,155,3467211,False,"[104, 26, 8, 0]",6,lib/tests/core/native-frames.zy,original
release,0,415705,135,155,3537416,False,"[104, 26, 8, 0]",7,lib/tests/core/native-frames.zy,baseline
release,0,472088,135,155,3457046,False,"[104, 26, 8, 0]",7,lib/tests/core/native-frames.zy,explicit
release,0,378208,135,155,2557329,False,"[104, 26, 8, 0]",7,lib/tests/core/native-frames.zy,recursive
release,0,416129,135,155,2901580,False,"[104, 26, 8, 0]",7,lib/tests/core/native-frames.zy,original
release,0,439957,135,155,3069039,False,"[104, 26, 8, 0]",7,lib/tests/core/native-frames.zy,jobs
release,0,413170,135,155,3228629,False,"[104, 26, 8, 0]",8,lib/tests/core/native-frames.zy,explicit
release,0,410789,135,155,2854087,False,"[104, 26, 8, 0]",8,lib/tests/core/native-frames.zy,recursive
release,0,378495,135,155,2638419,False,"[104, 26, 8, 0]",8,lib/tests/core/native-frames.zy,original
release,0,353708,135,155,2282251,False,"[104, 26, 8, 0]",8,lib/tests/core/native-frames.zy,jobs
release,0,409127,135,155,3009495,False,"[104, 26, 8, 0]",8,lib/tests/core/native-frames.zy,baseline
release,0,424253,135,155,3037454,False,"[104, 26, 8, 0]",9,lib/tests/core/native-frames.zy,recursive
release,0,445040,135,155,4548279,False,"[104, 26, 8, 0]",9,lib/tests/core/native-frames.zy,original
release,0,462458,135,155,3236920,False,"[104, 26, 8, 0]",9,lib/tests/core/native-frames.zy,jobs
release,0,397996,135,155,3028575,False,"[104, 26, 8, 0]",9,lib/tests/core/native-frames.zy,baseline
release,0,349171,135,155,2563130,False,"[104, 26, 8, 0]",9,lib/tests/core/native-frames.zy,explicit
release,0,342994,135,155,2493881,False,"[104, 26, 8, 0]",10,lib/tests/core/native-frames.zy,original
release,0,356707,135,155,2218922,False,"[104, 26, 8, 0]",10,lib/tests/core/native-frames.zy,jobs
release,0,404713,135,155,2994455,False,"[104, 26, 8, 0]",10,lib/tests/core/native-frames.zy,baseline
release,0,368328,135,155,2972247,False,"[104, 26, 8, 0]",10,lib/tests/core/native-frames.zy,explicit
release,0,390834,135,155,2682752,False,"[104, 26, 8, 0]",10,lib/tests/core/native-frames.zy,recursive
release,0,370204,135,155,2347010,False,"[104, 26, 8, 0]",11,lib/tests/core/native-frames.zy,jobs
release,0,372161,135,155,2896707,False,"[104, 26, 8, 0]",11,lib/tests/core/native-frames.zy,baseline
release,0,378374,135,155,2781377,False,"[104, 26, 8, 0]",11,lib/tests/core/native-frames.zy,explicit
release,0,402879,135,155,2805461,False,"[104, 26, 8, 0]",11,lib/tests/core/native-frames.zy,recursive
release,0,359375,135,155,2564756,False,"[104, 26, 8, 0]",11,lib/tests/core/native-frames.zy,original
release,0,390832,135,155,2970255,False,"[104, 26, 8, 0]",12,lib/tests/core/native-frames.zy,baseline
release,0,356082,135,155,2615922,False,"[104, 26, 8, 0]",12,lib/tests/core/native-frames.zy,explicit
release,0,401163,135,155,2716289,False,"[104, 26, 8, 0]",12,lib/tests/core/native-frames.zy,recursive
release,0,369461,135,155,2584712,False,"[104, 26, 8, 0]",12,lib/tests/core/native-frames.zy,original
release,0,389332,135,155,2453004,False,"[104, 26, 8, 0]",12,lib/tests/core/native-frames.zy,jobs
release,0,367500,135,155,2606456,False,"[104, 26, 8, 0]",13,lib/tests/core/native-frames.zy,explicit
release,0,374333,135,155,2544957,False,"[104, 26, 8, 0]",13,lib/tests/core/native-frames.zy,recursive
release,0,376502,135,155,2711174,False,"[104, 26, 8, 0]",13,lib/tests/core/native-frames.zy,original
release,0,357718,135,155,2301957,False,"[104, 26, 8, 0]",13,lib/tests/core/native-frames.zy,jobs
release,0,377417,135,155,2910251,False,"[104, 26, 8, 0]",13,lib/tests/core/native-frames.zy,baseline
release,0,344874,135,155,2491283,False,"[104, 26, 8, 0]",14,lib/tests/core/native-frames.zy,recursive
release,0,376959,135,155,2625663,False,"[104, 26, 8, 0]",14,lib/tests/core/native-frames.zy,original
release,0,356889,135,155,2267296,False,"[104, 26, 8, 0]",14,lib/tests/core/native-frames.zy,jobs
release,0,410294,135,155,2995709,False,"[104, 26, 8, 0]",14,lib/tests/core/native-frames.zy,baseline
release,0,340162,135,155,2556717,False,"[104, 26, 8, 0]",14,lib/tests/core/native-frames.zy,explicit
release,0,363958,135,155,2703171,False,"[104, 26, 8, 0]",15,lib/tests/core/native-frames.zy,original
release,0,338911,135,155,2249507,False,"[104, 26, 8, 0]",15,lib/tests/core/native-frames.zy,jobs
release,0,370172,135,155,2850294,False,"[104, 26, 8, 0]",15,lib/tests/core/native-frames.zy,baseline
release,0,333210,135,155,2540376,False,"[104, 26, 8, 0]",15,lib/tests/core/native-frames.zy,explicit
release,0,420085,135,155,2834461,False,"[104, 26, 8, 0]",15,lib/tests/core/native-frames.zy,recursive
release,0,407497,135,155,2323166,False,"[104, 26, 8, 0]",16,lib/tests/core/native-frames.zy,jobs
release,0,403088,135,155,2834332,False,"[104, 26, 8, 0]",16,lib/tests/core/native-frames.zy,baseline
release,0,512167,135,155,3765492,False,"[104, 26, 8, 0]",16,lib/tests/core/native-frames.zy,explicit
release,0,485880,135,155,3085335,False,"[104, 26, 8, 0]",16,lib/tests/core/native-frames.zy,recursive
release,0,357498,135,155,2494625,False,"[104, 26, 8, 0]",16,lib/tests/core/native-frames.zy,original
release,0,365454,135,155,2762159,False,"[104, 26, 8, 0]",17,lib/tests/core/native-frames.zy,baseline
release,0,346457,135,155,2531365,False,"[104, 26, 8, 0]",17,lib/tests/core/native-frames.zy,explicit
release,0,342538,135,155,2406908,False,"[104, 26, 8, 0]",17,lib/tests/core/native-frames.zy,recursive
release,0,392456,135,155,2625873,False,"[104, 26, 8, 0]",17,lib/tests/core/native-frames.zy,original
release,0,342167,135,155,2237919,False,"[104, 26, 8, 0]",17,lib/tests/core/native-frames.zy,jobs
release,0,363116,135,155,2583463,False,"[104, 26, 8, 0]",18,lib/tests/core/native-frames.zy,explicit
release,0,333798,135,155,2474253,False,"[104, 26, 8, 0]",18,lib/tests/core/native-frames.zy,recursive
release,0,409458,135,155,2807793,False,"[104, 26, 8, 0]",18,lib/tests/core/native-frames.zy,original
release,0,363166,135,155,2290381,False,"[104, 26, 8, 0]",18,lib/tests/core/native-frames.zy,jobs
release,0,546802,135,155,4147039,False,"[104, 26, 8, 0]",18,lib/tests/core/native-frames.zy,baseline
release,0,434832,135,155,2950289,False,"[104, 26, 8, 0]",19,lib/tests/core/native-frames.zy,recursive
release,0,457417,135,155,2979662,False,"[104, 26, 8, 0]",19,lib/tests/core/native-frames.zy,original
release,0,362753,135,155,2360577,False,"[104, 26, 8, 0]",19,lib/tests/core/native-frames.zy,jobs
release,0,409497,135,155,3104415,False,"[104, 26, 8, 0]",19,lib/tests/core/native-frames.zy,baseline
release,0,343157,135,155,2536048,False,"[104, 26, 8, 0]",19,lib/tests/core/native-frames.zy,explicit
release,0,440334,135,155,3066869,False,"[104, 26, 8, 0]",20,lib/tests/core/native-frames.zy,original
release,0,356755,135,155,2264209,False,"[104, 26, 8, 0]",20,lib/tests/core/native-frames.zy,jobs
release,0,441711,135,155,3188796,False,"[104, 26, 8, 0]",20,lib/tests/core/native-frames.zy,baseline
release,0,346627,135,155,2569221,False,"[104, 26, 8, 0]",20,lib/tests/core/native-frames.zy,explicit
release,0,489661,135,155,2897375,False,"[104, 26, 8, 0]",20,lib/tests/core/native-frames.zy,recursive
release,0,383335,135,155,2462262,False,"[104, 26, 8, 0]",21,lib/tests/core/native-frames.zy,jobs
release,0,445383,135,155,3579571,False,"[104, 26, 8, 0]",21,lib/tests/core/native-frames.zy,baseline
release,0,476667,135,155,3425243,False,"[104, 26, 8, 0]",21,lib/tests/core/native-frames.zy,explicit
release,0,484950,135,155,4048249,False,"[104, 26, 8, 0]",21,lib/tests/core/native-frames.zy,recursive
release,0,510967,135,155,3339083,False,"[104, 26, 8, 0]",21,lib/tests/core/native-frames.zy,original
release,0,497048,135,155,3417800,False,"[104, 26, 8, 0]",22,lib/tests/core/native-frames.zy,baseline
release,0,438115,135,155,3472422,False,"[104, 26, 8, 0]",22,lib/tests/core/native-frames.zy,explicit
release,0,456246,135,155,4397256,False,"[104, 26, 8, 0]",22,lib/tests/core/native-frames.zy,recursive
release,0,459333,135,155,3078209,False,"[104, 26, 8, 0]",22,lib/tests/core/native-frames.zy,original
release,0,476206,135,155,2928582,False,"[104, 26, 8, 0]",22,lib/tests/core/native-frames.zy,jobs
release,0,384457,135,155,2782538,False,"[104, 26, 8, 0]",23,lib/tests/core/native-frames.zy,explicit
release,0,601298,135,155,3267500,False,"[104, 26, 8, 0]",23,lib/tests/core/native-frames.zy,recursive
release,0,455502,135,155,3385054,False,"[104, 26, 8, 0]",23,lib/tests/core/native-frames.zy,original
release,0,1131419,135,155,4210874,False,"[104, 26, 8, 0]",23,lib/tests/core/native-frames.zy,jobs
release,0,542503,135,155,3736622,False,"[104, 26, 8, 0]",23,lib/tests/core/native-frames.zy,baseline
release,0,501418,135,155,3319832,False,"[104, 26, 8, 0]",24,lib/tests/core/native-frames.zy,recursive
release,0,644292,135,155,4523749,False,"[104, 26, 8, 0]",24,lib/tests/core/native-frames.zy,original
release,0,458285,135,155,3353371,False,"[104, 26, 8, 0]",24,lib/tests/core/native-frames.zy,jobs
release,0,522380,135,155,5013535,False,"[104, 26, 8, 0]",24,lib/tests/core/native-frames.zy,baseline
release,0,490582,135,155,3163449,False,"[104, 26, 8, 0]",24,lib/tests/core/native-frames.zy,explicit
release,0,495297,135,155,3133449,False,"[104, 26, 8, 0]",25,lib/tests/core/native-frames.zy,original
release,0,435632,135,155,2968082,False,"[104, 26, 8, 0]",25,lib/tests/core/native-frames.zy,jobs
release,0,489586,135,155,3561209,False,"[104, 26, 8, 0]",25,lib/tests/core/native-frames.zy,baseline
release,0,416668,135,155,3227618,False,"[104, 26, 8, 0]",25,lib/tests/core/native-frames.zy,explicit
release,0,458583,135,155,3198374,False,"[104, 26, 8, 0]",25,lib/tests/core/native-frames.zy,recursive
release,0,474869,135,155,2802665,False,"[104, 26, 8, 0]",26,lib/tests/core/native-frames.zy,jobs
release,0,552627,135,155,3859420,False,"[104, 26, 8, 0]",26,lib/tests/core/native-frames.zy,baseline
release,0,505955,135,155,3649667,False,"[104, 26, 8, 0]",26,lib/tests/core/native-frames.zy,explicit
release,0,440837,135,155,3263995,False,"[104, 26, 8, 0]",26,lib/tests/core/native-frames.zy,recursive
release,0,490469,135,155,4803914,False,"[104, 26, 8, 0]",26,lib/tests/core/native-frames.zy,original
release,0,518624,135,155,3764501,False,"[104, 26, 8, 0]",27,lib/tests/core/native-frames.zy,baseline
release,0,531243,135,155,3228795,False,"[104, 26, 8, 0]",27,lib/tests/core/native-frames.zy,explicit
release,0,479754,135,155,3370826,False,"[104, 26, 8, 0]",27,lib/tests/core/native-frames.zy,recursive
release,0,437257,135,155,3627831,False,"[104, 26, 8, 0]",27,lib/tests/core/native-frames.zy,original
release,0,513544,135,155,3656917,False,"[104, 26, 8, 0]",27,lib/tests/core/native-frames.zy,jobs
release,0,502043,135,155,3319418,False,"[104, 26, 8, 0]",28,lib/tests/core/native-frames.zy,explicit
release,0,356543,135,155,2375337,False,"[104, 26, 8, 0]",28,lib/tests/core/native-frames.zy,recursive
release,0,440803,135,155,3440616,False,"[104, 26, 8, 0]",28,lib/tests/core/native-frames.zy,original
release,0,442990,135,155,3069330,False,"[104, 26, 8, 0]",28,lib/tests/core/native-frames.zy,jobs
release,0,482580,135,155,3932375,False,"[104, 26, 8, 0]",28,lib/tests/core/native-frames.zy,baseline
release,0,412620,135,155,2803011,False,"[104, 26, 8, 0]",29,lib/tests/core/native-frames.zy,recursive
release,0,449335,135,155,2873130,False,"[104, 26, 8, 0]",29,lib/tests/core/native-frames.zy,original
release,0,484956,135,155,2928549,False,"[104, 26, 8, 0]",29,lib/tests/core/native-frames.zy,jobs
release,0,441125,135,155,3566374,False,"[104, 26, 8, 0]",29,lib/tests/core/native-frames.zy,baseline
release,0,411414,135,155,3277455,False,"[104, 26, 8, 0]",29,lib/tests/core/native-frames.zy,explicit
release,0,429659,135,155,3136325,False,"[104, 26, 8, 0]",30,lib/tests/core/native-frames.zy,original
release,0,445582,135,155,2747259,False,"[104, 26, 8, 0]",30,lib/tests/core/native-frames.zy,jobs
release,0,457038,135,155,3580585,False,"[104, 26, 8, 0]",30,lib/tests/core/native-frames.zy,baseline
release,0,416868,135,155,3275032,False,"[104, 26, 8, 0]",30,lib/tests/core/native-frames.zy,explicit
release,0,411579,135,155,3136411,False,"[104, 26, 8, 0]",30,lib/tests/core/native-frames.zy,recursive
release,0,439081,135,155,2774781,False,"[104, 26, 8, 0]",31,lib/tests/core/native-frames.zy,jobs
release,0,338166,135,155,2703459,False,"[104, 26, 8, 0]",31,lib/tests/core/native-frames.zy,baseline
release,0,504786,135,155,3411708,False,"[104, 26, 8, 0]",31,lib/tests/core/native-frames.zy,explicit
release,0,433213,135,155,3251161,False,"[104, 26, 8, 0]",31,lib/tests/core/native-frames.zy,recursive
release,0,493996,135,155,4047959,False,"[104, 26, 8, 0]",31,lib/tests/core/native-frames.zy,original
release,0,477794,135,155,3430511,False,"[104, 26, 8, 0]",32,lib/tests/core/native-frames.zy,baseline
release,0,414420,135,155,2614422,False,"[104, 26, 8, 0]",32,lib/tests/core/native-frames.zy,explicit
release,0,437947,135,155,2927779,False,"[104, 26, 8, 0]",32,lib/tests/core/native-frames.zy,recursive
release,0,471331,135,155,3437668,False,"[104, 26, 8, 0]",32,lib/tests/core/native-frames.zy,original
release,0,452867,135,155,3536421,False,"[104, 26, 8, 0]",32,lib/tests/core/native-frames.zy,jobs
release,0,513382,135,155,3276253,False,"[104, 26, 8, 0]",33,lib/tests/core/native-frames.zy,explicit
release,0,422705,135,155,2625213,False,"[104, 26, 8, 0]",33,lib/tests/core/native-frames.zy,recursive
release,0,405116,135,155,2694798,False,"[104, 26, 8, 0]",33,lib/tests/core/native-frames.zy,original
release,0,432960,135,155,2539377,False,"[104, 26, 8, 0]",33,lib/tests/core/native-frames.zy,jobs
release,0,392338,135,155,2890489,False,"[104, 26, 8, 0]",33,lib/tests/core/native-frames.zy,baseline
release,0,369699,135,155,2566632,False,"[104, 26, 8, 0]",34,lib/tests/core/native-frames.zy,recursive
release,0,498321,135,155,3099136,False,"[104, 26, 8, 0]",34,lib/tests/core/native-frames.zy,original
release,0,451333,135,155,2589052,False,"[104, 26, 8, 0]",34,lib/tests/core/native-frames.zy,jobs
release,0,374303,135,155,2900368,False,"[104, 26, 8, 0]",34,lib/tests/core/native-frames.zy,baseline
release,0,441324,135,155,2860912,False,"[104, 26, 8, 0]",34,lib/tests/core/native-frames.zy,explicit
release,0,388753,135,155,2657833,False,"[104, 26, 8, 0]",35,lib/tests/core/native-frames.zy,original
release,0,396581,135,155,2519253,False,"[104, 26, 8, 0]",35,lib/tests/core/native-frames.zy,jobs
release,0,364215,135,155,2897299,False,"[104, 26, 8, 0]",35,lib/tests/core/native-frames.zy,baseline
release,0,420625,135,155,2920585,False,"[104, 26, 8, 0]",35,lib/tests/core/native-frames.zy,explicit
release,0,368213,135,155,2631795,False,"[104, 26, 8, 0]",35,lib/tests/core/native-frames.zy,recursive
release,0,499701,135,155,2665627,False,"[104, 26, 8, 0]",36,lib/tests/core/native-frames.zy,jobs
release,0,376623,135,155,2940757,False,"[104, 26, 8, 0]",36,lib/tests/core/native-frames.zy,baseline
release,0,453463,135,155,3102550,False,"[104, 26, 8, 0]",36,lib/tests/core/native-frames.zy,explicit
release,0,355614,135,155,2491424,False,"[104, 26, 8, 0]",36,lib/tests/core/native-frames.zy,recursive
release,0,446328,135,155,2965295,False,"[104, 26, 8, 0]",36,lib/tests/core/native-frames.zy,original
release,0,369869,135,155,2880171,False,"[104, 26, 8, 0]",37,lib/tests/core/native-frames.zy,baseline
release,0,548496,135,155,3849743,False,"[104, 26, 8, 0]",37,lib/tests/core/native-frames.zy,explicit
release,0,409795,135,155,2920373,False,"[104, 26, 8, 0]",37,lib/tests/core/native-frames.zy,recursive
release,0,443585,135,155,3309500,False,"[104, 26, 8, 0]",37,lib/tests/core/native-frames.zy,original
release,0,519625,135,155,3222291,False,"[104, 26, 8, 0]",37,lib/tests/core/native-frames.zy,jobs
release,0,425578,135,155,3261376,False,"[104, 26, 8, 0]",38,lib/tests/core/native-frames.zy,explicit
release,0,427249,135,155,3135174,False,"[104, 26, 8, 0]",38,lib/tests/core/native-frames.zy,recursive
release,0,407289,135,155,2661674,False,"[104, 26, 8, 0]",38,lib/tests/core/native-frames.zy,original
release,0,488667,135,155,2780410,False,"[104, 26, 8, 0]",38,lib/tests/core/native-frames.zy,jobs
release,0,378284,135,155,2909048,False,"[104, 26, 8, 0]",38,lib/tests/core/native-frames.zy,baseline
release,0,405126,135,155,2797452,False,"[104, 26, 8, 0]",39,lib/tests/core/native-frames.zy,recursive
release,0,388169,135,155,2848090,False,"[104, 26, 8, 0]",39,lib/tests/core/native-frames.zy,original
release,0,386046,135,155,2557459,False,"[104, 26, 8, 0]",39,lib/tests/core/native-frames.zy,jobs
release,0,380344,135,155,2930866,False,"[104, 26, 8, 0]",39,lib/tests/core/native-frames.zy,baseline
release,0,471793,135,155,2795044,False,"[104, 26, 8, 0]",39,lib/tests/core/native-frames.zy,explicit
release,0,718159,135,288,4700713,True,"[97, 25, 8, 9]",0,lib/tests/core/native-frames.zy,original
release,0,792247,135,288,4576117,True,"[97, 25, 8, 9]",0,lib/tests/core/native-frames.zy,jobs
release,0,740378,135,288,5626372,True,"[97, 25, 8, 9]",0,lib/tests/core/native-frames.zy,baseline
release,0,761419,135,288,5654411,True,"[97, 25, 8, 9]",0,lib/tests/core/native-frames.zy,explicit
release,0,761164,135,288,5645553,True,"[97, 25, 8, 9]",0,lib/tests/core/native-frames.zy,recursive
release,0,709048,135,288,4676999,True,"[97, 25, 8, 9]",1,lib/tests/core/native-frames.zy,jobs
release,0,778959,135,288,5775001,True,"[97, 25, 8, 9]",1,lib/tests/core/native-frames.zy,baseline
release,0,757163,135,288,5830175,True,"[97, 25, 8, 9]",1,lib/tests/core/native-frames.zy,explicit
release,0,722912,135,288,4804291,True,"[97, 25, 8, 9]",1,lib/tests/core/native-frames.zy,recursive
release,0,849218,135,288,5616870,True,"[97, 25, 8, 9]",1,lib/tests/core/native-frames.zy,original
release,0,744820,135,288,6073131,True,"[97, 25, 8, 9]",2,lib/tests/core/native-frames.zy,baseline
release,0,730880,135,288,5187120,True,"[97, 25, 8, 9]",2,lib/tests/core/native-frames.zy,explicit
release,0,790583,135,288,5443168,True,"[97, 25, 8, 9]",2,lib/tests/core/native-frames.zy,recursive
release,0,747137,135,288,5898550,True,"[97, 25, 8, 9]",2,lib/tests/core/native-frames.zy,original
release,0,747667,135,288,4572713,True,"[97, 25, 8, 9]",2,lib/tests/core/native-frames.zy,jobs
release,0,789002,135,288,5877453,True,"[97, 25, 8, 9]",3,lib/tests/core/native-frames.zy,explicit
release,0,844708,135,288,5591745,True,"[97, 25, 8, 9]",3,lib/tests/core/native-frames.zy,recursive
release,0,717875,135,288,4856379,True,"[97, 25, 8, 9]",3,lib/tests/core/native-frames.zy,original
release,0,771700,135,288,5447492,True,"[97, 25, 8, 9]",3,lib/tests/core/native-frames.zy,jobs
release,0,749662,135,288,5755085,True,"[97, 25, 8, 9]",3,lib/tests/core/native-frames.zy,baseline
release,0,631452,135,288,4301665,True,"[97, 25, 8, 9]",4,lib/tests/core/native-frames.zy,recursive
release,0,674921,135,288,4362780,True,"[97, 25, 8, 9]",4,lib/tests/core/native-frames.zy,original
release,0,639177,135,288,3924411,True,"[97, 25, 8, 9]",4,lib/tests/core/native-frames.zy,jobs
release,0,682868,135,288,5000956,True,"[97, 25, 8, 9]",4,lib/tests/core/native-frames.zy,baseline
release,0,652301,135,288,4538285,True,"[97, 25, 8, 9]",4,lib/tests/core/native-frames.zy,explicit
release,0,655872,135,288,4405294,True,"[97, 25, 8, 9]",5,lib/tests/core/native-frames.zy,original
release,0,642871,135,288,4126912,True,"[97, 25, 8, 9]",5,lib/tests/core/native-frames.zy,jobs
release,0,623427,135,288,4726831,True,"[97, 25, 8, 9]",5,lib/tests/core/native-frames.zy,baseline
release,0,645210,135,288,4669752,True,"[97, 25, 8, 9]",5,lib/tests/core/native-frames.zy,explicit
release,0,654459,135,288,4409326,True,"[97, 25, 8, 9]",5,lib/tests/core/native-frames.zy,recursive
release,0,696953,135,288,4059306,True,"[97, 25, 8, 9]",6,lib/tests/core/native-frames.zy,jobs
release,0,587838,135,288,4661340,True,"[97, 25, 8, 9]",6,lib/tests/core/native-frames.zy,baseline
release,0,638576,135,288,4544628,True,"[97, 25, 8, 9]",6,lib/tests/core/native-frames.zy,explicit
release,0,656953,135,288,4354019,True,"[97, 25, 8, 9]",6,lib/tests/core/native-frames.zy,recursive
release,0,788464,135,288,4939003,True,"[97, 25, 8, 9]",6,lib/tests/core/native-frames.zy,original
release,0,729457,135,288,4929359,True,"[97, 25, 8, 9]",7,lib/tests/core/native-frames.zy,baseline
release,0,841754,135,288,5156163,True,"[97, 25, 8, 9]",7,lib/tests/core/native-frames.zy,explicit
release,0,714198,135,288,4678073,True,"[97, 25, 8, 9]",7,lib/tests/core/native-frames.zy,recursive
release,0,680548,135,288,4654001,True,"[97, 25, 8, 9]",7,lib/tests/core/native-frames.zy,original
release,0,617404,135,288,3895627,True,"[97, 25, 8, 9]",7,lib/tests/core/native-frames.zy,jobs
release,0,670318,135,288,4615715,True,"[97, 25, 8, 9]",8,lib/tests/core/native-frames.zy,explicit
release,0,673424,135,288,4568794,True,"[97, 25, 8, 9]",8,lib/tests/core/native-frames.zy,recursive
release,0,681625,135,288,4464374,True,"[97, 25, 8, 9]",8,lib/tests/core/native-frames.zy,original
release,0,654136,135,288,4074821,True,"[97, 25, 8, 9]",8,lib/tests/core/native-frames.zy,jobs
release,0,627334,135,288,4834701,True,"[97, 25, 8, 9]",8,lib/tests/core/native-frames.zy,baseline
release,0,639533,135,288,4220081,True,"[97, 25, 8, 9]",9,lib/tests/core/native-frames.zy,recursive
release,0,654041,135,288,4674834,True,"[97, 25, 8, 9]",9,lib/tests/core/native-frames.zy,original
release,0,713456,135,288,4304914,True,"[97, 25, 8, 9]",9,lib/tests/core/native-frames.zy,jobs
release,0,658834,135,288,5019877,True,"[97, 25, 8, 9]",9,lib/tests/core/native-frames.zy,baseline
release,0,686305,135,288,4518958,True,"[97, 25, 8, 9]",9,lib/tests/core/native-frames.zy,explicit
release,0,626895,135,288,4341728,True,"[97, 25, 8, 9]",10,lib/tests/core/native-frames.zy,original
release,0,655782,135,288,4119337,True,"[97, 25, 8, 9]",10,lib/tests/core/native-frames.zy,jobs
release,0,825292,135,288,6316845,True,"[97, 25, 8, 9]",10,lib/tests/core/native-frames.zy,baseline
release,0,807040,135,288,5683089,True,"[97, 25, 8, 9]",10,lib/tests/core/native-frames.zy,explicit
release,0,711615,135,288,4569034,True,"[97, 25, 8, 9]",10,lib/tests/core/native-frames.zy,recursive
release,0,768374,135,288,5355541,True,"[97, 25, 8, 9]",11,lib/tests/core/native-frames.zy,jobs
release,0,804961,135,288,5888509,True,"[97, 25, 8, 9]",11,lib/tests/core/native-frames.zy,baseline
release,0,704829,135,288,4756750,True,"[97, 25, 8, 9]",11,lib/tests/core/native-frames.zy,explicit
release,0,792543,135,288,5307370,True,"[97, 25, 8, 9]",11,lib/tests/core/native-frames.zy,recursive
release,0,740835,135,288,5743331,True,"[97, 25, 8, 9]",11,lib/tests/core/native-frames.zy,original
release,0,763293,135,288,5214747,True,"[97, 25, 8, 9]",12,lib/tests/core/native-frames.zy,baseline
release,0,923202,135,288,5813867,True,"[97, 25, 8, 9]",12,lib/tests/core/native-frames.zy,explicit
release,0,964510,135,288,5727996,True,"[97, 25, 8, 9]",12,lib/tests/core/native-frames.zy,recursive
release,0,905830,135,288,6023000,True,"[97, 25, 8, 9]",12,lib/tests/core/native-frames.zy,original
release,0,869245,135,288,5548129,True,"[97, 25, 8, 9]",12,lib/tests/core/native-frames.zy,jobs
release,0,1200010,135,288,5717166,True,"[97, 25, 8, 9]",13,lib/tests/core/native-frames.zy,explicit
release,0,959964,135,288,5596001,True,"[97, 25, 8, 9]",13,lib/tests/core/native-frames.zy,recursive
release,0,873761,135,288,6121119,True,"[97, 25, 8, 9]",13,lib/tests/core/native-frames.zy,original
release,0,862101,135,288,4833966,True,"[97, 25, 8, 9]",13,lib/tests/core/native-frames.zy,jobs
release,0,989594,135,288,10651255,True,"[97, 25, 8, 9]",13,lib/tests/core/native-frames.zy,baseline
release,0,793956,135,288,5086961,True,"[97, 25, 8, 9]",14,lib/tests/core/native-frames.zy,recursive
release,0,838078,135,288,9987526,True,"[97, 25, 8, 9]",14,lib/tests/core/native-frames.zy,original
release,0,744573,135,288,4480169,True,"[97, 25, 8, 9]",14,lib/tests/core/native-frames.zy,jobs
release,0,757544,135,288,6020122,True,"[97, 25, 8, 9]",14,lib/tests/core/native-frames.zy,baseline
release,0,733788,135,288,5501922,True,"[97, 25, 8, 9]",14,lib/tests/core/native-frames.zy,explicit
release,0,1131789,135,288,5546178,True,"[97, 25, 8, 9]",15,lib/tests/core/native-frames.zy,original
release,0,952829,135,288,5981947,True,"[97, 25, 8, 9]",15,lib/tests/core/native-frames.zy,jobs
release,0,3041917,135,288,14669047,True,"[97, 25, 8, 9]",15,lib/tests/core/native-frames.zy,baseline
release,0,1598459,135,288,8189787,True,"[97, 25, 8, 9]",15,lib/tests/core/native-frames.zy,explicit
release,0,980078,135,288,6379699,True,"[97, 25, 8, 9]",15,lib/tests/core/native-frames.zy,recursive
release,0,1315163,135,288,7605331,True,"[97, 25, 8, 9]",16,lib/tests/core/native-frames.zy,jobs
release,0,1100289,135,288,8198170,True,"[97, 25, 8, 9]",16,lib/tests/core/native-frames.zy,baseline
release,0,930217,135,288,8785339,True,"[97, 25, 8, 9]",16,lib/tests/core/native-frames.zy,explicit
release,0,946131,135,288,6044377,True,"[97, 25, 8, 9]",16,lib/tests/core/native-frames.zy,recursive
release,0,745657,135,288,5995702,True,"[97, 25, 8, 9]",16,lib/tests/core/native-frames.zy,original
release,0,845534,135,288,6395537,True,"[97, 25, 8, 9]",17,lib/tests/core/native-frames.zy,baseline
release,0,833531,135,288,5241157,True,"[97, 25, 8, 9]",17,lib/tests/core/native-frames.zy,explicit
release,0,677823,135,288,4495753,True,"[97, 25, 8, 9]",17,lib/tests/core/native-frames.zy,recursive
release,0,688008,135,288,4761844,True,"[97, 25, 8, 9]",17,lib/tests/core/native-frames.zy,original
release,0,705750,135,288,4448372,True,"[97, 25, 8, 9]",17,lib/tests/core/native-frames.zy,jobs
release,0,689667,135,288,4775958,True,"[97, 25, 8, 9]",18,lib/tests/core/native-frames.zy,explicit
release,0,667807,135,288,4523125,True,"[97, 25, 8, 9]",18,lib/tests/core/native-frames.zy,recursive
release,0,758296,135,288,5008092,True,"[97, 25, 8, 9]",18,lib/tests/core/native-frames.zy,original
release,0,758366,135,288,4324719,True,"[97, 25, 8, 9]",18,lib/tests/core/native-frames.zy,jobs
release,0,686079,135,288,5150709,True,"[97, 25, 8, 9]",18,lib/tests/core/native-frames.zy,baseline
release,0,722954,135,288,4784743,True,"[97, 25, 8, 9]",19,lib/tests/core/native-frames.zy,recursive
release,0,905368,135,288,6473331,True,"[97, 25, 8, 9]",19,lib/tests/core/native-frames.zy,original
release,0,700405,135,288,4216500,True,"[97, 25, 8, 9]",19,lib/tests/core/native-frames.zy,jobs
release,0,689038,135,288,4844200,True,"[97, 25, 8, 9]",19,lib/tests/core/native-frames.zy,baseline
release,0,640578,135,288,4483291,True,"[97, 25, 8, 9]",19,lib/tests/core/native-frames.zy,explicit
release,0,672500,135,288,4443206,True,"[97, 25, 8, 9]",20,lib/tests/core/native-frames.zy,original
release,0,691621,135,288,4282957,True,"[97, 25, 8, 9]",20,lib/tests/core/native-frames.zy,jobs
release,0,697448,135,288,5115658,True,"[97, 25, 8, 9]",20,lib/tests/core/native-frames.zy,baseline
release,0,703414,135,288,4784498,True,"[97, 25, 8, 9]",20,lib/tests/core/native-frames.zy,explicit
release,0,666212,135,288,4612364,True,"[97, 25, 8, 9]",20,lib/tests/core/native-frames.zy,recursive
release,0,812044,135,288,4938708,True,"[97, 25, 8, 9]",21,lib/tests/core/native-frames.zy,jobs
release,0,810381,135,288,6418072,True,"[97, 25, 8, 9]",21,lib/tests/core/native-frames.zy,baseline
release,0,842083,135,288,5345421,True,"[97, 25, 8, 9]",21,lib/tests/core/native-frames.zy,explicit
release,0,756502,135,288,4987880,True,"[97, 25, 8, 9]",21,lib/tests/core/native-frames.zy,recursive
release,0,752920,135,288,6013699,True,"[97, 25, 8, 9]",21,lib/tests/core/native-frames.zy,original
release,0,802744,135,288,5895762,True,"[97, 25, 8, 9]",22,lib/tests/core/native-frames.zy,baseline
release,0,819126,135,288,5742003,True,"[97, 25, 8, 9]",22,lib/tests/core/native-frames.zy,explicit
release,0,758282,135,288,5485546,True,"[97, 25, 8, 9]",22,lib/tests/core/native-frames.zy,recursive
release,0,840587,135,288,6274366,True,"[97, 25, 8, 9]",22,lib/tests/core/native-frames.zy,original
release,0,775507,135,288,5384798,True,"[97, 25, 8, 9]",22,lib/tests/core/native-frames.zy,jobs
release,0,744424,135,288,5498877,True,"[97, 25, 8, 9]",23,lib/tests/core/native-frames.zy,explicit
release,0,778964,135,288,4919427,True,"[97, 25, 8, 9]",23,lib/tests/core/native-frames.zy,recursive
release,0,775092,135,288,6189622,True,"[97, 25, 8, 9]",23,lib/tests/core/native-frames.zy,original
release,0,771366,135,288,5400507,True,"[97, 25, 8, 9]",23,lib/tests/core/native-frames.zy,jobs
release,0,855498,135,288,6291956,True,"[97, 25, 8, 9]",23,lib/tests/core/native-frames.zy,baseline
release,0,773127,135,288,6415135,True,"[97, 25, 8, 9]",24,lib/tests/core/native-frames.zy,recursive
release,0,757048,135,288,5078490,True,"[97, 25, 8, 9]",24,lib/tests/core/native-frames.zy,original
release,0,689618,135,288,4384465,True,"[97, 25, 8, 9]",24,lib/tests/core/native-frames.zy,jobs
release,0,705213,135,288,5325199,True,"[97, 25, 8, 9]",24,lib/tests/core/native-frames.zy,baseline
release,0,692631,135,288,4874126,True,"[97, 25, 8, 9]",24,lib/tests/core/native-frames.zy,explicit
release,0,707907,135,288,4804413,True,"[97, 25, 8, 9]",25,lib/tests/core/native-frames.zy,original
release,0,720754,135,288,4523911,True,"[97, 25, 8, 9]",25,lib/tests/core/native-frames.zy,jobs
release,0,701082,135,288,5135447,True,"[97, 25, 8, 9]",25,lib/tests/core/native-frames.zy,baseline
release,0,651625,135,288,4673205,True,"[97, 25, 8, 9]",25,lib/tests/core/native-frames.zy,explicit
release,0,641581,135,288,4427628,True,"[97, 25, 8, 9]",25,lib/tests/core/native-frames.zy,recursive
release,0,690825,135,288,4128884,True,"[97, 25, 8, 9]",26,lib/tests/core/native-frames.zy,jobs
release,0,671799,135,288,5220833,True,"[97, 25, 8, 9]",26,lib/tests/core/native-frames.zy,baseline
release,0,715886,135,288,4897207,True,"[97, 25, 8, 9]",26,lib/tests/core/native-frames.zy,explicit
release,0,707052,135,288,4677876,True,"[97, 25, 8, 9]",26,lib/tests/core/native-frames.zy,recursive
release,0,692670,135,288,4887661,True,"[97, 25, 8, 9]",26,lib/tests/core/native-frames.zy,original
release,0,689124,135,288,5220210,True,"[97, 25, 8, 9]",27,lib/tests/core/native-frames.zy,baseline
release,0,692200,135,288,4797748,True,"[97, 25, 8, 9]",27,lib/tests/core/native-frames.zy,explicit
release,0,686794,135,288,4590790,True,"[97, 25, 8, 9]",27,lib/tests/core/native-frames.zy,recursive
release,0,701796,135,288,4664130,True,"[97, 25, 8, 9]",27,lib/tests/core/native-frames.zy,original
release,0,653706,135,288,4110871,True,"[97, 25, 8, 9]",27,lib/tests/core/native-frames.zy,jobs
release,0,657218,135,288,4744171,True,"[97, 25, 8, 9]",28,lib/tests/core/native-frames.zy,explicit
release,0,677248,135,288,4475666,True,"[97, 25, 8, 9]",28,lib/tests/core/native-frames.zy,recursive
release,0,669451,135,288,4572001,True,"[97, 25, 8, 9]",28,lib/tests/core/native-frames.zy,original
release,0,665581,135,288,4088088,True,"[97, 25, 8, 9]",28,lib/tests/core/native-frames.zy,jobs
release,0,654257,135,288,4978862,True,"[97, 25, 8, 9]",28,lib/tests/core/native-frames.zy,baseline
release,0,684451,135,288,4572289,True,"[97, 25, 8, 9]",29,lib/tests/core/native-frames.zy,recursive
release,0,707865,135,288,4612971,True,"[97, 25, 8, 9]",29,lib/tests/core/native-frames.zy,original
release,0,674418,135,288,4004200,True,"[97, 25, 8, 9]",29,lib/tests/core/native-frames.zy,jobs
release,0,620465,135,288,4820335,True,"[97, 25, 8, 9]",29,lib/tests/core/native-frames.zy,baseline
release,0,615709,135,288,4453044,True,"[97, 25, 8, 9]",29,lib/tests/core/native-frames.zy,explicit
release,0,608165,135,288,4370494,True,"[97, 25, 8, 9]",30,lib/tests/core/native-frames.zy,original
release,0,610216,135,288,3966291,True,"[97, 25, 8, 9]",30,lib/tests/core/native-frames.zy,jobs
release,0,608191,135,288,4686451,True,"[97, 25, 8, 9]",30,lib/tests/core/native-frames.zy,baseline
release,0,704833,135,288,4809304,True,"[97, 25, 8, 9]",30,lib/tests/core/native-frames.zy,explicit
release,0,781551,135,288,5794086,True,"[97, 25, 8, 9]",30,lib/tests/core/native-frames.zy,recursive
release,0,728996,135,288,4512630,True,"[97, 25, 8, 9]",31,lib/tests/core/native-frames.zy,jobs
release,0,831615,135,288,6037417,True,"[97, 25, 8, 9]",31,lib/tests/core/native-frames.zy,baseline
release,0,786838,135,288,5892337,True,"[97, 25, 8, 9]",31,lib/tests/core/native-frames.zy,explicit
release,0,717706,135,288,4486920,True,"[97, 25, 8, 9]",31,lib/tests/core/native-frames.zy,recursive
release,0,784968,135,288,5831073,True,"[97, 25, 8, 9]",31,lib/tests/core/native-frames.zy,original
release,0,758783,135,288,6069373,True,"[97, 25, 8, 9]",32,lib/tests/core/native-frames.zy,baseline
release,0,812213,135,288,5257469,True,"[97, 25, 8, 9]",32,lib/tests/core/native-frames.zy,explicit
release,0,744544,135,288,5179671,True,"[97, 25, 8, 9]",32,lib/tests/core/native-frames.zy,recursive
release,0,727386,135,288,5680625,True,"[97, 25, 8, 9]",32,lib/tests/core/native-frames.zy,original
release,0,817867,135,288,4371039,True,"[97, 25, 8, 9]",32,lib/tests/core/native-frames.zy,jobs
release,0,815744,135,288,5463337,True,"[97, 25, 8, 9]",33,lib/tests/core/native-frames.zy,explicit
release,0,725582,135,288,5276085,True,"[97, 25, 8, 9]",33,lib/tests/core/native-frames.zy,recursive
release,0,680026,135,288,4684671,True,"[97, 25, 8, 9]",33,lib/tests/core/native-frames.zy,original
release,0,670627,135,288,4082624,True,"[97, 25, 8, 9]",33,lib/tests/core/native-frames.zy,jobs
release,0,715539,135,288,5105405,True,"[97, 25, 8, 9]",33,lib/tests/core/native-frames.zy,baseline
release,0,685925,135,288,4570995,True,"[97, 25, 8, 9]",34,lib/tests/core/native-frames.zy,recursive
release,0,737252,135,288,4766661,True,"[97, 25, 8, 9]",34,lib/tests/core/native-frames.zy,original
release,0,700171,135,288,4211422,True,"[97, 25, 8, 9]",34,lib/tests/core/native-frames.zy,jobs
release,0,688623,135,288,4990506,True,"[97, 25, 8, 9]",34,lib/tests/core/native-frames.zy,baseline
release,0,689420,135,288,4634867,True,"[97, 25, 8, 9]",34,lib/tests/core/native-frames.zy,explicit
release,0,662909,135,288,4506915,True,"[97, 25, 8, 9]",35,lib/tests/core/native-frames.zy,original
release,0,671125,135,288,4173125,True,"[97, 25, 8, 9]",35,lib/tests/core/native-frames.zy,jobs
release,0,674034,135,288,4889036,True,"[97, 25, 8, 9]",35,lib/tests/core/native-frames.zy,baseline
release,0,643819,135,288,4510166,True,"[97, 25, 8, 9]",35,lib/tests/core/native-frames.zy,explicit
release,0,693506,135,288,4919420,True,"[97, 25, 8, 9]",35,lib/tests/core/native-frames.zy,recursive
release,0,854167,135,288,6040570,True,"[97, 25, 8, 9]",36,lib/tests/core/native-frames.zy,jobs
release,0,692327,135,288,5196750,True,"[97, 25, 8, 9]",36,lib/tests/core/native-frames.zy,baseline
release,0,618614,135,288,4377417,True,"[97, 25, 8, 9]",36,lib/tests/core/native-frames.zy,explicit
release,0,620579,135,288,4212882,True,"[97, 25, 8, 9]",36,lib/tests/core/native-frames.zy,recursive
release,0,600375,135,288,4291202,True,"[97, 25, 8, 9]",36,lib/tests/core/native-frames.zy,original
release,0,619299,135,288,4756373,True,"[97, 25, 8, 9]",37,lib/tests/core/native-frames.zy,baseline
release,0,680295,135,288,4864783,True,"[97, 25, 8, 9]",37,lib/tests/core/native-frames.zy,explicit
release,0,637120,135,288,4393284,True,"[97, 25, 8, 9]",37,lib/tests/core/native-frames.zy,recursive
release,0,641579,135,288,4503922,True,"[97, 25, 8, 9]",37,lib/tests/core/native-frames.zy,original
release,0,776326,135,288,4661015,True,"[97, 25, 8, 9]",37,lib/tests/core/native-frames.zy,jobs
release,0,970171,135,288,5877077,True,"[97, 25, 8, 9]",38,lib/tests/core/native-frames.zy,explicit
release,0,892434,135,288,9047045,True,"[97, 25, 8, 9]",38,lib/tests/core/native-frames.zy,recursive
release,0,887129,135,288,5184171,True,"[97, 25, 8, 9]",38,lib/tests/core/native-frames.zy,original
release,0,818417,135,288,5489416,True,"[97, 25, 8, 9]",38,lib/tests/core/native-frames.zy,jobs
release,0,802700,135,288,6266500,True,"[97, 25, 8, 9]",38,lib/tests/core/native-frames.zy,baseline
release,0,863490,135,288,5666127,True,"[97, 25, 8, 9]",39,lib/tests/core/native-frames.zy,recursive
release,0,691302,135,288,4973882,True,"[97, 25, 8, 9]",39,lib/tests/core/native-frames.zy,original
release,0,769251,135,288,5627426,True,"[97, 25, 8, 9]",39,lib/tests/core/native-frames.zy,jobs
release,0,799984,135,288,5546788,True,"[97, 25, 8, 9]",39,lib/tests/core/native-frames.zy,baseline
release,0,844993,135,288,5594124,True,"[97, 25, 8, 9]",39,lib/tests/core/native-frames.zy,explicit
release,0,590501,131,215,4567873,False,"[93, 26, 7, 0]",0,lib/tests/builtin/host-return.zy,original
release,0,567874,131,215,4128541,False,"[93, 26, 7, 0]",0,lib/tests/builtin/host-return.zy,jobs
release,0,597075,131,215,4289207,False,"[93, 26, 7, 0]",0,lib/tests/builtin/host-return.zy,baseline
release,0,618336,131,215,4035716,False,"[93, 26, 7, 0]",0,lib/tests/builtin/host-return.zy,explicit
release,0,562703,131,215,4128539,False,"[93, 26, 7, 0]",0,lib/tests/builtin/host-return.zy,recursive
release,0,576168,131,215,4049836,False,"[93, 26, 7, 0]",1,lib/tests/builtin/host-return.zy,jobs
release,0,572167,131,215,4278205,False,"[93, 26, 7, 0]",1,lib/tests/builtin/host-return.zy,baseline
release,0,551500,131,215,3916422,False,"[93, 26, 7, 0]",1,lib/tests/builtin/host-return.zy,explicit
release,0,586172,131,215,4197537,False,"[93, 26, 7, 0]",1,lib/tests/builtin/host-return.zy,recursive
release,0,724404,131,215,4321628,False,"[93, 26, 7, 0]",1,lib/tests/builtin/host-return.zy,original
release,0,885907,131,215,4110840,False,"[93, 26, 7, 0]",2,lib/tests/builtin/host-return.zy,baseline
release,0,622167,131,215,4664704,False,"[93, 26, 7, 0]",2,lib/tests/builtin/host-return.zy,explicit
release,0,567098,131,215,4126826,False,"[93, 26, 7, 0]",2,lib/tests/builtin/host-return.zy,recursive
release,0,637831,131,215,4256164,False,"[93, 26, 7, 0]",2,lib/tests/builtin/host-return.zy,original
release,0,581084,131,215,3661127,False,"[93, 26, 7, 0]",2,lib/tests/builtin/host-return.zy,jobs
release,0,490882,131,215,3747790,False,"[93, 26, 7, 0]",3,lib/tests/builtin/host-return.zy,explicit
release,0,595496,131,215,3931837,False,"[93, 26, 7, 0]",3,lib/tests/builtin/host-return.zy,recursive
release,0,652409,131,215,3888751,False,"[93, 26, 7, 0]",3,lib/tests/builtin/host-return.zy,original
release,0,527589,131,215,3322122,False,"[93, 26, 7, 0]",3,lib/tests/builtin/host-return.zy,jobs
release,0,639882,131,215,4503090,False,"[93, 26, 7, 0]",3,lib/tests/builtin/host-return.zy,baseline
release,0,539963,131,215,3542699,False,"[93, 26, 7, 0]",4,lib/tests/builtin/host-return.zy,recursive
release,0,498079,131,215,3460582,False,"[93, 26, 7, 0]",4,lib/tests/builtin/host-return.zy,original
release,0,579460,131,215,3620079,False,"[93, 26, 7, 0]",4,lib/tests/builtin/host-return.zy,jobs
release,0,535052,131,215,4302833,False,"[93, 26, 7, 0]",4,lib/tests/builtin/host-return.zy,baseline
release,0,508296,131,215,3556783,False,"[93, 26, 7, 0]",4,lib/tests/builtin/host-return.zy,explicit
release,0,586832,131,215,3876791,False,"[93, 26, 7, 0]",5,lib/tests/builtin/host-return.zy,original
release,0,591121,131,215,3756252,False,"[93, 26, 7, 0]",5,lib/tests/builtin/host-return.zy,jobs
release,0,605199,131,215,4685288,False,"[93, 26, 7, 0]",5,lib/tests/builtin/host-return.zy,baseline
release,0,580206,131,215,4404627,False,"[93, 26, 7, 0]",5,lib/tests/builtin/host-return.zy,explicit
release,0,564380,131,215,3768549,False,"[93, 26, 7, 0]",5,lib/tests/builtin/host-return.zy,recursive
release,0,529130,131,215,3188875,False,"[93, 26, 7, 0]",6,lib/tests/builtin/host-return.zy,jobs
release,0,524079,131,215,4030260,False,"[93, 26, 7, 0]",6,lib/tests/builtin/host-return.zy,baseline
release,0,512916,131,215,3591704,False,"[93, 26, 7, 0]",6,lib/tests/builtin/host-return.zy,explicit
release,0,487787,131,215,3362765,False,"[93, 26, 7, 0]",6,lib/tests/builtin/host-return.zy,recursive
release,0,503957,131,215,3539504,False,"[93, 26, 7, 0]",6,lib/tests/builtin/host-return.zy,original
release,0,503348,131,215,3821467,False,"[93, 26, 7, 0]",7,lib/tests/builtin/host-return.zy,baseline
release,0,502582,131,215,3589756,False,"[93, 26, 7, 0]",7,lib/tests/builtin/host-return.zy,explicit
release,0,525705,131,215,3495465,False,"[93, 26, 7, 0]",7,lib/tests/builtin/host-return.zy,recursive
release,0,490590,131,215,3384416,False,"[93, 26, 7, 0]",7,lib/tests/builtin/host-return.zy,original
release,0,567419,131,215,3817128,False,"[93, 26, 7, 0]",7,lib/tests/builtin/host-return.zy,jobs
release,0,688290,131,215,4594161,False,"[93, 26, 7, 0]",8,lib/tests/builtin/host-return.zy,explicit
release,0,599452,131,215,4375831,False,"[93, 26, 7, 0]",8,lib/tests/builtin/host-return.zy,recursive
release,0,566044,131,215,4073665,False,"[93, 26, 7, 0]",8,lib/tests/builtin/host-return.zy,original
release,0,503536,131,215,3238249,False,"[93, 26, 7, 0]",8,lib/tests/builtin/host-return.zy,jobs
release,0,534913,131,215,4364826,False,"[93, 26, 7, 0]",8,lib/tests/builtin/host-return.zy,baseline
release,0,555001,131,215,4243709,False,"[93, 26, 7, 0]",9,lib/tests/builtin/host-return.zy,recursive
release,0,574632,131,215,4587620,False,"[93, 26, 7, 0]",9,lib/tests/builtin/host-return.zy,original
release,0,609801,131,215,3712240,False,"[93, 26, 7, 0]",9,lib/tests/builtin/host-return.zy,jobs
release,0,582835,131,215,4254548,False,"[93, 26, 7, 0]",9,lib/tests/builtin/host-return.zy,baseline
release,0,625212,131,215,4624834,False,"[93, 26, 7, 0]",9,lib/tests/builtin/host-return.zy,explicit
release,0,621424,131,215,4563115,False,"[93, 26, 7, 0]",10,lib/tests/builtin/host-return.zy,original
release,0,549835,131,215,3492162,False,"[93, 26, 7, 0]",10,lib/tests/builtin/host-return.zy,jobs
release,0,628709,131,215,4795376,False,"[93, 26, 7, 0]",10,lib/tests/builtin/host-return.zy,baseline
release,0,660676,131,215,5215543,False,"[93, 26, 7, 0]",10,lib/tests/builtin/host-return.zy,explicit
release,0,601589,131,215,3760073,False,"[93, 26, 7, 0]",10,lib/tests/builtin/host-return.zy,recursive
release,0,651170,131,215,4245714,False,"[93, 26, 7, 0]",11,lib/tests/builtin/host-return.zy,jobs
release,0,608409,131,215,6475372,False,"[93, 26, 7, 0]",11,lib/tests/builtin/host-return.zy,baseline
release,0,515544,131,215,3734051,False,"[93, 26, 7, 0]",11,lib/tests/builtin/host-return.zy,explicit
release,0,604717,131,215,3846908,False,"[93, 26, 7, 0]",11,lib/tests/builtin/host-return.zy,recursive
release,0,618710,131,215,3858462,False,"[93, 26, 7, 0]",11,lib/tests/builtin/host-return.zy,original
release,0,624124,131,215,5646883,False,"[93, 26, 7, 0]",12,lib/tests/builtin/host-return.zy,baseline
release,0,519001,131,215,3646710,False,"[93, 26, 7, 0]",12,lib/tests/builtin/host-return.zy,explicit
release,0,578364,131,215,4136293,False,"[93, 26, 7, 0]",12,lib/tests/builtin/host-return.zy,recursive
release,0,566421,131,215,4548074,False,"[93, 26, 7, 0]",12,lib/tests/builtin/host-return.zy,original
release,0,571291,131,215,3962833,False,"[93, 26, 7, 0]",12,lib/tests/builtin/host-return.zy,jobs
release,0,597088,131,215,4087127,False,"[93, 26, 7, 0]",13,lib/tests/builtin/host-return.zy,explicit
release,0,614209,131,215,4204450,False,"[93, 26, 7, 0]",13,lib/tests/builtin/host-return.zy,recursive
release,0,564539,131,215,4510173,False,"[93, 26, 7, 0]",13,lib/tests/builtin/host-return.zy,original
release,0,589955,131,215,3570085,False,"[93, 26, 7, 0]",13,lib/tests/builtin/host-return.zy,jobs
release,0,520000,131,215,3804127,False,"[93, 26, 7, 0]",13,lib/tests/builtin/host-return.zy,baseline
release,0,463253,131,215,3214336,False,"[93, 26, 7, 0]",14,lib/tests/builtin/host-return.zy,recursive
release,0,511042,131,215,3535128,False,"[93, 26, 7, 0]",14,lib/tests/builtin/host-return.zy,original
release,0,469996,131,215,3074756,False,"[93, 26, 7, 0]",14,lib/tests/builtin/host-return.zy,jobs
release,0,498121,131,215,3822250,False,"[93, 26, 7, 0]",14,lib/tests/builtin/host-return.zy,baseline
release,0,504070,131,215,3563258,False,"[93, 26, 7, 0]",14,lib/tests/builtin/host-return.zy,explicit
release,0,466659,131,215,3268710,False,"[93, 26, 7, 0]",15,lib/tests/builtin/host-return.zy,original
release,0,551334,131,215,3381751,False,"[93, 26, 7, 0]",15,lib/tests/builtin/host-return.zy,jobs
release,0,484084,131,215,3812625,False,"[93, 26, 7, 0]",15,lib/tests/builtin/host-return.zy,baseline
release,0,488991,131,215,3529591,False,"[93, 26, 7, 0]",15,lib/tests/builtin/host-return.zy,explicit
release,0,466382,131,215,3214492,False,"[93, 26, 7, 0]",15,lib/tests/builtin/host-return.zy,recursive
release,0,471831,131,215,3064296,False,"[93, 26, 7, 0]",16,lib/tests/builtin/host-return.zy,jobs
release,0,484718,131,215,3757884,False,"[93, 26, 7, 0]",16,lib/tests/builtin/host-return.zy,baseline
release,0,587504,131,215,4248168,False,"[93, 26, 7, 0]",16,lib/tests/builtin/host-return.zy,explicit
release,0,569504,131,215,4167092,False,"[93, 26, 7, 0]",16,lib/tests/builtin/host-return.zy,recursive
release,0,523707,131,215,3909042,False,"[93, 26, 7, 0]",16,lib/tests/builtin/host-return.zy,original
release,0,575507,131,215,4436327,False,"[93, 26, 7, 0]",17,lib/tests/builtin/host-return.zy,baseline
release,0,542169,131,215,3571784,False,"[93, 26, 7, 0]",17,lib/tests/builtin/host-return.zy,explicit
release,0,613114,131,215,3765212,False,"[93, 26, 7, 0]",17,lib/tests/builtin/host-return.zy,recursive
release,0,521490,131,215,3550128,False,"[93, 26, 7, 0]",17,lib/tests/builtin/host-return.zy,original
release,0,517203,131,215,3248632,False,"[93, 26, 7, 0]",17,lib/tests/builtin/host-return.zy,jobs
release,0,523168,131,215,3795292,False,"[93, 26, 7, 0]",18,lib/tests/builtin/host-return.zy,explicit
release,0,497662,131,215,3369372,False,"[93, 26, 7, 0]",18,lib/tests/builtin/host-return.zy,recursive
release,0,565665,131,215,3628956,False,"[93, 26, 7, 0]",18,lib/tests/builtin/host-return.zy,original
release,0,487292,131,215,3293999,False,"[93, 26, 7, 0]",18,lib/tests/builtin/host-return.zy,jobs
release,0,520496,131,215,3905050,False,"[93, 26, 7, 0]",18,lib/tests/builtin/host-return.zy,baseline
release,0,530837,131,215,3596501,False,"[93, 26, 7, 0]",19,lib/tests/builtin/host-return.zy,recursive
release,0,613376,131,215,4859203,False,"[93, 26, 7, 0]",19,lib/tests/builtin/host-return.zy,original
release,0,574206,131,215,4094167,False,"[93, 26, 7, 0]",19,lib/tests/builtin/host-return.zy,jobs
release,0,517452,131,215,3968458,False,"[93, 26, 7, 0]",19,lib/tests/builtin/host-return.zy,baseline
release,0,596750,131,215,3775293,False,"[93, 26, 7, 0]",19,lib/tests/builtin/host-return.zy,explicit
release,0,602998,131,215,4490663,False,"[93, 26, 7, 0]",20,lib/tests/builtin/host-return.zy,original
release,0,573159,131,215,4133130,False,"[93, 26, 7, 0]",20,lib/tests/builtin/host-return.zy,jobs
release,0,547702,131,215,4219211,False,"[93, 26, 7, 0]",20,lib/tests/builtin/host-return.zy,baseline
release,0,552122,131,215,3782199,False,"[93, 26, 7, 0]",20,lib/tests/builtin/host-return.zy,explicit
release,0,563717,131,215,4216756,False,"[93, 26, 7, 0]",20,lib/tests/builtin/host-return.zy,recursive
release,0,564695,131,215,3934415,False,"[93, 26, 7, 0]",21,lib/tests/builtin/host-return.zy,jobs
release,0,492537,131,215,3723170,False,"[93, 26, 7, 0]",21,lib/tests/builtin/host-return.zy,baseline
release,0,606038,131,215,4258573,False,"[93, 26, 7, 0]",21,lib/tests/builtin/host-return.zy,explicit
release,0,603667,131,215,4313291,False,"[93, 26, 7, 0]",21,lib/tests/builtin/host-return.zy,recursive
release,0,605744,131,215,4333304,False,"[93, 26, 7, 0]",21,lib/tests/builtin/host-return.zy,original
release,0,489961,131,215,3911954,False,"[93, 26, 7, 0]",22,lib/tests/builtin/host-return.zy,baseline
release,0,581754,131,215,3997335,False,"[93, 26, 7, 0]",22,lib/tests/builtin/host-return.zy,explicit
release,0,569382,131,215,5451952,False,"[93, 26, 7, 0]",22,lib/tests/builtin/host-return.zy,recursive
release,0,633953,131,215,3778248,False,"[93, 26, 7, 0]",22,lib/tests/builtin/host-return.zy,original
release,0,497989,131,215,3106547,False,"[93, 26, 7, 0]",22,lib/tests/builtin/host-return.zy,jobs
release,0,612161,131,215,4416500,False,"[93, 26, 7, 0]",23,lib/tests/builtin/host-return.zy,explicit
release,0,565413,131,215,4185668,False,"[93, 26, 7, 0]",23,lib/tests/builtin/host-return.zy,recursive
release,0,616925,131,215,4182455,False,"[93, 26, 7, 0]",23,lib/tests/builtin/host-return.zy,original
release,0,560035,131,215,4131950,False,"[93, 26, 7, 0]",23,lib/tests/builtin/host-return.zy,jobs
release,0,594330,131,215,4793130,False,"[93, 26, 7, 0]",23,lib/tests/builtin/host-return.zy,baseline
release,0,559590,131,215,4224624,False,"[93, 26, 7, 0]",24,lib/tests/builtin/host-return.zy,recursive
release,0,542874,131,215,3894332,False,"[93, 26, 7, 0]",24,lib/tests/builtin/host-return.zy,original
release,0,585371,131,215,3779035,False,"[93, 26, 7, 0]",24,lib/tests/builtin/host-return.zy,jobs
release,0,617579,131,215,4921250,False,"[93, 26, 7, 0]",24,lib/tests/builtin/host-return.zy,baseline
release,0,593160,131,215,5184497,False,"[93, 26, 7, 0]",24,lib/tests/builtin/host-return.zy,explicit
release,0,528372,131,215,3630539,False,"[93, 26, 7, 0]",25,lib/tests/builtin/host-return.zy,original
release,0,560540,131,215,3485751,False,"[93, 26, 7, 0]",25,lib/tests/builtin/host-return.zy,jobs
release,0,565871,131,215,4700952,False,"[93, 26, 7, 0]",25,lib/tests/builtin/host-return.zy,baseline
release,0,575165,131,215,4335123,False,"[93, 26, 7, 0]",25,lib/tests/builtin/host-return.zy,explicit
release,0,548978,131,215,3853788,False,"[93, 26, 7, 0]",25,lib/tests/builtin/host-return.zy,recursive
release,0,634673,131,215,3432533,False,"[93, 26, 7, 0]",26,lib/tests/builtin/host-return.zy,jobs
release,0,698495,131,215,5057827,False,"[93, 26, 7, 0]",26,lib/tests/builtin/host-return.zy,baseline
release,0,672202,131,215,4561996,False,"[93, 26, 7, 0]",26,lib/tests/builtin/host-return.zy,explicit
release,0,726371,131,215,4642327,False,"[93, 26, 7, 0]",26,lib/tests/builtin/host-return.zy,recursive
release,0,639755,131,215,5205366,False,"[93, 26, 7, 0]",26,lib/tests/builtin/host-return.zy,original
release,0,633960,131,215,6026547,False,"[93, 26, 7, 0]",27,lib/tests/builtin/host-return.zy,baseline
release,0,716422,131,215,5301042,False,"[93, 26, 7, 0]",27,lib/tests/builtin/host-return.zy,explicit
release,0,566301,131,215,3887501,False,"[93, 26, 7, 0]",27,lib/tests/builtin/host-return.zy,recursive
release,0,588005,131,215,4236124,False,"[93, 26, 7, 0]",27,lib/tests/builtin/host-return.zy,original
release,0,598791,131,215,3414747,False,"[93, 26, 7, 0]",27,lib/tests/builtin/host-return.zy,jobs
release,0,521383,131,215,3635453,False,"[93, 26, 7, 0]",28,lib/tests/builtin/host-return.zy,explicit
release,0,511830,131,215,3605130,False,"[93, 26, 7, 0]",28,lib/tests/builtin/host-return.zy,recursive
release,0,503959,131,215,3539175,False,"[93, 26, 7, 0]",28,lib/tests/builtin/host-return.zy,original
release,0,499075,131,215,3209298,False,"[93, 26, 7, 0]",28,lib/tests/builtin/host-return.zy,jobs
release,0,531797,131,215,4046964,False,"[93, 26, 7, 0]",28,lib/tests/builtin/host-return.zy,baseline
release,0,487501,131,215,3387878,False,"[93, 26, 7, 0]",29,lib/tests/builtin/host-return.zy,recursive
release,0,525752,131,215,3648341,False,"[93, 26, 7, 0]",29,lib/tests/builtin/host-return.zy,original
release,0,533206,131,215,3190502,False,"[93, 26, 7, 0]",29,lib/tests/builtin/host-return.zy,jobs
release,0,504537,131,215,3862878,False,"[93, 26, 7, 0]",29,lib/tests/builtin/host-return.zy,baseline
release,0,494782,131,215,3413880,False,"[93, 26, 7, 0]",29,lib/tests/builtin/host-return.zy,explicit
release,0,606417,131,215,3714990,False,"[93, 26, 7, 0]",30,lib/tests/builtin/host-return.zy,original
release,0,679920,131,215,4323091,False,"[93, 26, 7, 0]",30,lib/tests/builtin/host-return.zy,jobs
release,0,570794,131,215,4623419,False,"[93, 26, 7, 0]",30,lib/tests/builtin/host-return.zy,baseline
release,0,602335,131,215,4481112,False,"[93, 26, 7, 0]",30,lib/tests/builtin/host-return.zy,explicit
release,0,560698,131,215,3602542,False,"[93, 26, 7, 0]",30,lib/tests/builtin/host-return.zy,recursive
release,0,554001,131,215,3607537,False,"[93, 26, 7, 0]",31,lib/tests/builtin/host-return.zy,jobs
release,0,684669,131,215,4605416,False,"[93, 26, 7, 0]",31,lib/tests/builtin/host-return.zy,baseline
release,0,556961,131,215,3898660,False,"[93, 26, 7, 0]",31,lib/tests/builtin/host-return.zy,explicit
release,0,537215,131,215,3758372,False,"[93, 26, 7, 0]",31,lib/tests/builtin/host-return.zy,recursive
release,0,489078,131,215,3549338,False,"[93, 26, 7, 0]",31,lib/tests/builtin/host-return.zy,original
release,0,502126,131,215,4034708,False,"[93, 26, 7, 0]",32,lib/tests/builtin/host-return.zy,baseline
release,0,495205,131,215,3492001,False,"[93, 26, 7, 0]",32,lib/tests/builtin/host-return.zy,explicit
release,0,478750,131,215,3289797,False,"[93, 26, 7, 0]",32,lib/tests/builtin/host-return.zy,recursive
release,0,583958,131,215,4099709,False,"[93, 26, 7, 0]",32,lib/tests/builtin/host-return.zy,original
release,0,606844,131,215,5257006,False,"[93, 26, 7, 0]",32,lib/tests/builtin/host-return.zy,jobs
release,0,575781,131,215,4329247,False,"[93, 26, 7, 0]",33,lib/tests/builtin/host-return.zy,explicit
release,0,626740,131,215,4131835,False,"[93, 26, 7, 0]",33,lib/tests/builtin/host-return.zy,recursive
release,0,993583,131,215,3876415,False,"[93, 26, 7, 0]",33,lib/tests/builtin/host-return.zy,original
release,0,569961,131,215,4071199,False,"[93, 26, 7, 0]",33,lib/tests/builtin/host-return.zy,jobs
release,0,566168,131,215,4689498,False,"[93, 26, 7, 0]",33,lib/tests/builtin/host-return.zy,baseline
release,0,733092,131,215,4037296,False,"[93, 26, 7, 0]",34,lib/tests/builtin/host-return.zy,recursive
release,0,524159,131,215,3608300,False,"[93, 26, 7, 0]",34,lib/tests/builtin/host-return.zy,original
release,0,592446,131,215,4141996,False,"[93, 26, 7, 0]",34,lib/tests/builtin/host-return.zy,jobs
release,0,592792,131,215,4508248,False,"[93, 26, 7, 0]",34,lib/tests/builtin/host-return.zy,baseline
release,0,590585,131,215,4038622,False,"[93, 26, 7, 0]",34,lib/tests/builtin/host-return.zy,explicit
release,0,559286,131,215,4078958,False,"[93, 26, 7, 0]",35,lib/tests/builtin/host-return.zy,original
release,0,772118,131,215,5818250,False,"[93, 26, 7, 0]",35,lib/tests/builtin/host-return.zy,jobs
release,0,645171,131,215,4372134,False,"[93, 26, 7, 0]",35,lib/tests/builtin/host-return.zy,baseline
release,0,542912,131,215,3802298,False,"[93, 26, 7, 0]",35,lib/tests/builtin/host-return.zy,explicit
release,0,503620,131,215,3553341,False,"[93, 26, 7, 0]",35,lib/tests/builtin/host-return.zy,recursive
release,0,655207,131,215,4330164,False,"[93, 26, 7, 0]",36,lib/tests/builtin/host-return.zy,jobs
release,0,477505,131,215,3660955,False,"[93, 26, 7, 0]",36,lib/tests/builtin/host-return.zy,baseline
release,0,530246,131,215,3771010,False,"[93, 26, 7, 0]",36,lib/tests/builtin/host-return.zy,explicit
release,0,592131,131,215,4226961,False,"[93, 26, 7, 0]",36,lib/tests/builtin/host-return.zy,recursive
release,0,580496,131,215,4605923,False,"[93, 26, 7, 0]",36,lib/tests/builtin/host-return.zy,original
release,0,571669,131,215,3871160,False,"[93, 26, 7, 0]",37,lib/tests/builtin/host-return.zy,baseline
release,0,536787,131,215,3533167,False,"[93, 26, 7, 0]",37,lib/tests/builtin/host-return.zy,explicit
release,0,601961,131,215,4307092,False,"[93, 26, 7, 0]",37,lib/tests/builtin/host-return.zy,recursive
release,0,578211,131,215,5258499,False,"[93, 26, 7, 0]",37,lib/tests/builtin/host-return.zy,original
release,0,569874,131,215,4061836,False,"[93, 26, 7, 0]",37,lib/tests/builtin/host-return.zy,jobs
release,0,547916,131,215,3695134,False,"[93, 26, 7, 0]",38,lib/tests/builtin/host-return.zy,explicit
release,0,579830,131,215,3746252,False,"[93, 26, 7, 0]",38,lib/tests/builtin/host-return.zy,recursive
release,0,582877,131,215,5468336,False,"[93, 26, 7, 0]",38,lib/tests/builtin/host-return.zy,original
release,0,550826,131,215,3431601,False,"[93, 26, 7, 0]",38,lib/tests/builtin/host-return.zy,jobs
release,0,594916,131,215,4680825,False,"[93, 26, 7, 0]",38,lib/tests/builtin/host-return.zy,baseline
release,0,576249,131,215,4124001,False,"[93, 26, 7, 0]",39,lib/tests/builtin/host-return.zy,recursive
release,0,554286,131,215,3882756,False,"[93, 26, 7, 0]",39,lib/tests/builtin/host-return.zy,original
release,0,543299,131,215,3324958,False,"[93, 26, 7, 0]",39,lib/tests/builtin/host-return.zy,jobs
release,0,566832,131,215,4566497,False,"[93, 26, 7, 0]",39,lib/tests/builtin/host-return.zy,baseline
release,0,562033,131,215,4363136,False,"[93, 26, 7, 0]",39,lib/tests/builtin/host-return.zy,explicit
release,0,956784,131,426,6375042,True,"[66, 24, 7, 8]",0,lib/tests/builtin/host-return.zy,original
release,0,918184,131,426,5624328,True,"[66, 24, 7, 8]",0,lib/tests/builtin/host-return.zy,jobs
release,0,906837,131,426,6439851,True,"[66, 24, 7, 8]",0,lib/tests/builtin/host-return.zy,baseline
release,0,937377,131,426,5908587,True,"[66, 24, 7, 8]",0,lib/tests/builtin/host-return.zy,explicit
release,0,831250,131,426,5182032,True,"[66, 24, 7, 8]",0,lib/tests/builtin/host-return.zy,recursive
release,0,846998,131,426,4998407,True,"[66, 24, 7, 8]",1,lib/tests/builtin/host-return.zy,jobs
release,0,824485,131,426,5633497,True,"[66, 24, 7, 8]",1,lib/tests/builtin/host-return.zy,baseline
release,0,847120,131,426,5470702,True,"[66, 24, 7, 8]",1,lib/tests/builtin/host-return.zy,explicit
release,0,817870,131,426,5004595,True,"[66, 24, 7, 8]",1,lib/tests/builtin/host-return.zy,recursive
release,0,828250,131,426,5210084,True,"[66, 24, 7, 8]",1,lib/tests/builtin/host-return.zy,original
release,0,798011,131,426,5542999,True,"[66, 24, 7, 8]",2,lib/tests/builtin/host-return.zy,baseline
release,0,813248,131,426,5240633,True,"[66, 24, 7, 8]",2,lib/tests/builtin/host-return.zy,explicit
release,0,933451,131,426,6165832,True,"[66, 24, 7, 8]",2,lib/tests/builtin/host-return.zy,recursive
release,0,1026575,131,426,6602189,True,"[66, 24, 7, 8]",2,lib/tests/builtin/host-return.zy,original
release,0,827830,131,426,4920452,True,"[66, 24, 7, 8]",2,lib/tests/builtin/host-return.zy,jobs
release,0,852421,131,426,5367331,True,"[66, 24, 7, 8]",3,lib/tests/builtin/host-return.zy,explicit
release,0,806371,131,426,5040339,True,"[66, 24, 7, 8]",3,lib/tests/builtin/host-return.zy,recursive
release,0,845577,131,426,5407180,True,"[66, 24, 7, 8]",3,lib/tests/builtin/host-return.zy,original
release,0,797121,131,426,4771431,True,"[66, 24, 7, 8]",3,lib/tests/builtin/host-return.zy,jobs
release,0,766706,131,426,5618478,True,"[66, 24, 7, 8]",3,lib/tests/builtin/host-return.zy,baseline
release,0,809786,131,426,5161841,True,"[66, 24, 7, 8]",4,lib/tests/builtin/host-return.zy,recursive
release,0,942745,131,426,5852213,True,"[66, 24, 7, 8]",4,lib/tests/builtin/host-return.zy,original
release,0,864179,131,426,5085161,True,"[66, 24, 7, 8]",4,lib/tests/builtin/host-return.zy,jobs
release,0,987791,131,426,6896502,True,"[66, 24, 7, 8]",4,lib/tests/builtin/host-return.zy,baseline
release,0,869927,131,426,6068243,True,"[66, 24, 7, 8]",4,lib/tests/builtin/host-return.zy,explicit
release,0,835497,131,426,5253595,True,"[66, 24, 7, 8]",5,lib/tests/builtin/host-return.zy,original
release,0,994746,131,426,6522207,True,"[66, 24, 7, 8]",5,lib/tests/builtin/host-return.zy,jobs
release,0,826660,131,426,5515709,True,"[66, 24, 7, 8]",5,lib/tests/builtin/host-return.zy,baseline
release,0,863676,131,426,5601289,True,"[66, 24, 7, 8]",5,lib/tests/builtin/host-return.zy,explicit
release,0,806248,131,426,5075339,True,"[66, 24, 7, 8]",5,lib/tests/builtin/host-return.zy,recursive
release,0,885300,131,426,5351555,True,"[66, 24, 7, 8]",6,lib/tests/builtin/host-return.zy,jobs
release,0,893832,131,426,6690834,True,"[66, 24, 7, 8]",6,lib/tests/builtin/host-return.zy,baseline
release,0,882170,131,426,5625837,True,"[66, 24, 7, 8]",6,lib/tests/builtin/host-return.zy,explicit
release,0,932579,131,426,7125243,True,"[66, 24, 7, 8]",6,lib/tests/builtin/host-return.zy,recursive
release,0,933244,131,426,6095956,True,"[66, 24, 7, 8]",6,lib/tests/builtin/host-return.zy,original
release,0,906001,131,426,6186493,True,"[66, 24, 7, 8]",7,lib/tests/builtin/host-return.zy,baseline
release,0,921285,131,426,6648753,True,"[66, 24, 7, 8]",7,lib/tests/builtin/host-return.zy,explicit
release,0,827239,131,426,5411453,True,"[66, 24, 7, 8]",7,lib/tests/builtin/host-return.zy,recursive
release,0,1041374,131,426,6312499,True,"[66, 24, 7, 8]",7,lib/tests/builtin/host-return.zy,original
release,0,870825,131,426,5014292,True,"[66, 24, 7, 8]",7,lib/tests/builtin/host-return.zy,jobs
release,0,879408,131,426,5963874,True,"[66, 24, 7, 8]",8,lib/tests/builtin/host-return.zy,explicit
release,0,939821,131,426,5580842,True,"[66, 24, 7, 8]",8,lib/tests/builtin/host-return.zy,recursive
release,0,826236,131,426,5316501,True,"[66, 24, 7, 8]",8,lib/tests/builtin/host-return.zy,original
release,0,933795,131,426,5981409,True,"[66, 24, 7, 8]",8,lib/tests/builtin/host-return.zy,jobs
release,0,868369,131,426,5755320,True,"[66, 24, 7, 8]",8,lib/tests/builtin/host-return.zy,baseline
release,0,942543,131,426,5617780,True,"[66, 24, 7, 8]",9,lib/tests/builtin/host-return.zy,recursive
release,0,923280,131,426,6250159,True,"[66, 24, 7, 8]",9,lib/tests/builtin/host-return.zy,original
release,0,841409,131,426,4964167,True,"[66, 24, 7, 8]",9,lib/tests/builtin/host-return.zy,jobs
release,0,800757,131,426,5676669,True,"[66, 24, 7, 8]",9,lib/tests/builtin/host-return.zy,baseline
release,0,789517,131,426,5229793,True,"[66, 24, 7, 8]",9,lib/tests/builtin/host-return.zy,explicit
release,0,782378,131,426,4973907,True,"[66, 24, 7, 8]",10,lib/tests/builtin/host-return.zy,original
release,0,795803,131,426,4729335,True,"[66, 24, 7, 8]",10,lib/tests/builtin/host-return.zy,jobs
release,0,775377,131,426,5538541,True,"[66, 24, 7, 8]",10,lib/tests/builtin/host-return.zy,baseline
release,0,797866,131,426,5109012,True,"[66, 24, 7, 8]",10,lib/tests/builtin/host-return.zy,explicit
release,0,767413,131,426,4801483,True,"[66, 24, 7, 8]",10,lib/tests/builtin/host-return.zy,recursive
release,0,804958,131,426,4577041,True,"[66, 24, 7, 8]",11,lib/tests/builtin/host-return.zy,jobs
release,0,796457,131,426,5316616,True,"[66, 24, 7, 8]",11,lib/tests/builtin/host-return.zy,baseline
release,0,916153,131,426,5981502,True,"[66, 24, 7, 8]",11,lib/tests/builtin/host-return.zy,explicit
release,0,891204,131,426,5725288,True,"[66, 24, 7, 8]",11,lib/tests/builtin/host-return.zy,recursive
release,0,841126,131,426,5112904,True,"[66, 24, 7, 8]",11,lib/tests/builtin/host-return.zy,original
release,0,784846,131,426,5509214,True,"[66, 24, 7, 8]",12,lib/tests/builtin/host-return.zy,baseline
release,0,891453,131,426,5465468,True,"[66, 24, 7, 8]",12,lib/tests/builtin/host-return.zy,explicit
release,0,800506,131,426,4983277,True,"[66, 24, 7, 8]",12,lib/tests/builtin/host-return.zy,recursive
release,0,899340,131,426,5467703,True,"[66, 24, 7, 8]",12,lib/tests/builtin/host-return.zy,original
release,0,801045,131,426,4821537,True,"[66, 24, 7, 8]",12,lib/tests/builtin/host-return.zy,jobs
release,0,788462,131,426,5126924,True,"[66, 24, 7, 8]",13,lib/tests/builtin/host-return.zy,explicit
release,0,829636,131,426,4954787,True,"[66, 24, 7, 8]",13,lib/tests/builtin/host-return.zy,recursive
release,0,777303,131,426,5179454,True,"[66, 24, 7, 8]",13,lib/tests/builtin/host-return.zy,original
release,0,801285,131,426,4738845,True,"[66, 24, 7, 8]",13,lib/tests/builtin/host-return.zy,jobs
release,0,776540,131,426,5441462,True,"[66, 24, 7, 8]",13,lib/tests/builtin/host-return.zy,baseline
release,0,881993,131,426,5264836,True,"[66, 24, 7, 8]",14,lib/tests/builtin/host-return.zy,recursive
release,0,923333,131,426,5456888,True,"[66, 24, 7, 8]",14,lib/tests/builtin/host-return.zy,original
release,0,1064378,131,426,5812835,True,"[66, 24, 7, 8]",14,lib/tests/builtin/host-return.zy,jobs
release,0,807916,131,426,5657589,True,"[66, 24, 7, 8]",14,lib/tests/builtin/host-return.zy,baseline
release,0,829046,131,426,5314874,True,"[66, 24, 7, 8]",14,lib/tests/builtin/host-return.zy,explicit
release,0,813958,131,426,5328917,True,"[66, 24, 7, 8]",15,lib/tests/builtin/host-return.zy,original
release,0,778485,131,426,4783510,True,"[66, 24, 7, 8]",15,lib/tests/builtin/host-return.zy,jobs
release,0,846923,131,426,5788834,True,"[66, 24, 7, 8]",15,lib/tests/builtin/host-return.zy,baseline
release,0,795876,131,426,5203662,True,"[66, 24, 7, 8]",15,lib/tests/builtin/host-return.zy,explicit
release,0,759464,131,426,4839023,True,"[66, 24, 7, 8]",15,lib/tests/builtin/host-return.zy,recursive
release,0,805074,131,426,4942745,True,"[66, 24, 7, 8]",16,lib/tests/builtin/host-return.zy,jobs
release,0,893410,131,426,5763218,True,"[66, 24, 7, 8]",16,lib/tests/builtin/host-return.zy,baseline
release,0,928798,131,426,5504220,True,"[66, 24, 7, 8]",16,lib/tests/builtin/host-return.zy,explicit
release,0,814081,131,426,5266113,True,"[66, 24, 7, 8]",16,lib/tests/builtin/host-return.zy,recursive
release,0,941002,131,426,6387039,True,"[66, 24, 7, 8]",16,lib/tests/builtin/host-return.zy,original
release,0,865206,131,426,6007079,True,"[66, 24, 7, 8]",17,lib/tests/builtin/host-return.zy,baseline
release,0,835490,131,426,5466384,True,"[66, 24, 7, 8]",17,lib/tests/builtin/host-return.zy,explicit
release,0,907286,131,426,5344585,True,"[66, 24, 7, 8]",17,lib/tests/builtin/host-return.zy,recursive
release,0,869073,131,426,5397187,True,"[66, 24, 7, 8]",17,lib/tests/builtin/host-return.zy,original
release,0,810657,131,426,4767868,True,"[66, 24, 7, 8]",17,lib/tests/builtin/host-return.zy,jobs
release,0,773377,131,426,5260952,True,"[66, 24, 7, 8]",18,lib/tests/builtin/host-return.zy,explicit
release,0,837043,131,426,5194686,True,"[66, 24, 7, 8]",18,lib/tests/builtin/host-return.zy,recursive
release,0,836743,131,426,5239667,True,"[66, 24, 7, 8]",18,lib/tests/builtin/host-return.zy,original
release,0,797006,131,426,4802157,True,"[66, 24, 7, 8]",18,lib/tests/builtin/host-return.zy,jobs
release,0,851343,131,426,5710543,True,"[66, 24, 7, 8]",18,lib/tests/builtin/host-return.zy,baseline
release,0,834753,131,426,5233450,True,"[66, 24, 7, 8]",19,lib/tests/builtin/host-return.zy,recursive
release,0,910654,131,426,5593907,True,"[66, 24, 7, 8]",19,lib/tests/builtin/host-return.zy,original
release,0,775949,131,426,4705374,True,"[66, 24, 7, 8]",19,lib/tests/builtin/host-return.zy,jobs
release,0,778502,131,426,5550079,True,"[66, 24, 7, 8]",19,lib/tests/builtin/host-return.zy,baseline
release,0,873420,131,426,5519496,True,"[66, 24, 7, 8]",19,lib/tests/builtin/host-return.zy,explicit
release,0,786753,131,426,5142997,True,"[66, 24, 7, 8]",20,lib/tests/builtin/host-return.zy,original
release,0,761629,131,426,4603988,True,"[66, 24, 7, 8]",20,lib/tests/builtin/host-return.zy,jobs
release,0,815579,131,426,5682252,True,"[66, 24, 7, 8]",20,lib/tests/builtin/host-return.zy,baseline
release,0,805039,131,426,5227921,True,"[66, 24, 7, 8]",20,lib/tests/builtin/host-return.zy,explicit
release,0,802204,131,426,5064050,True,"[66, 24, 7, 8]",20,lib/tests/builtin/host-return.zy,recursive
release,0,760038,131,426,4531950,True,"[66, 24, 7, 8]",21,lib/tests/builtin/host-return.zy,jobs
release,0,837212,131,426,5705626,True,"[66, 24, 7, 8]",21,lib/tests/builtin/host-return.zy,baseline
release,0,805757,131,426,5355005,True,"[66, 24, 7, 8]",21,lib/tests/builtin/host-return.zy,explicit
release,0,858697,131,426,5251835,True,"[66, 24, 7, 8]",21,lib/tests/builtin/host-return.zy,recursive
release,0,894674,131,426,5833428,True,"[66, 24, 7, 8]",21,lib/tests/builtin/host-return.zy,original
release,0,922049,131,426,5983120,True,"[66, 24, 7, 8]",22,lib/tests/builtin/host-return.zy,baseline
release,0,762456,131,426,5026804,True,"[66, 24, 7, 8]",22,lib/tests/builtin/host-return.zy,explicit
release,0,799455,131,426,5097499,True,"[66, 24, 7, 8]",22,lib/tests/builtin/host-return.zy,recursive
release,0,788801,131,426,4989544,True,"[66, 24, 7, 8]",22,lib/tests/builtin/host-return.zy,original
release,0,784080,131,426,4710628,True,"[66, 24, 7, 8]",22,lib/tests/builtin/host-return.zy,jobs
release,0,764918,131,426,5064626,True,"[66, 24, 7, 8]",23,lib/tests/builtin/host-return.zy,explicit
release,0,832748,131,426,5104027,True,"[66, 24, 7, 8]",23,lib/tests/builtin/host-return.zy,recursive
release,0,809047,131,426,5125877,True,"[66, 24, 7, 8]",23,lib/tests/builtin/host-return.zy,original
release,0,789528,131,426,4846995,True,"[66, 24, 7, 8]",23,lib/tests/builtin/host-return.zy,jobs
release,0,754626,131,426,5436405,True,"[66, 24, 7, 8]",23,lib/tests/builtin/host-return.zy,baseline
release,0,778504,131,426,4919284,True,"[66, 24, 7, 8]",24,lib/tests/builtin/host-return.zy,recursive
release,0,775125,131,426,4934877,True,"[66, 24, 7, 8]",24,lib/tests/builtin/host-return.zy,original
release,0,804704,131,426,4614156,True,"[66, 24, 7, 8]",24,lib/tests/builtin/host-return.zy,jobs
release,0,813918,131,426,5397092,True,"[66, 24, 7, 8]",24,lib/tests/builtin/host-return.zy,baseline
release,0,814205,131,426,5295425,True,"[66, 24, 7, 8]",24,lib/tests/builtin/host-return.zy,explicit
release,0,758172,131,426,4930486,True,"[66, 24, 7, 8]",25,lib/tests/builtin/host-return.zy,original
release,0,736038,131,426,4587711,True,"[66, 24, 7, 8]",25,lib/tests/builtin/host-return.zy,jobs
release,0,757495,131,426,5500314,True,"[66, 24, 7, 8]",25,lib/tests/builtin/host-return.zy,baseline
release,0,743005,131,426,5033752,True,"[66, 24, 7, 8]",25,lib/tests/builtin/host-return.zy,explicit
release,0,789794,131,426,4926627,True,"[66, 24, 7, 8]",25,lib/tests/builtin/host-return.zy,recursive
release,0,735462,131,426,4530508,True,"[66, 24, 7, 8]",26,lib/tests/builtin/host-return.zy,jobs
release,0,772827,131,426,5416342,True,"[66, 24, 7, 8]",26,lib/tests/builtin/host-return.zy,baseline
release,0,821582,131,426,5038965,True,"[66, 24, 7, 8]",26,lib/tests/builtin/host-return.zy,explicit
release,0,763787,131,426,4853288,True,"[66, 24, 7, 8]",26,lib/tests/builtin/host-return.zy,recursive
release,0,852158,131,426,5383032,True,"[66, 24, 7, 8]",26,lib/tests/builtin/host-return.zy,original
release,0,768490,131,426,5591214,True,"[66, 24, 7, 8]",27,lib/tests/builtin/host-return.zy,baseline
release,0,828399,131,426,5366153,True,"[66, 24, 7, 8]",27,lib/tests/builtin/host-return.zy,explicit
release,0,761172,131,426,5205555,True,"[66, 24, 7, 8]",27,lib/tests/builtin/host-return.zy,recursive
release,0,804797,131,426,5183798,True,"[66, 24, 7, 8]",27,lib/tests/builtin/host-return.zy,original
release,0,788814,131,426,4802333,True,"[66, 24, 7, 8]",27,lib/tests/builtin/host-return.zy,jobs
release,0,783122,131,426,5059798,True,"[66, 24, 7, 8]",28,lib/tests/builtin/host-return.zy,explicit
release,0,799298,131,426,4872200,True,"[66, 24, 7, 8]",28,lib/tests/builtin/host-return.zy,recursive
release,0,736073,131,426,4908635,True,"[66, 24, 7, 8]",28,lib/tests/builtin/host-return.zy,original
release,0,736291,131,426,4505622,True,"[66, 24, 7, 8]",28,lib/tests/builtin/host-return.zy,jobs
release,0,754432,131,426,5329083,True,"[66, 24, 7, 8]",28,lib/tests/builtin/host-return.zy,baseline
release,0,776961,131,426,4761998,True,"[66, 24, 7, 8]",29,lib/tests/builtin/host-return.zy,recursive
release,0,778795,131,426,4887205,True,"[66, 24, 7, 8]",29,lib/tests/builtin/host-return.zy,original
release,0,756043,131,426,4640181,True,"[66, 24, 7, 8]",29,lib/tests/builtin/host-return.zy,jobs
release,0,758892,131,426,5350123,True,"[66, 24, 7, 8]",29,lib/tests/builtin/host-return.zy,baseline
release,0,774669,131,426,5031332,True,"[66, 24, 7, 8]",29,lib/tests/builtin/host-return.zy,explicit
release,0,735835,131,426,4881909,True,"[66, 24, 7, 8]",30,lib/tests/builtin/host-return.zy,original
release,0,748956,131,426,4570511,True,"[66, 24, 7, 8]",30,lib/tests/builtin/host-return.zy,jobs
release,0,748121,131,426,5390789,True,"[66, 24, 7, 8]",30,lib/tests/builtin/host-return.zy,baseline
release,0,729795,131,426,5008750,True,"[66, 24, 7, 8]",30,lib/tests/builtin/host-return.zy,explicit
release,0,724242,131,426,4781173,True,"[66, 24, 7, 8]",30,lib/tests/builtin/host-return.zy,recursive
release,0,724249,131,426,4463009,True,"[66, 24, 7, 8]",31,lib/tests/builtin/host-return.zy,jobs
release,0,778845,131,426,5551846,True,"[66, 24, 7, 8]",31,lib/tests/builtin/host-return.zy,baseline
release,0,737372,131,426,5039578,True,"[66, 24, 7, 8]",31,lib/tests/builtin/host-return.zy,explicit
release,0,761123,131,426,4780331,True,"[66, 24, 7, 8]",31,lib/tests/builtin/host-return.zy,recursive
release,0,734665,131,426,4833569,True,"[66, 24, 7, 8]",31,lib/tests/builtin/host-return.zy,original
release,0,771241,131,426,5472189,True,"[66, 24, 7, 8]",32,lib/tests/builtin/host-return.zy,baseline
release,0,735499,131,426,5017754,True,"[66, 24, 7, 8]",32,lib/tests/builtin/host-return.zy,explicit
release,0,737699,131,426,4741368,True,"[66, 24, 7, 8]",32,lib/tests/builtin/host-return.zy,recursive
release,0,778704,131,426,5367550,True,"[66, 24, 7, 8]",32,lib/tests/builtin/host-return.zy,original
release,0,763224,131,426,4676928,True,"[66, 24, 7, 8]",32,lib/tests/builtin/host-return.zy,jobs
release,0,755547,131,426,5154147,True,"[66, 24, 7, 8]",33,lib/tests/builtin/host-return.zy,explicit
release,0,755377,131,426,4825907,True,"[66, 24, 7, 8]",33,lib/tests/builtin/host-return.zy,recursive
release,0,746190,131,426,5070882,True,"[66, 24, 7, 8]",33,lib/tests/builtin/host-return.zy,original
release,0,760630,131,426,4586996,True,"[66, 24, 7, 8]",33,lib/tests/builtin/host-return.zy,jobs
release,0,749745,131,426,5280387,True,"[66, 24, 7, 8]",33,lib/tests/builtin/host-return.zy,baseline
release,0,749654,131,426,4777472,True,"[66, 24, 7, 8]",34,lib/tests/builtin/host-return.zy,recursive
release,0,779097,131,426,4969723,True,"[66, 24, 7, 8]",34,lib/tests/builtin/host-return.zy,original
release,0,750128,131,426,4487634,True,"[66, 24, 7, 8]",34,lib/tests/builtin/host-return.zy,jobs
release,0,738002,131,426,5386534,True,"[66, 24, 7, 8]",34,lib/tests/builtin/host-return.zy,baseline
release,0,745537,131,426,4984799,True,"[66, 24, 7, 8]",34,lib/tests/builtin/host-return.zy,explicit
release,0,739036,131,426,4842079,True,"[66, 24, 7, 8]",35,lib/tests/builtin/host-return.zy,original
release,0,750630,131,426,4517832,True,"[66, 24, 7, 8]",35,lib/tests/builtin/host-return.zy,jobs
release,0,741889,131,426,5313458,True,"[66, 24, 7, 8]",35,lib/tests/builtin/host-return.zy,baseline
release,0,733495,131,426,4988252,True,"[66, 24, 7, 8]",35,lib/tests/builtin/host-return.zy,explicit
release,0,742998,131,426,4752408,True,"[66, 24, 7, 8]",35,lib/tests/builtin/host-return.zy,recursive
release,0,737130,131,426,4517134,True,"[66, 24, 7, 8]",36,lib/tests/builtin/host-return.zy,jobs
release,0,747577,131,426,5266586,True,"[66, 24, 7, 8]",36,lib/tests/builtin/host-return.zy,baseline
release,0,796038,131,426,5155465,True,"[66, 24, 7, 8]",36,lib/tests/builtin/host-return.zy,explicit
release,0,743090,131,426,4808160,True,"[66, 24, 7, 8]",36,lib/tests/builtin/host-return.zy,recursive
release,0,819553,131,426,5207585,True,"[66, 24, 7, 8]",36,lib/tests/builtin/host-return.zy,original
release,0,750251,131,426,5474711,True,"[66, 24, 7, 8]",37,lib/tests/builtin/host-return.zy,baseline
release,0,760585,131,426,5050664,True,"[66, 24, 7, 8]",37,lib/tests/builtin/host-return.zy,explicit
release,0,740504,131,426,4741658,True,"[66, 24, 7, 8]",37,lib/tests/builtin/host-return.zy,recursive
release,0,730756,131,426,4857246,True,"[66, 24, 7, 8]",37,lib/tests/builtin/host-return.zy,original
release,0,792463,131,426,4649290,True,"[66, 24, 7, 8]",37,lib/tests/builtin/host-return.zy,jobs
release,0,771003,131,426,5137417,True,"[66, 24, 7, 8]",38,lib/tests/builtin/host-return.zy,explicit
release,0,721003,131,426,4765216,True,"[66, 24, 7, 8]",38,lib/tests/builtin/host-return.zy,recursive
release,0,762554,131,426,4870382,True,"[66, 24, 7, 8]",38,lib/tests/builtin/host-return.zy,original
release,0,763670,131,426,4599737,True,"[66, 24, 7, 8]",38,lib/tests/builtin/host-return.zy,jobs
release,0,755923,131,426,5342659,True,"[66, 24, 7, 8]",38,lib/tests/builtin/host-return.zy,baseline
release,0,737282,131,426,4720154,True,"[66, 24, 7, 8]",39,lib/tests/builtin/host-return.zy,recursive
release,0,726730,131,426,4873988,True,"[66, 24, 7, 8]",39,lib/tests/builtin/host-return.zy,original
release,0,744283,131,426,4508834,True,"[66, 24, 7, 8]",39,lib/tests/builtin/host-return.zy,jobs
release,0,749286,131,426,5411594,True,"[66, 24, 7, 8]",39,lib/tests/builtin/host-return.zy,baseline
release,0,753995,131,426,5075579,True,"[66, 24, 7, 8]",39,lib/tests/builtin/host-return.zy,explicit
release,0,705371,692,54,4883250,False,"[525, 160, 38, 0]",0,lib/tests/builtin/host-runtime.zy,original
release,0,721546,692,54,4500167,False,"[525, 160, 38, 0]",0,lib/tests/builtin/host-runtime.zy,jobs
release,0,736039,692,54,5515541,False,"[525, 160, 38, 0]",0,lib/tests/builtin/host-runtime.zy,baseline
release,0,703166,692,54,4970916,False,"[525, 160, 38, 0]",0,lib/tests/builtin/host-runtime.zy,explicit
release,0,641455,692,54,4784501,False,"[525, 160, 38, 0]",0,lib/tests/builtin/host-runtime.zy,recursive
release,0,676753,692,54,4682041,False,"[525, 160, 38, 0]",1,lib/tests/builtin/host-runtime.zy,jobs
release,0,710500,692,54,5445335,False,"[525, 160, 38, 0]",1,lib/tests/builtin/host-runtime.zy,baseline
release,0,769751,692,54,5409708,False,"[525, 160, 38, 0]",1,lib/tests/builtin/host-runtime.zy,explicit
release,0,726834,692,54,4856749,False,"[525, 160, 38, 0]",1,lib/tests/builtin/host-runtime.zy,recursive
release,0,693374,692,54,4986754,False,"[525, 160, 38, 0]",1,lib/tests/builtin/host-runtime.zy,original
release,0,739666,692,54,5636916,False,"[525, 160, 38, 0]",2,lib/tests/builtin/host-runtime.zy,baseline
release,0,763496,692,54,5252498,False,"[525, 160, 38, 0]",2,lib/tests/builtin/host-runtime.zy,explicit
release,0,720248,692,54,4984793,False,"[525, 160, 38, 0]",2,lib/tests/builtin/host-runtime.zy,recursive
release,0,652921,692,54,4937704,False,"[525, 160, 38, 0]",2,lib/tests/builtin/host-runtime.zy,original
release,0,688246,692,54,4514170,False,"[525, 160, 38, 0]",2,lib/tests/builtin/host-runtime.zy,jobs
release,0,683127,692,54,5195919,False,"[525, 160, 38, 0]",3,lib/tests/builtin/host-runtime.zy,explicit
release,0,669002,692,54,4895081,False,"[525, 160, 38, 0]",3,lib/tests/builtin/host-runtime.zy,recursive
release,0,675206,692,54,4998582,False,"[525, 160, 38, 0]",3,lib/tests/builtin/host-runtime.zy,original
release,0,666874,692,54,4544916,False,"[525, 160, 38, 0]",3,lib/tests/builtin/host-runtime.zy,jobs
release,0,648997,692,54,5513502,False,"[525, 160, 38, 0]",3,lib/tests/builtin/host-runtime.zy,baseline
release,0,643793,692,54,4865623,False,"[525, 160, 38, 0]",4,lib/tests/builtin/host-runtime.zy,recursive
release,0,642834,692,54,4893792,False,"[525, 160, 38, 0]",4,lib/tests/builtin/host-runtime.zy,original
release,0,772209,692,54,4613626,False,"[525, 160, 38, 0]",4,lib/tests/builtin/host-runtime.zy,jobs
release,0,650836,692,54,5416995,False,"[525, 160, 38, 0]",4,lib/tests/builtin/host-runtime.zy,baseline
release,0,706540,692,54,5083040,False,"[525, 160, 38, 0]",4,lib/tests/builtin/host-runtime.zy,explicit
release,0,645959,692,54,4959997,False,"[525, 160, 38, 0]",5,lib/tests/builtin/host-runtime.zy,original
release,0,645788,692,54,4496793,False,"[525, 160, 38, 0]",5,lib/tests/builtin/host-runtime.zy,jobs
release,0,637667,692,54,5341585,False,"[525, 160, 38, 0]",5,lib/tests/builtin/host-runtime.zy,baseline
release,0,657163,692,54,5087503,False,"[525, 160, 38, 0]",5,lib/tests/builtin/host-runtime.zy,explicit
release,0,637751,692,54,4826622,False,"[525, 160, 38, 0]",5,lib/tests/builtin/host-runtime.zy,recursive
release,0,668836,692,54,4522420,False,"[525, 160, 38, 0]",6,lib/tests/builtin/host-runtime.zy,jobs
release,0,659004,692,54,5342417,False,"[525, 160, 38, 0]",6,lib/tests/builtin/host-runtime.zy,baseline
release,0,636332,692,54,4995790,False,"[525, 160, 38, 0]",6,lib/tests/builtin/host-runtime.zy,explicit
release,0,637044,692,54,4806081,False,"[525, 160, 38, 0]",6,lib/tests/builtin/host-runtime.zy,recursive
release,0,646499,692,54,4957086,False,"[525, 160, 38, 0]",6,lib/tests/builtin/host-runtime.zy,original
release,0,656958,692,54,5383705,False,"[525, 160, 38, 0]",7,lib/tests/builtin/host-runtime.zy,baseline
release,0,821581,692,54,5658456,False,"[525, 160, 38, 0]",7,lib/tests/builtin/host-runtime.zy,explicit
release,0,713953,692,54,4948916,False,"[525, 160, 38, 0]",7,lib/tests/builtin/host-runtime.zy,recursive
release,0,677672,692,54,4953623,False,"[525, 160, 38, 0]",7,lib/tests/builtin/host-runtime.zy,original
release,0,638126,692,54,4506666,False,"[525, 160, 38, 0]",7,lib/tests/builtin/host-runtime.zy,jobs
release,0,668211,692,54,5036794,False,"[525, 160, 38, 0]",8,lib/tests/builtin/host-runtime.zy,explicit
release,0,652163,692,54,4924498,False,"[525, 160, 38, 0]",8,lib/tests/builtin/host-runtime.zy,recursive
release,0,652127,692,54,4896912,False,"[525, 160, 38, 0]",8,lib/tests/builtin/host-runtime.zy,original
release,0,695126,692,54,4661539,False,"[525, 160, 38, 0]",8,lib/tests/builtin/host-runtime.zy,jobs
release,0,640417,692,54,5540205,False,"[525, 160, 38, 0]",8,lib/tests/builtin/host-runtime.zy,baseline
release,0,661793,692,54,4868584,False,"[525, 160, 38, 0]",9,lib/tests/builtin/host-runtime.zy,recursive
release,0,673298,692,54,5067873,False,"[525, 160, 38, 0]",9,lib/tests/builtin/host-runtime.zy,original
release,0,686337,692,54,4698582,False,"[525, 160, 38, 0]",9,lib/tests/builtin/host-runtime.zy,jobs
release,0,695921,692,54,5507628,False,"[525, 160, 38, 0]",9,lib/tests/builtin/host-runtime.zy,baseline
release,0,703707,692,54,5284713,False,"[525, 160, 38, 0]",9,lib/tests/builtin/host-runtime.zy,explicit
release,0,700544,692,54,4890041,False,"[525, 160, 38, 0]",10,lib/tests/builtin/host-runtime.zy,original
release,0,630797,692,54,4479876,False,"[525, 160, 38, 0]",10,lib/tests/builtin/host-runtime.zy,jobs
release,0,748577,692,54,5481249,False,"[525, 160, 38, 0]",10,lib/tests/builtin/host-runtime.zy,baseline
release,0,672625,692,54,5240584,False,"[525, 160, 38, 0]",10,lib/tests/builtin/host-runtime.zy,explicit
release,0,702585,692,54,4912375,False,"[525, 160, 38, 0]",10,lib/tests/builtin/host-runtime.zy,recursive
release,0,692041,692,54,4821414,False,"[525, 160, 38, 0]",11,lib/tests/builtin/host-runtime.zy,jobs
release,0,690255,692,54,5466083,False,"[525, 160, 38, 0]",11,lib/tests/builtin/host-runtime.zy,baseline
release,0,686248,692,54,5046164,False,"[525, 160, 38, 0]",11,lib/tests/builtin/host-runtime.zy,explicit
release,0,636081,692,54,4761164,False,"[525, 160, 38, 0]",11,lib/tests/builtin/host-runtime.zy,recursive
release,0,652871,692,54,4862669,False,"[525, 160, 38, 0]",11,lib/tests/builtin/host-runtime.zy,original
release,0,651253,692,54,5324500,False,"[525, 160, 38, 0]",12,lib/tests/builtin/host-runtime.zy,baseline
release,0,702123,692,54,5314832,False,"[525, 160, 38, 0]",12,lib/tests/builtin/host-runtime.zy,explicit
release,0,799375,692,54,5436290,False,"[525, 160, 38, 0]",12,lib/tests/builtin/host-runtime.zy,recursive
release,0,810045,692,54,5462792,False,"[525, 160, 38, 0]",12,lib/tests/builtin/host-runtime.zy,original
release,0,944626,692,54,5815335,False,"[525, 160, 38, 0]",12,lib/tests/builtin/host-runtime.zy,jobs
release,0,818420,692,54,5505541,False,"[525, 160, 38, 0]",13,lib/tests/builtin/host-runtime.zy,explicit
release,0,755668,692,54,5142666,False,"[525, 160, 38, 0]",13,lib/tests/builtin/host-runtime.zy,recursive
release,0,738746,692,54,5209669,False,"[525, 160, 38, 0]",13,lib/tests/builtin/host-runtime.zy,original
release,0,709541,692,54,4563088,False,"[525, 160, 38, 0]",13,lib/tests/builtin/host-runtime.zy,jobs
release,0,702674,692,54,5682046,False,"[525, 160, 38, 0]",13,lib/tests/builtin/host-runtime.zy,baseline
release,0,719959,692,54,4932631,False,"[525, 160, 38, 0]",14,lib/tests/builtin/host-runtime.zy,recursive
release,0,724252,692,54,5108670,False,"[525, 160, 38, 0]",14,lib/tests/builtin/host-runtime.zy,original
release,0,684876,692,54,4647670,False,"[525, 160, 38, 0]",14,lib/tests/builtin/host-runtime.zy,jobs
release,0,678297,692,54,5472417,False,"[525, 160, 38, 0]",14,lib/tests/builtin/host-runtime.zy,baseline
release,0,701545,692,54,5444287,False,"[525, 160, 38, 0]",14,lib/tests/builtin/host-runtime.zy,explicit
release,0,837541,692,54,5613168,False,"[525, 160, 38, 0]",15,lib/tests/builtin/host-runtime.zy,original
release,0,758292,692,54,4676877,False,"[525, 160, 38, 0]",15,lib/tests/builtin/host-runtime.zy,jobs
release,0,725246,692,54,5737206,False,"[525, 160, 38, 0]",15,lib/tests/builtin/host-runtime.zy,baseline
release,0,889330,692,54,5338164,False,"[525, 160, 38, 0]",15,lib/tests/builtin/host-runtime.zy,explicit
release,0,772207,692,54,4980082,False,"[525, 160, 38, 0]",15,lib/tests/builtin/host-runtime.zy,recursive
release,0,898083,692,54,5161086,False,"[525, 160, 38, 0]",16,lib/tests/builtin/host-runtime.zy,jobs
release,0,898451,692,54,6032039,False,"[525, 160, 38, 0]",16,lib/tests/builtin/host-runtime.zy,baseline
release,0,808963,692,54,5318333,False,"[525, 160, 38, 0]",16,lib/tests/builtin/host-runtime.zy,explicit
release,0,814007,692,54,5113625,False,"[525, 160, 38, 0]",16,lib/tests/builtin/host-runtime.zy,recursive
release,0,716289,692,54,4891957,False,"[525, 160, 38, 0]",16,lib/tests/builtin/host-runtime.zy,original
release,0,741041,692,54,5604250,False,"[525, 160, 38, 0]",17,lib/tests/builtin/host-runtime.zy,baseline
release,0,947332,692,54,5709418,False,"[525, 160, 38, 0]",17,lib/tests/builtin/host-runtime.zy,explicit
release,0,741664,692,54,5066833,False,"[525, 160, 38, 0]",17,lib/tests/builtin/host-runtime.zy,recursive
release,0,800541,692,54,5386172,False,"[525, 160, 38, 0]",17,lib/tests/builtin/host-runtime.zy,original
release,0,1012628,692,54,5658918,False,"[525, 160, 38, 0]",17,lib/tests/builtin/host-runtime.zy,jobs
release,0,1081998,692,54,6659622,False,"[525, 160, 38, 0]",18,lib/tests/builtin/host-runtime.zy,explicit
release,0,861503,692,54,5555121,False,"[525, 160, 38, 0]",18,lib/tests/builtin/host-runtime.zy,recursive
release,0,796917,692,54,5190711,False,"[525, 160, 38, 0]",18,lib/tests/builtin/host-runtime.zy,original
release,0,916088,692,54,5130876,False,"[525, 160, 38, 0]",18,lib/tests/builtin/host-runtime.zy,jobs
release,0,759210,692,54,5699838,False,"[525, 160, 38, 0]",18,lib/tests/builtin/host-runtime.zy,baseline
release,0,740169,692,54,5502001,False,"[525, 160, 38, 0]",19,lib/tests/builtin/host-runtime.zy,recursive
release,0,833000,692,54,5747125,False,"[525, 160, 38, 0]",19,lib/tests/builtin/host-runtime.zy,original
release,0,812542,692,54,4924621,False,"[525, 160, 38, 0]",19,lib/tests/builtin/host-runtime.zy,jobs
release,0,877712,692,54,5892702,False,"[525, 160, 38, 0]",19,lib/tests/builtin/host-runtime.zy,baseline
release,0,705292,692,54,5039452,False,"[525, 160, 38, 0]",19,lib/tests/builtin/host-runtime.zy,explicit
release,0,731753,692,54,5190252,False,"[525, 160, 38, 0]",20,lib/tests/builtin/host-runtime.zy,original
release,0,802126,692,54,4806085,False,"[525, 160, 38, 0]",20,lib/tests/builtin/host-runtime.zy,jobs
release,0,719659,692,54,5472921,False,"[525, 160, 38, 0]",20,lib/tests/builtin/host-runtime.zy,baseline
release,0,915746,692,54,5791623,False,"[525, 160, 38, 0]",20,lib/tests/builtin/host-runtime.zy,explicit
release,0,850546,692,54,5437590,False,"[525, 160, 38, 0]",20,lib/tests/builtin/host-runtime.zy,recursive
release,0,761458,692,54,4721665,False,"[525, 160, 38, 0]",21,lib/tests/builtin/host-runtime.zy,jobs
release,0,746170,692,54,5686376,False,"[525, 160, 38, 0]",21,lib/tests/builtin/host-runtime.zy,baseline
release,0,802791,692,54,5443541,False,"[525, 160, 38, 0]",21,lib/tests/builtin/host-runtime.zy,explicit
release,0,770751,692,54,5020835,False,"[525, 160, 38, 0]",21,lib/tests/builtin/host-runtime.zy,recursive
release,0,832668,692,54,5242540,False,"[525, 160, 38, 0]",21,lib/tests/builtin/host-runtime.zy,original
release,0,700166,692,54,5444001,False,"[525, 160, 38, 0]",22,lib/tests/builtin/host-runtime.zy,baseline
release,0,689879,692,54,5122962,False,"[525, 160, 38, 0]",22,lib/tests/builtin/host-runtime.zy,explicit
release,0,757038,692,54,5184795,False,"[525, 160, 38, 0]",22,lib/tests/builtin/host-runtime.zy,recursive
release,0,721205,692,54,5069625,False,"[525, 160, 38, 0]",22,lib/tests/builtin/host-runtime.zy,original
release,0,686836,692,54,4580961,False,"[525, 160, 38, 0]",22,lib/tests/builtin/host-runtime.zy,jobs
release,0,761502,692,54,5316119,False,"[525, 160, 38, 0]",23,lib/tests/builtin/host-runtime.zy,explicit
release,0,827793,692,54,5399161,False,"[525, 160, 38, 0]",23,lib/tests/builtin/host-runtime.zy,recursive
release,0,724122,692,54,5076833,False,"[525, 160, 38, 0]",23,lib/tests/builtin/host-runtime.zy,original
release,0,754334,692,54,5051787,False,"[525, 160, 38, 0]",23,lib/tests/builtin/host-runtime.zy,jobs
release,0,785001,692,54,5647875,False,"[525, 160, 38, 0]",23,lib/tests/builtin/host-runtime.zy,baseline
release,0,696166,692,54,4902501,False,"[525, 160, 38, 0]",24,lib/tests/builtin/host-runtime.zy,recursive
release,0,755084,692,54,5304706,False,"[525, 160, 38, 0]",24,lib/tests/builtin/host-runtime.zy,original
release,0,744079,692,54,4689040,False,"[525, 160, 38, 0]",24,lib/tests/builtin/host-runtime.zy,jobs
release,0,691294,692,54,5475162,False,"[525, 160, 38, 0]",24,lib/tests/builtin/host-runtime.zy,baseline
release,0,694997,692,54,5128586,False,"[525, 160, 38, 0]",24,lib/tests/builtin/host-runtime.zy,explicit
release,0,692252,692,54,4988040,False,"[525, 160, 38, 0]",25,lib/tests/builtin/host-runtime.zy,original
release,0,692666,692,54,4780497,False,"[525, 160, 38, 0]",25,lib/tests/builtin/host-runtime.zy,jobs
release,0,704834,692,54,5608086,False,"[525, 160, 38, 0]",25,lib/tests/builtin/host-runtime.zy,baseline
release,0,715916,692,54,5067503,False,"[525, 160, 38, 0]",25,lib/tests/builtin/host-runtime.zy,explicit
release,0,654712,692,54,4847502,False,"[525, 160, 38, 0]",25,lib/tests/builtin/host-runtime.zy,recursive
release,0,661251,692,54,4531377,False,"[525, 160, 38, 0]",26,lib/tests/builtin/host-runtime.zy,jobs
release,0,780832,692,54,5708958,False,"[525, 160, 38, 0]",26,lib/tests/builtin/host-runtime.zy,baseline
release,0,729670,692,54,5120580,False,"[525, 160, 38, 0]",26,lib/tests/builtin/host-runtime.zy,explicit
release,0,680168,692,54,4825377,False,"[525, 160, 38, 0]",26,lib/tests/builtin/host-runtime.zy,recursive
release,0,722003,692,54,4973581,False,"[525, 160, 38, 0]",26,lib/tests/builtin/host-runtime.zy,original
release,0,722542,692,54,5500915,False,"[525, 160, 38, 0]",27,lib/tests/builtin/host-runtime.zy,baseline
release,0,692463,692,54,5035334,False,"[525, 160, 38, 0]",27,lib/tests/builtin/host-runtime.zy,explicit
release,0,656251,692,54,4853168,False,"[525, 160, 38, 0]",27,lib/tests/builtin/host-runtime.zy,recursive
release,0,651047,692,54,4930121,False,"[525, 160, 38, 0]",27,lib/tests/builtin/host-runtime.zy,original
release,0,672335,692,54,4500294,False,"[525, 160, 38, 0]",27,lib/tests/builtin/host-runtime.zy,jobs
release,0,632542,692,54,4991215,False,"[525, 160, 38, 0]",28,lib/tests/builtin/host-runtime.zy,explicit
release,0,624626,692,54,4772794,False,"[525, 160, 38, 0]",28,lib/tests/builtin/host-runtime.zy,recursive
release,0,626253,692,54,4815083,False,"[525, 160, 38, 0]",28,lib/tests/builtin/host-runtime.zy,original
release,0,661505,692,54,4524545,False,"[525, 160, 38, 0]",28,lib/tests/builtin/host-runtime.zy,jobs
release,0,679624,692,54,5455165,False,"[525, 160, 38, 0]",28,lib/tests/builtin/host-runtime.zy,baseline
release,0,719786,692,54,4961794,False,"[525, 160, 38, 0]",29,lib/tests/builtin/host-runtime.zy,recursive
release,0,705417,692,54,5058250,False,"[525, 160, 38, 0]",29,lib/tests/builtin/host-runtime.zy,original
release,0,1016213,692,54,6280334,False,"[525, 160, 38, 0]",29,lib/tests/builtin/host-runtime.zy,jobs
release,0,663708,692,54,5359083,False,"[525, 160, 38, 0]",29,lib/tests/builtin/host-runtime.zy,baseline
release,0,669919,692,54,5144125,False,"[525, 160, 38, 0]",29,lib/tests/builtin/host-runtime.zy,explicit
release,0,694334,692,54,4894831,False,"[525, 160, 38, 0]",30,lib/tests/builtin/host-runtime.zy,original
release,0,727130,692,54,4687957,False,"[525, 160, 38, 0]",30,lib/tests/builtin/host-runtime.zy,jobs
release,0,713001,692,54,5457040,False,"[525, 160, 38, 0]",30,lib/tests/builtin/host-runtime.zy,baseline
release,0,663794,692,54,5042289,False,"[525, 160, 38, 0]",30,lib/tests/builtin/host-runtime.zy,explicit
release,0,673920,692,54,4965499,False,"[525, 160, 38, 0]",30,lib/tests/builtin/host-runtime.zy,recursive
release,0,635419,692,54,4481499,False,"[525, 160, 38, 0]",31,lib/tests/builtin/host-runtime.zy,jobs
release,0,661751,692,54,5404246,False,"[525, 160, 38, 0]",31,lib/tests/builtin/host-runtime.zy,baseline
release,0,770208,692,54,5176121,False,"[525, 160, 38, 0]",31,lib/tests/builtin/host-runtime.zy,explicit
release,0,703420,692,54,4913504,False,"[525, 160, 38, 0]",31,lib/tests/builtin/host-runtime.zy,recursive
release,0,646294,692,54,5036210,False,"[525, 160, 38, 0]",31,lib/tests/builtin/host-runtime.zy,original
release,0,668377,692,54,5657500,False,"[525, 160, 38, 0]",32,lib/tests/builtin/host-runtime.zy,baseline
release,0,683581,692,54,5130833,False,"[525, 160, 38, 0]",32,lib/tests/builtin/host-runtime.zy,explicit
release,0,710707,692,54,4926540,False,"[525, 160, 38, 0]",32,lib/tests/builtin/host-runtime.zy,recursive
release,0,667797,692,54,4939500,False,"[525, 160, 38, 0]",32,lib/tests/builtin/host-runtime.zy,original
release,0,675124,692,54,4533955,False,"[525, 160, 38, 0]",32,lib/tests/builtin/host-runtime.zy,jobs
release,0,718625,692,54,5151662,False,"[525, 160, 38, 0]",33,lib/tests/builtin/host-runtime.zy,explicit
release,0,665122,692,54,5068042,False,"[525, 160, 38, 0]",33,lib/tests/builtin/host-runtime.zy,recursive
release,0,693503,692,54,5164206,False,"[525, 160, 38, 0]",33,lib/tests/builtin/host-runtime.zy,original
release,0,674454,692,54,4635999,False,"[525, 160, 38, 0]",33,lib/tests/builtin/host-runtime.zy,jobs
release,0,686709,692,54,5415750,False,"[525, 160, 38, 0]",33,lib/tests/builtin/host-runtime.zy,baseline
release,0,638997,692,54,4816542,False,"[525, 160, 38, 0]",34,lib/tests/builtin/host-runtime.zy,recursive
release,0,728872,692,54,4997123,False,"[525, 160, 38, 0]",34,lib/tests/builtin/host-runtime.zy,original
release,0,696666,692,54,4612254,False,"[525, 160, 38, 0]",34,lib/tests/builtin/host-runtime.zy,jobs
release,0,683377,692,54,5600793,False,"[525, 160, 38, 0]",34,lib/tests/builtin/host-runtime.zy,baseline
release,0,842915,692,54,5520126,False,"[525, 160, 38, 0]",34,lib/tests/builtin/host-runtime.zy,explicit
release,0,650748,692,54,5001996,False,"[525, 160, 38, 0]",35,lib/tests/builtin/host-runtime.zy,original
release,0,681959,692,54,4520498,False,"[525, 160, 38, 0]",35,lib/tests/builtin/host-runtime.zy,jobs
release,0,727869,692,54,5514085,False,"[525, 160, 38, 0]",35,lib/tests/builtin/host-runtime.zy,baseline
release,0,740712,692,54,5386542,False,"[525, 160, 38, 0]",35,lib/tests/builtin/host-runtime.zy,explicit
release,0,670958,692,54,4884294,False,"[525, 160, 38, 0]",35,lib/tests/builtin/host-runtime.zy,recursive
release,0,697413,692,54,4548414,False,"[525, 160, 38, 0]",36,lib/tests/builtin/host-runtime.zy,jobs
release,0,620037,692,54,5361541,False,"[525, 160, 38, 0]",36,lib/tests/builtin/host-runtime.zy,baseline
release,0,703334,692,54,5019165,False,"[525, 160, 38, 0]",36,lib/tests/builtin/host-runtime.zy,explicit
release,0,648919,692,54,5006376,False,"[525, 160, 38, 0]",36,lib/tests/builtin/host-runtime.zy,recursive
release,0,690421,692,54,5161830,False,"[525, 160, 38, 0]",36,lib/tests/builtin/host-runtime.zy,original
release,0,631379,692,54,5365918,False,"[525, 160, 38, 0]",37,lib/tests/builtin/host-runtime.zy,baseline
release,0,618249,692,54,5082126,False,"[525, 160, 38, 0]",37,lib/tests/builtin/host-runtime.zy,explicit
release,0,678582,692,54,5091919,False,"[525, 160, 38, 0]",37,lib/tests/builtin/host-runtime.zy,recursive
release,0,638254,692,54,4958915,False,"[525, 160, 38, 0]",37,lib/tests/builtin/host-runtime.zy,original
release,0,656499,692,54,4591212,False,"[525, 160, 38, 0]",37,lib/tests/builtin/host-runtime.zy,jobs
release,0,666501,692,54,5058627,False,"[525, 160, 38, 0]",38,lib/tests/builtin/host-runtime.zy,explicit
release,0,671381,692,54,4826496,False,"[525, 160, 38, 0]",38,lib/tests/builtin/host-runtime.zy,recursive
release,0,728171,692,54,4988336,False,"[525, 160, 38, 0]",38,lib/tests/builtin/host-runtime.zy,original
release,0,614874,692,54,4441416,False,"[525, 160, 38, 0]",38,lib/tests/builtin/host-runtime.zy,jobs
release,0,638327,692,54,5473130,False,"[525, 160, 38, 0]",38,lib/tests/builtin/host-runtime.zy,baseline
release,0,696419,692,54,4921500,False,"[525, 160, 38, 0]",39,lib/tests/builtin/host-runtime.zy,recursive
release,0,678756,692,54,4978834,False,"[525, 160, 38, 0]",39,lib/tests/builtin/host-runtime.zy,original
release,0,665460,692,54,4465915,False,"[525, 160, 38, 0]",39,lib/tests/builtin/host-runtime.zy,jobs
release,0,661168,692,54,5383830,False,"[525, 160, 38, 0]",39,lib/tests/builtin/host-runtime.zy,baseline
release,0,647171,692,54,5038539,False,"[525, 160, 38, 0]",39,lib/tests/builtin/host-runtime.zy,explicit
release,0,784253,692,74,4919911,True,"[383, 160, 38, 39]",0,lib/tests/builtin/host-runtime.zy,original
release,0,808748,692,74,4822208,True,"[383, 160, 38, 39]",0,lib/tests/builtin/host-runtime.zy,jobs
release,0,852583,692,74,5511080,True,"[383, 160, 38, 39]",0,lib/tests/builtin/host-runtime.zy,baseline
release,0,762042,692,74,5004832,True,"[383, 160, 38, 39]",0,lib/tests/builtin/host-runtime.zy,explicit
release,0,699171,692,74,4754123,True,"[383, 160, 38, 39]",0,lib/tests/builtin/host-runtime.zy,recursive
release,0,735922,692,74,4496874,True,"[383, 160, 38, 39]",1,lib/tests/builtin/host-runtime.zy,jobs
release,0,737251,692,74,5410460,True,"[383, 160, 38, 39]",1,lib/tests/builtin/host-runtime.zy,baseline
release,0,731210,692,74,4987133,True,"[383, 160, 38, 39]",1,lib/tests/builtin/host-runtime.zy,explicit
release,0,761339,692,74,4928414,True,"[383, 160, 38, 39]",1,lib/tests/builtin/host-runtime.zy,recursive
release,0,742293,692,74,5007415,True,"[383, 160, 38, 39]",1,lib/tests/builtin/host-runtime.zy,original
release,0,750089,692,74,5243916,True,"[383, 160, 38, 39]",2,lib/tests/builtin/host-runtime.zy,baseline
release,0,704290,692,74,4990906,True,"[383, 160, 38, 39]",2,lib/tests/builtin/host-runtime.zy,explicit
release,0,733832,692,74,4842875,True,"[383, 160, 38, 39]",2,lib/tests/builtin/host-runtime.zy,recursive
release,0,794831,692,74,4942208,True,"[383, 160, 38, 39]",2,lib/tests/builtin/host-runtime.zy,original
release,0,739166,692,74,4700044,True,"[383, 160, 38, 39]",2,lib/tests/builtin/host-runtime.zy,jobs
release,0,715166,692,74,5152249,True,"[383, 160, 38, 39]",3,lib/tests/builtin/host-runtime.zy,explicit
release,0,684921,692,74,4740955,True,"[383, 160, 38, 39]",3,lib/tests/builtin/host-runtime.zy,recursive
release,0,689369,692,74,4796419,True,"[383, 160, 38, 39]",3,lib/tests/builtin/host-runtime.zy,original
release,0,740790,692,74,4446375,True,"[383, 160, 38, 39]",3,lib/tests/builtin/host-runtime.zy,jobs
release,0,716917,692,74,5276829,True,"[383, 160, 38, 39]",3,lib/tests/builtin/host-runtime.zy,baseline
release,0,700583,692,74,4744543,True,"[383, 160, 38, 39]",4,lib/tests/builtin/host-runtime.zy,recursive
release,0,721834,692,74,4818958,True,"[383, 160, 38, 39]",4,lib/tests/builtin/host-runtime.zy,original
release,0,719670,692,74,4483040,True,"[383, 160, 38, 39]",4,lib/tests/builtin/host-runtime.zy,jobs
release,0,709711,692,74,5249756,True,"[383, 160, 38, 39]",4,lib/tests/builtin/host-runtime.zy,baseline
release,0,694629,692,74,4904040,True,"[383, 160, 38, 39]",4,lib/tests/builtin/host-runtime.zy,explicit
release,0,735620,692,74,4949666,True,"[383, 160, 38, 39]",5,lib/tests/builtin/host-runtime.zy,original
release,0,720497,692,74,4635908,True,"[383, 160, 38, 39]",5,lib/tests/builtin/host-runtime.zy,jobs
release,0,812296,692,74,5345256,True,"[383, 160, 38, 39]",5,lib/tests/builtin/host-runtime.zy,baseline
release,0,758626,692,74,5031583,True,"[383, 160, 38, 39]",5,lib/tests/builtin/host-runtime.zy,explicit
release,0,729331,692,74,4866461,True,"[383, 160, 38, 39]",5,lib/tests/builtin/host-runtime.zy,recursive
release,0,734502,692,74,4631172,True,"[383, 160, 38, 39]",6,lib/tests/builtin/host-runtime.zy,jobs
release,0,719876,692,74,5315790,True,"[383, 160, 38, 39]",6,lib/tests/builtin/host-runtime.zy,baseline
release,0,762332,692,74,5161329,True,"[383, 160, 38, 39]",6,lib/tests/builtin/host-runtime.zy,explicit
release,0,759913,692,74,4790414,True,"[383, 160, 38, 39]",6,lib/tests/builtin/host-runtime.zy,recursive
release,0,791001,692,74,4896620,True,"[383, 160, 38, 39]",6,lib/tests/builtin/host-runtime.zy,original
release,0,712584,692,74,5282872,True,"[383, 160, 38, 39]",7,lib/tests/builtin/host-runtime.zy,baseline
release,0,724628,692,74,4970209,True,"[383, 160, 38, 39]",7,lib/tests/builtin/host-runtime.zy,explicit
release,0,746462,692,74,4833543,True,"[383, 160, 38, 39]",7,lib/tests/builtin/host-runtime.zy,recursive
release,0,719373,692,74,4937700,True,"[383, 160, 38, 39]",7,lib/tests/builtin/host-runtime.zy,original
release,0,684669,692,74,4448870,True,"[383, 160, 38, 39]",7,lib/tests/builtin/host-runtime.zy,jobs
release,0,699043,692,74,4966581,True,"[383, 160, 38, 39]",8,lib/tests/builtin/host-runtime.zy,explicit
release,0,715205,692,74,4850083,True,"[383, 160, 38, 39]",8,lib/tests/builtin/host-runtime.zy,recursive
release,0,804626,692,74,5058376,True,"[383, 160, 38, 39]",8,lib/tests/builtin/host-runtime.zy,original
release,0,713456,692,74,4599710,True,"[383, 160, 38, 39]",8,lib/tests/builtin/host-runtime.zy,jobs
release,0,702208,692,74,5335212,True,"[383, 160, 38, 39]",8,lib/tests/builtin/host-runtime.zy,baseline
release,0,724874,692,74,4746417,True,"[383, 160, 38, 39]",9,lib/tests/builtin/host-runtime.zy,recursive
release,0,765373,692,74,4876875,True,"[383, 160, 38, 39]",9,lib/tests/builtin/host-runtime.zy,original
release,0,703336,692,74,4497711,True,"[383, 160, 38, 39]",9,lib/tests/builtin/host-runtime.zy,jobs
release,0,728582,692,74,5310425,True,"[383, 160, 38, 39]",9,lib/tests/builtin/host-runtime.zy,baseline
release,0,698958,692,74,4962171,True,"[383, 160, 38, 39]",9,lib/tests/builtin/host-runtime.zy,explicit
release,0,707624,692,74,4849378,True,"[383, 160, 38, 39]",10,lib/tests/builtin/host-runtime.zy,original
release,0,707415,692,74,4495503,True,"[383, 160, 38, 39]",10,lib/tests/builtin/host-runtime.zy,jobs
release,0,758914,692,74,5520127,True,"[383, 160, 38, 39]",10,lib/tests/builtin/host-runtime.zy,baseline
release,0,726375,692,74,5226006,True,"[383, 160, 38, 39]",10,lib/tests/builtin/host-runtime.zy,explicit
release,0,780418,692,74,5055629,True,"[383, 160, 38, 39]",10,lib/tests/builtin/host-runtime.zy,recursive
release,0,1211829,692,74,6109703,True,"[383, 160, 38, 39]",11,lib/tests/builtin/host-runtime.zy,jobs
release,0,911750,692,74,6706918,True,"[383, 160, 38, 39]",11,lib/tests/builtin/host-runtime.zy,baseline
release,0,780253,692,74,5084124,True,"[383, 160, 38, 39]",11,lib/tests/builtin/host-runtime.zy,explicit
release,0,786961,692,74,4901620,True,"[383, 160, 38, 39]",11,lib/tests/builtin/host-runtime.zy,recursive
release,0,826046,692,74,5147877,True,"[383, 160, 38, 39]",11,lib/tests/builtin/host-runtime.zy,original
release,0,751708,692,74,5279794,True,"[383, 160, 38, 39]",12,lib/tests/builtin/host-runtime.zy,baseline
release,0,730211,692,74,5007708,True,"[383, 160, 38, 39]",12,lib/tests/builtin/host-runtime.zy,explicit
release,0,756833,692,74,4860915,True,"[383, 160, 38, 39]",12,lib/tests/builtin/host-runtime.zy,recursive
release,0,862168,692,74,6124466,True,"[383, 160, 38, 39]",12,lib/tests/builtin/host-runtime.zy,original
release,0,992790,692,74,6235668,True,"[383, 160, 38, 39]",12,lib/tests/builtin/host-runtime.zy,jobs
release,0,894801,692,74,5876001,True,"[383, 160, 38, 39]",13,lib/tests/builtin/host-runtime.zy,explicit
release,0,979754,692,74,6404249,True,"[383, 160, 38, 39]",13,lib/tests/builtin/host-runtime.zy,recursive
release,0,940999,692,74,5839128,True,"[383, 160, 38, 39]",13,lib/tests/builtin/host-runtime.zy,original
release,0,928875,692,74,5171627,True,"[383, 160, 38, 39]",13,lib/tests/builtin/host-runtime.zy,jobs
release,0,944331,692,74,6050790,True,"[383, 160, 38, 39]",13,lib/tests/builtin/host-runtime.zy,baseline
release,0,938169,692,74,5594797,True,"[383, 160, 38, 39]",14,lib/tests/builtin/host-runtime.zy,recursive
release,0,903294,692,74,6424042,True,"[383, 160, 38, 39]",14,lib/tests/builtin/host-runtime.zy,original
release,0,872917,692,74,5223956,True,"[383, 160, 38, 39]",14,lib/tests/builtin/host-runtime.zy,jobs
release,0,901627,692,74,6516209,True,"[383, 160, 38, 39]",14,lib/tests/builtin/host-runtime.zy,baseline
release,0,968957,692,74,7411962,True,"[383, 160, 38, 39]",14,lib/tests/builtin/host-runtime.zy,explicit
release,0,973500,692,74,6682789,True,"[383, 160, 38, 39]",15,lib/tests/builtin/host-runtime.zy,original
release,0,1008410,692,74,6493378,True,"[383, 160, 38, 39]",15,lib/tests/builtin/host-runtime.zy,jobs
release,0,978248,692,74,7007627,True,"[383, 160, 38, 39]",15,lib/tests/builtin/host-runtime.zy,baseline
release,0,928122,692,74,6111540,True,"[383, 160, 38, 39]",15,lib/tests/builtin/host-runtime.zy,explicit
release,0,830585,692,74,5213417,True,"[383, 160, 38, 39]",15,lib/tests/builtin/host-runtime.zy,recursive
release,0,878874,692,74,4992251,True,"[383, 160, 38, 39]",16,lib/tests/builtin/host-runtime.zy,jobs
release,0,1045663,692,74,6792295,True,"[383, 160, 38, 39]",16,lib/tests/builtin/host-runtime.zy,baseline
release,0,946377,692,74,5861463,True,"[383, 160, 38, 39]",16,lib/tests/builtin/host-runtime.zy,explicit
release,0,851457,692,74,5556545,True,"[383, 160, 38, 39]",16,lib/tests/builtin/host-runtime.zy,recursive
release,0,798917,692,74,6032579,True,"[383, 160, 38, 39]",16,lib/tests/builtin/host-runtime.zy,original
release,0,910791,692,74,5936957,True,"[383, 160, 38, 39]",17,lib/tests/builtin/host-runtime.zy,baseline
release,0,1120710,692,74,7068379,True,"[383, 160, 38, 39]",17,lib/tests/builtin/host-runtime.zy,explicit
release,0,915623,692,74,5556332,True,"[383, 160, 38, 39]",17,lib/tests/builtin/host-runtime.zy,recursive
release,0,928832,692,74,6706289,True,"[383, 160, 38, 39]",17,lib/tests/builtin/host-runtime.zy,original
release,0,979418,692,74,5814458,True,"[383, 160, 38, 39]",17,lib/tests/builtin/host-runtime.zy,jobs
release,0,845627,692,74,5467335,True,"[383, 160, 38, 39]",18,lib/tests/builtin/host-runtime.zy,explicit
release,0,777128,692,74,5061754,True,"[383, 160, 38, 39]",18,lib/tests/builtin/host-runtime.zy,recursive
release,0,762997,692,74,5185168,True,"[383, 160, 38, 39]",18,lib/tests/builtin/host-runtime.zy,original
release,0,834117,692,74,4737204,True,"[383, 160, 38, 39]",18,lib/tests/builtin/host-runtime.zy,jobs
release,0,792623,692,74,5516088,True,"[383, 160, 38, 39]",18,lib/tests/builtin/host-runtime.zy,baseline
release,0,817962,692,74,5477412,True,"[383, 160, 38, 39]",19,lib/tests/builtin/host-runtime.zy,recursive
release,0,916999,692,74,5866292,True,"[383, 160, 38, 39]",19,lib/tests/builtin/host-runtime.zy,original
release,0,1048630,692,74,5622913,True,"[383, 160, 38, 39]",19,lib/tests/builtin/host-runtime.zy,jobs
release,0,888457,692,74,6055584,True,"[383, 160, 38, 39]",19,lib/tests/builtin/host-runtime.zy,baseline
release,0,983662,692,74,5643751,True,"[383, 160, 38, 39]",19,lib/tests/builtin/host-runtime.zy,explicit
release,0,986793,692,74,5657751,True,"[383, 160, 38, 39]",20,lib/tests/builtin/host-runtime.zy,original
release,0,881953,692,74,5085460,True,"[383, 160, 38, 39]",20,lib/tests/builtin/host-runtime.zy,jobs
release,0,1001118,692,74,6188666,True,"[383, 160, 38, 39]",20,lib/tests/builtin/host-runtime.zy,baseline
release,0,815668,692,74,5480333,True,"[383, 160, 38, 39]",20,lib/tests/builtin/host-runtime.zy,explicit
release,0,933957,692,74,5073251,True,"[383, 160, 38, 39]",20,lib/tests/builtin/host-runtime.zy,recursive
release,0,768994,692,74,4789668,True,"[383, 160, 38, 39]",21,lib/tests/builtin/host-runtime.zy,jobs
release,0,847161,692,74,5641874,True,"[383, 160, 38, 39]",21,lib/tests/builtin/host-runtime.zy,baseline
release,0,814877,692,74,5475123,True,"[383, 160, 38, 39]",21,lib/tests/builtin/host-runtime.zy,explicit
release,0,905084,692,74,5110210,True,"[383, 160, 38, 39]",21,lib/tests/builtin/host-runtime.zy,recursive
release,0,904708,692,74,5158959,True,"[383, 160, 38, 39]",21,lib/tests/builtin/host-runtime.zy,original
release,0,931790,692,74,5884995,True,"[383, 160, 38, 39]",22,lib/tests/builtin/host-runtime.zy,baseline
release,0,838372,692,74,5152253,True,"[383, 160, 38, 39]",22,lib/tests/builtin/host-runtime.zy,explicit
release,0,830580,692,74,4969335,True,"[383, 160, 38, 39]",22,lib/tests/builtin/host-runtime.zy,recursive
release,0,830416,692,74,5292872,True,"[383, 160, 38, 39]",22,lib/tests/builtin/host-runtime.zy,original
release,0,794746,692,74,4739919,True,"[383, 160, 38, 39]",22,lib/tests/builtin/host-runtime.zy,jobs
release,0,792958,692,74,5148003,True,"[383, 160, 38, 39]",23,lib/tests/builtin/host-runtime.zy,explicit
release,0,739126,692,74,4797249,True,"[383, 160, 38, 39]",23,lib/tests/builtin/host-runtime.zy,recursive
release,0,723583,692,74,4876293,True,"[383, 160, 38, 39]",23,lib/tests/builtin/host-runtime.zy,original
release,0,704917,692,74,4445920,True,"[383, 160, 38, 39]",23,lib/tests/builtin/host-runtime.zy,jobs
release,0,753415,692,74,5230995,True,"[383, 160, 38, 39]",23,lib/tests/builtin/host-runtime.zy,baseline
release,0,772670,692,74,4856332,True,"[383, 160, 38, 39]",24,lib/tests/builtin/host-runtime.zy,recursive
release,0,765625,692,74,4845755,True,"[383, 160, 38, 39]",24,lib/tests/builtin/host-runtime.zy,original
release,0,751916,692,74,4462545,True,"[383, 160, 38, 39]",24,lib/tests/builtin/host-runtime.zy,jobs
release,0,751537,692,74,5332582,True,"[383, 160, 38, 39]",24,lib/tests/builtin/host-runtime.zy,baseline
release,0,755961,692,74,5037576,True,"[383, 160, 38, 39]",24,lib/tests/builtin/host-runtime.zy,explicit
release,0,731996,692,74,4888294,True,"[383, 160, 38, 39]",25,lib/tests/builtin/host-runtime.zy,original
release,0,744171,692,74,4564793,True,"[383, 160, 38, 39]",25,lib/tests/builtin/host-runtime.zy,jobs
release,0,736461,692,74,5375377,True,"[383, 160, 38, 39]",25,lib/tests/builtin/host-runtime.zy,baseline
release,0,759544,692,74,5071289,True,"[383, 160, 38, 39]",25,lib/tests/builtin/host-runtime.zy,explicit
release,0,791158,692,74,4819042,True,"[383, 160, 38, 39]",25,lib/tests/builtin/host-runtime.zy,recursive
release,0,744546,692,74,4614080,True,"[383, 160, 38, 39]",26,lib/tests/builtin/host-runtime.zy,jobs
release,0,772040,692,74,5326709,True,"[383, 160, 38, 39]",26,lib/tests/builtin/host-runtime.zy,baseline
release,0,722245,692,74,5056963,True,"[383, 160, 38, 39]",26,lib/tests/builtin/host-runtime.zy,explicit
release,0,758874,692,74,4814586,True,"[383, 160, 38, 39]",26,lib/tests/builtin/host-runtime.zy,recursive
release,0,733251,692,74,4925375,True,"[383, 160, 38, 39]",26,lib/tests/builtin/host-runtime.zy,original
release,0,779373,692,74,5345496,True,"[383, 160, 38, 39]",27,lib/tests/builtin/host-runtime.zy,baseline
release,0,727378,692,74,5001666,True,"[383, 160, 38, 39]",27,lib/tests/builtin/host-runtime.zy,explicit
release,0,737756,692,74,4824124,True,"[383, 160, 38, 39]",27,lib/tests/builtin/host-runtime.zy,recursive
release,0,701707,692,74,4900875,True,"[383, 160, 38, 39]",27,lib/tests/builtin/host-runtime.zy,original
release,0,704793,692,74,4622876,True,"[383, 160, 38, 39]",27,lib/tests/builtin/host-runtime.zy,jobs
release,0,733336,692,74,5194545,True,"[383, 160, 38, 39]",28,lib/tests/builtin/host-runtime.zy,explicit
release,0,709751,692,74,4797540,True,"[383, 160, 38, 39]",28,lib/tests/builtin/host-runtime.zy,recursive
release,0,735000,692,74,4857745,True,"[383, 160, 38, 39]",28,lib/tests/builtin/host-runtime.zy,original
release,0,729211,692,74,4642458,True,"[383, 160, 38, 39]",28,lib/tests/builtin/host-runtime.zy,jobs
release,0,720328,692,74,5314080,True,"[383, 160, 38, 39]",28,lib/tests/builtin/host-runtime.zy,baseline
release,0,701160,692,74,4784092,True,"[383, 160, 38, 39]",29,lib/tests/builtin/host-runtime.zy,recursive
release,0,711416,692,74,4893876,True,"[383, 160, 38, 39]",29,lib/tests/builtin/host-runtime.zy,original
release,0,697622,692,74,4473215,True,"[383, 160, 38, 39]",29,lib/tests/builtin/host-runtime.zy,jobs
release,0,701128,692,74,5331293,True,"[383, 160, 38, 39]",29,lib/tests/builtin/host-runtime.zy,baseline
release,0,727118,692,74,5158712,True,"[383, 160, 38, 39]",29,lib/tests/builtin/host-runtime.zy,explicit
release,0,708915,692,74,4903829,True,"[383, 160, 38, 39]",30,lib/tests/builtin/host-runtime.zy,original
release,0,750166,692,74,4519624,True,"[383, 160, 38, 39]",30,lib/tests/builtin/host-runtime.zy,jobs
release,0,796248,692,74,6102459,True,"[383, 160, 38, 39]",30,lib/tests/builtin/host-runtime.zy,baseline
release,0,775460,692,74,5194587,True,"[383, 160, 38, 39]",30,lib/tests/builtin/host-runtime.zy,explicit
release,0,739581,692,74,4888413,True,"[383, 160, 38, 39]",30,lib/tests/builtin/host-runtime.zy,recursive
release,0,761118,692,74,4564456,True,"[383, 160, 38, 39]",31,lib/tests/builtin/host-runtime.zy,jobs
release,0,715665,692,74,5293578,True,"[383, 160, 38, 39]",31,lib/tests/builtin/host-runtime.zy,baseline
release,0,717824,692,74,5009963,True,"[383, 160, 38, 39]",31,lib/tests/builtin/host-runtime.zy,explicit
release,0,723664,692,74,4931339,True,"[383, 160, 38, 39]",31,lib/tests/builtin/host-runtime.zy,recursive
release,0,710411,692,74,4917421,True,"[383, 160, 38, 39]",31,lib/tests/builtin/host-runtime.zy,original
release,0,729209,692,74,5325785,True,"[383, 160, 38, 39]",32,lib/tests/builtin/host-runtime.zy,baseline
release,0,794752,692,74,5017415,True,"[383, 160, 38, 39]",32,lib/tests/builtin/host-runtime.zy,explicit
release,0,722537,692,74,4784421,True,"[383, 160, 38, 39]",32,lib/tests/builtin/host-runtime.zy,recursive
release,0,779047,692,74,4939659,True,"[383, 160, 38, 39]",32,lib/tests/builtin/host-runtime.zy,original
release,0,717630,692,74,4537915,True,"[383, 160, 38, 39]",32,lib/tests/builtin/host-runtime.zy,jobs
release,0,729537,692,74,5049832,True,"[383, 160, 38, 39]",33,lib/tests/builtin/host-runtime.zy,explicit
release,0,728335,692,74,4972124,True,"[383, 160, 38, 39]",33,lib/tests/builtin/host-runtime.zy,recursive
release,0,766086,692,74,4932252,True,"[383, 160, 38, 39]",33,lib/tests/builtin/host-runtime.zy,original
release,0,728461,692,74,4548251,True,"[383, 160, 38, 39]",33,lib/tests/builtin/host-runtime.zy,jobs
release,0,702583,692,74,5363081,True,"[383, 160, 38, 39]",33,lib/tests/builtin/host-runtime.zy,baseline
release,0,731170,692,74,4745747,True,"[383, 160, 38, 39]",34,lib/tests/builtin/host-runtime.zy,recursive
release,0,702457,692,74,4905123,True,"[383, 160, 38, 39]",34,lib/tests/builtin/host-runtime.zy,original
release,0,708500,692,74,4536334,True,"[383, 160, 38, 39]",34,lib/tests/builtin/host-runtime.zy,jobs
release,0,717421,692,74,5383500,True,"[383, 160, 38, 39]",34,lib/tests/builtin/host-runtime.zy,baseline
release,0,694415,692,74,4912999,True,"[383, 160, 38, 39]",34,lib/tests/builtin/host-runtime.zy,explicit
release,0,741252,692,74,4924668,True,"[383, 160, 38, 39]",35,lib/tests/builtin/host-runtime.zy,original
release,0,689917,692,74,4520796,True,"[383, 160, 38, 39]",35,lib/tests/builtin/host-runtime.zy,jobs
release,0,763918,692,74,5463629,True,"[383, 160, 38, 39]",35,lib/tests/builtin/host-runtime.zy,baseline
release,0,767873,692,74,5273339,True,"[383, 160, 38, 39]",35,lib/tests/builtin/host-runtime.zy,explicit
release,0,776253,692,74,4872545,True,"[383, 160, 38, 39]",35,lib/tests/builtin/host-runtime.zy,recursive
release,0,718541,692,74,4571168,True,"[383, 160, 38, 39]",36,lib/tests/builtin/host-runtime.zy,jobs
release,0,713420,692,74,5302791,True,"[383, 160, 38, 39]",36,lib/tests/builtin/host-runtime.zy,baseline
release,0,738416,692,74,5153542,True,"[383, 160, 38, 39]",36,lib/tests/builtin/host-runtime.zy,explicit
release,0,718964,692,74,4823916,True,"[383, 160, 38, 39]",36,lib/tests/builtin/host-runtime.zy,recursive
release,0,764537,692,74,5117423,True,"[383, 160, 38, 39]",36,lib/tests/builtin/host-runtime.zy,original
release,0,739789,692,74,5430922,True,"[383, 160, 38, 39]",37,lib/tests/builtin/host-runtime.zy,baseline
release,0,695328,692,74,4972373,True,"[383, 160, 38, 39]",37,lib/tests/builtin/host-runtime.zy,explicit
release,0,728374,692,74,4853834,True,"[383, 160, 38, 39]",37,lib/tests/builtin/host-runtime.zy,recursive
release,0,699419,692,74,4887212,True,"[383, 160, 38, 39]",37,lib/tests/builtin/host-runtime.zy,original
release,0,693127,692,74,4664917,True,"[383, 160, 38, 39]",37,lib/tests/builtin/host-runtime.zy,jobs
release,0,760079,692,74,4968379,True,"[383, 160, 38, 39]",38,lib/tests/builtin/host-runtime.zy,explicit
release,0,724879,692,74,4814000,True,"[383, 160, 38, 39]",38,lib/tests/builtin/host-runtime.zy,recursive
release,0,712665,692,74,4964293,True,"[383, 160, 38, 39]",38,lib/tests/builtin/host-runtime.zy,original
release,0,709505,692,74,4709581,True,"[383, 160, 38, 39]",38,lib/tests/builtin/host-runtime.zy,jobs
release,0,776832,692,74,5859997,True,"[383, 160, 38, 39]",38,lib/tests/builtin/host-runtime.zy,baseline
release,0,686161,692,74,4777209,True,"[383, 160, 38, 39]",39,lib/tests/builtin/host-runtime.zy,recursive
release,0,714788,692,74,4845627,True,"[383, 160, 38, 39]",39,lib/tests/builtin/host-runtime.zy,original
release,0,702836,692,74,4453288,True,"[383, 160, 38, 39]",39,lib/tests/builtin/host-runtime.zy,jobs
release,0,704210,692,74,5273580,True,"[383, 160, 38, 39]",39,lib/tests/builtin/host-runtime.zy,baseline
release,0,717499,692,74,5034085,True,"[383, 160, 38, 39]",39,lib/tests/builtin/host-runtime.zy,explicit
release,0,837410,251,158,5212465,False,"[191, 52, 14, 0]",0,lib/tests/delimcc/reset-shift-k.zy,original
release,0,698294,251,158,4433001,False,"[191, 52, 14, 0]",0,lib/tests/delimcc/reset-shift-k.zy,jobs
release,0,694085,251,158,5427541,False,"[191, 52, 14, 0]",0,lib/tests/delimcc/reset-shift-k.zy,baseline
release,0,699995,251,158,5240207,False,"[191, 52, 14, 0]",0,lib/tests/delimcc/reset-shift-k.zy,explicit
release,0,727716,251,158,4962631,False,"[191, 52, 14, 0]",0,lib/tests/delimcc/reset-shift-k.zy,recursive
release,0,713003,251,158,4565917,False,"[191, 52, 14, 0]",1,lib/tests/delimcc/reset-shift-k.zy,jobs
release,0,838875,251,158,5844707,False,"[191, 52, 14, 0]",1,lib/tests/delimcc/reset-shift-k.zy,baseline
release,0,823367,251,158,5465834,False,"[191, 52, 14, 0]",1,lib/tests/delimcc/reset-shift-k.zy,explicit
release,0,710085,251,158,4931619,False,"[191, 52, 14, 0]",1,lib/tests/delimcc/reset-shift-k.zy,recursive
release,0,749503,251,158,5296294,False,"[191, 52, 14, 0]",1,lib/tests/delimcc/reset-shift-k.zy,original
release,0,738215,251,158,5501290,False,"[191, 52, 14, 0]",2,lib/tests/delimcc/reset-shift-k.zy,baseline
release,0,784456,251,158,5371748,False,"[191, 52, 14, 0]",2,lib/tests/delimcc/reset-shift-k.zy,explicit
release,0,689459,251,158,4887583,False,"[191, 52, 14, 0]",2,lib/tests/delimcc/reset-shift-k.zy,recursive
release,0,784213,251,158,5315246,False,"[191, 52, 14, 0]",2,lib/tests/delimcc/reset-shift-k.zy,original
release,0,783297,251,158,4855247,False,"[191, 52, 14, 0]",2,lib/tests/delimcc/reset-shift-k.zy,jobs
release,0,709201,251,158,5094670,False,"[191, 52, 14, 0]",3,lib/tests/delimcc/reset-shift-k.zy,explicit
release,0,717331,251,158,4917421,False,"[191, 52, 14, 0]",3,lib/tests/delimcc/reset-shift-k.zy,recursive
release,0,694327,251,158,4862286,False,"[191, 52, 14, 0]",3,lib/tests/delimcc/reset-shift-k.zy,original
release,0,667118,251,158,4542751,False,"[191, 52, 14, 0]",3,lib/tests/delimcc/reset-shift-k.zy,jobs
release,0,728248,251,158,5475578,False,"[191, 52, 14, 0]",3,lib/tests/delimcc/reset-shift-k.zy,baseline
release,0,708086,251,158,4910283,False,"[191, 52, 14, 0]",4,lib/tests/delimcc/reset-shift-k.zy,recursive
release,0,717415,251,158,4952756,False,"[191, 52, 14, 0]",4,lib/tests/delimcc/reset-shift-k.zy,original
release,0,716625,251,158,4527497,False,"[191, 52, 14, 0]",4,lib/tests/delimcc/reset-shift-k.zy,jobs
release,0,716951,251,158,5843545,False,"[191, 52, 14, 0]",4,lib/tests/delimcc/reset-shift-k.zy,baseline
release,0,694579,251,158,5104374,False,"[191, 52, 14, 0]",4,lib/tests/delimcc/reset-shift-k.zy,explicit
release,0,724875,251,158,5006417,False,"[191, 52, 14, 0]",5,lib/tests/delimcc/reset-shift-k.zy,original
release,0,730367,251,158,4609877,False,"[191, 52, 14, 0]",5,lib/tests/delimcc/reset-shift-k.zy,jobs
release,0,758631,251,158,5592748,False,"[191, 52, 14, 0]",5,lib/tests/delimcc/reset-shift-k.zy,baseline
release,0,637121,251,158,5007705,False,"[191, 52, 14, 0]",5,lib/tests/delimcc/reset-shift-k.zy,explicit
release,0,686831,251,158,4812456,False,"[191, 52, 14, 0]",5,lib/tests/delimcc/reset-shift-k.zy,recursive
release,0,739416,251,158,4410878,False,"[191, 52, 14, 0]",6,lib/tests/delimcc/reset-shift-k.zy,jobs
release,0,656376,251,158,5214545,False,"[191, 52, 14, 0]",6,lib/tests/delimcc/reset-shift-k.zy,baseline
release,0,642463,251,158,4981913,False,"[191, 52, 14, 0]",6,lib/tests/delimcc/reset-shift-k.zy,explicit
release,0,651758,251,158,4805834,False,"[191, 52, 14, 0]",6,lib/tests/delimcc/reset-shift-k.zy,recursive
release,0,660909,251,158,4932754,False,"[191, 52, 14, 0]",6,lib/tests/delimcc/reset-shift-k.zy,original
release,0,682710,251,158,5296538,False,"[191, 52, 14, 0]",7,lib/tests/delimcc/reset-shift-k.zy,baseline
release,0,650958,251,158,4923038,False,"[191, 52, 14, 0]",7,lib/tests/delimcc/reset-shift-k.zy,explicit
release,0,637168,251,158,4831843,False,"[191, 52, 14, 0]",7,lib/tests/delimcc/reset-shift-k.zy,recursive
release,0,645030,251,158,4805884,False,"[191, 52, 14, 0]",7,lib/tests/delimcc/reset-shift-k.zy,original
release,0,639081,251,158,4467128,False,"[191, 52, 14, 0]",7,lib/tests/delimcc/reset-shift-k.zy,jobs
release,0,645166,251,158,4991122,False,"[191, 52, 14, 0]",8,lib/tests/delimcc/reset-shift-k.zy,explicit
release,0,640663,251,158,4736421,False,"[191, 52, 14, 0]",8,lib/tests/delimcc/reset-shift-k.zy,recursive
release,0,615709,251,158,4787749,False,"[191, 52, 14, 0]",8,lib/tests/delimcc/reset-shift-k.zy,original
release,0,656198,251,158,4416411,False,"[191, 52, 14, 0]",8,lib/tests/delimcc/reset-shift-k.zy,jobs
release,0,644370,251,158,5207460,False,"[191, 52, 14, 0]",8,lib/tests/delimcc/reset-shift-k.zy,baseline
release,0,618581,251,158,4736088,False,"[191, 52, 14, 0]",9,lib/tests/delimcc/reset-shift-k.zy,recursive
release,0,621620,251,158,4729997,False,"[191, 52, 14, 0]",9,lib/tests/delimcc/reset-shift-k.zy,original
release,0,635506,251,158,4380748,False,"[191, 52, 14, 0]",9,lib/tests/delimcc/reset-shift-k.zy,jobs
release,0,638078,251,158,5191212,False,"[191, 52, 14, 0]",9,lib/tests/delimcc/reset-shift-k.zy,baseline
release,0,636825,251,158,4922418,False,"[191, 52, 14, 0]",9,lib/tests/delimcc/reset-shift-k.zy,explicit
release,0,646002,251,158,4776877,False,"[191, 52, 14, 0]",10,lib/tests/delimcc/reset-shift-k.zy,original
release,0,638958,251,158,4305038,False,"[191, 52, 14, 0]",10,lib/tests/delimcc/reset-shift-k.zy,jobs
release,0,621165,251,158,5171760,False,"[191, 52, 14, 0]",10,lib/tests/delimcc/reset-shift-k.zy,baseline
release,0,634160,251,158,5043112,False,"[191, 52, 14, 0]",10,lib/tests/delimcc/reset-shift-k.zy,explicit
release,0,662667,251,158,4805918,False,"[191, 52, 14, 0]",10,lib/tests/delimcc/reset-shift-k.zy,recursive
release,0,678080,251,158,4418503,False,"[191, 52, 14, 0]",11,lib/tests/delimcc/reset-shift-k.zy,jobs
release,0,794090,251,158,5744964,False,"[191, 52, 14, 0]",11,lib/tests/delimcc/reset-shift-k.zy,baseline
release,0,637258,251,158,4917334,False,"[191, 52, 14, 0]",11,lib/tests/delimcc/reset-shift-k.zy,explicit
release,0,639172,251,158,4749087,False,"[191, 52, 14, 0]",11,lib/tests/delimcc/reset-shift-k.zy,recursive
release,0,686335,251,158,5066369,False,"[191, 52, 14, 0]",11,lib/tests/delimcc/reset-shift-k.zy,original
release,0,646658,251,158,5236786,False,"[191, 52, 14, 0]",12,lib/tests/delimcc/reset-shift-k.zy,baseline
release,0,682837,251,158,4977615,False,"[191, 52, 14, 0]",12,lib/tests/delimcc/reset-shift-k.zy,explicit
release,0,688713,251,158,4817334,False,"[191, 52, 14, 0]",12,lib/tests/delimcc/reset-shift-k.zy,recursive
release,0,702591,251,158,5007034,False,"[191, 52, 14, 0]",12,lib/tests/delimcc/reset-shift-k.zy,original
release,0,661043,251,158,4377506,False,"[191, 52, 14, 0]",12,lib/tests/delimcc/reset-shift-k.zy,jobs
release,0,650421,251,158,4961914,False,"[191, 52, 14, 0]",13,lib/tests/delimcc/reset-shift-k.zy,explicit
release,0,666911,251,158,4738537,False,"[191, 52, 14, 0]",13,lib/tests/delimcc/reset-shift-k.zy,recursive
release,0,654583,251,158,4785421,False,"[191, 52, 14, 0]",13,lib/tests/delimcc/reset-shift-k.zy,original
release,0,662927,251,158,4406089,False,"[191, 52, 14, 0]",13,lib/tests/delimcc/reset-shift-k.zy,jobs
release,0,642545,251,158,5273663,False,"[191, 52, 14, 0]",13,lib/tests/delimcc/reset-shift-k.zy,baseline
release,0,649881,251,158,4720197,False,"[191, 52, 14, 0]",14,lib/tests/delimcc/reset-shift-k.zy,recursive
release,0,629133,251,158,4808002,False,"[191, 52, 14, 0]",14,lib/tests/delimcc/reset-shift-k.zy,original
release,0,661123,251,158,4451740,False,"[191, 52, 14, 0]",14,lib/tests/delimcc/reset-shift-k.zy,jobs
release,0,841166,251,158,5355541,False,"[191, 52, 14, 0]",14,lib/tests/delimcc/reset-shift-k.zy,baseline
release,0,657798,251,158,4974665,False,"[191, 52, 14, 0]",14,lib/tests/delimcc/reset-shift-k.zy,explicit
release,0,684786,251,158,5057128,False,"[191, 52, 14, 0]",15,lib/tests/delimcc/reset-shift-k.zy,original
release,0,621297,251,158,4408167,False,"[191, 52, 14, 0]",15,lib/tests/delimcc/reset-shift-k.zy,jobs
release,0,654290,251,158,5223586,False,"[191, 52, 14, 0]",15,lib/tests/delimcc/reset-shift-k.zy,baseline
release,0,673627,251,158,5055468,False,"[191, 52, 14, 0]",15,lib/tests/delimcc/reset-shift-k.zy,explicit
release,0,639418,251,158,4729538,False,"[191, 52, 14, 0]",15,lib/tests/delimcc/reset-shift-k.zy,recursive
release,0,648453,251,158,4350575,False,"[191, 52, 14, 0]",16,lib/tests/delimcc/reset-shift-k.zy,jobs
release,0,729578,251,158,5518294,False,"[191, 52, 14, 0]",16,lib/tests/delimcc/reset-shift-k.zy,baseline
release,0,656415,251,158,5140748,False,"[191, 52, 14, 0]",16,lib/tests/delimcc/reset-shift-k.zy,explicit
release,0,634741,251,158,4694197,False,"[191, 52, 14, 0]",16,lib/tests/delimcc/reset-shift-k.zy,recursive
release,0,625667,251,158,4793709,False,"[191, 52, 14, 0]",16,lib/tests/delimcc/reset-shift-k.zy,original
release,0,759790,251,158,5474549,False,"[191, 52, 14, 0]",17,lib/tests/delimcc/reset-shift-k.zy,baseline
release,0,640797,251,158,5002874,False,"[191, 52, 14, 0]",17,lib/tests/delimcc/reset-shift-k.zy,explicit
release,0,646919,251,158,4781207,False,"[191, 52, 14, 0]",17,lib/tests/delimcc/reset-shift-k.zy,recursive
release,0,645748,251,158,4851461,False,"[191, 52, 14, 0]",17,lib/tests/delimcc/reset-shift-k.zy,original
release,0,674505,251,158,4449580,False,"[191, 52, 14, 0]",17,lib/tests/delimcc/reset-shift-k.zy,jobs
release,0,642705,251,158,4971378,False,"[191, 52, 14, 0]",18,lib/tests/delimcc/reset-shift-k.zy,explicit
release,0,654421,251,158,4836197,False,"[191, 52, 14, 0]",18,lib/tests/delimcc/reset-shift-k.zy,recursive
release,0,641124,251,158,4844836,False,"[191, 52, 14, 0]",18,lib/tests/delimcc/reset-shift-k.zy,original
release,0,646668,251,158,4384670,False,"[191, 52, 14, 0]",18,lib/tests/delimcc/reset-shift-k.zy,jobs
release,0,638085,251,158,5421666,False,"[191, 52, 14, 0]",18,lib/tests/delimcc/reset-shift-k.zy,baseline
release,0,672417,251,158,4911120,False,"[191, 52, 14, 0]",19,lib/tests/delimcc/reset-shift-k.zy,recursive
release,0,649421,251,158,4927834,False,"[191, 52, 14, 0]",19,lib/tests/delimcc/reset-shift-k.zy,original
release,0,641828,251,158,4434955,False,"[191, 52, 14, 0]",19,lib/tests/delimcc/reset-shift-k.zy,jobs
release,0,648173,251,158,5286581,False,"[191, 52, 14, 0]",19,lib/tests/delimcc/reset-shift-k.zy,baseline
release,0,653668,251,158,5022963,False,"[191, 52, 14, 0]",19,lib/tests/delimcc/reset-shift-k.zy,explicit
release,0,658759,251,158,4860703,False,"[191, 52, 14, 0]",20,lib/tests/delimcc/reset-shift-k.zy,original
release,0,641087,251,158,4353206,False,"[191, 52, 14, 0]",20,lib/tests/delimcc/reset-shift-k.zy,jobs
release,0,662042,251,158,5264368,False,"[191, 52, 14, 0]",20,lib/tests/delimcc/reset-shift-k.zy,baseline
release,0,642544,251,158,5093453,False,"[191, 52, 14, 0]",20,lib/tests/delimcc/reset-shift-k.zy,explicit
release,0,620956,251,158,4726126,False,"[191, 52, 14, 0]",20,lib/tests/delimcc/reset-shift-k.zy,recursive
release,0,634875,251,158,4341458,False,"[191, 52, 14, 0]",21,lib/tests/delimcc/reset-shift-k.zy,jobs
release,0,744318,251,158,5302955,False,"[191, 52, 14, 0]",21,lib/tests/delimcc/reset-shift-k.zy,baseline
release,0,646331,251,158,4929415,False,"[191, 52, 14, 0]",21,lib/tests/delimcc/reset-shift-k.zy,explicit
release,0,637299,251,158,4797130,False,"[191, 52, 14, 0]",21,lib/tests/delimcc/reset-shift-k.zy,recursive
release,0,746376,251,158,5166289,False,"[191, 52, 14, 0]",21,lib/tests/delimcc/reset-shift-k.zy,original
release,0,726245,251,158,5546789,False,"[191, 52, 14, 0]",22,lib/tests/delimcc/reset-shift-k.zy,baseline
release,0,719668,251,158,5206296,False,"[191, 52, 14, 0]",22,lib/tests/delimcc/reset-shift-k.zy,explicit
release,0,634245,251,158,4707581,False,"[191, 52, 14, 0]",22,lib/tests/delimcc/reset-shift-k.zy,recursive
release,0,649706,251,158,4869791,False,"[191, 52, 14, 0]",22,lib/tests/delimcc/reset-shift-k.zy,original
release,0,729962,251,158,4626743,False,"[191, 52, 14, 0]",22,lib/tests/delimcc/reset-shift-k.zy,jobs
release,0,706506,251,158,5061668,False,"[191, 52, 14, 0]",23,lib/tests/delimcc/reset-shift-k.zy,explicit
release,0,686252,251,158,4847171,False,"[191, 52, 14, 0]",23,lib/tests/delimcc/reset-shift-k.zy,recursive
release,0,662466,251,158,4894119,False,"[191, 52, 14, 0]",23,lib/tests/delimcc/reset-shift-k.zy,original
release,0,659211,251,158,4342662,False,"[191, 52, 14, 0]",23,lib/tests/delimcc/reset-shift-k.zy,jobs
release,0,744667,251,158,5634293,False,"[191, 52, 14, 0]",23,lib/tests/delimcc/reset-shift-k.zy,baseline
release,0,744501,251,158,5531585,False,"[191, 52, 14, 0]",24,lib/tests/delimcc/reset-shift-k.zy,recursive
release,0,729332,251,158,5060760,False,"[191, 52, 14, 0]",24,lib/tests/delimcc/reset-shift-k.zy,original
release,0,737044,251,158,4687213,False,"[191, 52, 14, 0]",24,lib/tests/delimcc/reset-shift-k.zy,jobs
release,0,727585,251,158,5489572,False,"[191, 52, 14, 0]",24,lib/tests/delimcc/reset-shift-k.zy,baseline
release,0,719922,251,158,5164621,False,"[191, 52, 14, 0]",24,lib/tests/delimcc/reset-shift-k.zy,explicit
release,0,672254,251,158,4980963,False,"[191, 52, 14, 0]",25,lib/tests/delimcc/reset-shift-k.zy,original
release,0,749583,251,158,4516501,False,"[191, 52, 14, 0]",25,lib/tests/delimcc/reset-shift-k.zy,jobs
release,0,716831,251,158,5451045,False,"[191, 52, 14, 0]",25,lib/tests/delimcc/reset-shift-k.zy,baseline
release,0,705013,251,158,5101922,False,"[191, 52, 14, 0]",25,lib/tests/delimcc/reset-shift-k.zy,explicit
release,0,680716,251,158,4754955,False,"[191, 52, 14, 0]",25,lib/tests/delimcc/reset-shift-k.zy,recursive
release,0,670372,251,158,4469129,False,"[191, 52, 14, 0]",26,lib/tests/delimcc/reset-shift-k.zy,jobs
release,0,719586,251,158,5509988,False,"[191, 52, 14, 0]",26,lib/tests/delimcc/reset-shift-k.zy,baseline
release,0,721587,251,158,5276835,False,"[191, 52, 14, 0]",26,lib/tests/delimcc/reset-shift-k.zy,explicit
release,0,711834,251,158,4888165,False,"[191, 52, 14, 0]",26,lib/tests/delimcc/reset-shift-k.zy,recursive
release,0,695953,251,158,4977715,False,"[191, 52, 14, 0]",26,lib/tests/delimcc/reset-shift-k.zy,original
release,0,772923,251,158,5772164,False,"[191, 52, 14, 0]",27,lib/tests/delimcc/reset-shift-k.zy,baseline
release,0,768296,251,158,5448876,False,"[191, 52, 14, 0]",27,lib/tests/delimcc/reset-shift-k.zy,explicit
release,0,727457,251,158,5115704,False,"[191, 52, 14, 0]",27,lib/tests/delimcc/reset-shift-k.zy,recursive
release,0,762333,251,158,5270796,False,"[191, 52, 14, 0]",27,lib/tests/delimcc/reset-shift-k.zy,original
release,0,732879,251,158,4488788,False,"[191, 52, 14, 0]",27,lib/tests/delimcc/reset-shift-k.zy,jobs
release,0,770009,251,158,5440959,False,"[191, 52, 14, 0]",28,lib/tests/delimcc/reset-shift-k.zy,explicit
release,0,694547,251,158,4903710,False,"[191, 52, 14, 0]",28,lib/tests/delimcc/reset-shift-k.zy,recursive
release,0,691039,251,158,5023797,False,"[191, 52, 14, 0]",28,lib/tests/delimcc/reset-shift-k.zy,original
release,0,665207,251,158,4401917,False,"[191, 52, 14, 0]",28,lib/tests/delimcc/reset-shift-k.zy,jobs
release,0,683788,251,158,5396130,False,"[191, 52, 14, 0]",28,lib/tests/delimcc/reset-shift-k.zy,baseline
release,0,659161,251,158,4771119,False,"[191, 52, 14, 0]",29,lib/tests/delimcc/reset-shift-k.zy,recursive
release,0,690001,251,158,4932698,False,"[191, 52, 14, 0]",29,lib/tests/delimcc/reset-shift-k.zy,original
release,0,661118,251,158,4512673,False,"[191, 52, 14, 0]",29,lib/tests/delimcc/reset-shift-k.zy,jobs
release,0,649126,251,158,5299961,False,"[191, 52, 14, 0]",29,lib/tests/delimcc/reset-shift-k.zy,baseline
release,0,669964,251,158,4985242,False,"[191, 52, 14, 0]",29,lib/tests/delimcc/reset-shift-k.zy,explicit
release,0,741916,251,158,5004290,False,"[191, 52, 14, 0]",30,lib/tests/delimcc/reset-shift-k.zy,original
release,0,679624,251,158,4416342,False,"[191, 52, 14, 0]",30,lib/tests/delimcc/reset-shift-k.zy,jobs
release,0,659925,251,158,5366582,False,"[191, 52, 14, 0]",30,lib/tests/delimcc/reset-shift-k.zy,baseline
release,0,654548,251,158,5052711,False,"[191, 52, 14, 0]",30,lib/tests/delimcc/reset-shift-k.zy,explicit
release,0,675716,251,158,4812998,False,"[191, 52, 14, 0]",30,lib/tests/delimcc/reset-shift-k.zy,recursive
release,0,665376,251,158,4347862,False,"[191, 52, 14, 0]",31,lib/tests/delimcc/reset-shift-k.zy,jobs
release,0,648716,251,158,5297249,False,"[191, 52, 14, 0]",31,lib/tests/delimcc/reset-shift-k.zy,baseline
release,0,672918,251,158,5121760,False,"[191, 52, 14, 0]",31,lib/tests/delimcc/reset-shift-k.zy,explicit
release,0,666503,251,158,4772325,False,"[191, 52, 14, 0]",31,lib/tests/delimcc/reset-shift-k.zy,recursive
release,0,643996,251,158,4795417,False,"[191, 52, 14, 0]",31,lib/tests/delimcc/reset-shift-k.zy,original
release,0,665383,251,158,5284953,False,"[191, 52, 14, 0]",32,lib/tests/delimcc/reset-shift-k.zy,baseline
release,0,663008,251,158,4944037,False,"[191, 52, 14, 0]",32,lib/tests/delimcc/reset-shift-k.zy,explicit
release,0,658835,251,158,4751416,False,"[191, 52, 14, 0]",32,lib/tests/delimcc/reset-shift-k.zy,recursive
release,0,663917,251,158,4912624,False,"[191, 52, 14, 0]",32,lib/tests/delimcc/reset-shift-k.zy,original
release,0,668966,251,158,4535878,False,"[191, 52, 14, 0]",32,lib/tests/delimcc/reset-shift-k.zy,jobs
release,0,671830,251,158,5124039,False,"[191, 52, 14, 0]",33,lib/tests/delimcc/reset-shift-k.zy,explicit
release,0,717380,251,158,5161414,False,"[191, 52, 14, 0]",33,lib/tests/delimcc/reset-shift-k.zy,recursive
release,0,642085,251,158,4897050,False,"[191, 52, 14, 0]",33,lib/tests/delimcc/reset-shift-k.zy,original
release,0,674371,251,158,4392123,False,"[191, 52, 14, 0]",33,lib/tests/delimcc/reset-shift-k.zy,jobs
release,0,664546,251,158,5336246,False,"[191, 52, 14, 0]",33,lib/tests/delimcc/reset-shift-k.zy,baseline
release,0,673881,251,158,5002582,False,"[191, 52, 14, 0]",34,lib/tests/delimcc/reset-shift-k.zy,recursive
release,0,634627,251,158,4841672,False,"[191, 52, 14, 0]",34,lib/tests/delimcc/reset-shift-k.zy,original
release,0,626696,251,158,4342531,False,"[191, 52, 14, 0]",34,lib/tests/delimcc/reset-shift-k.zy,jobs
release,0,677125,251,158,5305421,False,"[191, 52, 14, 0]",34,lib/tests/delimcc/reset-shift-k.zy,baseline
release,0,686034,251,158,5036635,False,"[191, 52, 14, 0]",34,lib/tests/delimcc/reset-shift-k.zy,explicit
release,0,693081,251,158,4900327,False,"[191, 52, 14, 0]",35,lib/tests/delimcc/reset-shift-k.zy,original
release,0,676282,251,158,4460165,False,"[191, 52, 14, 0]",35,lib/tests/delimcc/reset-shift-k.zy,jobs
release,0,673500,251,158,5403754,False,"[191, 52, 14, 0]",35,lib/tests/delimcc/reset-shift-k.zy,baseline
release,0,666116,251,158,5075126,False,"[191, 52, 14, 0]",35,lib/tests/delimcc/reset-shift-k.zy,explicit
release,0,679498,251,158,5009013,False,"[191, 52, 14, 0]",35,lib/tests/delimcc/reset-shift-k.zy,recursive
release,0,652509,251,158,4441172,False,"[191, 52, 14, 0]",36,lib/tests/delimcc/reset-shift-k.zy,jobs
release,0,668918,251,158,5453939,False,"[191, 52, 14, 0]",36,lib/tests/delimcc/reset-shift-k.zy,baseline
release,0,688252,251,158,5144997,False,"[191, 52, 14, 0]",36,lib/tests/delimcc/reset-shift-k.zy,explicit
release,0,686114,251,158,5037797,False,"[191, 52, 14, 0]",36,lib/tests/delimcc/reset-shift-k.zy,recursive
release,0,668209,251,158,4977252,False,"[191, 52, 14, 0]",36,lib/tests/delimcc/reset-shift-k.zy,original
release,0,657997,251,158,5325209,False,"[191, 52, 14, 0]",37,lib/tests/delimcc/reset-shift-k.zy,baseline
release,0,679291,251,158,5148457,False,"[191, 52, 14, 0]",37,lib/tests/delimcc/reset-shift-k.zy,explicit
release,0,686708,251,158,4791709,False,"[191, 52, 14, 0]",37,lib/tests/delimcc/reset-shift-k.zy,recursive
release,0,677090,251,158,4979078,False,"[191, 52, 14, 0]",37,lib/tests/delimcc/reset-shift-k.zy,original
release,0,722749,251,158,4456331,False,"[191, 52, 14, 0]",37,lib/tests/delimcc/reset-shift-k.zy,jobs
release,0,729456,251,158,5126961,False,"[191, 52, 14, 0]",38,lib/tests/delimcc/reset-shift-k.zy,explicit
release,0,715961,251,158,4888622,False,"[191, 52, 14, 0]",38,lib/tests/delimcc/reset-shift-k.zy,recursive
release,0,657259,251,158,4978386,False,"[191, 52, 14, 0]",38,lib/tests/delimcc/reset-shift-k.zy,original
release,0,716873,251,158,4731750,False,"[191, 52, 14, 0]",38,lib/tests/delimcc/reset-shift-k.zy,jobs
release,0,669127,251,158,5336291,False,"[191, 52, 14, 0]",38,lib/tests/delimcc/reset-shift-k.zy,baseline
release,0,635623,251,158,4774791,False,"[191, 52, 14, 0]",39,lib/tests/delimcc/reset-shift-k.zy,recursive
release,0,641999,251,158,4823542,False,"[191, 52, 14, 0]",39,lib/tests/delimcc/reset-shift-k.zy,original
release,0,674953,251,158,4678882,False,"[191, 52, 14, 0]",39,lib/tests/delimcc/reset-shift-k.zy,jobs
release,0,683828,251,158,5556165,False,"[191, 52, 14, 0]",39,lib/tests/delimcc/reset-shift-k.zy,baseline
release,0,655580,251,158,5112870,False,"[191, 52, 14, 0]",39,lib/tests/delimcc/reset-shift-k.zy,explicit
release,0,695830,251,166,4918670,True,"[184, 51, 14, 13]",0,lib/tests/delimcc/reset-shift-k.zy,original
release,0,755411,251,166,4507710,True,"[184, 51, 14, 13]",0,lib/tests/delimcc/reset-shift-k.zy,jobs
release,0,721505,251,166,5493875,True,"[184, 51, 14, 13]",0,lib/tests/delimcc/reset-shift-k.zy,baseline
release,0,676964,251,166,5164540,True,"[184, 51, 14, 13]",0,lib/tests/delimcc/reset-shift-k.zy,explicit
release,0,670907,251,166,4857498,True,"[184, 51, 14, 13]",0,lib/tests/delimcc/reset-shift-k.zy,recursive
release,0,692502,251,166,4427457,True,"[184, 51, 14, 13]",1,lib/tests/delimcc/reset-shift-k.zy,jobs
release,0,720783,251,166,5391287,True,"[184, 51, 14, 13]",1,lib/tests/delimcc/reset-shift-k.zy,baseline
release,0,660707,251,166,5061091,True,"[184, 51, 14, 13]",1,lib/tests/delimcc/reset-shift-k.zy,explicit
release,0,669457,251,166,4872626,True,"[184, 51, 14, 13]",1,lib/tests/delimcc/reset-shift-k.zy,recursive
release,0,678252,251,166,4935619,True,"[184, 51, 14, 13]",1,lib/tests/delimcc/reset-shift-k.zy,original
release,0,688083,251,166,5432579,True,"[184, 51, 14, 13]",2,lib/tests/delimcc/reset-shift-k.zy,baseline
release,0,687297,251,166,5108031,True,"[184, 51, 14, 13]",2,lib/tests/delimcc/reset-shift-k.zy,explicit
release,0,668621,251,166,4826835,True,"[184, 51, 14, 13]",2,lib/tests/delimcc/reset-shift-k.zy,recursive
release,0,673418,251,166,4881044,True,"[184, 51, 14, 13]",2,lib/tests/delimcc/reset-shift-k.zy,original
release,0,682747,251,166,4449012,True,"[184, 51, 14, 13]",2,lib/tests/delimcc/reset-shift-k.zy,jobs
release,0,675549,251,166,5062997,True,"[184, 51, 14, 13]",3,lib/tests/delimcc/reset-shift-k.zy,explicit
release,0,690834,251,166,4890332,True,"[184, 51, 14, 13]",3,lib/tests/delimcc/reset-shift-k.zy,recursive
release,0,680419,251,166,5039792,True,"[184, 51, 14, 13]",3,lib/tests/delimcc/reset-shift-k.zy,original
release,0,707955,251,166,4558077,True,"[184, 51, 14, 13]",3,lib/tests/delimcc/reset-shift-k.zy,jobs
release,0,739089,251,166,5551121,True,"[184, 51, 14, 13]",3,lib/tests/delimcc/reset-shift-k.zy,baseline
release,0,699954,251,166,4883033,True,"[184, 51, 14, 13]",4,lib/tests/delimcc/reset-shift-k.zy,recursive
release,0,702460,251,166,4948413,True,"[184, 51, 14, 13]",4,lib/tests/delimcc/reset-shift-k.zy,original
release,0,700006,251,166,4643908,True,"[184, 51, 14, 13]",4,lib/tests/delimcc/reset-shift-k.zy,jobs
release,0,764918,251,166,6531380,True,"[184, 51, 14, 13]",4,lib/tests/delimcc/reset-shift-k.zy,baseline
release,0,701923,251,166,5075129,True,"[184, 51, 14, 13]",4,lib/tests/delimcc/reset-shift-k.zy,explicit
release,0,680213,251,166,4967211,True,"[184, 51, 14, 13]",5,lib/tests/delimcc/reset-shift-k.zy,original
release,0,664741,251,166,4512165,True,"[184, 51, 14, 13]",5,lib/tests/delimcc/reset-shift-k.zy,jobs
release,0,682461,251,166,5348200,True,"[184, 51, 14, 13]",5,lib/tests/delimcc/reset-shift-k.zy,baseline
release,0,715914,251,166,5094246,True,"[184, 51, 14, 13]",5,lib/tests/delimcc/reset-shift-k.zy,explicit
release,0,730038,251,166,5158239,True,"[184, 51, 14, 13]",5,lib/tests/delimcc/reset-shift-k.zy,recursive
release,0,684848,251,166,4543626,True,"[184, 51, 14, 13]",6,lib/tests/delimcc/reset-shift-k.zy,jobs
release,0,942072,251,166,6993118,True,"[184, 51, 14, 13]",6,lib/tests/delimcc/reset-shift-k.zy,baseline
release,0,952794,251,166,5967788,True,"[184, 51, 14, 13]",6,lib/tests/delimcc/reset-shift-k.zy,explicit
release,0,713628,251,166,4957874,True,"[184, 51, 14, 13]",6,lib/tests/delimcc/reset-shift-k.zy,recursive
release,0,853326,251,166,5349126,True,"[184, 51, 14, 13]",6,lib/tests/delimcc/reset-shift-k.zy,original
release,0,669875,251,166,5484541,True,"[184, 51, 14, 13]",7,lib/tests/delimcc/reset-shift-k.zy,baseline
release,0,698461,251,166,5072031,True,"[184, 51, 14, 13]",7,lib/tests/delimcc/reset-shift-k.zy,explicit
release,0,716295,251,166,5046833,True,"[184, 51, 14, 13]",7,lib/tests/delimcc/reset-shift-k.zy,recursive
release,0,677669,251,166,5074161,True,"[184, 51, 14, 13]",7,lib/tests/delimcc/reset-shift-k.zy,original
release,0,713960,251,166,4624412,True,"[184, 51, 14, 13]",7,lib/tests/delimcc/reset-shift-k.zy,jobs
release,0,693412,251,166,5059160,True,"[184, 51, 14, 13]",8,lib/tests/delimcc/reset-shift-k.zy,explicit
release,0,671042,251,166,5032417,True,"[184, 51, 14, 13]",8,lib/tests/delimcc/reset-shift-k.zy,recursive
release,0,676203,251,166,4930460,True,"[184, 51, 14, 13]",8,lib/tests/delimcc/reset-shift-k.zy,original
release,0,702663,251,166,4500743,True,"[184, 51, 14, 13]",8,lib/tests/delimcc/reset-shift-k.zy,jobs
release,0,726831,251,166,5522367,True,"[184, 51, 14, 13]",8,lib/tests/delimcc/reset-shift-k.zy,baseline
release,0,679877,251,166,4843709,True,"[184, 51, 14, 13]",9,lib/tests/delimcc/reset-shift-k.zy,recursive
release,0,672584,251,166,5046794,True,"[184, 51, 14, 13]",9,lib/tests/delimcc/reset-shift-k.zy,original
release,0,792884,251,166,4939875,True,"[184, 51, 14, 13]",9,lib/tests/delimcc/reset-shift-k.zy,jobs
release,0,687207,251,166,5374792,True,"[184, 51, 14, 13]",9,lib/tests/delimcc/reset-shift-k.zy,baseline
release,0,672661,251,166,5176458,True,"[184, 51, 14, 13]",9,lib/tests/delimcc/reset-shift-k.zy,explicit
release,0,671578,251,166,5039206,True,"[184, 51, 14, 13]",10,lib/tests/delimcc/reset-shift-k.zy,original
release,0,666546,251,166,4608124,True,"[184, 51, 14, 13]",10,lib/tests/delimcc/reset-shift-k.zy,jobs
release,0,680333,251,166,5323083,True,"[184, 51, 14, 13]",10,lib/tests/delimcc/reset-shift-k.zy,baseline
release,0,684038,251,166,5134381,True,"[184, 51, 14, 13]",10,lib/tests/delimcc/reset-shift-k.zy,explicit
release,0,664541,251,166,4904542,True,"[184, 51, 14, 13]",10,lib/tests/delimcc/reset-shift-k.zy,recursive
release,0,688839,251,166,4811081,True,"[184, 51, 14, 13]",11,lib/tests/delimcc/reset-shift-k.zy,jobs
release,0,674660,251,166,5390830,True,"[184, 51, 14, 13]",11,lib/tests/delimcc/reset-shift-k.zy,baseline
release,0,670501,251,166,5176458,True,"[184, 51, 14, 13]",11,lib/tests/delimcc/reset-shift-k.zy,explicit
release,0,666875,251,166,4864125,True,"[184, 51, 14, 13]",11,lib/tests/delimcc/reset-shift-k.zy,recursive
release,0,664332,251,166,5012043,True,"[184, 51, 14, 13]",11,lib/tests/delimcc/reset-shift-k.zy,original
release,0,660923,251,166,5495244,True,"[184, 51, 14, 13]",12,lib/tests/delimcc/reset-shift-k.zy,baseline
release,0,671372,251,166,5033130,True,"[184, 51, 14, 13]",12,lib/tests/delimcc/reset-shift-k.zy,explicit
release,0,685706,251,166,4845502,True,"[184, 51, 14, 13]",12,lib/tests/delimcc/reset-shift-k.zy,recursive
release,0,659662,251,166,5040708,True,"[184, 51, 14, 13]",12,lib/tests/delimcc/reset-shift-k.zy,original
release,0,668452,251,166,4620838,True,"[184, 51, 14, 13]",12,lib/tests/delimcc/reset-shift-k.zy,jobs
release,0,666834,251,166,5080296,True,"[184, 51, 14, 13]",13,lib/tests/delimcc/reset-shift-k.zy,explicit
release,0,664298,251,166,4794116,True,"[184, 51, 14, 13]",13,lib/tests/delimcc/reset-shift-k.zy,recursive
release,0,677420,251,166,4994620,True,"[184, 51, 14, 13]",13,lib/tests/delimcc/reset-shift-k.zy,original
release,0,658623,251,166,4470709,True,"[184, 51, 14, 13]",13,lib/tests/delimcc/reset-shift-k.zy,jobs
release,0,639586,251,166,5350624,True,"[184, 51, 14, 13]",13,lib/tests/delimcc/reset-shift-k.zy,baseline
release,0,690370,251,166,5006955,True,"[184, 51, 14, 13]",14,lib/tests/delimcc/reset-shift-k.zy,recursive
release,0,720416,251,166,4958756,True,"[184, 51, 14, 13]",14,lib/tests/delimcc/reset-shift-k.zy,original
release,0,718463,251,166,4889378,True,"[184, 51, 14, 13]",14,lib/tests/delimcc/reset-shift-k.zy,jobs
release,0,765673,251,166,5986205,True,"[184, 51, 14, 13]",14,lib/tests/delimcc/reset-shift-k.zy,baseline
release,0,727451,251,166,5266045,True,"[184, 51, 14, 13]",14,lib/tests/delimcc/reset-shift-k.zy,explicit
release,0,692788,251,166,5010156,True,"[184, 51, 14, 13]",15,lib/tests/delimcc/reset-shift-k.zy,original
release,0,714632,251,166,4519793,True,"[184, 51, 14, 13]",15,lib/tests/delimcc/reset-shift-k.zy,jobs
release,0,699127,251,166,5315130,True,"[184, 51, 14, 13]",15,lib/tests/delimcc/reset-shift-k.zy,baseline
release,0,670592,251,166,5152041,True,"[184, 51, 14, 13]",15,lib/tests/delimcc/reset-shift-k.zy,explicit
release,0,687506,251,166,4979591,True,"[184, 51, 14, 13]",15,lib/tests/delimcc/reset-shift-k.zy,recursive
release,0,674045,251,166,4548959,True,"[184, 51, 14, 13]",16,lib/tests/delimcc/reset-shift-k.zy,jobs
release,0,757251,251,166,5361749,True,"[184, 51, 14, 13]",16,lib/tests/delimcc/reset-shift-k.zy,baseline
release,0,744134,251,166,5141796,True,"[184, 51, 14, 13]",16,lib/tests/delimcc/reset-shift-k.zy,explicit
release,0,662127,251,166,4887085,True,"[184, 51, 14, 13]",16,lib/tests/delimcc/reset-shift-k.zy,recursive
release,0,719423,251,166,5221997,True,"[184, 51, 14, 13]",16,lib/tests/delimcc/reset-shift-k.zy,original
release,0,711871,251,166,5301837,True,"[184, 51, 14, 13]",17,lib/tests/delimcc/reset-shift-k.zy,baseline
release,0,696002,251,166,5252003,True,"[184, 51, 14, 13]",17,lib/tests/delimcc/reset-shift-k.zy,explicit
release,0,706953,251,166,5062915,True,"[184, 51, 14, 13]",17,lib/tests/delimcc/reset-shift-k.zy,recursive
release,0,708875,251,166,5002215,True,"[184, 51, 14, 13]",17,lib/tests/delimcc/reset-shift-k.zy,original
release,0,738873,251,166,4859251,True,"[184, 51, 14, 13]",17,lib/tests/delimcc/reset-shift-k.zy,jobs
release,0,722457,251,166,5349254,True,"[184, 51, 14, 13]",18,lib/tests/delimcc/reset-shift-k.zy,explicit
release,0,914011,251,166,5417203,True,"[184, 51, 14, 13]",18,lib/tests/delimcc/reset-shift-k.zy,recursive
release,0,799376,251,166,5309918,True,"[184, 51, 14, 13]",18,lib/tests/delimcc/reset-shift-k.zy,original
release,0,689926,251,166,4488000,True,"[184, 51, 14, 13]",18,lib/tests/delimcc/reset-shift-k.zy,jobs
release,0,748297,251,166,5646998,True,"[184, 51, 14, 13]",18,lib/tests/delimcc/reset-shift-k.zy,baseline
release,0,708076,251,166,5275954,True,"[184, 51, 14, 13]",19,lib/tests/delimcc/reset-shift-k.zy,recursive
release,0,791792,251,166,5623595,True,"[184, 51, 14, 13]",19,lib/tests/delimcc/reset-shift-k.zy,original
release,0,848126,251,166,5170707,True,"[184, 51, 14, 13]",19,lib/tests/delimcc/reset-shift-k.zy,jobs
release,0,801202,251,166,6167004,True,"[184, 51, 14, 13]",19,lib/tests/delimcc/reset-shift-k.zy,baseline
release,0,882138,251,166,5829625,True,"[184, 51, 14, 13]",19,lib/tests/delimcc/reset-shift-k.zy,explicit
release,0,812079,251,166,5300305,True,"[184, 51, 14, 13]",20,lib/tests/delimcc/reset-shift-k.zy,original
release,0,702624,251,166,4611458,True,"[184, 51, 14, 13]",20,lib/tests/delimcc/reset-shift-k.zy,jobs
release,0,738459,251,166,5515542,True,"[184, 51, 14, 13]",20,lib/tests/delimcc/reset-shift-k.zy,baseline
release,0,740461,251,166,5429376,True,"[184, 51, 14, 13]",20,lib/tests/delimcc/reset-shift-k.zy,explicit
release,0,773206,251,166,5276457,True,"[184, 51, 14, 13]",20,lib/tests/delimcc/reset-shift-k.zy,recursive
release,0,825461,251,166,5056462,True,"[184, 51, 14, 13]",21,lib/tests/delimcc/reset-shift-k.zy,jobs
release,0,794118,251,166,5634339,True,"[184, 51, 14, 13]",21,lib/tests/delimcc/reset-shift-k.zy,baseline
release,0,827121,251,166,5525630,True,"[184, 51, 14, 13]",21,lib/tests/delimcc/reset-shift-k.zy,explicit
release,0,774799,251,166,5178416,True,"[184, 51, 14, 13]",21,lib/tests/delimcc/reset-shift-k.zy,recursive
release,0,730705,251,166,5162543,True,"[184, 51, 14, 13]",21,lib/tests/delimcc/reset-shift-k.zy,original
release,0,706418,251,166,5420995,True,"[184, 51, 14, 13]",22,lib/tests/delimcc/reset-shift-k.zy,baseline
release,0,690583,251,166,5190759,True,"[184, 51, 14, 13]",22,lib/tests/delimcc/reset-shift-k.zy,explicit
release,0,719079,251,166,5058257,True,"[184, 51, 14, 13]",22,lib/tests/delimcc/reset-shift-k.zy,recursive
release,0,696496,251,166,5099075,True,"[184, 51, 14, 13]",22,lib/tests/delimcc/reset-shift-k.zy,original
release,0,672792,251,166,4480502,True,"[184, 51, 14, 13]",22,lib/tests/delimcc/reset-shift-k.zy,jobs
release,0,823332,251,166,5114414,True,"[184, 51, 14, 13]",23,lib/tests/delimcc/reset-shift-k.zy,explicit
release,0,714588,251,166,4900494,True,"[184, 51, 14, 13]",23,lib/tests/delimcc/reset-shift-k.zy,recursive
release,0,691375,251,166,4945164,True,"[184, 51, 14, 13]",23,lib/tests/delimcc/reset-shift-k.zy,original
release,0,670128,251,166,4462658,True,"[184, 51, 14, 13]",23,lib/tests/delimcc/reset-shift-k.zy,jobs
release,0,670286,251,166,5387130,True,"[184, 51, 14, 13]",23,lib/tests/delimcc/reset-shift-k.zy,baseline
release,0,707292,251,166,4823035,True,"[184, 51, 14, 13]",24,lib/tests/delimcc/reset-shift-k.zy,recursive
release,0,694170,251,166,4849454,True,"[184, 51, 14, 13]",24,lib/tests/delimcc/reset-shift-k.zy,original
release,0,657046,251,166,4384253,True,"[184, 51, 14, 13]",24,lib/tests/delimcc/reset-shift-k.zy,jobs
release,0,706291,251,166,5452576,True,"[184, 51, 14, 13]",24,lib/tests/delimcc/reset-shift-k.zy,baseline
release,0,735960,251,166,5167831,True,"[184, 51, 14, 13]",24,lib/tests/delimcc/reset-shift-k.zy,explicit
release,0,793830,251,166,5345037,True,"[184, 51, 14, 13]",25,lib/tests/delimcc/reset-shift-k.zy,original
release,0,821957,251,166,4948301,True,"[184, 51, 14, 13]",25,lib/tests/delimcc/reset-shift-k.zy,jobs
release,0,723746,251,166,5542250,True,"[184, 51, 14, 13]",25,lib/tests/delimcc/reset-shift-k.zy,baseline
release,0,724795,251,166,5216582,True,"[184, 51, 14, 13]",25,lib/tests/delimcc/reset-shift-k.zy,explicit
release,0,716500,251,166,4958826,True,"[184, 51, 14, 13]",25,lib/tests/delimcc/reset-shift-k.zy,recursive
release,0,714553,251,166,4470995,True,"[184, 51, 14, 13]",26,lib/tests/delimcc/reset-shift-k.zy,jobs
release,0,721003,251,166,5408587,True,"[184, 51, 14, 13]",26,lib/tests/delimcc/reset-shift-k.zy,baseline
release,0,703198,251,166,5142055,True,"[184, 51, 14, 13]",26,lib/tests/delimcc/reset-shift-k.zy,explicit
release,0,676289,251,166,4909632,True,"[184, 51, 14, 13]",26,lib/tests/delimcc/reset-shift-k.zy,recursive
release,0,664419,251,166,4898497,True,"[184, 51, 14, 13]",26,lib/tests/delimcc/reset-shift-k.zy,original
release,0,681582,251,166,5405172,True,"[184, 51, 14, 13]",27,lib/tests/delimcc/reset-shift-k.zy,baseline
release,0,687168,251,166,5165832,True,"[184, 51, 14, 13]",27,lib/tests/delimcc/reset-shift-k.zy,explicit
release,0,691684,251,166,4911659,True,"[184, 51, 14, 13]",27,lib/tests/delimcc/reset-shift-k.zy,recursive
release,0,709920,251,166,4945842,True,"[184, 51, 14, 13]",27,lib/tests/delimcc/reset-shift-k.zy,original
release,0,663377,251,166,4460168,True,"[184, 51, 14, 13]",27,lib/tests/delimcc/reset-shift-k.zy,jobs
release,0,696333,251,166,5173912,True,"[184, 51, 14, 13]",28,lib/tests/delimcc/reset-shift-k.zy,explicit
release,0,759833,251,166,5051083,True,"[184, 51, 14, 13]",28,lib/tests/delimcc/reset-shift-k.zy,recursive
release,0,671912,251,166,4993654,True,"[184, 51, 14, 13]",28,lib/tests/delimcc/reset-shift-k.zy,original
release,0,707254,251,166,4577457,True,"[184, 51, 14, 13]",28,lib/tests/delimcc/reset-shift-k.zy,jobs
release,0,661468,251,166,5423719,True,"[184, 51, 14, 13]",28,lib/tests/delimcc/reset-shift-k.zy,baseline
release,0,690871,251,166,4857833,True,"[184, 51, 14, 13]",29,lib/tests/delimcc/reset-shift-k.zy,recursive
release,0,696245,251,166,5110537,True,"[184, 51, 14, 13]",29,lib/tests/delimcc/reset-shift-k.zy,original
release,0,721957,251,166,4586998,True,"[184, 51, 14, 13]",29,lib/tests/delimcc/reset-shift-k.zy,jobs
release,0,686493,251,166,5391998,True,"[184, 51, 14, 13]",29,lib/tests/delimcc/reset-shift-k.zy,baseline
release,0,672197,251,166,5039129,True,"[184, 51, 14, 13]",29,lib/tests/delimcc/reset-shift-k.zy,explicit
release,0,692041,251,166,4871038,True,"[184, 51, 14, 13]",30,lib/tests/delimcc/reset-shift-k.zy,original
release,0,731169,251,166,4716799,True,"[184, 51, 14, 13]",30,lib/tests/delimcc/reset-shift-k.zy,jobs
release,0,713299,251,166,5617370,True,"[184, 51, 14, 13]",30,lib/tests/delimcc/reset-shift-k.zy,baseline
release,0,759832,251,166,5390247,True,"[184, 51, 14, 13]",30,lib/tests/delimcc/reset-shift-k.zy,explicit
release,0,727962,251,166,5173579,True,"[184, 51, 14, 13]",30,lib/tests/delimcc/reset-shift-k.zy,recursive
release,0,654456,251,166,4446669,True,"[184, 51, 14, 13]",31,lib/tests/delimcc/reset-shift-k.zy,jobs
release,0,651046,251,166,5316206,True,"[184, 51, 14, 13]",31,lib/tests/delimcc/reset-shift-k.zy,baseline
release,0,693999,251,166,5303121,True,"[184, 51, 14, 13]",31,lib/tests/delimcc/reset-shift-k.zy,explicit
release,0,739044,251,166,4991335,True,"[184, 51, 14, 13]",31,lib/tests/delimcc/reset-shift-k.zy,recursive
release,0,698712,251,166,5030797,True,"[184, 51, 14, 13]",31,lib/tests/delimcc/reset-shift-k.zy,original
release,0,729085,251,166,5432454,True,"[184, 51, 14, 13]",32,lib/tests/delimcc/reset-shift-k.zy,baseline
release,0,686087,251,166,5097498,True,"[184, 51, 14, 13]",32,lib/tests/delimcc/reset-shift-k.zy,explicit
release,0,704958,251,166,5157583,True,"[184, 51, 14, 13]",32,lib/tests/delimcc/reset-shift-k.zy,recursive
release,0,679922,251,166,4850373,True,"[184, 51, 14, 13]",32,lib/tests/delimcc/reset-shift-k.zy,original
release,0,701621,251,166,4610293,True,"[184, 51, 14, 13]",32,lib/tests/delimcc/reset-shift-k.zy,jobs
release,0,654958,251,166,5090532,True,"[184, 51, 14, 13]",33,lib/tests/delimcc/reset-shift-k.zy,explicit
release,0,668788,251,166,4925127,True,"[184, 51, 14, 13]",33,lib/tests/delimcc/reset-shift-k.zy,recursive
release,0,701129,251,166,5022204,True,"[184, 51, 14, 13]",33,lib/tests/delimcc/reset-shift-k.zy,original
release,0,674914,251,166,4532043,True,"[184, 51, 14, 13]",33,lib/tests/delimcc/reset-shift-k.zy,jobs
release,0,687049,251,166,5460327,True,"[184, 51, 14, 13]",33,lib/tests/delimcc/reset-shift-k.zy,baseline
release,0,676583,251,166,4922880,True,"[184, 51, 14, 13]",34,lib/tests/delimcc/reset-shift-k.zy,recursive
release,0,668928,251,166,4928380,True,"[184, 51, 14, 13]",34,lib/tests/delimcc/reset-shift-k.zy,original
release,0,665751,251,166,4421456,True,"[184, 51, 14, 13]",34,lib/tests/delimcc/reset-shift-k.zy,jobs
release,0,660744,251,166,5297541,True,"[184, 51, 14, 13]",34,lib/tests/delimcc/reset-shift-k.zy,baseline
release,0,644379,251,166,4975838,True,"[184, 51, 14, 13]",34,lib/tests/delimcc/reset-shift-k.zy,explicit
release,0,655292,251,166,4843546,True,"[184, 51, 14, 13]",35,lib/tests/delimcc/reset-shift-k.zy,original
release,0,662132,251,166,4440238,True,"[184, 51, 14, 13]",35,lib/tests/delimcc/reset-shift-k.zy,jobs
release,0,667663,251,166,5374339,True,"[184, 51, 14, 13]",35,lib/tests/delimcc/reset-shift-k.zy,baseline
release,0,712883,251,166,5203213,True,"[184, 51, 14, 13]",35,lib/tests/delimcc/reset-shift-k.zy,explicit
release,0,712754,251,166,5113414,True,"[184, 51, 14, 13]",35,lib/tests/delimcc/reset-shift-k.zy,recursive
release,0,701416,251,166,4538701,True,"[184, 51, 14, 13]",36,lib/tests/delimcc/reset-shift-k.zy,jobs
release,0,833215,251,166,6328049,True,"[184, 51, 14, 13]",36,lib/tests/delimcc/reset-shift-k.zy,baseline
release,0,975625,251,166,6337161,True,"[184, 51, 14, 13]",36,lib/tests/delimcc/reset-shift-k.zy,explicit
release,0,1003419,251,166,6490837,True,"[184, 51, 14, 13]",36,lib/tests/delimcc/reset-shift-k.zy,recursive
release,0,842965,251,166,6009795,True,"[184, 51, 14, 13]",36,lib/tests/delimcc/reset-shift-k.zy,original
release,0,753373,251,166,5733244,True,"[184, 51, 14, 13]",37,lib/tests/delimcc/reset-shift-k.zy,baseline
release,0,738334,251,166,5324838,True,"[184, 51, 14, 13]",37,lib/tests/delimcc/reset-shift-k.zy,explicit
release,0,650169,251,166,4795838,True,"[184, 51, 14, 13]",37,lib/tests/delimcc/reset-shift-k.zy,recursive
release,0,637414,251,166,4770706,True,"[184, 51, 14, 13]",37,lib/tests/delimcc/reset-shift-k.zy,original
release,0,692091,251,166,4506497,True,"[184, 51, 14, 13]",37,lib/tests/delimcc/reset-shift-k.zy,jobs
release,0,688545,251,166,5135381,True,"[184, 51, 14, 13]",38,lib/tests/delimcc/reset-shift-k.zy,explicit
release,0,646213,251,166,4886760,True,"[184, 51, 14, 13]",38,lib/tests/delimcc/reset-shift-k.zy,recursive
release,0,645292,251,166,4865837,True,"[184, 51, 14, 13]",38,lib/tests/delimcc/reset-shift-k.zy,original
release,0,657123,251,166,4524796,True,"[184, 51, 14, 13]",38,lib/tests/delimcc/reset-shift-k.zy,jobs
release,0,665421,251,166,5359669,True,"[184, 51, 14, 13]",38,lib/tests/delimcc/reset-shift-k.zy,baseline
release,0,648298,251,166,4820131,True,"[184, 51, 14, 13]",39,lib/tests/delimcc/reset-shift-k.zy,recursive
release,0,677920,251,166,4873003,True,"[184, 51, 14, 13]",39,lib/tests/delimcc/reset-shift-k.zy,original
release,0,667290,251,166,4443376,True,"[184, 51, 14, 13]",39,lib/tests/delimcc/reset-shift-k.zy,jobs
release,0,720787,251,166,5474289,True,"[184, 51, 14, 13]",39,lib/tests/delimcc/reset-shift-k.zy,baseline
release,0,722172,251,166,5169707,True,"[184, 51, 14, 13]",39,lib/tests/delimcc/reset-shift-k.zy,explicit
release,0,765919,516,71,4979418,False,"[439, 163, 16, 0]",0,lib/tests/core/gc-stress.zy,original
release,0,744207,516,71,4547335,False,"[439, 163, 16, 0]",0,lib/tests/core/gc-stress.zy,jobs
release,0,763923,516,71,5459250,False,"[439, 163, 16, 0]",0,lib/tests/core/gc-stress.zy,baseline
release,0,703000,516,71,5104375,False,"[439, 163, 16, 0]",0,lib/tests/core/gc-stress.zy,explicit
release,0,681206,516,71,4782374,False,"[439, 163, 16, 0]",0,lib/tests/core/gc-stress.zy,recursive
release,0,690548,516,71,4564829,False,"[439, 163, 16, 0]",1,lib/tests/core/gc-stress.zy,jobs
release,0,740081,516,71,5642751,False,"[439, 163, 16, 0]",1,lib/tests/core/gc-stress.zy,baseline
release,0,727832,516,71,5212455,False,"[439, 163, 16, 0]",1,lib/tests/core/gc-stress.zy,explicit
release,0,747002,516,71,4936210,False,"[439, 163, 16, 0]",1,lib/tests/core/gc-stress.zy,recursive
release,0,773915,516,71,4969578,False,"[439, 163, 16, 0]",1,lib/tests/core/gc-stress.zy,original
release,0,731668,516,71,5678165,False,"[439, 163, 16, 0]",2,lib/tests/core/gc-stress.zy,baseline
release,0,797495,516,71,5840037,False,"[439, 163, 16, 0]",2,lib/tests/core/gc-stress.zy,explicit
release,0,763001,516,71,5027123,False,"[439, 163, 16, 0]",2,lib/tests/core/gc-stress.zy,recursive
release,0,769919,516,71,5123459,False,"[439, 163, 16, 0]",2,lib/tests/core/gc-stress.zy,original
release,0,760251,516,71,4595160,False,"[439, 163, 16, 0]",2,lib/tests/core/gc-stress.zy,jobs
release,0,714584,516,71,5232503,False,"[439, 163, 16, 0]",3,lib/tests/core/gc-stress.zy,explicit
release,0,752578,516,71,4934382,False,"[439, 163, 16, 0]",3,lib/tests/core/gc-stress.zy,recursive
release,0,713788,516,71,5013623,False,"[439, 163, 16, 0]",3,lib/tests/core/gc-stress.zy,original
release,0,709039,516,71,4513713,False,"[439, 163, 16, 0]",3,lib/tests/core/gc-stress.zy,jobs
release,0,721664,516,71,5619370,False,"[439, 163, 16, 0]",3,lib/tests/core/gc-stress.zy,baseline
release,0,685500,516,71,4836830,False,"[439, 163, 16, 0]",4,lib/tests/core/gc-stress.zy,recursive
release,0,671082,516,71,4878125,False,"[439, 163, 16, 0]",4,lib/tests/core/gc-stress.zy,original
release,0,687045,516,71,4555204,False,"[439, 163, 16, 0]",4,lib/tests/core/gc-stress.zy,jobs
release,0,720747,516,71,5589667,False,"[439, 163, 16, 0]",4,lib/tests/core/gc-stress.zy,baseline
release,0,733958,516,71,5116922,False,"[439, 163, 16, 0]",4,lib/tests/core/gc-stress.zy,explicit
release,0,778462,516,71,5002871,False,"[439, 163, 16, 0]",5,lib/tests/core/gc-stress.zy,original
release,0,714085,516,71,4554165,False,"[439, 163, 16, 0]",5,lib/tests/core/gc-stress.zy,jobs
release,0,746166,516,71,5486871,False,"[439, 163, 16, 0]",5,lib/tests/core/gc-stress.zy,baseline
release,0,754122,516,71,5172630,False,"[439, 163, 16, 0]",5,lib/tests/core/gc-stress.zy,explicit
release,0,704663,516,71,4766247,False,"[439, 163, 16, 0]",5,lib/tests/core/gc-stress.zy,recursive
release,0,724289,516,71,4553121,False,"[439, 163, 16, 0]",6,lib/tests/core/gc-stress.zy,jobs
release,0,699119,516,71,5356500,False,"[439, 163, 16, 0]",6,lib/tests/core/gc-stress.zy,baseline
release,0,660707,516,71,5014047,False,"[439, 163, 16, 0]",6,lib/tests/core/gc-stress.zy,explicit
release,0,669289,516,71,4904999,False,"[439, 163, 16, 0]",6,lib/tests/core/gc-stress.zy,recursive
release,0,709291,516,71,5003166,False,"[439, 163, 16, 0]",6,lib/tests/core/gc-stress.zy,original
release,0,715168,516,71,5466127,False,"[439, 163, 16, 0]",7,lib/tests/core/gc-stress.zy,baseline
release,0,690794,516,71,5093918,False,"[439, 163, 16, 0]",7,lib/tests/core/gc-stress.zy,explicit
release,0,804998,516,71,4949254,False,"[439, 163, 16, 0]",7,lib/tests/core/gc-stress.zy,recursive
release,0,724623,516,71,5069581,False,"[439, 163, 16, 0]",7,lib/tests/core/gc-stress.zy,original
release,0,748707,516,71,4629288,False,"[439, 163, 16, 0]",7,lib/tests/core/gc-stress.zy,jobs
release,0,673747,516,71,5011374,False,"[439, 163, 16, 0]",8,lib/tests/core/gc-stress.zy,explicit
release,0,677662,516,71,4773000,False,"[439, 163, 16, 0]",8,lib/tests/core/gc-stress.zy,recursive
release,0,701909,516,71,4920253,False,"[439, 163, 16, 0]",8,lib/tests/core/gc-stress.zy,original
release,0,704539,516,71,4641708,False,"[439, 163, 16, 0]",8,lib/tests/core/gc-stress.zy,jobs
release,0,708252,516,71,5462369,False,"[439, 163, 16, 0]",8,lib/tests/core/gc-stress.zy,baseline
release,0,728293,516,71,4878412,False,"[439, 163, 16, 0]",9,lib/tests/core/gc-stress.zy,recursive
release,0,712164,516,71,5236418,False,"[439, 163, 16, 0]",9,lib/tests/core/gc-stress.zy,original
release,0,685839,516,71,4546753,False,"[439, 163, 16, 0]",9,lib/tests/core/gc-stress.zy,jobs
release,0,694962,516,71,5434087,False,"[439, 163, 16, 0]",9,lib/tests/core/gc-stress.zy,baseline
release,0,745789,516,71,5085709,False,"[439, 163, 16, 0]",9,lib/tests/core/gc-stress.zy,explicit
release,0,697170,516,71,4953210,False,"[439, 163, 16, 0]",10,lib/tests/core/gc-stress.zy,original
release,0,673083,516,71,4467203,False,"[439, 163, 16, 0]",10,lib/tests/core/gc-stress.zy,jobs
release,0,674167,516,71,5344916,False,"[439, 163, 16, 0]",10,lib/tests/core/gc-stress.zy,baseline
release,0,679624,516,71,4999751,False,"[439, 163, 16, 0]",10,lib/tests/core/gc-stress.zy,explicit
release,0,672955,516,71,4750542,False,"[439, 163, 16, 0]",10,lib/tests/core/gc-stress.zy,recursive
release,0,672706,516,71,4477787,False,"[439, 163, 16, 0]",11,lib/tests/core/gc-stress.zy,jobs
release,0,690959,516,71,5361043,False,"[439, 163, 16, 0]",11,lib/tests/core/gc-stress.zy,baseline
release,0,721047,516,71,4975577,False,"[439, 163, 16, 0]",11,lib/tests/core/gc-stress.zy,explicit
release,0,713040,516,71,4811915,False,"[439, 163, 16, 0]",11,lib/tests/core/gc-stress.zy,recursive
release,0,691079,516,71,4957418,False,"[439, 163, 16, 0]",11,lib/tests/core/gc-stress.zy,original
release,0,716131,516,71,5451622,False,"[439, 163, 16, 0]",12,lib/tests/core/gc-stress.zy,baseline
release,0,671001,516,71,5024548,False,"[439, 163, 16, 0]",12,lib/tests/core/gc-stress.zy,explicit
release,0,687374,516,71,4840584,False,"[439, 163, 16, 0]",12,lib/tests/core/gc-stress.zy,recursive
release,0,721793,516,71,5101206,False,"[439, 163, 16, 0]",12,lib/tests/core/gc-stress.zy,original
release,0,734876,516,71,4790790,False,"[439, 163, 16, 0]",12,lib/tests/core/gc-stress.zy,jobs
release,0,719915,516,71,5126997,False,"[439, 163, 16, 0]",13,lib/tests/core/gc-stress.zy,explicit
release,0,706212,516,71,4950961,False,"[439, 163, 16, 0]",13,lib/tests/core/gc-stress.zy,recursive
release,0,681671,516,71,4945423,False,"[439, 163, 16, 0]",13,lib/tests/core/gc-stress.zy,original
release,0,716336,516,71,4633666,False,"[439, 163, 16, 0]",13,lib/tests/core/gc-stress.zy,jobs
release,0,729583,516,71,5562123,False,"[439, 163, 16, 0]",13,lib/tests/core/gc-stress.zy,baseline
release,0,784284,516,71,4887041,False,"[439, 163, 16, 0]",14,lib/tests/core/gc-stress.zy,recursive
release,0,757250,516,71,5063456,False,"[439, 163, 16, 0]",14,lib/tests/core/gc-stress.zy,original
release,0,681500,516,71,4455501,False,"[439, 163, 16, 0]",14,lib/tests/core/gc-stress.zy,jobs
release,0,688040,516,71,5517285,False,"[439, 163, 16, 0]",14,lib/tests/core/gc-stress.zy,baseline
release,0,720539,516,71,5208743,False,"[439, 163, 16, 0]",14,lib/tests/core/gc-stress.zy,explicit
release,0,691792,516,71,5019961,False,"[439, 163, 16, 0]",15,lib/tests/core/gc-stress.zy,original
release,0,702335,516,71,4497085,False,"[439, 163, 16, 0]",15,lib/tests/core/gc-stress.zy,jobs
release,0,748171,516,71,5502707,False,"[439, 163, 16, 0]",15,lib/tests/core/gc-stress.zy,baseline
release,0,706541,516,71,5051830,False,"[439, 163, 16, 0]",15,lib/tests/core/gc-stress.zy,explicit
release,0,706126,516,71,4847086,False,"[439, 163, 16, 0]",15,lib/tests/core/gc-stress.zy,recursive
release,0,719922,516,71,4500997,False,"[439, 163, 16, 0]",16,lib/tests/core/gc-stress.zy,jobs
release,0,691082,516,71,5436370,False,"[439, 163, 16, 0]",16,lib/tests/core/gc-stress.zy,baseline
release,0,672418,516,71,5034753,False,"[439, 163, 16, 0]",16,lib/tests/core/gc-stress.zy,explicit
release,0,683374,516,71,4850581,False,"[439, 163, 16, 0]",16,lib/tests/core/gc-stress.zy,recursive
release,0,725249,516,71,4932122,False,"[439, 163, 16, 0]",16,lib/tests/core/gc-stress.zy,original
release,0,720207,516,71,5342209,False,"[439, 163, 16, 0]",17,lib/tests/core/gc-stress.zy,baseline
release,0,710079,516,71,5035753,False,"[439, 163, 16, 0]",17,lib/tests/core/gc-stress.zy,explicit
release,0,682834,516,71,4822288,False,"[439, 163, 16, 0]",17,lib/tests/core/gc-stress.zy,recursive
release,0,672249,516,71,4935960,False,"[439, 163, 16, 0]",17,lib/tests/core/gc-stress.zy,original
release,0,708753,516,71,4631664,False,"[439, 163, 16, 0]",17,lib/tests/core/gc-stress.zy,jobs
release,0,708875,516,71,5194913,False,"[439, 163, 16, 0]",18,lib/tests/core/gc-stress.zy,explicit
release,0,742791,516,71,4984626,False,"[439, 163, 16, 0]",18,lib/tests/core/gc-stress.zy,recursive
release,0,733376,516,71,4983829,False,"[439, 163, 16, 0]",18,lib/tests/core/gc-stress.zy,original
release,0,679085,516,71,4528832,False,"[439, 163, 16, 0]",18,lib/tests/core/gc-stress.zy,jobs
release,0,671877,516,71,5362788,False,"[439, 163, 16, 0]",18,lib/tests/core/gc-stress.zy,baseline
release,0,673370,516,71,4901961,False,"[439, 163, 16, 0]",19,lib/tests/core/gc-stress.zy,recursive
release,0,709336,516,71,5062293,False,"[439, 163, 16, 0]",19,lib/tests/core/gc-stress.zy,original
release,0,750166,516,71,4604287,False,"[439, 163, 16, 0]",19,lib/tests/core/gc-stress.zy,jobs
release,0,728452,516,71,5566133,False,"[439, 163, 16, 0]",19,lib/tests/core/gc-stress.zy,baseline
release,0,713131,516,71,5190248,False,"[439, 163, 16, 0]",19,lib/tests/core/gc-stress.zy,explicit
release,0,703668,516,71,5011998,False,"[439, 163, 16, 0]",20,lib/tests/core/gc-stress.zy,original
release,0,704172,516,71,4549708,False,"[439, 163, 16, 0]",20,lib/tests/core/gc-stress.zy,jobs
release,0,695830,516,71,5423708,False,"[439, 163, 16, 0]",20,lib/tests/core/gc-stress.zy,baseline
release,0,692290,516,71,5118585,False,"[439, 163, 16, 0]",20,lib/tests/core/gc-stress.zy,explicit
release,0,713205,516,71,4864663,False,"[439, 163, 16, 0]",20,lib/tests/core/gc-stress.zy,recursive
release,0,670330,516,71,4488538,False,"[439, 163, 16, 0]",21,lib/tests/core/gc-stress.zy,jobs
release,0,689293,516,71,5388287,False,"[439, 163, 16, 0]",21,lib/tests/core/gc-stress.zy,baseline
release,0,671839,516,71,5029497,False,"[439, 163, 16, 0]",21,lib/tests/core/gc-stress.zy,explicit
release,0,675662,516,71,4808918,False,"[439, 163, 16, 0]",21,lib/tests/core/gc-stress.zy,recursive
release,0,677752,516,71,4936624,False,"[439, 163, 16, 0]",21,lib/tests/core/gc-stress.zy,original
release,0,699125,516,71,5359540,False,"[439, 163, 16, 0]",22,lib/tests/core/gc-stress.zy,baseline
release,0,728922,516,71,5177878,False,"[439, 163, 16, 0]",22,lib/tests/core/gc-stress.zy,explicit
release,0,703376,516,71,4838582,False,"[439, 163, 16, 0]",22,lib/tests/core/gc-stress.zy,recursive
release,0,714869,516,71,4971790,False,"[439, 163, 16, 0]",22,lib/tests/core/gc-stress.zy,original
release,0,681465,516,71,4500625,False,"[439, 163, 16, 0]",22,lib/tests/core/gc-stress.zy,jobs
release,0,746079,516,71,5053250,False,"[439, 163, 16, 0]",23,lib/tests/core/gc-stress.zy,explicit
release,0,770457,516,71,5155915,False,"[439, 163, 16, 0]",23,lib/tests/core/gc-stress.zy,recursive
release,0,731626,516,71,5174664,False,"[439, 163, 16, 0]",23,lib/tests/core/gc-stress.zy,original
release,0,733624,516,71,4643919,False,"[439, 163, 16, 0]",23,lib/tests/core/gc-stress.zy,jobs
release,0,700168,516,71,5457755,False,"[439, 163, 16, 0]",23,lib/tests/core/gc-stress.zy,baseline
release,0,670751,516,71,4783124,False,"[439, 163, 16, 0]",24,lib/tests/core/gc-stress.zy,recursive
release,0,754791,516,71,5027712,False,"[439, 163, 16, 0]",24,lib/tests/core/gc-stress.zy,original
release,0,736127,516,71,4591581,False,"[439, 163, 16, 0]",24,lib/tests/core/gc-stress.zy,jobs
release,0,694835,516,71,5457956,False,"[439, 163, 16, 0]",24,lib/tests/core/gc-stress.zy,baseline
release,0,677212,516,71,5018168,False,"[439, 163, 16, 0]",24,lib/tests/core/gc-stress.zy,explicit
release,0,700712,516,71,4911616,False,"[439, 163, 16, 0]",25,lib/tests/core/gc-stress.zy,original
release,0,729375,516,71,4665291,False,"[439, 163, 16, 0]",25,lib/tests/core/gc-stress.zy,jobs
release,0,710918,516,71,5510584,False,"[439, 163, 16, 0]",25,lib/tests/core/gc-stress.zy,baseline
release,0,696252,516,71,5103789,False,"[439, 163, 16, 0]",25,lib/tests/core/gc-stress.zy,explicit
release,0,691128,516,71,4968793,False,"[439, 163, 16, 0]",25,lib/tests/core/gc-stress.zy,recursive
release,0,699832,516,71,4563291,False,"[439, 163, 16, 0]",26,lib/tests/core/gc-stress.zy,jobs
release,0,705665,516,71,5527208,False,"[439, 163, 16, 0]",26,lib/tests/core/gc-stress.zy,baseline
release,0,700752,516,71,5091121,False,"[439, 163, 16, 0]",26,lib/tests/core/gc-stress.zy,explicit
release,0,699166,516,71,4940089,False,"[439, 163, 16, 0]",26,lib/tests/core/gc-stress.zy,recursive
release,0,676923,516,71,4972671,False,"[439, 163, 16, 0]",26,lib/tests/core/gc-stress.zy,original
release,0,673715,516,71,5374579,False,"[439, 163, 16, 0]",27,lib/tests/core/gc-stress.zy,baseline
release,0,690408,516,71,5062246,False,"[439, 163, 16, 0]",27,lib/tests/core/gc-stress.zy,explicit
release,0,701418,516,71,4792997,False,"[439, 163, 16, 0]",27,lib/tests/core/gc-stress.zy,recursive
release,0,668174,516,71,4916331,False,"[439, 163, 16, 0]",27,lib/tests/core/gc-stress.zy,original
release,0,692287,516,71,4557794,False,"[439, 163, 16, 0]",27,lib/tests/core/gc-stress.zy,jobs
release,0,718999,516,71,5247297,False,"[439, 163, 16, 0]",28,lib/tests/core/gc-stress.zy,explicit
release,0,712756,516,71,4988784,False,"[439, 163, 16, 0]",28,lib/tests/core/gc-stress.zy,recursive
release,0,726207,516,71,5027749,False,"[439, 163, 16, 0]",28,lib/tests/core/gc-stress.zy,original
release,0,711000,516,71,4631084,False,"[439, 163, 16, 0]",28,lib/tests/core/gc-stress.zy,jobs
release,0,700956,516,71,5537796,False,"[439, 163, 16, 0]",28,lib/tests/core/gc-stress.zy,baseline
release,0,680375,516,71,4979163,False,"[439, 163, 16, 0]",29,lib/tests/core/gc-stress.zy,recursive
release,0,744211,516,71,4954324,False,"[439, 163, 16, 0]",29,lib/tests/core/gc-stress.zy,original
release,0,702582,516,71,4613837,False,"[439, 163, 16, 0]",29,lib/tests/core/gc-stress.zy,jobs
release,0,718414,516,71,5604086,False,"[439, 163, 16, 0]",29,lib/tests/core/gc-stress.zy,baseline
release,0,709210,516,71,5171168,False,"[439, 163, 16, 0]",29,lib/tests/core/gc-stress.zy,explicit
release,0,701791,516,71,4985163,False,"[439, 163, 16, 0]",30,lib/tests/core/gc-stress.zy,original
release,0,696705,516,71,4523207,False,"[439, 163, 16, 0]",30,lib/tests/core/gc-stress.zy,jobs
release,0,717081,516,71,5565539,False,"[439, 163, 16, 0]",30,lib/tests/core/gc-stress.zy,baseline
release,0,694749,516,71,5183005,False,"[439, 163, 16, 0]",30,lib/tests/core/gc-stress.zy,explicit
release,0,712875,516,71,4916711,False,"[439, 163, 16, 0]",30,lib/tests/core/gc-stress.zy,recursive
release,0,704830,516,71,4495127,False,"[439, 163, 16, 0]",31,lib/tests/core/gc-stress.zy,jobs
release,0,704081,516,71,5475330,False,"[439, 163, 16, 0]",31,lib/tests/core/gc-stress.zy,baseline
release,0,745914,516,71,5343587,False,"[439, 163, 16, 0]",31,lib/tests/core/gc-stress.zy,explicit
release,0,678085,516,71,4932005,False,"[439, 163, 16, 0]",31,lib/tests/core/gc-stress.zy,recursive
release,0,675172,516,71,4958083,False,"[439, 163, 16, 0]",31,lib/tests/core/gc-stress.zy,original
release,0,753373,516,71,5491253,False,"[439, 163, 16, 0]",32,lib/tests/core/gc-stress.zy,baseline
release,0,715293,516,71,5170000,False,"[439, 163, 16, 0]",32,lib/tests/core/gc-stress.zy,explicit
release,0,739914,516,71,4990714,False,"[439, 163, 16, 0]",32,lib/tests/core/gc-stress.zy,recursive
release,0,700998,516,71,5037999,False,"[439, 163, 16, 0]",32,lib/tests/core/gc-stress.zy,original
release,0,743039,516,71,4643377,False,"[439, 163, 16, 0]",32,lib/tests/core/gc-stress.zy,jobs
release,0,728583,516,71,5232877,False,"[439, 163, 16, 0]",33,lib/tests/core/gc-stress.zy,explicit
release,0,758292,516,71,5024207,False,"[439, 163, 16, 0]",33,lib/tests/core/gc-stress.zy,recursive
release,0,724330,516,71,5255703,False,"[439, 163, 16, 0]",33,lib/tests/core/gc-stress.zy,original
release,0,739289,516,71,4739541,False,"[439, 163, 16, 0]",33,lib/tests/core/gc-stress.zy,jobs
release,0,737920,516,71,5643670,False,"[439, 163, 16, 0]",33,lib/tests/core/gc-stress.zy,baseline
release,0,782004,516,71,4926839,False,"[439, 163, 16, 0]",34,lib/tests/core/gc-stress.zy,recursive
release,0,705548,516,71,5070002,False,"[439, 163, 16, 0]",34,lib/tests/core/gc-stress.zy,original
release,0,716708,516,71,4640459,False,"[439, 163, 16, 0]",34,lib/tests/core/gc-stress.zy,jobs
release,0,702002,516,71,5666834,False,"[439, 163, 16, 0]",34,lib/tests/core/gc-stress.zy,baseline
release,0,785969,516,71,5285665,False,"[439, 163, 16, 0]",34,lib/tests/core/gc-stress.zy,explicit
release,0,741205,516,71,5337163,False,"[439, 163, 16, 0]",35,lib/tests/core/gc-stress.zy,original
release,0,714707,516,71,4613625,False,"[439, 163, 16, 0]",35,lib/tests/core/gc-stress.zy,jobs
release,0,735791,516,71,5553128,False,"[439, 163, 16, 0]",35,lib/tests/core/gc-stress.zy,baseline
release,0,744291,516,71,5397871,False,"[439, 163, 16, 0]",35,lib/tests/core/gc-stress.zy,explicit
release,0,756454,516,71,4983377,False,"[439, 163, 16, 0]",35,lib/tests/core/gc-stress.zy,recursive
release,0,702046,516,71,4674498,False,"[439, 163, 16, 0]",36,lib/tests/core/gc-stress.zy,jobs
release,0,702619,516,71,5507414,False,"[439, 163, 16, 0]",36,lib/tests/core/gc-stress.zy,baseline
release,0,706376,516,71,5153836,False,"[439, 163, 16, 0]",36,lib/tests/core/gc-stress.zy,explicit
release,0,742458,516,71,4901749,False,"[439, 163, 16, 0]",36,lib/tests/core/gc-stress.zy,recursive
release,0,754666,516,71,5012168,False,"[439, 163, 16, 0]",36,lib/tests/core/gc-stress.zy,original
release,0,723374,516,71,5504498,False,"[439, 163, 16, 0]",37,lib/tests/core/gc-stress.zy,baseline
release,0,719955,516,71,5163581,False,"[439, 163, 16, 0]",37,lib/tests/core/gc-stress.zy,explicit
release,0,757375,516,71,4868002,False,"[439, 163, 16, 0]",37,lib/tests/core/gc-stress.zy,recursive
release,0,758582,516,71,5077908,False,"[439, 163, 16, 0]",37,lib/tests/core/gc-stress.zy,original
release,0,705209,516,71,4520916,False,"[439, 163, 16, 0]",37,lib/tests/core/gc-stress.zy,jobs
release,0,694125,516,71,4997585,False,"[439, 163, 16, 0]",38,lib/tests/core/gc-stress.zy,explicit
release,0,739997,516,71,4972625,False,"[439, 163, 16, 0]",38,lib/tests/core/gc-stress.zy,recursive
release,0,777500,516,71,5023338,False,"[439, 163, 16, 0]",38,lib/tests/core/gc-stress.zy,original
release,0,687417,516,71,4556339,False,"[439, 163, 16, 0]",38,lib/tests/core/gc-stress.zy,jobs
release,0,726459,516,71,5577337,False,"[439, 163, 16, 0]",38,lib/tests/core/gc-stress.zy,baseline
release,0,742626,516,71,4974288,False,"[439, 163, 16, 0]",39,lib/tests/core/gc-stress.zy,recursive
release,0,691999,516,71,4957918,False,"[439, 163, 16, 0]",39,lib/tests/core/gc-stress.zy,original
release,0,713707,516,71,4602832,False,"[439, 163, 16, 0]",39,lib/tests/core/gc-stress.zy,jobs
release,0,682542,516,71,5435666,False,"[439, 163, 16, 0]",39,lib/tests/core/gc-stress.zy,baseline
release,0,722261,516,71,5082041,False,"[439, 163, 16, 0]",39,lib/tests/core/gc-stress.zy,explicit
release,0,794499,516,74,5089872,True,"[422, 163, 16, 15]",0,lib/tests/core/gc-stress.zy,original
release,0,769877,516,74,4664749,True,"[422, 163, 16, 15]",0,lib/tests/core/gc-stress.zy,jobs
release,0,771586,516,74,5454618,True,"[422, 163, 16, 15]",0,lib/tests/core/gc-stress.zy,baseline
release,0,806624,516,74,5389332,True,"[422, 163, 16, 15]",0,lib/tests/core/gc-stress.zy,explicit
release,0,748791,516,74,4975958,True,"[422, 163, 16, 15]",0,lib/tests/core/gc-stress.zy,recursive
release,0,767422,516,74,4616164,True,"[422, 163, 16, 15]",1,lib/tests/core/gc-stress.zy,jobs
release,0,762502,516,74,5383754,True,"[422, 163, 16, 15]",1,lib/tests/core/gc-stress.zy,baseline
release,0,708248,516,74,5005504,True,"[422, 163, 16, 15]",1,lib/tests/core/gc-stress.zy,explicit
release,0,717996,516,74,4840000,True,"[422, 163, 16, 15]",1,lib/tests/core/gc-stress.zy,recursive
release,0,748291,516,74,5091957,True,"[422, 163, 16, 15]",1,lib/tests/core/gc-stress.zy,original
release,0,729750,516,74,5385042,True,"[422, 163, 16, 15]",2,lib/tests/core/gc-stress.zy,baseline
release,0,735079,516,74,5125665,True,"[422, 163, 16, 15]",2,lib/tests/core/gc-stress.zy,explicit
release,0,717168,516,74,4837249,True,"[422, 163, 16, 15]",2,lib/tests/core/gc-stress.zy,recursive
release,0,804671,516,74,5471999,True,"[422, 163, 16, 15]",2,lib/tests/core/gc-stress.zy,original
release,0,923043,516,74,5767204,True,"[422, 163, 16, 15]",2,lib/tests/core/gc-stress.zy,jobs
release,0,897288,516,74,5698126,True,"[422, 163, 16, 15]",3,lib/tests/core/gc-stress.zy,explicit
release,0,951750,516,74,6434506,True,"[422, 163, 16, 15]",3,lib/tests/core/gc-stress.zy,recursive
release,0,790294,516,74,5318166,True,"[422, 163, 16, 15]",3,lib/tests/core/gc-stress.zy,original
release,0,892086,516,74,5419290,True,"[422, 163, 16, 15]",3,lib/tests/core/gc-stress.zy,jobs
release,0,933792,516,74,5859663,True,"[422, 163, 16, 15]",3,lib/tests/core/gc-stress.zy,baseline
release,0,815287,516,74,5318289,True,"[422, 163, 16, 15]",4,lib/tests/core/gc-stress.zy,recursive
release,0,736331,516,74,5152458,True,"[422, 163, 16, 15]",4,lib/tests/core/gc-stress.zy,original
release,0,752497,516,74,4660796,True,"[422, 163, 16, 15]",4,lib/tests/core/gc-stress.zy,jobs
release,0,814790,516,74,5749669,True,"[422, 163, 16, 15]",4,lib/tests/core/gc-stress.zy,baseline
release,0,761415,516,74,5552165,True,"[422, 163, 16, 15]",4,lib/tests/core/gc-stress.zy,explicit
release,0,767580,516,74,5370790,True,"[422, 163, 16, 15]",5,lib/tests/core/gc-stress.zy,original
release,0,730331,516,74,4679626,True,"[422, 163, 16, 15]",5,lib/tests/core/gc-stress.zy,jobs
release,0,721126,516,74,5426664,True,"[422, 163, 16, 15]",5,lib/tests/core/gc-stress.zy,baseline
release,0,705671,516,74,5251123,True,"[422, 163, 16, 15]",5,lib/tests/core/gc-stress.zy,explicit
release,0,721331,516,74,5116129,True,"[422, 163, 16, 15]",5,lib/tests/core/gc-stress.zy,recursive
release,0,767708,516,74,4675166,True,"[422, 163, 16, 15]",6,lib/tests/core/gc-stress.zy,jobs
release,0,721172,516,74,5410669,True,"[422, 163, 16, 15]",6,lib/tests/core/gc-stress.zy,baseline
release,0,726951,516,74,5209507,True,"[422, 163, 16, 15]",6,lib/tests/core/gc-stress.zy,explicit
release,0,729999,516,74,5000916,True,"[422, 163, 16, 15]",6,lib/tests/core/gc-stress.zy,recursive
release,0,806416,516,74,5500291,True,"[422, 163, 16, 15]",6,lib/tests/core/gc-stress.zy,original
release,0,823374,516,74,5422873,True,"[422, 163, 16, 15]",7,lib/tests/core/gc-stress.zy,baseline
release,0,713255,516,74,5276211,True,"[422, 163, 16, 15]",7,lib/tests/core/gc-stress.zy,explicit
release,0,699002,516,74,5173000,True,"[422, 163, 16, 15]",7,lib/tests/core/gc-stress.zy,recursive
release,0,720207,516,74,5082043,True,"[422, 163, 16, 15]",7,lib/tests/core/gc-stress.zy,original
release,0,769876,516,74,4819420,True,"[422, 163, 16, 15]",7,lib/tests/core/gc-stress.zy,jobs
release,0,817584,516,74,5292213,True,"[422, 163, 16, 15]",8,lib/tests/core/gc-stress.zy,explicit
release,0,745167,516,74,5105873,True,"[422, 163, 16, 15]",8,lib/tests/core/gc-stress.zy,recursive
release,0,798873,516,74,5249924,True,"[422, 163, 16, 15]",8,lib/tests/core/gc-stress.zy,original
release,0,764041,516,74,4575127,True,"[422, 163, 16, 15]",8,lib/tests/core/gc-stress.zy,jobs
release,0,801413,516,74,5637456,True,"[422, 163, 16, 15]",8,lib/tests/core/gc-stress.zy,baseline
release,0,786624,516,74,5285169,True,"[422, 163, 16, 15]",9,lib/tests/core/gc-stress.zy,recursive
release,0,707790,516,74,5118458,True,"[422, 163, 16, 15]",9,lib/tests/core/gc-stress.zy,original
release,0,745249,516,74,4547454,True,"[422, 163, 16, 15]",9,lib/tests/core/gc-stress.zy,jobs
release,0,701165,516,74,5335208,True,"[422, 163, 16, 15]",9,lib/tests/core/gc-stress.zy,baseline
release,0,708832,516,74,5113332,True,"[422, 163, 16, 15]",9,lib/tests/core/gc-stress.zy,explicit
release,0,695207,516,74,5027253,True,"[422, 163, 16, 15]",10,lib/tests/core/gc-stress.zy,original
release,0,705841,516,74,4617335,True,"[422, 163, 16, 15]",10,lib/tests/core/gc-stress.zy,jobs
release,0,780708,516,74,5410623,True,"[422, 163, 16, 15]",10,lib/tests/core/gc-stress.zy,baseline
release,0,736670,516,74,5190461,True,"[422, 163, 16, 15]",10,lib/tests/core/gc-stress.zy,explicit
release,0,806877,516,74,4962208,True,"[422, 163, 16, 15]",10,lib/tests/core/gc-stress.zy,recursive
release,0,689374,516,74,4613044,True,"[422, 163, 16, 15]",11,lib/tests/core/gc-stress.zy,jobs
release,0,729832,516,74,5388379,True,"[422, 163, 16, 15]",11,lib/tests/core/gc-stress.zy,baseline
release,0,779629,516,74,5277462,True,"[422, 163, 16, 15]",11,lib/tests/core/gc-stress.zy,explicit
release,0,718464,516,74,4967462,True,"[422, 163, 16, 15]",11,lib/tests/core/gc-stress.zy,recursive
release,0,795920,516,74,5290087,True,"[422, 163, 16, 15]",11,lib/tests/core/gc-stress.zy,original
release,0,717248,516,74,5502211,True,"[422, 163, 16, 15]",12,lib/tests/core/gc-stress.zy,baseline
release,0,795123,516,74,5333662,True,"[422, 163, 16, 15]",12,lib/tests/core/gc-stress.zy,explicit
release,0,753168,516,74,5060708,True,"[422, 163, 16, 15]",12,lib/tests/core/gc-stress.zy,recursive
release,0,811794,516,74,5876125,True,"[422, 163, 16, 15]",12,lib/tests/core/gc-stress.zy,original
release,0,854666,516,74,5012711,True,"[422, 163, 16, 15]",12,lib/tests/core/gc-stress.zy,jobs
release,0,743874,516,74,5395703,True,"[422, 163, 16, 15]",13,lib/tests/core/gc-stress.zy,explicit
release,0,754040,516,74,4999008,True,"[422, 163, 16, 15]",13,lib/tests/core/gc-stress.zy,recursive
release,0,815538,516,74,5328498,True,"[422, 163, 16, 15]",13,lib/tests/core/gc-stress.zy,original
release,0,740420,516,74,4569876,True,"[422, 163, 16, 15]",13,lib/tests/core/gc-stress.zy,jobs
release,0,723795,516,74,5397788,True,"[422, 163, 16, 15]",13,lib/tests/core/gc-stress.zy,baseline
release,0,756871,516,74,4986090,True,"[422, 163, 16, 15]",14,lib/tests/core/gc-stress.zy,recursive
release,0,724286,516,74,5031705,True,"[422, 163, 16, 15]",14,lib/tests/core/gc-stress.zy,original
release,0,726211,516,74,4690540,True,"[422, 163, 16, 15]",14,lib/tests/core/gc-stress.zy,jobs
release,0,767338,516,74,5502915,True,"[422, 163, 16, 15]",14,lib/tests/core/gc-stress.zy,baseline
release,0,727994,516,74,5155253,True,"[422, 163, 16, 15]",14,lib/tests/core/gc-stress.zy,explicit
release,0,746832,516,74,5187544,True,"[422, 163, 16, 15]",15,lib/tests/core/gc-stress.zy,original
release,0,733710,516,74,4806338,True,"[422, 163, 16, 15]",15,lib/tests/core/gc-stress.zy,jobs
release,0,728537,516,74,5480339,True,"[422, 163, 16, 15]",15,lib/tests/core/gc-stress.zy,baseline
release,0,714788,516,74,5114419,True,"[422, 163, 16, 15]",15,lib/tests/core/gc-stress.zy,explicit
release,0,742377,516,74,4985335,True,"[422, 163, 16, 15]",15,lib/tests/core/gc-stress.zy,recursive
release,0,721370,516,74,4644841,True,"[422, 163, 16, 15]",16,lib/tests/core/gc-stress.zy,jobs
release,0,706210,516,74,5435750,True,"[422, 163, 16, 15]",16,lib/tests/core/gc-stress.zy,baseline
release,0,712091,516,74,5171625,True,"[422, 163, 16, 15]",16,lib/tests/core/gc-stress.zy,explicit
release,0,706669,516,74,4943285,True,"[422, 163, 16, 15]",16,lib/tests/core/gc-stress.zy,recursive
release,0,715544,516,74,5117213,True,"[422, 163, 16, 15]",16,lib/tests/core/gc-stress.zy,original
release,0,699754,516,74,5394329,True,"[422, 163, 16, 15]",17,lib/tests/core/gc-stress.zy,baseline
release,0,723040,516,74,5032208,True,"[422, 163, 16, 15]",17,lib/tests/core/gc-stress.zy,explicit
release,0,702541,516,74,4956832,True,"[422, 163, 16, 15]",17,lib/tests/core/gc-stress.zy,recursive
release,0,705669,516,74,4969415,True,"[422, 163, 16, 15]",17,lib/tests/core/gc-stress.zy,original
release,0,698954,516,74,4492912,True,"[422, 163, 16, 15]",17,lib/tests/core/gc-stress.zy,jobs
release,0,707333,516,74,5014039,True,"[422, 163, 16, 15]",18,lib/tests/core/gc-stress.zy,explicit
release,0,717374,516,74,4974870,True,"[422, 163, 16, 15]",18,lib/tests/core/gc-stress.zy,recursive
release,0,713044,516,74,5181124,True,"[422, 163, 16, 15]",18,lib/tests/core/gc-stress.zy,original
release,0,781583,516,74,4757419,True,"[422, 163, 16, 15]",18,lib/tests/core/gc-stress.zy,jobs
release,0,756248,516,74,5454458,True,"[422, 163, 16, 15]",18,lib/tests/core/gc-stress.zy,baseline
release,0,732079,516,74,5004418,True,"[422, 163, 16, 15]",19,lib/tests/core/gc-stress.zy,recursive
release,0,725290,516,74,5015368,True,"[422, 163, 16, 15]",19,lib/tests/core/gc-stress.zy,original
release,0,767131,516,74,4650746,True,"[422, 163, 16, 15]",19,lib/tests/core/gc-stress.zy,jobs
release,0,743129,516,74,5358874,True,"[422, 163, 16, 15]",19,lib/tests/core/gc-stress.zy,baseline
release,0,707036,516,74,5157960,True,"[422, 163, 16, 15]",19,lib/tests/core/gc-stress.zy,explicit
release,0,731877,516,74,4961000,True,"[422, 163, 16, 15]",20,lib/tests/core/gc-stress.zy,original
release,0,701377,516,74,4587539,True,"[422, 163, 16, 15]",20,lib/tests/core/gc-stress.zy,jobs
release,0,715755,516,74,5321623,True,"[422, 163, 16, 15]",20,lib/tests/core/gc-stress.zy,baseline
release,0,706666,516,74,5239626,True,"[422, 163, 16, 15]",20,lib/tests/core/gc-stress.zy,explicit
release,0,698043,516,74,4939251,True,"[422, 163, 16, 15]",20,lib/tests/core/gc-stress.zy,recursive
release,0,791085,516,74,4679251,True,"[422, 163, 16, 15]",21,lib/tests/core/gc-stress.zy,jobs
release,0,723455,516,74,5407248,True,"[422, 163, 16, 15]",21,lib/tests/core/gc-stress.zy,baseline
release,0,712040,516,74,5066707,True,"[422, 163, 16, 15]",21,lib/tests/core/gc-stress.zy,explicit
release,0,732672,516,74,4949582,True,"[422, 163, 16, 15]",21,lib/tests/core/gc-stress.zy,recursive
release,0,799037,516,74,5167005,True,"[422, 163, 16, 15]",21,lib/tests/core/gc-stress.zy,original
release,0,729331,516,74,5661209,True,"[422, 163, 16, 15]",22,lib/tests/core/gc-stress.zy,baseline
release,0,704457,516,74,5088089,True,"[422, 163, 16, 15]",22,lib/tests/core/gc-stress.zy,explicit
release,0,712748,516,74,4853001,True,"[422, 163, 16, 15]",22,lib/tests/core/gc-stress.zy,recursive
release,0,707245,516,74,4934586,True,"[422, 163, 16, 15]",22,lib/tests/core/gc-stress.zy,original
release,0,727208,516,74,4556665,True,"[422, 163, 16, 15]",22,lib/tests/core/gc-stress.zy,jobs
release,0,808675,516,74,5738377,True,"[422, 163, 16, 15]",23,lib/tests/core/gc-stress.zy,explicit
release,0,718868,516,74,4930209,True,"[422, 163, 16, 15]",23,lib/tests/core/gc-stress.zy,recursive
release,0,719297,516,74,5069371,True,"[422, 163, 16, 15]",23,lib/tests/core/gc-stress.zy,original
release,0,834129,516,74,4672208,True,"[422, 163, 16, 15]",23,lib/tests/core/gc-stress.zy,jobs
release,0,858288,516,74,6570997,True,"[422, 163, 16, 15]",23,lib/tests/core/gc-stress.zy,baseline
release,0,770706,516,74,5290248,True,"[422, 163, 16, 15]",24,lib/tests/core/gc-stress.zy,recursive
release,0,874292,516,74,5224876,True,"[422, 163, 16, 15]",24,lib/tests/core/gc-stress.zy,original
release,0,879127,516,74,4990456,True,"[422, 163, 16, 15]",24,lib/tests/core/gc-stress.zy,jobs
release,0,774836,516,74,5514537,True,"[422, 163, 16, 15]",24,lib/tests/core/gc-stress.zy,baseline
release,0,773413,516,74,5293961,True,"[422, 163, 16, 15]",24,lib/tests/core/gc-stress.zy,explicit
release,0,725413,516,74,5075167,True,"[422, 163, 16, 15]",25,lib/tests/core/gc-stress.zy,original
release,0,760918,516,74,4685210,True,"[422, 163, 16, 15]",25,lib/tests/core/gc-stress.zy,jobs
release,0,725956,516,74,5438786,True,"[422, 163, 16, 15]",25,lib/tests/core/gc-stress.zy,baseline
release,0,736502,516,74,5228336,True,"[422, 163, 16, 15]",25,lib/tests/core/gc-stress.zy,explicit
release,0,726255,516,74,5001582,True,"[422, 163, 16, 15]",25,lib/tests/core/gc-stress.zy,recursive
release,0,725422,516,74,4633499,True,"[422, 163, 16, 15]",26,lib/tests/core/gc-stress.zy,jobs
release,0,745328,516,74,5472326,True,"[422, 163, 16, 15]",26,lib/tests/core/gc-stress.zy,baseline
release,0,719919,516,74,5170335,True,"[422, 163, 16, 15]",26,lib/tests/core/gc-stress.zy,explicit
release,0,683002,516,74,4908502,True,"[422, 163, 16, 15]",26,lib/tests/core/gc-stress.zy,recursive
release,0,682082,516,74,4964288,True,"[422, 163, 16, 15]",26,lib/tests/core/gc-stress.zy,original
release,0,856045,516,74,5913376,True,"[422, 163, 16, 15]",27,lib/tests/core/gc-stress.zy,baseline
release,0,789958,516,74,5261749,True,"[422, 163, 16, 15]",27,lib/tests/core/gc-stress.zy,explicit
release,0,778959,516,74,5348629,True,"[422, 163, 16, 15]",27,lib/tests/core/gc-stress.zy,recursive
release,0,803503,516,74,5176706,True,"[422, 163, 16, 15]",27,lib/tests/core/gc-stress.zy,original
release,0,792251,516,74,4985797,True,"[422, 163, 16, 15]",27,lib/tests/core/gc-stress.zy,jobs
release,0,766670,516,74,5196083,True,"[422, 163, 16, 15]",28,lib/tests/core/gc-stress.zy,explicit
release,0,767130,516,74,5026669,True,"[422, 163, 16, 15]",28,lib/tests/core/gc-stress.zy,recursive
release,0,779291,516,74,5390503,True,"[422, 163, 16, 15]",28,lib/tests/core/gc-stress.zy,original
release,0,769539,516,74,5052125,True,"[422, 163, 16, 15]",28,lib/tests/core/gc-stress.zy,jobs
release,0,761791,516,74,5623626,True,"[422, 163, 16, 15]",28,lib/tests/core/gc-stress.zy,baseline
release,0,805044,516,74,5356374,True,"[422, 163, 16, 15]",29,lib/tests/core/gc-stress.zy,recursive
release,0,758836,516,74,5138748,True,"[422, 163, 16, 15]",29,lib/tests/core/gc-stress.zy,original
release,0,765170,516,74,4799082,True,"[422, 163, 16, 15]",29,lib/tests/core/gc-stress.zy,jobs
release,0,749379,516,74,5554168,True,"[422, 163, 16, 15]",29,lib/tests/core/gc-stress.zy,baseline
release,0,763331,516,74,5476047,True,"[422, 163, 16, 15]",29,lib/tests/core/gc-stress.zy,explicit
release,0,766588,516,74,5326500,True,"[422, 163, 16, 15]",30,lib/tests/core/gc-stress.zy,original
release,0,741541,516,74,4799123,True,"[422, 163, 16, 15]",30,lib/tests/core/gc-stress.zy,jobs
release,0,723998,516,74,5598332,True,"[422, 163, 16, 15]",30,lib/tests/core/gc-stress.zy,baseline
release,0,753581,516,74,5344748,True,"[422, 163, 16, 15]",30,lib/tests/core/gc-stress.zy,explicit
release,0,780130,516,74,4917667,True,"[422, 163, 16, 15]",30,lib/tests/core/gc-stress.zy,recursive
release,0,739336,516,74,4601960,True,"[422, 163, 16, 15]",31,lib/tests/core/gc-stress.zy,jobs
release,0,733916,516,74,5614790,True,"[422, 163, 16, 15]",31,lib/tests/core/gc-stress.zy,baseline
release,0,760543,516,74,5185338,True,"[422, 163, 16, 15]",31,lib/tests/core/gc-stress.zy,explicit
release,0,715499,516,74,4981665,True,"[422, 163, 16, 15]",31,lib/tests/core/gc-stress.zy,recursive
release,0,743040,516,74,5101251,True,"[422, 163, 16, 15]",31,lib/tests/core/gc-stress.zy,original
release,0,782206,516,74,5528918,True,"[422, 163, 16, 15]",32,lib/tests/core/gc-stress.zy,baseline
release,0,798794,516,74,6262494,True,"[422, 163, 16, 15]",32,lib/tests/core/gc-stress.zy,explicit
release,0,1571419,516,74,10085377,True,"[422, 163, 16, 15]",32,lib/tests/core/gc-stress.zy,recursive
release,0,2246005,516,74,10900662,True,"[422, 163, 16, 15]",32,lib/tests/core/gc-stress.zy,original
release,0,1089246,516,74,5572499,True,"[422, 163, 16, 15]",32,lib/tests/core/gc-stress.zy,jobs
release,0,1079628,516,74,6072665,True,"[422, 163, 16, 15]",33,lib/tests/core/gc-stress.zy,explicit
release,0,1127206,516,74,6380502,True,"[422, 163, 16, 15]",33,lib/tests/core/gc-stress.zy,recursive
release,0,914870,516,74,5695047,True,"[422, 163, 16, 15]",33,lib/tests/core/gc-stress.zy,original
release,0,750871,516,74,4786503,True,"[422, 163, 16, 15]",33,lib/tests/core/gc-stress.zy,jobs
release,0,797003,516,74,5917668,True,"[422, 163, 16, 15]",33,lib/tests/core/gc-stress.zy,baseline
release,0,901752,516,74,5498834,True,"[422, 163, 16, 15]",34,lib/tests/core/gc-stress.zy,recursive
release,0,858963,516,74,5397624,True,"[422, 163, 16, 15]",34,lib/tests/core/gc-stress.zy,original
release,0,780709,516,74,4792456,True,"[422, 163, 16, 15]",34,lib/tests/core/gc-stress.zy,jobs
release,0,995502,516,74,6359330,True,"[422, 163, 16, 15]",34,lib/tests/core/gc-stress.zy,baseline
release,0,852121,516,74,5856876,True,"[422, 163, 16, 15]",34,lib/tests/core/gc-stress.zy,explicit
release,0,803752,516,74,5210047,True,"[422, 163, 16, 15]",35,lib/tests/core/gc-stress.zy,original
release,0,786336,516,74,4813920,True,"[422, 163, 16, 15]",35,lib/tests/core/gc-stress.zy,jobs
release,0,699790,516,74,5364579,True,"[422, 163, 16, 15]",35,lib/tests/core/gc-stress.zy,baseline
release,0,724543,516,74,5287585,True,"[422, 163, 16, 15]",35,lib/tests/core/gc-stress.zy,explicit
release,0,719965,516,74,5015998,True,"[422, 163, 16, 15]",35,lib/tests/core/gc-stress.zy,recursive
release,0,752957,516,74,4746042,True,"[422, 163, 16, 15]",36,lib/tests/core/gc-stress.zy,jobs
release,0,763999,516,74,5579420,True,"[422, 163, 16, 15]",36,lib/tests/core/gc-stress.zy,baseline
release,0,809546,516,74,5483295,True,"[422, 163, 16, 15]",36,lib/tests/core/gc-stress.zy,explicit
release,0,780122,516,74,5143833,True,"[422, 163, 16, 15]",36,lib/tests/core/gc-stress.zy,recursive
release,0,745705,516,74,5217964,True,"[422, 163, 16, 15]",36,lib/tests/core/gc-stress.zy,original
release,0,767880,516,74,5505909,True,"[422, 163, 16, 15]",37,lib/tests/core/gc-stress.zy,baseline
release,0,806879,516,74,5701588,True,"[422, 163, 16, 15]",37,lib/tests/core/gc-stress.zy,explicit
release,0,923877,516,74,5653749,True,"[422, 163, 16, 15]",37,lib/tests/core/gc-stress.zy,recursive
release,0,817335,516,74,5464791,True,"[422, 163, 16, 15]",37,lib/tests/core/gc-stress.zy,original
release,0,849707,516,74,5099665,True,"[422, 163, 16, 15]",37,lib/tests/core/gc-stress.zy,jobs
release,0,860502,516,74,5797171,True,"[422, 163, 16, 15]",38,lib/tests/core/gc-stress.zy,explicit
release,0,756708,516,74,5178168,True,"[422, 163, 16, 15]",38,lib/tests/core/gc-stress.zy,recursive
release,0,799499,516,74,5291743,True,"[422, 163, 16, 15]",38,lib/tests/core/gc-stress.zy,original
release,0,849335,516,74,5012373,True,"[422, 163, 16, 15]",38,lib/tests/core/gc-stress.zy,jobs
release,0,774204,516,74,5841833,True,"[422, 163, 16, 15]",38,lib/tests/core/gc-stress.zy,baseline
release,0,782121,516,74,5329331,True,"[422, 163, 16, 15]",39,lib/tests/core/gc-stress.zy,recursive
release,0,786125,516,74,5225458,True,"[422, 163, 16, 15]",39,lib/tests/core/gc-stress.zy,original
release,0,783419,516,74,4821163,True,"[422, 163, 16, 15]",39,lib/tests/core/gc-stress.zy,jobs
release,0,771541,516,74,5851543,True,"[422, 163, 16, 15]",39,lib/tests/core/gc-stress.zy,baseline
release,0,826537,516,74,5419666,True,"[422, 163, 16, 15]",39,lib/tests/core/gc-stress.zy,explicit
release,1,631794,343,106,5023251,False,"[276, 90, 14, 0]",0,lib/tests/core/fact.zy,original
release,1,647460,343,106,4611747,False,"[276, 90, 14, 0]",0,lib/tests/core/fact.zy,jobs
release,1,634334,343,106,5336413,False,"[276, 90, 14, 0]",0,lib/tests/core/fact.zy,baseline
release,1,648585,343,106,5134417,False,"[276, 90, 14, 0]",0,lib/tests/core/fact.zy,explicit
release,1,617159,343,106,4915963,False,"[276, 90, 14, 0]",0,lib/tests/core/fact.zy,recursive
release,1,617292,343,106,4649503,False,"[276, 90, 14, 0]",1,lib/tests/core/fact.zy,jobs
release,1,610710,343,106,5450992,False,"[276, 90, 14, 0]",1,lib/tests/core/fact.zy,baseline
release,1,636988,343,106,5064582,False,"[276, 90, 14, 0]",1,lib/tests/core/fact.zy,explicit
release,1,680006,343,106,4920914,False,"[276, 90, 14, 0]",1,lib/tests/core/fact.zy,recursive
release,1,608000,343,106,5038165,False,"[276, 90, 14, 0]",1,lib/tests/core/fact.zy,original
release,1,610087,343,106,5409533,False,"[276, 90, 14, 0]",2,lib/tests/core/fact.zy,baseline
release,1,592287,343,106,4977375,False,"[276, 90, 14, 0]",2,lib/tests/core/fact.zy,explicit
release,1,602584,343,106,4806626,False,"[276, 90, 14, 0]",2,lib/tests/core/fact.zy,recursive
release,1,626164,343,106,4973422,False,"[276, 90, 14, 0]",2,lib/tests/core/fact.zy,original
release,1,615329,343,106,4625250,False,"[276, 90, 14, 0]",2,lib/tests/core/fact.zy,jobs
release,1,619382,343,106,5122048,False,"[276, 90, 14, 0]",3,lib/tests/core/fact.zy,explicit
release,1,624958,343,106,4775840,False,"[276, 90, 14, 0]",3,lib/tests/core/fact.zy,recursive
release,1,635413,343,106,5084670,False,"[276, 90, 14, 0]",3,lib/tests/core/fact.zy,original
release,1,628201,343,106,4615002,False,"[276, 90, 14, 0]",3,lib/tests/core/fact.zy,jobs
release,1,645042,343,106,5431166,False,"[276, 90, 14, 0]",3,lib/tests/core/fact.zy,baseline
release,1,645413,343,106,5045082,False,"[276, 90, 14, 0]",4,lib/tests/core/fact.zy,recursive
release,1,610131,343,106,4900088,False,"[276, 90, 14, 0]",4,lib/tests/core/fact.zy,original
release,1,605162,343,106,4562212,False,"[276, 90, 14, 0]",4,lib/tests/core/fact.zy,jobs
release,1,621838,343,106,5402750,False,"[276, 90, 14, 0]",4,lib/tests/core/fact.zy,baseline
release,1,639501,343,106,5128126,False,"[276, 90, 14, 0]",4,lib/tests/core/fact.zy,explicit
release,1,584541,343,106,4753668,False,"[276, 90, 14, 0]",5,lib/tests/core/fact.zy,original
release,1,605291,343,106,4583586,False,"[276, 90, 14, 0]",5,lib/tests/core/fact.zy,jobs
release,1,598711,343,106,5444665,False,"[276, 90, 14, 0]",5,lib/tests/core/fact.zy,baseline
release,1,625211,343,106,5078293,False,"[276, 90, 14, 0]",5,lib/tests/core/fact.zy,explicit
release,1,622629,343,106,4926465,False,"[276, 90, 14, 0]",5,lib/tests/core/fact.zy,recursive
release,1,589334,343,106,4405709,False,"[276, 90, 14, 0]",6,lib/tests/core/fact.zy,jobs
release,1,663666,343,106,5335169,False,"[276, 90, 14, 0]",6,lib/tests/core/fact.zy,baseline
release,1,629087,343,106,5139121,False,"[276, 90, 14, 0]",6,lib/tests/core/fact.zy,explicit
release,1,624208,343,106,4909993,False,"[276, 90, 14, 0]",6,lib/tests/core/fact.zy,recursive
release,1,683163,343,106,4952000,False,"[276, 90, 14, 0]",6,lib/tests/core/fact.zy,original
release,1,625924,343,106,5520122,False,"[276, 90, 14, 0]",7,lib/tests/core/fact.zy,baseline
release,1,646090,343,106,5251962,False,"[276, 90, 14, 0]",7,lib/tests/core/fact.zy,explicit
release,1,618411,343,106,4945080,False,"[276, 90, 14, 0]",7,lib/tests/core/fact.zy,recursive
release,1,661000,343,106,4978415,False,"[276, 90, 14, 0]",7,lib/tests/core/fact.zy,original
release,1,712618,343,106,4649340,False,"[276, 90, 14, 0]",7,lib/tests/core/fact.zy,jobs
release,1,685753,343,106,5254834,False,"[276, 90, 14, 0]",8,lib/tests/core/fact.zy,explicit
release,1,649701,343,106,5111081,False,"[276, 90, 14, 0]",8,lib/tests/core/fact.zy,recursive
release,1,634743,343,106,5076750,False,"[276, 90, 14, 0]",8,lib/tests/core/fact.zy,original
release,1,627248,343,106,4397329,False,"[276, 90, 14, 0]",8,lib/tests/core/fact.zy,jobs
release,1,614503,343,106,5295834,False,"[276, 90, 14, 0]",8,lib/tests/core/fact.zy,baseline
release,1,609581,343,106,4902915,False,"[276, 90, 14, 0]",9,lib/tests/core/fact.zy,recursive
release,1,641041,343,106,4994622,False,"[276, 90, 14, 0]",9,lib/tests/core/fact.zy,original
release,1,650450,343,106,4484878,False,"[276, 90, 14, 0]",9,lib/tests/core/fact.zy,jobs
release,1,647497,343,106,5363959,False,"[276, 90, 14, 0]",9,lib/tests/core/fact.zy,baseline
release,1,637749,343,106,5075543,False,"[276, 90, 14, 0]",9,lib/tests/core/fact.zy,explicit
release,1,611755,343,106,4939249,False,"[276, 90, 14, 0]",10,lib/tests/core/fact.zy,original
release,1,592914,343,106,4310166,False,"[276, 90, 14, 0]",10,lib/tests/core/fact.zy,jobs
release,1,617287,343,106,5311506,False,"[276, 90, 14, 0]",10,lib/tests/core/fact.zy,baseline
release,1,593753,343,106,5099831,False,"[276, 90, 14, 0]",10,lib/tests/core/fact.zy,explicit
release,1,590753,343,106,4830412,False,"[276, 90, 14, 0]",10,lib/tests/core/fact.zy,recursive
release,1,634168,343,106,4507581,False,"[276, 90, 14, 0]",11,lib/tests/core/fact.zy,jobs
release,1,636837,343,106,5313041,False,"[276, 90, 14, 0]",11,lib/tests/core/fact.zy,baseline
release,1,648706,343,106,5056496,False,"[276, 90, 14, 0]",11,lib/tests/core/fact.zy,explicit
release,1,642294,343,106,4846536,False,"[276, 90, 14, 0]",11,lib/tests/core/fact.zy,recursive
release,1,642544,343,106,5085535,False,"[276, 90, 14, 0]",11,lib/tests/core/fact.zy,original
release,1,574917,343,106,5222666,False,"[276, 90, 14, 0]",12,lib/tests/core/fact.zy,baseline
release,1,570877,343,106,4874082,False,"[276, 90, 14, 0]",12,lib/tests/core/fact.zy,explicit
release,1,592335,343,106,4796704,False,"[276, 90, 14, 0]",12,lib/tests/core/fact.zy,recursive
release,1,591672,343,106,4921128,False,"[276, 90, 14, 0]",12,lib/tests/core/fact.zy,original
release,1,590000,343,106,4489211,False,"[276, 90, 14, 0]",12,lib/tests/core/fact.zy,jobs
release,1,594920,343,106,5021044,False,"[276, 90, 14, 0]",13,lib/tests/core/fact.zy,explicit
release,1,609121,343,106,4857998,False,"[276, 90, 14, 0]",13,lib/tests/core/fact.zy,recursive
release,1,613659,343,106,5075220,False,"[276, 90, 14, 0]",13,lib/tests/core/fact.zy,original
release,1,601793,343,106,4564911,False,"[276, 90, 14, 0]",13,lib/tests/core/fact.zy,jobs
release,1,591960,343,106,5412539,False,"[276, 90, 14, 0]",13,lib/tests/core/fact.zy,baseline
release,1,624116,343,106,4780041,False,"[276, 90, 14, 0]",14,lib/tests/core/fact.zy,recursive
release,1,636630,343,106,4975794,False,"[276, 90, 14, 0]",14,lib/tests/core/fact.zy,original
release,1,595789,343,106,4595918,False,"[276, 90, 14, 0]",14,lib/tests/core/fact.zy,jobs
release,1,602460,343,106,5460296,False,"[276, 90, 14, 0]",14,lib/tests/core/fact.zy,baseline
release,1,656211,343,106,5186251,False,"[276, 90, 14, 0]",14,lib/tests/core/fact.zy,explicit
release,1,630962,343,106,5054788,False,"[276, 90, 14, 0]",15,lib/tests/core/fact.zy,original
release,1,737415,343,106,4747878,False,"[276, 90, 14, 0]",15,lib/tests/core/fact.zy,jobs
release,1,674252,343,106,5420587,False,"[276, 90, 14, 0]",15,lib/tests/core/fact.zy,baseline
release,1,650450,343,106,5212003,False,"[276, 90, 14, 0]",15,lib/tests/core/fact.zy,explicit
release,1,596579,343,106,4943797,False,"[276, 90, 14, 0]",15,lib/tests/core/fact.zy,recursive
release,1,609086,343,106,4611997,False,"[276, 90, 14, 0]",16,lib/tests/core/fact.zy,jobs
release,1,646503,343,106,5473669,False,"[276, 90, 14, 0]",16,lib/tests/core/fact.zy,baseline
release,1,621669,343,106,5214335,False,"[276, 90, 14, 0]",16,lib/tests/core/fact.zy,explicit
release,1,654123,343,106,4937495,False,"[276, 90, 14, 0]",16,lib/tests/core/fact.zy,recursive
release,1,592835,343,106,4944121,False,"[276, 90, 14, 0]",16,lib/tests/core/fact.zy,original
release,1,701418,343,106,5555044,False,"[276, 90, 14, 0]",17,lib/tests/core/fact.zy,baseline
release,1,741415,343,106,5882795,False,"[276, 90, 14, 0]",17,lib/tests/core/fact.zy,explicit
release,1,648666,343,106,5090292,False,"[276, 90, 14, 0]",17,lib/tests/core/fact.zy,recursive
release,1,656212,343,106,5233043,False,"[276, 90, 14, 0]",17,lib/tests/core/fact.zy,original
release,1,615919,343,106,4719877,False,"[276, 90, 14, 0]",17,lib/tests/core/fact.zy,jobs
release,1,644714,343,106,5221661,False,"[276, 90, 14, 0]",18,lib/tests/core/fact.zy,explicit
release,1,616252,343,106,5022127,False,"[276, 90, 14, 0]",18,lib/tests/core/fact.zy,recursive
release,1,760254,343,106,5364084,False,"[276, 90, 14, 0]",18,lib/tests/core/fact.zy,original
release,1,671415,343,106,4655207,False,"[276, 90, 14, 0]",18,lib/tests/core/fact.zy,jobs
release,1,728965,343,106,5562794,False,"[276, 90, 14, 0]",18,lib/tests/core/fact.zy,baseline
release,1,614412,343,106,4980210,False,"[276, 90, 14, 0]",19,lib/tests/core/fact.zy,recursive
release,1,647458,343,106,5251746,False,"[276, 90, 14, 0]",19,lib/tests/core/fact.zy,original
release,1,690746,343,106,4960837,False,"[276, 90, 14, 0]",19,lib/tests/core/fact.zy,jobs
release,1,677037,343,106,5590329,False,"[276, 90, 14, 0]",19,lib/tests/core/fact.zy,baseline
release,1,628330,343,106,5222955,False,"[276, 90, 14, 0]",19,lib/tests/core/fact.zy,explicit
release,1,635498,343,106,5160369,False,"[276, 90, 14, 0]",20,lib/tests/core/fact.zy,original
release,1,637543,343,106,4667033,False,"[276, 90, 14, 0]",20,lib/tests/core/fact.zy,jobs
release,1,764790,343,106,5828459,False,"[276, 90, 14, 0]",20,lib/tests/core/fact.zy,baseline
release,1,713833,343,106,5276125,False,"[276, 90, 14, 0]",20,lib/tests/core/fact.zy,explicit
release,1,725001,343,106,5321205,False,"[276, 90, 14, 0]",20,lib/tests/core/fact.zy,recursive
release,1,658411,343,106,4953328,False,"[276, 90, 14, 0]",21,lib/tests/core/fact.zy,jobs
release,1,655830,343,106,5562623,False,"[276, 90, 14, 0]",21,lib/tests/core/fact.zy,baseline
release,1,626656,343,106,5159042,False,"[276, 90, 14, 0]",21,lib/tests/core/fact.zy,explicit
release,1,582048,343,106,4949746,False,"[276, 90, 14, 0]",21,lib/tests/core/fact.zy,recursive
release,1,676749,343,106,5111169,False,"[276, 90, 14, 0]",21,lib/tests/core/fact.zy,original
release,1,631543,343,106,5355208,False,"[276, 90, 14, 0]",22,lib/tests/core/fact.zy,baseline
release,1,634417,343,106,5045956,False,"[276, 90, 14, 0]",22,lib/tests/core/fact.zy,explicit
release,1,646703,343,106,4945127,False,"[276, 90, 14, 0]",22,lib/tests/core/fact.zy,recursive
release,1,635494,343,106,5035378,False,"[276, 90, 14, 0]",22,lib/tests/core/fact.zy,original
release,1,652668,343,106,4720368,False,"[276, 90, 14, 0]",22,lib/tests/core/fact.zy,jobs
release,1,575840,343,106,5024751,False,"[276, 90, 14, 0]",23,lib/tests/core/fact.zy,explicit
release,1,623668,343,106,4783791,False,"[276, 90, 14, 0]",23,lib/tests/core/fact.zy,recursive
release,1,630044,343,106,4937125,False,"[276, 90, 14, 0]",23,lib/tests/core/fact.zy,original
release,1,618458,343,106,4490872,False,"[276, 90, 14, 0]",23,lib/tests/core/fact.zy,jobs
release,1,670336,343,106,5424087,False,"[276, 90, 14, 0]",23,lib/tests/core/fact.zy,baseline
release,1,683996,343,106,5284414,False,"[276, 90, 14, 0]",24,lib/tests/core/fact.zy,recursive
release,1,920710,343,106,7461168,False,"[276, 90, 14, 0]",24,lib/tests/core/fact.zy,original
release,1,870084,343,106,6368037,False,"[276, 90, 14, 0]",24,lib/tests/core/fact.zy,jobs
release,1,789874,343,106,6788325,False,"[276, 90, 14, 0]",24,lib/tests/core/fact.zy,baseline
release,1,725714,343,106,5317706,False,"[276, 90, 14, 0]",24,lib/tests/core/fact.zy,explicit
release,1,653372,343,106,5253041,False,"[276, 90, 14, 0]",25,lib/tests/core/fact.zy,original
release,1,692545,343,106,4543923,False,"[276, 90, 14, 0]",25,lib/tests/core/fact.zy,jobs
release,1,613249,343,106,5458327,False,"[276, 90, 14, 0]",25,lib/tests/core/fact.zy,baseline
release,1,611624,343,106,5085162,False,"[276, 90, 14, 0]",25,lib/tests/core/fact.zy,explicit
release,1,601874,343,106,4886544,False,"[276, 90, 14, 0]",25,lib/tests/core/fact.zy,recursive
release,1,658625,343,106,4659367,False,"[276, 90, 14, 0]",26,lib/tests/core/fact.zy,jobs
release,1,624916,343,106,5454879,False,"[276, 90, 14, 0]",26,lib/tests/core/fact.zy,baseline
release,1,634705,343,106,5133085,False,"[276, 90, 14, 0]",26,lib/tests/core/fact.zy,explicit
release,1,614293,343,106,4899582,False,"[276, 90, 14, 0]",26,lib/tests/core/fact.zy,recursive
release,1,607537,343,106,5009709,False,"[276, 90, 14, 0]",26,lib/tests/core/fact.zy,original
release,1,632239,343,106,5425917,False,"[276, 90, 14, 0]",27,lib/tests/core/fact.zy,baseline
release,1,622463,343,106,5022838,False,"[276, 90, 14, 0]",27,lib/tests/core/fact.zy,explicit
release,1,594497,343,106,4889123,False,"[276, 90, 14, 0]",27,lib/tests/core/fact.zy,recursive
release,1,638292,343,106,5083081,False,"[276, 90, 14, 0]",27,lib/tests/core/fact.zy,original
release,1,601498,343,106,4442704,False,"[276, 90, 14, 0]",27,lib/tests/core/fact.zy,jobs
release,1,627246,343,106,5109458,False,"[276, 90, 14, 0]",28,lib/tests/core/fact.zy,explicit
release,1,627875,343,106,4921456,False,"[276, 90, 14, 0]",28,lib/tests/core/fact.zy,recursive
release,1,599743,343,106,4880082,False,"[276, 90, 14, 0]",28,lib/tests/core/fact.zy,original
release,1,585875,343,106,4537372,False,"[276, 90, 14, 0]",28,lib/tests/core/fact.zy,jobs
release,1,612246,343,106,5242085,False,"[276, 90, 14, 0]",28,lib/tests/core/fact.zy,baseline
release,1,614712,343,106,4964789,False,"[276, 90, 14, 0]",29,lib/tests/core/fact.zy,recursive
release,1,624422,343,106,5030126,False,"[276, 90, 14, 0]",29,lib/tests/core/fact.zy,original
release,1,586827,343,106,4412374,False,"[276, 90, 14, 0]",29,lib/tests/core/fact.zy,jobs
release,1,594083,343,106,5271373,False,"[276, 90, 14, 0]",29,lib/tests/core/fact.zy,baseline
release,1,637295,343,106,5114373,False,"[276, 90, 14, 0]",29,lib/tests/core/fact.zy,explicit
release,1,602790,343,106,4996250,False,"[276, 90, 14, 0]",30,lib/tests/core/fact.zy,original
release,1,573249,343,106,4366094,False,"[276, 90, 14, 0]",30,lib/tests/core/fact.zy,jobs
release,1,608876,343,106,5334381,False,"[276, 90, 14, 0]",30,lib/tests/core/fact.zy,baseline
release,1,631372,343,106,5201709,False,"[276, 90, 14, 0]",30,lib/tests/core/fact.zy,explicit
release,1,605413,343,106,4819877,False,"[276, 90, 14, 0]",30,lib/tests/core/fact.zy,recursive
release,1,605535,343,106,4612383,False,"[276, 90, 14, 0]",31,lib/tests/core/fact.zy,jobs
release,1,587668,343,106,5275784,False,"[276, 90, 14, 0]",31,lib/tests/core/fact.zy,baseline
release,1,598793,343,106,5043871,False,"[276, 90, 14, 0]",31,lib/tests/core/fact.zy,explicit
release,1,603002,343,106,4769203,False,"[276, 90, 14, 0]",31,lib/tests/core/fact.zy,recursive
release,1,592369,343,106,4957250,False,"[276, 90, 14, 0]",31,lib/tests/core/fact.zy,original
release,1,622877,343,106,5433917,False,"[276, 90, 14, 0]",32,lib/tests/core/fact.zy,baseline
release,1,618676,343,106,5030414,False,"[276, 90, 14, 0]",32,lib/tests/core/fact.zy,explicit
release,1,616584,343,106,4767626,False,"[276, 90, 14, 0]",32,lib/tests/core/fact.zy,recursive
release,1,608876,343,106,5007666,False,"[276, 90, 14, 0]",32,lib/tests/core/fact.zy,original
release,1,612790,343,106,4520088,False,"[276, 90, 14, 0]",32,lib/tests/core/fact.zy,jobs
release,1,593207,343,106,4961422,False,"[276, 90, 14, 0]",33,lib/tests/core/fact.zy,explicit
release,1,599290,343,106,4820503,False,"[276, 90, 14, 0]",33,lib/tests/core/fact.zy,recursive
release,1,612789,343,106,4980002,False,"[276, 90, 14, 0]",33,lib/tests/core/fact.zy,original
release,1,615502,343,106,4584292,False,"[276, 90, 14, 0]",33,lib/tests/core/fact.zy,jobs
release,1,606491,343,106,5326412,False,"[276, 90, 14, 0]",33,lib/tests/core/fact.zy,baseline
release,1,635120,343,106,4889051,False,"[276, 90, 14, 0]",34,lib/tests/core/fact.zy,recursive
release,1,598537,343,106,4938785,False,"[276, 90, 14, 0]",34,lib/tests/core/fact.zy,original
release,1,598246,343,106,4432663,False,"[276, 90, 14, 0]",34,lib/tests/core/fact.zy,jobs
release,1,602257,343,106,5344328,False,"[276, 90, 14, 0]",34,lib/tests/core/fact.zy,baseline
release,1,616499,343,106,4954915,False,"[276, 90, 14, 0]",34,lib/tests/core/fact.zy,explicit
release,1,608871,343,106,4981045,False,"[276, 90, 14, 0]",35,lib/tests/core/fact.zy,original
release,1,608958,343,106,4575376,False,"[276, 90, 14, 0]",35,lib/tests/core/fact.zy,jobs
release,1,587127,343,106,5291373,False,"[276, 90, 14, 0]",35,lib/tests/core/fact.zy,baseline
release,1,600170,343,106,5067335,False,"[276, 90, 14, 0]",35,lib/tests/core/fact.zy,explicit
release,1,636951,343,106,4922465,False,"[276, 90, 14, 0]",35,lib/tests/core/fact.zy,recursive
release,1,595126,343,106,4420338,False,"[276, 90, 14, 0]",36,lib/tests/core/fact.zy,jobs
release,1,633376,343,106,5286165,False,"[276, 90, 14, 0]",36,lib/tests/core/fact.zy,baseline
release,1,680502,343,106,5098544,False,"[276, 90, 14, 0]",36,lib/tests/core/fact.zy,explicit
release,1,599334,343,106,4735588,False,"[276, 90, 14, 0]",36,lib/tests/core/fact.zy,recursive
release,1,581373,343,106,4869418,False,"[276, 90, 14, 0]",36,lib/tests/core/fact.zy,original
release,1,594127,343,106,5368003,False,"[276, 90, 14, 0]",37,lib/tests/core/fact.zy,baseline
release,1,641911,343,106,5161954,False,"[276, 90, 14, 0]",37,lib/tests/core/fact.zy,explicit
release,1,614163,343,106,4923790,False,"[276, 90, 14, 0]",37,lib/tests/core/fact.zy,recursive
release,1,609091,343,106,4965741,False,"[276, 90, 14, 0]",37,lib/tests/core/fact.zy,original
release,1,589335,343,106,4464750,False,"[276, 90, 14, 0]",37,lib/tests/core/fact.zy,jobs
release,1,651124,343,106,5185333,False,"[276, 90, 14, 0]",38,lib/tests/core/fact.zy,explicit
release,1,671460,343,106,5187125,False,"[276, 90, 14, 0]",38,lib/tests/core/fact.zy,recursive
release,1,616705,343,106,5038619,False,"[276, 90, 14, 0]",38,lib/tests/core/fact.zy,original
release,1,608127,343,106,4514629,False,"[276, 90, 14, 0]",38,lib/tests/core/fact.zy,jobs
release,1,669710,343,106,5496247,False,"[276, 90, 14, 0]",38,lib/tests/core/fact.zy,baseline
release,1,647709,343,106,4964334,False,"[276, 90, 14, 0]",39,lib/tests/core/fact.zy,recursive
release,1,746128,343,106,5654581,False,"[276, 90, 14, 0]",39,lib/tests/core/fact.zy,original
release,1,736117,343,106,5287255,False,"[276, 90, 14, 0]",39,lib/tests/core/fact.zy,jobs
release,1,596293,343,106,5232409,False,"[276, 90, 14, 0]",39,lib/tests/core/fact.zy,baseline
release,1,587203,343,106,4945744,False,"[276, 90, 14, 0]",39,lib/tests/core/fact.zy,explicit
release,1,658283,343,112,5131585,True,"[265, 89, 14, 13]",0,lib/tests/core/fact.zy,original
release,1,664998,343,112,4587789,True,"[265, 89, 14, 13]",0,lib/tests/core/fact.zy,jobs
release,1,682375,343,112,5539285,True,"[265, 89, 14, 13]",0,lib/tests/core/fact.zy,baseline
release,1,679037,343,112,5331466,True,"[265, 89, 14, 13]",0,lib/tests/core/fact.zy,explicit
release,1,675997,343,112,5099036,True,"[265, 89, 14, 13]",0,lib/tests/core/fact.zy,recursive
release,1,708667,343,112,4844207,True,"[265, 89, 14, 13]",1,lib/tests/core/fact.zy,jobs
release,1,633496,343,112,5416422,True,"[265, 89, 14, 13]",1,lib/tests/core/fact.zy,baseline
release,1,642759,343,112,5301572,True,"[265, 89, 14, 13]",1,lib/tests/core/fact.zy,explicit
release,1,648452,343,112,5101628,True,"[265, 89, 14, 13]",1,lib/tests/core/fact.zy,recursive
release,1,625544,343,112,5211877,True,"[265, 89, 14, 13]",1,lib/tests/core/fact.zy,original
release,1,655415,343,112,5650664,True,"[265, 89, 14, 13]",2,lib/tests/core/fact.zy,baseline
release,1,655639,343,112,5275668,True,"[265, 89, 14, 13]",2,lib/tests/core/fact.zy,explicit
release,1,654877,343,112,4935424,True,"[265, 89, 14, 13]",2,lib/tests/core/fact.zy,recursive
release,1,628000,343,112,5160248,True,"[265, 89, 14, 13]",2,lib/tests/core/fact.zy,original
release,1,702787,343,112,4672758,True,"[265, 89, 14, 13]",2,lib/tests/core/fact.zy,jobs
release,1,625126,343,112,5066164,True,"[265, 89, 14, 13]",3,lib/tests/core/fact.zy,explicit
release,1,614957,343,112,4823035,True,"[265, 89, 14, 13]",3,lib/tests/core/fact.zy,recursive
release,1,626333,343,112,4960672,True,"[265, 89, 14, 13]",3,lib/tests/core/fact.zy,original
release,1,640872,343,112,4741829,True,"[265, 89, 14, 13]",3,lib/tests/core/fact.zy,jobs
release,1,677791,343,112,5581504,True,"[265, 89, 14, 13]",3,lib/tests/core/fact.zy,baseline
release,1,629374,343,112,4987793,True,"[265, 89, 14, 13]",4,lib/tests/core/fact.zy,recursive
release,1,627586,343,112,5122836,True,"[265, 89, 14, 13]",4,lib/tests/core/fact.zy,original
release,1,655081,343,112,4764537,True,"[265, 89, 14, 13]",4,lib/tests/core/fact.zy,jobs
release,1,653710,343,112,5629334,True,"[265, 89, 14, 13]",4,lib/tests/core/fact.zy,baseline
release,1,635965,343,112,5197580,True,"[265, 89, 14, 13]",4,lib/tests/core/fact.zy,explicit
release,1,633166,343,112,5175917,True,"[265, 89, 14, 13]",5,lib/tests/core/fact.zy,original
release,1,623006,343,112,4724495,True,"[265, 89, 14, 13]",5,lib/tests/core/fact.zy,jobs
release,1,645796,343,112,5539291,True,"[265, 89, 14, 13]",5,lib/tests/core/fact.zy,baseline
release,1,652001,343,112,5165623,True,"[265, 89, 14, 13]",5,lib/tests/core/fact.zy,explicit
release,1,651418,343,112,4931208,True,"[265, 89, 14, 13]",5,lib/tests/core/fact.zy,recursive
release,1,660165,343,112,4750045,True,"[265, 89, 14, 13]",6,lib/tests/core/fact.zy,jobs
release,1,643117,343,112,5538208,True,"[265, 89, 14, 13]",6,lib/tests/core/fact.zy,baseline
release,1,651212,343,112,5293581,True,"[265, 89, 14, 13]",6,lib/tests/core/fact.zy,explicit
release,1,641707,343,112,4927664,True,"[265, 89, 14, 13]",6,lib/tests/core/fact.zy,recursive
release,1,656122,343,112,5144542,True,"[265, 89, 14, 13]",6,lib/tests/core/fact.zy,original
release,1,696491,343,112,5553043,True,"[265, 89, 14, 13]",7,lib/tests/core/fact.zy,baseline
release,1,650084,343,112,5197959,True,"[265, 89, 14, 13]",7,lib/tests/core/fact.zy,explicit
release,1,630171,343,112,4954452,True,"[265, 89, 14, 13]",7,lib/tests/core/fact.zy,recursive
release,1,692662,343,112,5189127,True,"[265, 89, 14, 13]",7,lib/tests/core/fact.zy,original
release,1,665010,343,112,4794417,True,"[265, 89, 14, 13]",7,lib/tests/core/fact.zy,jobs
release,1,627744,343,112,5257003,True,"[265, 89, 14, 13]",8,lib/tests/core/fact.zy,explicit
release,1,644801,343,112,4898577,True,"[265, 89, 14, 13]",8,lib/tests/core/fact.zy,recursive
release,1,682044,343,112,5194167,True,"[265, 89, 14, 13]",8,lib/tests/core/fact.zy,original
release,1,644831,343,112,4757835,True,"[265, 89, 14, 13]",8,lib/tests/core/fact.zy,jobs
release,1,616997,343,112,5444705,True,"[265, 89, 14, 13]",8,lib/tests/core/fact.zy,baseline
release,1,633205,343,112,4914543,True,"[265, 89, 14, 13]",9,lib/tests/core/fact.zy,recursive
release,1,650997,343,112,5137416,True,"[265, 89, 14, 13]",9,lib/tests/core/fact.zy,original
release,1,646257,343,112,4712747,True,"[265, 89, 14, 13]",9,lib/tests/core/fact.zy,jobs
release,1,688755,343,112,5602292,True,"[265, 89, 14, 13]",9,lib/tests/core/fact.zy,baseline
release,1,653422,343,112,5294704,True,"[265, 89, 14, 13]",9,lib/tests/core/fact.zy,explicit
release,1,747367,343,112,5340210,True,"[265, 89, 14, 13]",10,lib/tests/core/fact.zy,original
release,1,708542,343,112,4832165,True,"[265, 89, 14, 13]",10,lib/tests/core/fact.zy,jobs
release,1,657220,343,112,5466116,True,"[265, 89, 14, 13]",10,lib/tests/core/fact.zy,baseline
release,1,630252,343,112,5160335,True,"[265, 89, 14, 13]",10,lib/tests/core/fact.zy,explicit
release,1,667545,343,112,5054914,True,"[265, 89, 14, 13]",10,lib/tests/core/fact.zy,recursive
release,1,627123,343,112,4756414,True,"[265, 89, 14, 13]",11,lib/tests/core/fact.zy,jobs
release,1,671252,343,112,5741835,True,"[265, 89, 14, 13]",11,lib/tests/core/fact.zy,baseline
release,1,665828,343,112,5350792,True,"[265, 89, 14, 13]",11,lib/tests/core/fact.zy,explicit
release,1,640787,343,112,5034923,True,"[265, 89, 14, 13]",11,lib/tests/core/fact.zy,recursive
release,1,638747,343,112,5166546,True,"[265, 89, 14, 13]",11,lib/tests/core/fact.zy,original
release,1,647126,343,112,5510749,True,"[265, 89, 14, 13]",12,lib/tests/core/fact.zy,baseline
release,1,657408,343,112,5218508,True,"[265, 89, 14, 13]",12,lib/tests/core/fact.zy,explicit
release,1,644582,343,112,5093586,True,"[265, 89, 14, 13]",12,lib/tests/core/fact.zy,recursive
release,1,668126,343,112,5308875,True,"[265, 89, 14, 13]",12,lib/tests/core/fact.zy,original
release,1,643665,343,112,4670916,True,"[265, 89, 14, 13]",12,lib/tests/core/fact.zy,jobs
release,1,629830,343,112,5121004,True,"[265, 89, 14, 13]",13,lib/tests/core/fact.zy,explicit
release,1,624667,343,112,4977620,True,"[265, 89, 14, 13]",13,lib/tests/core/fact.zy,recursive
release,1,614299,343,112,5172957,True,"[265, 89, 14, 13]",13,lib/tests/core/fact.zy,original
release,1,617954,343,112,4716820,True,"[265, 89, 14, 13]",13,lib/tests/core/fact.zy,jobs
release,1,630752,343,112,5513750,True,"[265, 89, 14, 13]",13,lib/tests/core/fact.zy,baseline
release,1,643713,343,112,5078540,True,"[265, 89, 14, 13]",14,lib/tests/core/fact.zy,recursive
release,1,665796,343,112,5250460,True,"[265, 89, 14, 13]",14,lib/tests/core/fact.zy,original
release,1,644880,343,112,4749623,True,"[265, 89, 14, 13]",14,lib/tests/core/fact.zy,jobs
release,1,647788,343,112,5524085,True,"[265, 89, 14, 13]",14,lib/tests/core/fact.zy,baseline
release,1,629336,343,112,5219169,True,"[265, 89, 14, 13]",14,lib/tests/core/fact.zy,explicit
release,1,618460,343,112,5150461,True,"[265, 89, 14, 13]",15,lib/tests/core/fact.zy,original
release,1,664494,343,112,4737588,True,"[265, 89, 14, 13]",15,lib/tests/core/fact.zy,jobs
release,1,644836,343,112,5506373,True,"[265, 89, 14, 13]",15,lib/tests/core/fact.zy,baseline
release,1,615911,343,112,5162702,True,"[265, 89, 14, 13]",15,lib/tests/core/fact.zy,explicit
release,1,628291,343,112,4963548,True,"[265, 89, 14, 13]",15,lib/tests/core/fact.zy,recursive
release,1,620834,343,112,4672542,True,"[265, 89, 14, 13]",16,lib/tests/core/fact.zy,jobs
release,1,636169,343,112,5558541,True,"[265, 89, 14, 13]",16,lib/tests/core/fact.zy,baseline
release,1,618372,343,112,5220001,True,"[265, 89, 14, 13]",16,lib/tests/core/fact.zy,explicit
release,1,603249,343,112,4971832,True,"[265, 89, 14, 13]",16,lib/tests/core/fact.zy,recursive
release,1,628921,343,112,5143744,True,"[265, 89, 14, 13]",16,lib/tests/core/fact.zy,original
release,1,656460,343,112,5557162,True,"[265, 89, 14, 13]",17,lib/tests/core/fact.zy,baseline
release,1,660706,343,112,5222334,True,"[265, 89, 14, 13]",17,lib/tests/core/fact.zy,explicit
release,1,629835,343,112,5075413,True,"[265, 89, 14, 13]",17,lib/tests/core/fact.zy,recursive
release,1,613876,343,112,5050995,True,"[265, 89, 14, 13]",17,lib/tests/core/fact.zy,original
release,1,631994,343,112,4745204,True,"[265, 89, 14, 13]",17,lib/tests/core/fact.zy,jobs
release,1,636833,343,112,5227998,True,"[265, 89, 14, 13]",18,lib/tests/core/fact.zy,explicit
release,1,663587,343,112,4999209,True,"[265, 89, 14, 13]",18,lib/tests/core/fact.zy,recursive
release,1,622378,343,112,5257541,True,"[265, 89, 14, 13]",18,lib/tests/core/fact.zy,original
release,1,642334,343,112,4735292,True,"[265, 89, 14, 13]",18,lib/tests/core/fact.zy,jobs
release,1,658127,343,112,5575376,True,"[265, 89, 14, 13]",18,lib/tests/core/fact.zy,baseline
release,1,600919,343,112,4891254,True,"[265, 89, 14, 13]",19,lib/tests/core/fact.zy,recursive
release,1,615045,343,112,5025624,True,"[265, 89, 14, 13]",19,lib/tests/core/fact.zy,original
release,1,660498,343,112,4733793,True,"[265, 89, 14, 13]",19,lib/tests/core/fact.zy,jobs
release,1,650824,343,112,5599296,True,"[265, 89, 14, 13]",19,lib/tests/core/fact.zy,baseline
release,1,641209,343,112,5250831,True,"[265, 89, 14, 13]",19,lib/tests/core/fact.zy,explicit
release,1,621786,343,112,5189918,True,"[265, 89, 14, 13]",20,lib/tests/core/fact.zy,original
release,1,622706,343,112,4783243,True,"[265, 89, 14, 13]",20,lib/tests/core/fact.zy,jobs
release,1,615874,343,112,5514963,True,"[265, 89, 14, 13]",20,lib/tests/core/fact.zy,baseline
release,1,630589,343,112,5284864,True,"[265, 89, 14, 13]",20,lib/tests/core/fact.zy,explicit
release,1,656455,343,112,5055094,True,"[265, 89, 14, 13]",20,lib/tests/core/fact.zy,recursive
release,1,649581,343,112,4705375,True,"[265, 89, 14, 13]",21,lib/tests/core/fact.zy,jobs
release,1,656499,343,112,5565374,True,"[265, 89, 14, 13]",21,lib/tests/core/fact.zy,baseline
release,1,627335,343,112,5211954,True,"[265, 89, 14, 13]",21,lib/tests/core/fact.zy,explicit
release,1,632207,343,112,5041999,True,"[265, 89, 14, 13]",21,lib/tests/core/fact.zy,recursive
release,1,668921,343,112,5221660,True,"[265, 89, 14, 13]",21,lib/tests/core/fact.zy,original
release,1,655962,343,112,5607207,True,"[265, 89, 14, 13]",22,lib/tests/core/fact.zy,baseline
release,1,620626,343,112,5273543,True,"[265, 89, 14, 13]",22,lib/tests/core/fact.zy,explicit
release,1,656538,343,112,5080000,True,"[265, 89, 14, 13]",22,lib/tests/core/fact.zy,recursive
release,1,660116,343,112,5192835,True,"[265, 89, 14, 13]",22,lib/tests/core/fact.zy,original
release,1,650953,343,112,4798207,True,"[265, 89, 14, 13]",22,lib/tests/core/fact.zy,jobs
release,1,628463,343,112,5191704,True,"[265, 89, 14, 13]",23,lib/tests/core/fact.zy,explicit
release,1,624837,343,112,4988874,True,"[265, 89, 14, 13]",23,lib/tests/core/fact.zy,recursive
release,1,626294,343,112,5168367,True,"[265, 89, 14, 13]",23,lib/tests/core/fact.zy,original
release,1,609835,343,112,4692291,True,"[265, 89, 14, 13]",23,lib/tests/core/fact.zy,jobs
release,1,600420,343,112,5373369,True,"[265, 89, 14, 13]",23,lib/tests/core/fact.zy,baseline
release,1,640586,343,112,4906747,True,"[265, 89, 14, 13]",24,lib/tests/core/fact.zy,recursive
release,1,659837,343,112,5240956,True,"[265, 89, 14, 13]",24,lib/tests/core/fact.zy,original
release,1,653208,343,112,4792289,True,"[265, 89, 14, 13]",24,lib/tests/core/fact.zy,jobs
release,1,607709,343,112,5333253,True,"[265, 89, 14, 13]",24,lib/tests/core/fact.zy,baseline
release,1,633914,343,112,5174211,True,"[265, 89, 14, 13]",24,lib/tests/core/fact.zy,explicit
release,1,626956,343,112,5153541,True,"[265, 89, 14, 13]",25,lib/tests/core/fact.zy,original
release,1,616294,343,112,4689166,True,"[265, 89, 14, 13]",25,lib/tests/core/fact.zy,jobs
release,1,621255,343,112,5432290,True,"[265, 89, 14, 13]",25,lib/tests/core/fact.zy,baseline
release,1,621792,343,112,5142915,True,"[265, 89, 14, 13]",25,lib/tests/core/fact.zy,explicit
release,1,638789,343,112,4995204,True,"[265, 89, 14, 13]",25,lib/tests/core/fact.zy,recursive
release,1,665918,343,112,4818503,True,"[265, 89, 14, 13]",26,lib/tests/core/fact.zy,jobs
release,1,605376,343,112,5477504,True,"[265, 89, 14, 13]",26,lib/tests/core/fact.zy,baseline
release,1,602630,343,112,5096503,True,"[265, 89, 14, 13]",26,lib/tests/core/fact.zy,explicit
release,1,644259,343,112,5034331,True,"[265, 89, 14, 13]",26,lib/tests/core/fact.zy,recursive
release,1,668162,343,112,5464872,True,"[265, 89, 14, 13]",26,lib/tests/core/fact.zy,original
release,1,684834,343,112,5704959,True,"[265, 89, 14, 13]",27,lib/tests/core/fact.zy,baseline
release,1,705624,343,112,5378959,True,"[265, 89, 14, 13]",27,lib/tests/core/fact.zy,explicit
release,1,637414,343,112,5044701,True,"[265, 89, 14, 13]",27,lib/tests/core/fact.zy,recursive
release,1,643207,343,112,5217001,True,"[265, 89, 14, 13]",27,lib/tests/core/fact.zy,original
release,1,693622,343,112,4793501,True,"[265, 89, 14, 13]",27,lib/tests/core/fact.zy,jobs
release,1,664705,343,112,5292128,True,"[265, 89, 14, 13]",28,lib/tests/core/fact.zy,explicit
release,1,630209,343,112,4972004,True,"[265, 89, 14, 13]",28,lib/tests/core/fact.zy,recursive
release,1,683796,343,112,5243876,True,"[265, 89, 14, 13]",28,lib/tests/core/fact.zy,original
release,1,664375,343,112,4784294,True,"[265, 89, 14, 13]",28,lib/tests/core/fact.zy,jobs
release,1,614038,343,112,5554380,True,"[265, 89, 14, 13]",28,lib/tests/core/fact.zy,baseline
release,1,618959,343,112,5046330,True,"[265, 89, 14, 13]",29,lib/tests/core/fact.zy,recursive
release,1,637797,343,112,5219755,True,"[265, 89, 14, 13]",29,lib/tests/core/fact.zy,original
release,1,668082,343,112,4760913,True,"[265, 89, 14, 13]",29,lib/tests/core/fact.zy,jobs
release,1,633035,343,112,5535712,True,"[265, 89, 14, 13]",29,lib/tests/core/fact.zy,baseline
release,1,664823,343,112,5240673,True,"[265, 89, 14, 13]",29,lib/tests/core/fact.zy,explicit
release,1,656801,343,112,5288164,True,"[265, 89, 14, 13]",30,lib/tests/core/fact.zy,original
release,1,639417,343,112,4613033,True,"[265, 89, 14, 13]",30,lib/tests/core/fact.zy,jobs
release,1,623465,343,112,5538542,True,"[265, 89, 14, 13]",30,lib/tests/core/fact.zy,baseline
release,1,626881,343,112,5221169,True,"[265, 89, 14, 13]",30,lib/tests/core/fact.zy,explicit
release,1,645173,343,112,5046949,True,"[265, 89, 14, 13]",30,lib/tests/core/fact.zy,recursive
release,1,613508,343,112,4657127,True,"[265, 89, 14, 13]",31,lib/tests/core/fact.zy,jobs
release,1,608289,343,112,5485839,True,"[265, 89, 14, 13]",31,lib/tests/core/fact.zy,baseline
release,1,629377,343,112,5284666,True,"[265, 89, 14, 13]",31,lib/tests/core/fact.zy,explicit
release,1,632211,343,112,5015995,True,"[265, 89, 14, 13]",31,lib/tests/core/fact.zy,recursive
release,1,616873,343,112,5079216,True,"[265, 89, 14, 13]",31,lib/tests/core/fact.zy,original
release,1,641078,343,112,5552500,True,"[265, 89, 14, 13]",32,lib/tests/core/fact.zy,baseline
release,1,665997,343,112,5284838,True,"[265, 89, 14, 13]",32,lib/tests/core/fact.zy,explicit
release,1,642338,343,112,5042624,True,"[265, 89, 14, 13]",32,lib/tests/core/fact.zy,recursive
release,1,649125,343,112,5174203,True,"[265, 89, 14, 13]",32,lib/tests/core/fact.zy,original
release,1,631247,343,112,4670754,True,"[265, 89, 14, 13]",32,lib/tests/core/fact.zy,jobs
release,1,622790,343,112,5123914,True,"[265, 89, 14, 13]",33,lib/tests/core/fact.zy,explicit
release,1,640376,343,112,5078500,True,"[265, 89, 14, 13]",33,lib/tests/core/fact.zy,recursive
release,1,612039,343,112,5122876,True,"[265, 89, 14, 13]",33,lib/tests/core/fact.zy,original
release,1,663373,343,112,4720917,True,"[265, 89, 14, 13]",33,lib/tests/core/fact.zy,jobs
release,1,656666,343,112,5557250,True,"[265, 89, 14, 13]",33,lib/tests/core/fact.zy,baseline
release,1,629620,343,112,4964923,True,"[265, 89, 14, 13]",34,lib/tests/core/fact.zy,recursive
release,1,616210,343,112,5022876,True,"[265, 89, 14, 13]",34,lib/tests/core/fact.zy,original
release,1,612665,343,112,4522874,True,"[265, 89, 14, 13]",34,lib/tests/core/fact.zy,jobs
release,1,638581,343,112,5432172,True,"[265, 89, 14, 13]",34,lib/tests/core/fact.zy,baseline
release,1,621128,343,112,5133665,True,"[265, 89, 14, 13]",34,lib/tests/core/fact.zy,explicit
release,1,636748,343,112,5252495,True,"[265, 89, 14, 13]",35,lib/tests/core/fact.zy,original
release,1,653243,343,112,4793873,True,"[265, 89, 14, 13]",35,lib/tests/core/fact.zy,jobs
release,1,619622,343,112,5535875,True,"[265, 89, 14, 13]",35,lib/tests/core/fact.zy,baseline
release,1,603417,343,112,4971039,True,"[265, 89, 14, 13]",35,lib/tests/core/fact.zy,explicit
release,1,644297,343,112,5102080,True,"[265, 89, 14, 13]",35,lib/tests/core/fact.zy,recursive
release,1,642957,343,112,4817081,True,"[265, 89, 14, 13]",36,lib/tests/core/fact.zy,jobs
release,1,623625,343,112,5548336,True,"[265, 89, 14, 13]",36,lib/tests/core/fact.zy,baseline
release,1,591371,343,112,4953753,True,"[265, 89, 14, 13]",36,lib/tests/core/fact.zy,explicit
release,1,616785,343,112,4943832,True,"[265, 89, 14, 13]",36,lib/tests/core/fact.zy,recursive
release,1,635044,343,112,5146038,True,"[265, 89, 14, 13]",36,lib/tests/core/fact.zy,original
release,1,652547,343,112,5537706,True,"[265, 89, 14, 13]",37,lib/tests/core/fact.zy,baseline
release,1,621330,343,112,5048835,True,"[265, 89, 14, 13]",37,lib/tests/core/fact.zy,explicit
release,1,696039,343,112,4867920,True,"[265, 89, 14, 13]",37,lib/tests/core/fact.zy,recursive
release,1,637415,343,112,5165714,True,"[265, 89, 14, 13]",37,lib/tests/core/fact.zy,original
release,1,638997,343,112,4733586,True,"[265, 89, 14, 13]",37,lib/tests/core/fact.zy,jobs
release,1,627334,343,112,5198875,True,"[265, 89, 14, 13]",38,lib/tests/core/fact.zy,explicit
release,1,635958,343,112,4975541,True,"[265, 89, 14, 13]",38,lib/tests/core/fact.zy,recursive
release,1,656583,343,112,5206259,True,"[265, 89, 14, 13]",38,lib/tests/core/fact.zy,original
release,1,665627,343,112,4731838,True,"[265, 89, 14, 13]",38,lib/tests/core/fact.zy,jobs
release,1,643875,343,112,5455746,True,"[265, 89, 14, 13]",38,lib/tests/core/fact.zy,baseline
release,1,637172,343,112,5028750,True,"[265, 89, 14, 13]",39,lib/tests/core/fact.zy,recursive
release,1,648672,343,112,5190742,True,"[265, 89, 14, 13]",39,lib/tests/core/fact.zy,original
release,1,644367,343,112,4763260,True,"[265, 89, 14, 13]",39,lib/tests/core/fact.zy,jobs
release,1,649247,343,112,5440296,True,"[265, 89, 14, 13]",39,lib/tests/core/fact.zy,baseline
release,1,638178,343,112,5191587,True,"[265, 89, 14, 13]",39,lib/tests/core/fact.zy,explicit
release,1,61594,4,1024,255139,False,"[2, 0, 0, 0]",0,lib/tests/core/pattern-alias.zy,original
release,1,54156,4,1024,224627,False,"[2, 0, 0, 0]",0,lib/tests/core/pattern-alias.zy,jobs
release,1,56471,4,1024,325577,False,"[2, 0, 0, 0]",0,lib/tests/core/pattern-alias.zy,baseline
release,1,56955,4,1024,294693,False,"[2, 0, 0, 0]",0,lib/tests/core/pattern-alias.zy,explicit
release,1,55663,4,1024,266881,False,"[2, 0, 0, 0]",0,lib/tests/core/pattern-alias.zy,recursive
release,1,65270,4,1024,234745,False,"[2, 0, 0, 0]",1,lib/tests/core/pattern-alias.zy,jobs
release,1,69039,4,1024,322591,False,"[2, 0, 0, 0]",1,lib/tests/core/pattern-alias.zy,baseline
release,1,56444,4,1024,290119,False,"[2, 0, 0, 0]",1,lib/tests/core/pattern-alias.zy,explicit
release,1,56294,4,1024,266419,False,"[2, 0, 0, 0]",1,lib/tests/core/pattern-alias.zy,recursive
release,1,56345,4,1024,226179,False,"[2, 0, 0, 0]",1,lib/tests/core/pattern-alias.zy,original
release,1,57996,4,1024,347543,False,"[2, 0, 0, 0]",2,lib/tests/core/pattern-alias.zy,baseline
release,1,63156,4,1024,302292,False,"[2, 0, 0, 0]",2,lib/tests/core/pattern-alias.zy,explicit
release,1,57030,4,1024,277614,False,"[2, 0, 0, 0]",2,lib/tests/core/pattern-alias.zy,recursive
release,1,56092,4,1024,220540,False,"[2, 0, 0, 0]",2,lib/tests/core/pattern-alias.zy,original
release,1,57537,4,1024,223169,False,"[2, 0, 0, 0]",2,lib/tests/core/pattern-alias.zy,jobs
release,1,62845,4,1024,310838,False,"[2, 0, 0, 0]",3,lib/tests/core/pattern-alias.zy,explicit
release,1,63046,4,1024,282799,False,"[2, 0, 0, 0]",3,lib/tests/core/pattern-alias.zy,recursive
release,1,60061,4,1024,255166,False,"[2, 0, 0, 0]",3,lib/tests/core/pattern-alias.zy,original
release,1,61645,4,1024,245631,False,"[2, 0, 0, 0]",3,lib/tests/core/pattern-alias.zy,jobs
release,1,62001,4,1024,304152,False,"[2, 0, 0, 0]",3,lib/tests/core/pattern-alias.zy,baseline
release,1,56697,4,1024,272086,False,"[2, 0, 0, 0]",4,lib/tests/core/pattern-alias.zy,recursive
release,1,56086,4,1024,235253,False,"[2, 0, 0, 0]",4,lib/tests/core/pattern-alias.zy,original
release,1,60169,4,1024,229862,False,"[2, 0, 0, 0]",4,lib/tests/core/pattern-alias.zy,jobs
release,1,62651,4,1024,327831,False,"[2, 0, 0, 0]",4,lib/tests/core/pattern-alias.zy,baseline
release,1,59751,4,1024,304995,False,"[2, 0, 0, 0]",4,lib/tests/core/pattern-alias.zy,explicit
release,1,60319,4,1024,243396,False,"[2, 0, 0, 0]",5,lib/tests/core/pattern-alias.zy,original
release,1,60916,4,1024,243144,False,"[2, 0, 0, 0]",5,lib/tests/core/pattern-alias.zy,jobs
release,1,62968,4,1024,316112,False,"[2, 0, 0, 0]",5,lib/tests/core/pattern-alias.zy,baseline
release,1,60385,4,1024,300954,False,"[2, 0, 0, 0]",5,lib/tests/core/pattern-alias.zy,explicit
release,1,60873,4,1024,281461,False,"[2, 0, 0, 0]",5,lib/tests/core/pattern-alias.zy,recursive
release,1,57900,4,1024,237176,False,"[2, 0, 0, 0]",6,lib/tests/core/pattern-alias.zy,jobs
release,1,62135,4,1024,312033,False,"[2, 0, 0, 0]",6,lib/tests/core/pattern-alias.zy,baseline
release,1,63785,4,1024,305790,False,"[2, 0, 0, 0]",6,lib/tests/core/pattern-alias.zy,explicit
release,1,59930,4,1024,294255,False,"[2, 0, 0, 0]",6,lib/tests/core/pattern-alias.zy,recursive
release,1,55844,4,1024,232463,False,"[2, 0, 0, 0]",6,lib/tests/core/pattern-alias.zy,original
release,1,59629,4,1024,311914,False,"[2, 0, 0, 0]",7,lib/tests/core/pattern-alias.zy,baseline
release,1,59340,4,1024,327089,False,"[2, 0, 0, 0]",7,lib/tests/core/pattern-alias.zy,explicit
release,1,58125,4,1024,279915,False,"[2, 0, 0, 0]",7,lib/tests/core/pattern-alias.zy,recursive
release,1,63937,4,1024,243592,False,"[2, 0, 0, 0]",7,lib/tests/core/pattern-alias.zy,original
release,1,61820,4,1024,242634,False,"[2, 0, 0, 0]",7,lib/tests/core/pattern-alias.zy,jobs
release,1,61414,4,1024,313465,False,"[2, 0, 0, 0]",8,lib/tests/core/pattern-alias.zy,explicit
release,1,62328,4,1024,288472,False,"[2, 0, 0, 0]",8,lib/tests/core/pattern-alias.zy,recursive
release,1,65157,4,1024,248154,False,"[2, 0, 0, 0]",8,lib/tests/core/pattern-alias.zy,original
release,1,61850,4,1024,239615,False,"[2, 0, 0, 0]",8,lib/tests/core/pattern-alias.zy,jobs
release,1,62834,4,1024,315458,False,"[2, 0, 0, 0]",8,lib/tests/core/pattern-alias.zy,baseline
release,1,60955,4,1024,292758,False,"[2, 0, 0, 0]",9,lib/tests/core/pattern-alias.zy,recursive
release,1,59441,4,1024,240153,False,"[2, 0, 0, 0]",9,lib/tests/core/pattern-alias.zy,original
release,1,60745,4,1024,238832,False,"[2, 0, 0, 0]",9,lib/tests/core/pattern-alias.zy,jobs
release,1,61620,4,1024,319171,False,"[2, 0, 0, 0]",9,lib/tests/core/pattern-alias.zy,baseline
release,1,61721,4,1024,313003,False,"[2, 0, 0, 0]",9,lib/tests/core/pattern-alias.zy,explicit
release,1,59157,4,1024,241659,False,"[2, 0, 0, 0]",10,lib/tests/core/pattern-alias.zy,original
release,1,67253,4,1024,256380,False,"[2, 0, 0, 0]",10,lib/tests/core/pattern-alias.zy,jobs
release,1,65049,4,1024,322833,False,"[2, 0, 0, 0]",10,lib/tests/core/pattern-alias.zy,baseline
release,1,62888,4,1024,319137,False,"[2, 0, 0, 0]",10,lib/tests/core/pattern-alias.zy,explicit
release,1,63618,4,1024,294303,False,"[2, 0, 0, 0]",10,lib/tests/core/pattern-alias.zy,recursive
release,1,56268,4,1024,231987,False,"[2, 0, 0, 0]",11,lib/tests/core/pattern-alias.zy,jobs
release,1,62297,4,1024,325869,False,"[2, 0, 0, 0]",11,lib/tests/core/pattern-alias.zy,baseline
release,1,60843,4,1024,315458,False,"[2, 0, 0, 0]",11,lib/tests/core/pattern-alias.zy,explicit
release,1,60842,4,1024,284291,False,"[2, 0, 0, 0]",11,lib/tests/core/pattern-alias.zy,recursive
release,1,59681,4,1024,246748,False,"[2, 0, 0, 0]",11,lib/tests/core/pattern-alias.zy,original
release,1,62828,4,1024,336084,False,"[2, 0, 0, 0]",12,lib/tests/core/pattern-alias.zy,baseline
release,1,60997,4,1024,315844,False,"[2, 0, 0, 0]",12,lib/tests/core/pattern-alias.zy,explicit
release,1,62236,4,1024,295323,False,"[2, 0, 0, 0]",12,lib/tests/core/pattern-alias.zy,recursive
release,1,60706,4,1024,246363,False,"[2, 0, 0, 0]",12,lib/tests/core/pattern-alias.zy,original
release,1,62477,4,1024,243564,False,"[2, 0, 0, 0]",12,lib/tests/core/pattern-alias.zy,jobs
release,1,64248,4,1024,321924,False,"[2, 0, 0, 0]",13,lib/tests/core/pattern-alias.zy,explicit
release,1,63217,4,1024,296741,False,"[2, 0, 0, 0]",13,lib/tests/core/pattern-alias.zy,recursive
release,1,59192,4,1024,244014,False,"[2, 0, 0, 0]",13,lib/tests/core/pattern-alias.zy,original
release,1,61273,4,1024,249371,False,"[2, 0, 0, 0]",13,lib/tests/core/pattern-alias.zy,jobs
release,1,65919,4,1024,321093,False,"[2, 0, 0, 0]",13,lib/tests/core/pattern-alias.zy,baseline
release,1,62415,4,1024,295001,False,"[2, 0, 0, 0]",14,lib/tests/core/pattern-alias.zy,recursive
release,1,60816,4,1024,241451,False,"[2, 0, 0, 0]",14,lib/tests/core/pattern-alias.zy,original
release,1,59171,4,1024,236908,False,"[2, 0, 0, 0]",14,lib/tests/core/pattern-alias.zy,jobs
release,1,58694,4,1024,315340,False,"[2, 0, 0, 0]",14,lib/tests/core/pattern-alias.zy,baseline
release,1,61541,4,1024,304920,False,"[2, 0, 0, 0]",14,lib/tests/core/pattern-alias.zy,explicit
release,1,59062,4,1024,244328,False,"[2, 0, 0, 0]",15,lib/tests/core/pattern-alias.zy,original
release,1,58718,4,1024,230447,False,"[2, 0, 0, 0]",15,lib/tests/core/pattern-alias.zy,jobs
release,1,70644,4,1024,335973,False,"[2, 0, 0, 0]",15,lib/tests/core/pattern-alias.zy,baseline
release,1,60666,4,1024,305495,False,"[2, 0, 0, 0]",15,lib/tests/core/pattern-alias.zy,explicit
release,1,61504,4,1024,300046,False,"[2, 0, 0, 0]",15,lib/tests/core/pattern-alias.zy,recursive
release,1,60117,4,1024,235111,False,"[2, 0, 0, 0]",16,lib/tests/core/pattern-alias.zy,jobs
release,1,61420,4,1024,322838,False,"[2, 0, 0, 0]",16,lib/tests/core/pattern-alias.zy,baseline
release,1,60126,4,1024,305419,False,"[2, 0, 0, 0]",16,lib/tests/core/pattern-alias.zy,explicit
release,1,60202,4,1024,288591,False,"[2, 0, 0, 0]",16,lib/tests/core/pattern-alias.zy,recursive
release,1,58934,4,1024,241986,False,"[2, 0, 0, 0]",16,lib/tests/core/pattern-alias.zy,original
release,1,62369,4,1024,326885,False,"[2, 0, 0, 0]",17,lib/tests/core/pattern-alias.zy,baseline
release,1,60497,4,1024,306922,False,"[2, 0, 0, 0]",17,lib/tests/core/pattern-alias.zy,explicit
release,1,57250,4,1024,259787,False,"[2, 0, 0, 0]",17,lib/tests/core/pattern-alias.zy,recursive
release,1,55460,4,1024,226830,False,"[2, 0, 0, 0]",17,lib/tests/core/pattern-alias.zy,original
release,1,56629,4,1024,224296,False,"[2, 0, 0, 0]",17,lib/tests/core/pattern-alias.zy,jobs
release,1,57663,4,1024,293873,False,"[2, 0, 0, 0]",18,lib/tests/core/pattern-alias.zy,explicit
release,1,58931,4,1024,271294,False,"[2, 0, 0, 0]",18,lib/tests/core/pattern-alias.zy,recursive
release,1,60626,4,1024,249812,False,"[2, 0, 0, 0]",18,lib/tests/core/pattern-alias.zy,original
release,1,57904,4,1024,243860,False,"[2, 0, 0, 0]",18,lib/tests/core/pattern-alias.zy,jobs
release,1,59332,4,1024,319580,False,"[2, 0, 0, 0]",18,lib/tests/core/pattern-alias.zy,baseline
release,1,61939,4,1024,275302,False,"[2, 0, 0, 0]",19,lib/tests/core/pattern-alias.zy,recursive
release,1,58934,4,1024,244790,False,"[2, 0, 0, 0]",19,lib/tests/core/pattern-alias.zy,original
release,1,59832,4,1024,232083,False,"[2, 0, 0, 0]",19,lib/tests/core/pattern-alias.zy,jobs
release,1,60627,4,1024,319681,False,"[2, 0, 0, 0]",19,lib/tests/core/pattern-alias.zy,baseline
release,1,61013,4,1024,310548,False,"[2, 0, 0, 0]",19,lib/tests/core/pattern-alias.zy,explicit
release,1,60123,4,1024,239720,False,"[2, 0, 0, 0]",20,lib/tests/core/pattern-alias.zy,original
release,1,59498,4,1024,234173,False,"[2, 0, 0, 0]",20,lib/tests/core/pattern-alias.zy,jobs
release,1,58856,4,1024,314450,False,"[2, 0, 0, 0]",20,lib/tests/core/pattern-alias.zy,baseline
release,1,59875,4,1024,305211,False,"[2, 0, 0, 0]",20,lib/tests/core/pattern-alias.zy,explicit
release,1,58757,4,1024,277835,False,"[2, 0, 0, 0]",20,lib/tests/core/pattern-alias.zy,recursive
release,1,63379,4,1024,252830,False,"[2, 0, 0, 0]",21,lib/tests/core/pattern-alias.zy,jobs
release,1,60671,4,1024,312173,False,"[2, 0, 0, 0]",21,lib/tests/core/pattern-alias.zy,baseline
release,1,62094,4,1024,316741,False,"[2, 0, 0, 0]",21,lib/tests/core/pattern-alias.zy,explicit
release,1,64707,4,1024,289958,False,"[2, 0, 0, 0]",21,lib/tests/core/pattern-alias.zy,recursive
release,1,67038,4,1024,253842,False,"[2, 0, 0, 0]",21,lib/tests/core/pattern-alias.zy,original
release,1,61459,4,1024,312092,False,"[2, 0, 0, 0]",22,lib/tests/core/pattern-alias.zy,baseline
release,1,61291,4,1024,322245,False,"[2, 0, 0, 0]",22,lib/tests/core/pattern-alias.zy,explicit
release,1,61247,4,1024,290039,False,"[2, 0, 0, 0]",22,lib/tests/core/pattern-alias.zy,recursive
release,1,60834,4,1024,249436,False,"[2, 0, 0, 0]",22,lib/tests/core/pattern-alias.zy,original
release,1,75902,4,1024,240955,False,"[2, 0, 0, 0]",22,lib/tests/core/pattern-alias.zy,jobs
release,1,63340,4,1024,326635,False,"[2, 0, 0, 0]",23,lib/tests/core/pattern-alias.zy,explicit
release,1,60096,4,1024,282433,False,"[2, 0, 0, 0]",23,lib/tests/core/pattern-alias.zy,recursive
release,1,56974,4,1024,239925,False,"[2, 0, 0, 0]",23,lib/tests/core/pattern-alias.zy,original
release,1,57629,4,1024,224413,False,"[2, 0, 0, 0]",23,lib/tests/core/pattern-alias.zy,jobs
release,1,60875,4,1024,317965,False,"[2, 0, 0, 0]",23,lib/tests/core/pattern-alias.zy,baseline
release,1,62457,4,1024,299574,False,"[2, 0, 0, 0]",24,lib/tests/core/pattern-alias.zy,recursive
release,1,58774,4,1024,241003,False,"[2, 0, 0, 0]",24,lib/tests/core/pattern-alias.zy,original
release,1,59682,4,1024,236194,False,"[2, 0, 0, 0]",24,lib/tests/core/pattern-alias.zy,jobs
release,1,62460,4,1024,350041,False,"[2, 0, 0, 0]",24,lib/tests/core/pattern-alias.zy,baseline
release,1,66659,4,1024,331362,False,"[2, 0, 0, 0]",24,lib/tests/core/pattern-alias.zy,explicit
release,1,58813,4,1024,249039,False,"[2, 0, 0, 0]",25,lib/tests/core/pattern-alias.zy,original
release,1,60712,4,1024,240839,False,"[2, 0, 0, 0]",25,lib/tests/core/pattern-alias.zy,jobs
release,1,62870,4,1024,323889,False,"[2, 0, 0, 0]",25,lib/tests/core/pattern-alias.zy,baseline
release,1,62701,4,1024,319373,False,"[2, 0, 0, 0]",25,lib/tests/core/pattern-alias.zy,explicit
release,1,62783,4,1024,302968,False,"[2, 0, 0, 0]",25,lib/tests/core/pattern-alias.zy,recursive
release,1,62864,4,1024,259291,False,"[2, 0, 0, 0]",26,lib/tests/core/pattern-alias.zy,jobs
release,1,62718,4,1024,321832,False,"[2, 0, 0, 0]",26,lib/tests/core/pattern-alias.zy,baseline
release,1,60233,4,1024,311196,False,"[2, 0, 0, 0]",26,lib/tests/core/pattern-alias.zy,explicit
release,1,60401,4,1024,280074,False,"[2, 0, 0, 0]",26,lib/tests/core/pattern-alias.zy,recursive
release,1,59019,4,1024,242329,False,"[2, 0, 0, 0]",26,lib/tests/core/pattern-alias.zy,original
release,1,62548,4,1024,320734,False,"[2, 0, 0, 0]",27,lib/tests/core/pattern-alias.zy,baseline
release,1,60845,4,1024,315285,False,"[2, 0, 0, 0]",27,lib/tests/core/pattern-alias.zy,explicit
release,1,59589,4,1024,279036,False,"[2, 0, 0, 0]",27,lib/tests/core/pattern-alias.zy,recursive
release,1,57385,4,1024,241282,False,"[2, 0, 0, 0]",27,lib/tests/core/pattern-alias.zy,original
release,1,60402,4,1024,236503,False,"[2, 0, 0, 0]",27,lib/tests/core/pattern-alias.zy,jobs
release,1,61189,4,1024,318502,False,"[2, 0, 0, 0]",28,lib/tests/core/pattern-alias.zy,explicit
release,1,66146,4,1024,282045,False,"[2, 0, 0, 0]",28,lib/tests/core/pattern-alias.zy,recursive
release,1,56557,4,1024,234924,False,"[2, 0, 0, 0]",28,lib/tests/core/pattern-alias.zy,original
release,1,59602,4,1024,243192,False,"[2, 0, 0, 0]",28,lib/tests/core/pattern-alias.zy,jobs
release,1,61592,4,1024,314544,False,"[2, 0, 0, 0]",28,lib/tests/core/pattern-alias.zy,baseline
release,1,57282,4,1024,281122,False,"[2, 0, 0, 0]",29,lib/tests/core/pattern-alias.zy,recursive
release,1,56866,4,1024,239874,False,"[2, 0, 0, 0]",29,lib/tests/core/pattern-alias.zy,original
release,1,68020,4,1024,252237,False,"[2, 0, 0, 0]",29,lib/tests/core/pattern-alias.zy,jobs
release,1,63994,4,1024,318423,False,"[2, 0, 0, 0]",29,lib/tests/core/pattern-alias.zy,baseline
release,1,59629,4,1024,319744,False,"[2, 0, 0, 0]",29,lib/tests/core/pattern-alias.zy,explicit
release,1,58520,4,1024,240855,False,"[2, 0, 0, 0]",30,lib/tests/core/pattern-alias.zy,original
release,1,59273,4,1024,248207,False,"[2, 0, 0, 0]",30,lib/tests/core/pattern-alias.zy,jobs
release,1,58975,4,1024,324840,False,"[2, 0, 0, 0]",30,lib/tests/core/pattern-alias.zy,baseline
release,1,64746,4,1024,333046,False,"[2, 0, 0, 0]",30,lib/tests/core/pattern-alias.zy,explicit
release,1,59291,4,1024,279384,False,"[2, 0, 0, 0]",30,lib/tests/core/pattern-alias.zy,recursive
release,1,58592,4,1024,241244,False,"[2, 0, 0, 0]",31,lib/tests/core/pattern-alias.zy,jobs
release,1,62534,4,1024,326455,False,"[2, 0, 0, 0]",31,lib/tests/core/pattern-alias.zy,baseline
release,1,61257,4,1024,318053,False,"[2, 0, 0, 0]",31,lib/tests/core/pattern-alias.zy,explicit
release,1,60441,4,1024,277630,False,"[2, 0, 0, 0]",31,lib/tests/core/pattern-alias.zy,recursive
release,1,60937,4,1024,235164,False,"[2, 0, 0, 0]",31,lib/tests/core/pattern-alias.zy,original
release,1,62622,4,1024,360876,False,"[2, 0, 0, 0]",32,lib/tests/core/pattern-alias.zy,baseline
release,1,55163,4,1024,288679,False,"[2, 0, 0, 0]",32,lib/tests/core/pattern-alias.zy,explicit
release,1,56187,4,1024,263038,False,"[2, 0, 0, 0]",32,lib/tests/core/pattern-alias.zy,recursive
release,1,57543,4,1024,229285,False,"[2, 0, 0, 0]",32,lib/tests/core/pattern-alias.zy,original
release,1,58598,4,1024,244165,False,"[2, 0, 0, 0]",32,lib/tests/core/pattern-alias.zy,jobs
release,1,60331,4,1024,305791,False,"[2, 0, 0, 0]",33,lib/tests/core/pattern-alias.zy,explicit
release,1,59296,4,1024,277879,False,"[2, 0, 0, 0]",33,lib/tests/core/pattern-alias.zy,recursive
release,1,59058,4,1024,236711,False,"[2, 0, 0, 0]",33,lib/tests/core/pattern-alias.zy,original
release,1,56358,4,1024,230453,False,"[2, 0, 0, 0]",33,lib/tests/core/pattern-alias.zy,jobs
release,1,67014,4,1024,360591,False,"[2, 0, 0, 0]",33,lib/tests/core/pattern-alias.zy,baseline
release,1,60981,4,1024,291452,False,"[2, 0, 0, 0]",34,lib/tests/core/pattern-alias.zy,recursive
release,1,60341,4,1024,243995,False,"[2, 0, 0, 0]",34,lib/tests/core/pattern-alias.zy,original
release,1,59802,4,1024,230427,False,"[2, 0, 0, 0]",34,lib/tests/core/pattern-alias.zy,jobs
release,1,60248,4,1024,324213,False,"[2, 0, 0, 0]",34,lib/tests/core/pattern-alias.zy,baseline
release,1,60211,4,1024,309254,False,"[2, 0, 0, 0]",34,lib/tests/core/pattern-alias.zy,explicit
release,1,58997,4,1024,241859,False,"[2, 0, 0, 0]",35,lib/tests/core/pattern-alias.zy,original
release,1,60441,4,1024,249282,False,"[2, 0, 0, 0]",35,lib/tests/core/pattern-alias.zy,jobs
release,1,59954,4,1024,317600,False,"[2, 0, 0, 0]",35,lib/tests/core/pattern-alias.zy,baseline
release,1,57300,4,1024,291631,False,"[2, 0, 0, 0]",35,lib/tests/core/pattern-alias.zy,explicit
release,1,60492,4,1024,285345,False,"[2, 0, 0, 0]",35,lib/tests/core/pattern-alias.zy,recursive
release,1,58075,4,1024,223377,False,"[2, 0, 0, 0]",36,lib/tests/core/pattern-alias.zy,jobs
release,1,59987,4,1024,311250,False,"[2, 0, 0, 0]",36,lib/tests/core/pattern-alias.zy,baseline
release,1,61881,4,1024,305795,False,"[2, 0, 0, 0]",36,lib/tests/core/pattern-alias.zy,explicit
release,1,61604,4,1024,298974,False,"[2, 0, 0, 0]",36,lib/tests/core/pattern-alias.zy,recursive
release,1,67423,4,1024,258001,False,"[2, 0, 0, 0]",36,lib/tests/core/pattern-alias.zy,original
release,1,60626,4,1024,325959,False,"[2, 0, 0, 0]",37,lib/tests/core/pattern-alias.zy,baseline
release,1,60011,4,1024,307430,False,"[2, 0, 0, 0]",37,lib/tests/core/pattern-alias.zy,explicit
release,1,59679,4,1024,286450,False,"[2, 0, 0, 0]",37,lib/tests/core/pattern-alias.zy,recursive
release,1,60994,4,1024,246389,False,"[2, 0, 0, 0]",37,lib/tests/core/pattern-alias.zy,original
release,1,63486,4,1024,252942,False,"[2, 0, 0, 0]",37,lib/tests/core/pattern-alias.zy,jobs
release,1,63629,4,1024,316253,False,"[2, 0, 0, 0]",38,lib/tests/core/pattern-alias.zy,explicit
release,1,58976,4,1024,294405,False,"[2, 0, 0, 0]",38,lib/tests/core/pattern-alias.zy,recursive
release,1,58974,4,1024,239627,False,"[2, 0, 0, 0]",38,lib/tests/core/pattern-alias.zy,original
release,1,60425,4,1024,235630,False,"[2, 0, 0, 0]",38,lib/tests/core/pattern-alias.zy,jobs
release,1,64544,4,1024,347913,False,"[2, 0, 0, 0]",38,lib/tests/core/pattern-alias.zy,baseline
release,1,60850,4,1024,283088,False,"[2, 0, 0, 0]",39,lib/tests/core/pattern-alias.zy,recursive
release,1,62343,4,1024,260834,False,"[2, 0, 0, 0]",39,lib/tests/core/pattern-alias.zy,original
release,1,60666,4,1024,245503,False,"[2, 0, 0, 0]",39,lib/tests/core/pattern-alias.zy,jobs
release,1,62868,4,1024,307833,False,"[2, 0, 0, 0]",39,lib/tests/core/pattern-alias.zy,baseline
release,1,60917,4,1024,302514,False,"[2, 0, 0, 0]",39,lib/tests/core/pattern-alias.zy,explicit
release,1,78579,4,1024,246034,True,"[2, 0, 0, 1]",0,lib/tests/core/pattern-alias.zy,original
release,1,83293,4,1024,245684,True,"[2, 0, 0, 1]",0,lib/tests/core/pattern-alias.zy,jobs
release,1,85763,4,1024,332752,True,"[2, 0, 0, 1]",0,lib/tests/core/pattern-alias.zy,baseline
release,1,84052,4,1024,324477,True,"[2, 0, 0, 1]",0,lib/tests/core/pattern-alias.zy,explicit
release,1,82844,4,1024,291612,True,"[2, 0, 0, 1]",0,lib/tests/core/pattern-alias.zy,recursive
release,1,82799,4,1024,241932,True,"[2, 0, 0, 1]",1,lib/tests/core/pattern-alias.zy,jobs
release,1,82786,4,1024,325374,True,"[2, 0, 0, 1]",1,lib/tests/core/pattern-alias.zy,baseline
release,1,81718,4,1024,319411,True,"[2, 0, 0, 1]",1,lib/tests/core/pattern-alias.zy,explicit
release,1,82707,4,1024,292325,True,"[2, 0, 0, 1]",1,lib/tests/core/pattern-alias.zy,recursive
release,1,82668,4,1024,247706,True,"[2, 0, 0, 1]",1,lib/tests/core/pattern-alias.zy,original
release,1,82887,4,1024,321762,True,"[2, 0, 0, 1]",2,lib/tests/core/pattern-alias.zy,baseline
release,1,80570,4,1024,326375,True,"[2, 0, 0, 1]",2,lib/tests/core/pattern-alias.zy,explicit
release,1,76665,4,1024,269793,True,"[2, 0, 0, 1]",2,lib/tests/core/pattern-alias.zy,recursive
release,1,76183,4,1024,234448,True,"[2, 0, 0, 1]",2,lib/tests/core/pattern-alias.zy,original
release,1,89542,4,1024,239255,True,"[2, 0, 0, 1]",2,lib/tests/core/pattern-alias.zy,jobs
release,1,81260,4,1024,315411,True,"[2, 0, 0, 1]",3,lib/tests/core/pattern-alias.zy,explicit
release,1,79163,4,1024,291531,True,"[2, 0, 0, 1]",3,lib/tests/core/pattern-alias.zy,recursive
release,1,78911,4,1024,245513,True,"[2, 0, 0, 1]",3,lib/tests/core/pattern-alias.zy,original
release,1,79917,4,1024,237735,True,"[2, 0, 0, 1]",3,lib/tests/core/pattern-alias.zy,jobs
release,1,78189,4,1024,327622,True,"[2, 0, 0, 1]",3,lib/tests/core/pattern-alias.zy,baseline
release,1,82752,4,1024,307589,True,"[2, 0, 0, 1]",4,lib/tests/core/pattern-alias.zy,recursive
release,1,78288,4,1024,247140,True,"[2, 0, 0, 1]",4,lib/tests/core/pattern-alias.zy,original
release,1,79881,4,1024,239800,True,"[2, 0, 0, 1]",4,lib/tests/core/pattern-alias.zy,jobs
release,1,82145,4,1024,330577,True,"[2, 0, 0, 1]",4,lib/tests/core/pattern-alias.zy,baseline
release,1,80626,4,1024,318727,True,"[2, 0, 0, 1]",4,lib/tests/core/pattern-alias.zy,explicit
release,1,79099,4,1024,246007,True,"[2, 0, 0, 1]",5,lib/tests/core/pattern-alias.zy,original
release,1,80151,4,1024,239839,True,"[2, 0, 0, 1]",5,lib/tests/core/pattern-alias.zy,jobs
release,1,81723,4,1024,328603,True,"[2, 0, 0, 1]",5,lib/tests/core/pattern-alias.zy,baseline
release,1,85461,4,1024,347070,True,"[2, 0, 0, 1]",5,lib/tests/core/pattern-alias.zy,explicit
release,1,79876,4,1024,273908,True,"[2, 0, 0, 1]",5,lib/tests/core/pattern-alias.zy,recursive
release,1,75544,4,1024,232003,True,"[2, 0, 0, 1]",6,lib/tests/core/pattern-alias.zy,jobs
release,1,83825,4,1024,348852,True,"[2, 0, 0, 1]",6,lib/tests/core/pattern-alias.zy,baseline
release,1,81506,4,1024,324544,True,"[2, 0, 0, 1]",6,lib/tests/core/pattern-alias.zy,explicit
release,1,79167,4,1024,283329,True,"[2, 0, 0, 1]",6,lib/tests/core/pattern-alias.zy,recursive
release,1,78899,4,1024,243297,True,"[2, 0, 0, 1]",6,lib/tests/core/pattern-alias.zy,original
release,1,80479,4,1024,325794,True,"[2, 0, 0, 1]",7,lib/tests/core/pattern-alias.zy,baseline
release,1,80757,4,1024,328327,True,"[2, 0, 0, 1]",7,lib/tests/core/pattern-alias.zy,explicit
release,1,84298,4,1024,289033,True,"[2, 0, 0, 1]",7,lib/tests/core/pattern-alias.zy,recursive
release,1,79152,4,1024,253707,True,"[2, 0, 0, 1]",7,lib/tests/core/pattern-alias.zy,original
release,1,80687,4,1024,256542,True,"[2, 0, 0, 1]",7,lib/tests/core/pattern-alias.zy,jobs
release,1,81564,4,1024,322255,True,"[2, 0, 0, 1]",8,lib/tests/core/pattern-alias.zy,explicit
release,1,83668,4,1024,286996,True,"[2, 0, 0, 1]",8,lib/tests/core/pattern-alias.zy,recursive
release,1,87776,4,1024,269246,True,"[2, 0, 0, 1]",8,lib/tests/core/pattern-alias.zy,original
release,1,82665,4,1024,245424,True,"[2, 0, 0, 1]",8,lib/tests/core/pattern-alias.zy,jobs
release,1,83844,4,1024,334922,True,"[2, 0, 0, 1]",8,lib/tests/core/pattern-alias.zy,baseline
release,1,80969,4,1024,287487,True,"[2, 0, 0, 1]",9,lib/tests/core/pattern-alias.zy,recursive
release,1,79674,4,1024,251876,True,"[2, 0, 0, 1]",9,lib/tests/core/pattern-alias.zy,original
release,1,82834,4,1024,284538,True,"[2, 0, 0, 1]",9,lib/tests/core/pattern-alias.zy,jobs
release,1,82093,4,1024,326878,True,"[2, 0, 0, 1]",9,lib/tests/core/pattern-alias.zy,baseline
release,1,79128,4,1024,302624,True,"[2, 0, 0, 1]",9,lib/tests/core/pattern-alias.zy,explicit
release,1,80876,4,1024,251423,True,"[2, 0, 0, 1]",10,lib/tests/core/pattern-alias.zy,original
release,1,84566,4,1024,260831,True,"[2, 0, 0, 1]",10,lib/tests/core/pattern-alias.zy,jobs
release,1,83047,4,1024,333461,True,"[2, 0, 0, 1]",10,lib/tests/core/pattern-alias.zy,baseline
release,1,82816,4,1024,317127,True,"[2, 0, 0, 1]",10,lib/tests/core/pattern-alias.zy,explicit
release,1,82382,4,1024,290863,True,"[2, 0, 0, 1]",10,lib/tests/core/pattern-alias.zy,recursive
release,1,84705,4,1024,245141,True,"[2, 0, 0, 1]",11,lib/tests/core/pattern-alias.zy,jobs
release,1,81948,4,1024,328210,True,"[2, 0, 0, 1]",11,lib/tests/core/pattern-alias.zy,baseline
release,1,84388,4,1024,313794,True,"[2, 0, 0, 1]",11,lib/tests/core/pattern-alias.zy,explicit
release,1,83413,4,1024,286016,True,"[2, 0, 0, 1]",11,lib/tests/core/pattern-alias.zy,recursive
release,1,84592,4,1024,251383,True,"[2, 0, 0, 1]",11,lib/tests/core/pattern-alias.zy,original
release,1,86460,4,1024,334643,True,"[2, 0, 0, 1]",12,lib/tests/core/pattern-alias.zy,baseline
release,1,85417,4,1024,319406,True,"[2, 0, 0, 1]",12,lib/tests/core/pattern-alias.zy,explicit
release,1,82419,4,1024,296463,True,"[2, 0, 0, 1]",12,lib/tests/core/pattern-alias.zy,recursive
release,1,82532,4,1024,271380,True,"[2, 0, 0, 1]",12,lib/tests/core/pattern-alias.zy,original
release,1,80114,4,1024,240573,True,"[2, 0, 0, 1]",12,lib/tests/core/pattern-alias.zy,jobs
release,1,79179,4,1024,313878,True,"[2, 0, 0, 1]",13,lib/tests/core/pattern-alias.zy,explicit
release,1,76793,4,1024,279316,True,"[2, 0, 0, 1]",13,lib/tests/core/pattern-alias.zy,recursive
release,1,79628,4,1024,246932,True,"[2, 0, 0, 1]",13,lib/tests/core/pattern-alias.zy,original
release,1,81372,4,1024,242610,True,"[2, 0, 0, 1]",13,lib/tests/core/pattern-alias.zy,jobs
release,1,81037,4,1024,326281,True,"[2, 0, 0, 1]",13,lib/tests/core/pattern-alias.zy,baseline
release,1,80841,4,1024,299037,True,"[2, 0, 0, 1]",14,lib/tests/core/pattern-alias.zy,recursive
release,1,82469,4,1024,255749,True,"[2, 0, 0, 1]",14,lib/tests/core/pattern-alias.zy,original
release,1,82312,4,1024,247581,True,"[2, 0, 0, 1]",14,lib/tests/core/pattern-alias.zy,jobs
release,1,89254,4,1024,342338,True,"[2, 0, 0, 1]",14,lib/tests/core/pattern-alias.zy,baseline
release,1,85239,4,1024,333011,True,"[2, 0, 0, 1]",14,lib/tests/core/pattern-alias.zy,explicit
release,1,82749,4,1024,257091,True,"[2, 0, 0, 1]",15,lib/tests/core/pattern-alias.zy,original
release,1,87567,4,1024,249427,True,"[2, 0, 0, 1]",15,lib/tests/core/pattern-alias.zy,jobs
release,1,83891,4,1024,332866,True,"[2, 0, 0, 1]",15,lib/tests/core/pattern-alias.zy,baseline
release,1,83236,4,1024,338086,True,"[2, 0, 0, 1]",15,lib/tests/core/pattern-alias.zy,explicit
release,1,84458,4,1024,303613,True,"[2, 0, 0, 1]",15,lib/tests/core/pattern-alias.zy,recursive
release,1,81962,4,1024,246841,True,"[2, 0, 0, 1]",16,lib/tests/core/pattern-alias.zy,jobs
release,1,81690,4,1024,316699,True,"[2, 0, 0, 1]",16,lib/tests/core/pattern-alias.zy,baseline
release,1,78607,4,1024,310335,True,"[2, 0, 0, 1]",16,lib/tests/core/pattern-alias.zy,explicit
release,1,78877,4,1024,279908,True,"[2, 0, 0, 1]",16,lib/tests/core/pattern-alias.zy,recursive
release,1,83501,4,1024,262650,True,"[2, 0, 0, 1]",16,lib/tests/core/pattern-alias.zy,original
release,1,88084,4,1024,330070,True,"[2, 0, 0, 1]",17,lib/tests/core/pattern-alias.zy,baseline
release,1,80274,4,1024,318987,True,"[2, 0, 0, 1]",17,lib/tests/core/pattern-alias.zy,explicit
release,1,84865,4,1024,305452,True,"[2, 0, 0, 1]",17,lib/tests/core/pattern-alias.zy,recursive
release,1,81825,4,1024,249377,True,"[2, 0, 0, 1]",17,lib/tests/core/pattern-alias.zy,original
release,1,86035,4,1024,256143,True,"[2, 0, 0, 1]",17,lib/tests/core/pattern-alias.zy,jobs
release,1,86290,4,1024,328003,True,"[2, 0, 0, 1]",18,lib/tests/core/pattern-alias.zy,explicit
release,1,82046,4,1024,302161,True,"[2, 0, 0, 1]",18,lib/tests/core/pattern-alias.zy,recursive
release,1,84450,4,1024,257088,True,"[2, 0, 0, 1]",18,lib/tests/core/pattern-alias.zy,original
release,1,85170,4,1024,250033,True,"[2, 0, 0, 1]",18,lib/tests/core/pattern-alias.zy,jobs
release,1,84949,4,1024,322754,True,"[2, 0, 0, 1]",18,lib/tests/core/pattern-alias.zy,baseline
release,1,82681,4,1024,304068,True,"[2, 0, 0, 1]",19,lib/tests/core/pattern-alias.zy,recursive
release,1,84750,4,1024,254828,True,"[2, 0, 0, 1]",19,lib/tests/core/pattern-alias.zy,original
release,1,90959,4,1024,262254,True,"[2, 0, 0, 1]",19,lib/tests/core/pattern-alias.zy,jobs
release,1,86212,4,1024,327041,True,"[2, 0, 0, 1]",19,lib/tests/core/pattern-alias.zy,baseline
release,1,77209,4,1024,308168,True,"[2, 0, 0, 1]",19,lib/tests/core/pattern-alias.zy,explicit
release,1,79044,4,1024,243001,True,"[2, 0, 0, 1]",20,lib/tests/core/pattern-alias.zy,original
release,1,82624,4,1024,242058,True,"[2, 0, 0, 1]",20,lib/tests/core/pattern-alias.zy,jobs
release,1,84091,4,1024,366023,True,"[2, 0, 0, 1]",20,lib/tests/core/pattern-alias.zy,baseline
release,1,91162,4,1024,344864,True,"[2, 0, 0, 1]",20,lib/tests/core/pattern-alias.zy,explicit
release,1,79198,4,1024,281079,True,"[2, 0, 0, 1]",20,lib/tests/core/pattern-alias.zy,recursive
release,1,77957,4,1024,236883,True,"[2, 0, 0, 1]",21,lib/tests/core/pattern-alias.zy,jobs
release,1,82466,4,1024,331878,True,"[2, 0, 0, 1]",21,lib/tests/core/pattern-alias.zy,baseline
release,1,81912,4,1024,324992,True,"[2, 0, 0, 1]",21,lib/tests/core/pattern-alias.zy,explicit
release,1,80637,4,1024,295671,True,"[2, 0, 0, 1]",21,lib/tests/core/pattern-alias.zy,recursive
release,1,82246,4,1024,256074,True,"[2, 0, 0, 1]",21,lib/tests/core/pattern-alias.zy,original
release,1,83370,4,1024,338816,True,"[2, 0, 0, 1]",22,lib/tests/core/pattern-alias.zy,baseline
release,1,80165,4,1024,344511,True,"[2, 0, 0, 1]",22,lib/tests/core/pattern-alias.zy,explicit
release,1,83868,4,1024,293255,True,"[2, 0, 0, 1]",22,lib/tests/core/pattern-alias.zy,recursive
release,1,82029,4,1024,252289,True,"[2, 0, 0, 1]",22,lib/tests/core/pattern-alias.zy,original
release,1,81236,4,1024,258633,True,"[2, 0, 0, 1]",22,lib/tests/core/pattern-alias.zy,jobs
release,1,83255,4,1024,329412,True,"[2, 0, 0, 1]",23,lib/tests/core/pattern-alias.zy,explicit
release,1,82709,4,1024,301549,True,"[2, 0, 0, 1]",23,lib/tests/core/pattern-alias.zy,recursive
release,1,92258,4,1024,267805,True,"[2, 0, 0, 1]",23,lib/tests/core/pattern-alias.zy,original
release,1,80787,4,1024,232942,True,"[2, 0, 0, 1]",23,lib/tests/core/pattern-alias.zy,jobs
release,1,77879,4,1024,314540,True,"[2, 0, 0, 1]",23,lib/tests/core/pattern-alias.zy,baseline
release,1,79404,4,1024,283045,True,"[2, 0, 0, 1]",24,lib/tests/core/pattern-alias.zy,recursive
release,1,78853,4,1024,241202,True,"[2, 0, 0, 1]",24,lib/tests/core/pattern-alias.zy,original
release,1,77421,4,1024,232474,True,"[2, 0, 0, 1]",24,lib/tests/core/pattern-alias.zy,jobs
release,1,80670,4,1024,334552,True,"[2, 0, 0, 1]",24,lib/tests/core/pattern-alias.zy,baseline
release,1,79748,4,1024,316369,True,"[2, 0, 0, 1]",24,lib/tests/core/pattern-alias.zy,explicit
release,1,79303,4,1024,243415,True,"[2, 0, 0, 1]",25,lib/tests/core/pattern-alias.zy,original
release,1,79920,4,1024,236371,True,"[2, 0, 0, 1]",25,lib/tests/core/pattern-alias.zy,jobs
release,1,85363,4,1024,324606,True,"[2, 0, 0, 1]",25,lib/tests/core/pattern-alias.zy,baseline
release,1,82714,4,1024,315240,True,"[2, 0, 0, 1]",25,lib/tests/core/pattern-alias.zy,explicit
release,1,82068,4,1024,290509,True,"[2, 0, 0, 1]",25,lib/tests/core/pattern-alias.zy,recursive
release,1,80126,4,1024,242385,True,"[2, 0, 0, 1]",26,lib/tests/core/pattern-alias.zy,jobs
release,1,92445,4,1024,337770,True,"[2, 0, 0, 1]",26,lib/tests/core/pattern-alias.zy,baseline
release,1,80988,4,1024,341043,True,"[2, 0, 0, 1]",26,lib/tests/core/pattern-alias.zy,explicit
release,1,80323,4,1024,284403,True,"[2, 0, 0, 1]",26,lib/tests/core/pattern-alias.zy,recursive
release,1,81316,4,1024,249796,True,"[2, 0, 0, 1]",26,lib/tests/core/pattern-alias.zy,original
release,1,80773,4,1024,326445,True,"[2, 0, 0, 1]",27,lib/tests/core/pattern-alias.zy,baseline
release,1,83347,4,1024,326734,True,"[2, 0, 0, 1]",27,lib/tests/core/pattern-alias.zy,explicit
release,1,85047,4,1024,293973,True,"[2, 0, 0, 1]",27,lib/tests/core/pattern-alias.zy,recursive
release,1,82383,4,1024,264419,True,"[2, 0, 0, 1]",27,lib/tests/core/pattern-alias.zy,original
release,1,82429,4,1024,264220,True,"[2, 0, 0, 1]",27,lib/tests/core/pattern-alias.zy,jobs
release,1,83891,4,1024,330523,True,"[2, 0, 0, 1]",28,lib/tests/core/pattern-alias.zy,explicit
release,1,81607,4,1024,288248,True,"[2, 0, 0, 1]",28,lib/tests/core/pattern-alias.zy,recursive
release,1,80895,4,1024,249206,True,"[2, 0, 0, 1]",28,lib/tests/core/pattern-alias.zy,original
release,1,82463,4,1024,245015,True,"[2, 0, 0, 1]",28,lib/tests/core/pattern-alias.zy,jobs
release,1,84443,4,1024,347391,True,"[2, 0, 0, 1]",28,lib/tests/core/pattern-alias.zy,baseline
release,1,81718,4,1024,285818,True,"[2, 0, 0, 1]",29,lib/tests/core/pattern-alias.zy,recursive
release,1,83490,4,1024,253740,True,"[2, 0, 0, 1]",29,lib/tests/core/pattern-alias.zy,original
release,1,82422,4,1024,244190,True,"[2, 0, 0, 1]",29,lib/tests/core/pattern-alias.zy,jobs
release,1,82521,4,1024,348082,True,"[2, 0, 0, 1]",29,lib/tests/core/pattern-alias.zy,baseline
release,1,77200,4,1024,300661,True,"[2, 0, 0, 1]",29,lib/tests/core/pattern-alias.zy,explicit
release,1,77797,4,1024,246125,True,"[2, 0, 0, 1]",30,lib/tests/core/pattern-alias.zy,original
release,1,79643,4,1024,235939,True,"[2, 0, 0, 1]",30,lib/tests/core/pattern-alias.zy,jobs
release,1,78916,4,1024,326906,True,"[2, 0, 0, 1]",30,lib/tests/core/pattern-alias.zy,baseline
release,1,80554,4,1024,317122,True,"[2, 0, 0, 1]",30,lib/tests/core/pattern-alias.zy,explicit
release,1,80255,4,1024,292874,True,"[2, 0, 0, 1]",30,lib/tests/core/pattern-alias.zy,recursive
release,1,81770,4,1024,251502,True,"[2, 0, 0, 1]",31,lib/tests/core/pattern-alias.zy,jobs
release,1,83932,4,1024,355208,True,"[2, 0, 0, 1]",31,lib/tests/core/pattern-alias.zy,baseline
release,1,82923,4,1024,319586,True,"[2, 0, 0, 1]",31,lib/tests/core/pattern-alias.zy,explicit
release,1,84255,4,1024,295158,True,"[2, 0, 0, 1]",31,lib/tests/core/pattern-alias.zy,recursive
release,1,82854,4,1024,261541,True,"[2, 0, 0, 1]",31,lib/tests/core/pattern-alias.zy,original
release,1,88890,4,1024,335265,True,"[2, 0, 0, 1]",32,lib/tests/core/pattern-alias.zy,baseline
release,1,82074,4,1024,315164,True,"[2, 0, 0, 1]",32,lib/tests/core/pattern-alias.zy,explicit
release,1,83037,4,1024,293460,True,"[2, 0, 0, 1]",32,lib/tests/core/pattern-alias.zy,recursive
release,1,82461,4,1024,250291,True,"[2, 0, 0, 1]",32,lib/tests/core/pattern-alias.zy,original
release,1,81694,4,1024,249623,True,"[2, 0, 0, 1]",32,lib/tests/core/pattern-alias.zy,jobs
release,1,85834,4,1024,327165,True,"[2, 0, 0, 1]",33,lib/tests/core/pattern-alias.zy,explicit
release,1,76356,4,1024,274838,True,"[2, 0, 0, 1]",33,lib/tests/core/pattern-alias.zy,recursive
release,1,76545,4,1024,246077,True,"[2, 0, 0, 1]",33,lib/tests/core/pattern-alias.zy,original
release,1,76754,4,1024,234019,True,"[2, 0, 0, 1]",33,lib/tests/core/pattern-alias.zy,jobs
release,1,79530,4,1024,319071,True,"[2, 0, 0, 1]",33,lib/tests/core/pattern-alias.zy,baseline
release,1,79707,4,1024,292336,True,"[2, 0, 0, 1]",34,lib/tests/core/pattern-alias.zy,recursive
release,1,86230,4,1024,248374,True,"[2, 0, 0, 1]",34,lib/tests/core/pattern-alias.zy,original
release,1,83035,4,1024,247694,True,"[2, 0, 0, 1]",34,lib/tests/core/pattern-alias.zy,jobs
release,1,86254,4,1024,338825,True,"[2, 0, 0, 1]",34,lib/tests/core/pattern-alias.zy,baseline
release,1,81036,4,1024,321114,True,"[2, 0, 0, 1]",34,lib/tests/core/pattern-alias.zy,explicit
release,1,79607,4,1024,249135,True,"[2, 0, 0, 1]",35,lib/tests/core/pattern-alias.zy,original
release,1,81979,4,1024,244013,True,"[2, 0, 0, 1]",35,lib/tests/core/pattern-alias.zy,jobs
release,1,81665,4,1024,330043,True,"[2, 0, 0, 1]",35,lib/tests/core/pattern-alias.zy,baseline
release,1,80792,4,1024,314032,True,"[2, 0, 0, 1]",35,lib/tests/core/pattern-alias.zy,explicit
release,1,79834,4,1024,285005,True,"[2, 0, 0, 1]",35,lib/tests/core/pattern-alias.zy,recursive
release,1,81794,4,1024,239830,True,"[2, 0, 0, 1]",36,lib/tests/core/pattern-alias.zy,jobs
release,1,81086,4,1024,328695,True,"[2, 0, 0, 1]",36,lib/tests/core/pattern-alias.zy,baseline
release,1,81382,4,1024,319245,True,"[2, 0, 0, 1]",36,lib/tests/core/pattern-alias.zy,explicit
release,1,77633,4,1024,283124,True,"[2, 0, 0, 1]",36,lib/tests/core/pattern-alias.zy,recursive
release,1,92547,4,1024,268338,True,"[2, 0, 0, 1]",36,lib/tests/core/pattern-alias.zy,original
release,1,76463,4,1024,310102,True,"[2, 0, 0, 1]",37,lib/tests/core/pattern-alias.zy,baseline
release,1,84417,4,1024,338800,True,"[2, 0, 0, 1]",37,lib/tests/core/pattern-alias.zy,explicit
release,1,77416,4,1024,284701,True,"[2, 0, 0, 1]",37,lib/tests/core/pattern-alias.zy,recursive
release,1,82938,4,1024,258212,True,"[2, 0, 0, 1]",37,lib/tests/core/pattern-alias.zy,original
release,1,81041,4,1024,246163,True,"[2, 0, 0, 1]",37,lib/tests/core/pattern-alias.zy,jobs
release,1,86329,4,1024,323042,True,"[2, 0, 0, 1]",38,lib/tests/core/pattern-alias.zy,explicit
release,1,82921,4,1024,301790,True,"[2, 0, 0, 1]",38,lib/tests/core/pattern-alias.zy,recursive
release,1,82085,4,1024,256243,True,"[2, 0, 0, 1]",38,lib/tests/core/pattern-alias.zy,original
release,1,82857,4,1024,246290,True,"[2, 0, 0, 1]",38,lib/tests/core/pattern-alias.zy,jobs
release,1,82820,4,1024,322677,True,"[2, 0, 0, 1]",38,lib/tests/core/pattern-alias.zy,baseline
release,1,81347,4,1024,293215,True,"[2, 0, 0, 1]",39,lib/tests/core/pattern-alias.zy,recursive
release,1,81367,4,1024,254492,True,"[2, 0, 0, 1]",39,lib/tests/core/pattern-alias.zy,original
release,1,84179,4,1024,252626,True,"[2, 0, 0, 1]",39,lib/tests/core/pattern-alias.zy,jobs
release,1,93850,4,1024,335139,True,"[2, 0, 0, 1]",39,lib/tests/core/pattern-alias.zy,baseline
release,1,84091,4,1024,320618,True,"[2, 0, 0, 1]",39,lib/tests/core/pattern-alias.zy,explicit
release,1,766670,135,333,5268081,False,"[104, 26, 8, 0]",0,lib/tests/core/native-frames.zy,original
release,1,732257,135,333,4723123,False,"[104, 26, 8, 0]",0,lib/tests/core/native-frames.zy,jobs
release,1,785297,135,333,5902863,False,"[104, 26, 8, 0]",0,lib/tests/core/native-frames.zy,baseline
release,1,748521,135,333,5410969,False,"[104, 26, 8, 0]",0,lib/tests/core/native-frames.zy,explicit
release,1,776508,135,333,5080337,False,"[104, 26, 8, 0]",0,lib/tests/core/native-frames.zy,recursive
release,1,775626,135,333,4831294,False,"[104, 26, 8, 0]",1,lib/tests/core/native-frames.zy,jobs
release,1,742082,135,333,5810420,False,"[104, 26, 8, 0]",1,lib/tests/core/native-frames.zy,baseline
release,1,739536,135,333,5503591,False,"[104, 26, 8, 0]",1,lib/tests/core/native-frames.zy,explicit
release,1,744541,135,333,5121590,False,"[104, 26, 8, 0]",1,lib/tests/core/native-frames.zy,recursive
release,1,756463,135,333,5390548,False,"[104, 26, 8, 0]",1,lib/tests/core/native-frames.zy,original
release,1,747422,135,333,5879790,False,"[104, 26, 8, 0]",2,lib/tests/core/native-frames.zy,baseline
release,1,748708,135,333,5518786,False,"[104, 26, 8, 0]",2,lib/tests/core/native-frames.zy,explicit
release,1,719534,135,333,5032341,False,"[104, 26, 8, 0]",2,lib/tests/core/native-frames.zy,recursive
release,1,721368,135,333,5272169,False,"[104, 26, 8, 0]",2,lib/tests/core/native-frames.zy,original
release,1,719546,135,333,4695861,False,"[104, 26, 8, 0]",2,lib/tests/core/native-frames.zy,jobs
release,1,759502,135,333,5347336,False,"[104, 26, 8, 0]",3,lib/tests/core/native-frames.zy,explicit
release,1,731880,135,333,5276671,False,"[104, 26, 8, 0]",3,lib/tests/core/native-frames.zy,recursive
release,1,727786,135,333,5311338,False,"[104, 26, 8, 0]",3,lib/tests/core/native-frames.zy,original
release,1,786162,135,333,4817660,False,"[104, 26, 8, 0]",3,lib/tests/core/native-frames.zy,jobs
release,1,720454,135,333,5794753,False,"[104, 26, 8, 0]",3,lib/tests/core/native-frames.zy,baseline
release,1,705044,135,333,5297900,False,"[104, 26, 8, 0]",4,lib/tests/core/native-frames.zy,recursive
release,1,734178,135,333,5373249,False,"[104, 26, 8, 0]",4,lib/tests/core/native-frames.zy,original
release,1,772492,135,333,4851635,False,"[104, 26, 8, 0]",4,lib/tests/core/native-frames.zy,jobs
release,1,720789,135,333,6035926,False,"[104, 26, 8, 0]",4,lib/tests/core/native-frames.zy,baseline
release,1,755923,135,333,5458500,False,"[104, 26, 8, 0]",4,lib/tests/core/native-frames.zy,explicit
release,1,706131,135,333,5257886,False,"[104, 26, 8, 0]",5,lib/tests/core/native-frames.zy,original
release,1,718421,135,333,4808245,False,"[104, 26, 8, 0]",5,lib/tests/core/native-frames.zy,jobs
release,1,728122,135,333,5959362,False,"[104, 26, 8, 0]",5,lib/tests/core/native-frames.zy,baseline
release,1,740317,135,333,5527841,False,"[104, 26, 8, 0]",5,lib/tests/core/native-frames.zy,explicit
release,1,726915,135,333,5201790,False,"[104, 26, 8, 0]",5,lib/tests/core/native-frames.zy,recursive
release,1,713174,135,333,4721448,False,"[104, 26, 8, 0]",6,lib/tests/core/native-frames.zy,jobs
release,1,745125,135,333,5820872,False,"[104, 26, 8, 0]",6,lib/tests/core/native-frames.zy,baseline
release,1,743747,135,333,5478701,False,"[104, 26, 8, 0]",6,lib/tests/core/native-frames.zy,explicit
release,1,772994,135,333,5248295,False,"[104, 26, 8, 0]",6,lib/tests/core/native-frames.zy,recursive
release,1,686372,135,333,5189924,False,"[104, 26, 8, 0]",6,lib/tests/core/native-frames.zy,original
release,1,729913,135,333,5899416,False,"[104, 26, 8, 0]",7,lib/tests/core/native-frames.zy,baseline
release,1,729057,135,333,5493427,False,"[104, 26, 8, 0]",7,lib/tests/core/native-frames.zy,explicit
release,1,731189,135,333,5186128,False,"[104, 26, 8, 0]",7,lib/tests/core/native-frames.zy,recursive
release,1,714402,135,333,5227924,False,"[104, 26, 8, 0]",7,lib/tests/core/native-frames.zy,original
release,1,719624,135,333,4820580,False,"[104, 26, 8, 0]",7,lib/tests/core/native-frames.zy,jobs
release,1,738758,135,333,5535708,False,"[104, 26, 8, 0]",8,lib/tests/core/native-frames.zy,explicit
release,1,739907,135,333,5189665,False,"[104, 26, 8, 0]",8,lib/tests/core/native-frames.zy,recursive
release,1,716878,135,333,5243122,False,"[104, 26, 8, 0]",8,lib/tests/core/native-frames.zy,original
release,1,733915,135,333,4782837,False,"[104, 26, 8, 0]",8,lib/tests/core/native-frames.zy,jobs
release,1,743674,135,333,5930794,False,"[104, 26, 8, 0]",8,lib/tests/core/native-frames.zy,baseline
release,1,725700,135,333,5224137,False,"[104, 26, 8, 0]",9,lib/tests/core/native-frames.zy,recursive
release,1,744445,135,333,5453123,False,"[104, 26, 8, 0]",9,lib/tests/core/native-frames.zy,original
release,1,752546,135,333,4854667,False,"[104, 26, 8, 0]",9,lib/tests/core/native-frames.zy,jobs
release,1,722864,135,333,5884592,False,"[104, 26, 8, 0]",9,lib/tests/core/native-frames.zy,baseline
release,1,722821,135,333,5498367,False,"[104, 26, 8, 0]",9,lib/tests/core/native-frames.zy,explicit
release,1,767444,135,333,5416719,False,"[104, 26, 8, 0]",10,lib/tests/core/native-frames.zy,original
release,1,748285,135,333,4929167,False,"[104, 26, 8, 0]",10,lib/tests/core/native-frames.zy,jobs
release,1,725459,135,333,5909203,False,"[104, 26, 8, 0]",10,lib/tests/core/native-frames.zy,baseline
release,1,721629,135,333,5521665,False,"[104, 26, 8, 0]",10,lib/tests/core/native-frames.zy,explicit
release,1,712704,135,333,5268209,False,"[104, 26, 8, 0]",10,lib/tests/core/native-frames.zy,recursive
release,1,726511,135,333,4765791,False,"[104, 26, 8, 0]",11,lib/tests/core/native-frames.zy,jobs
release,1,727952,135,333,5895919,False,"[104, 26, 8, 0]",11,lib/tests/core/native-frames.zy,baseline
release,1,733088,135,333,5487373,False,"[104, 26, 8, 0]",11,lib/tests/core/native-frames.zy,explicit
release,1,768650,135,333,5312008,False,"[104, 26, 8, 0]",11,lib/tests/core/native-frames.zy,recursive
release,1,764616,135,333,5445336,False,"[104, 26, 8, 0]",11,lib/tests/core/native-frames.zy,original
release,1,754833,135,333,5948136,False,"[104, 26, 8, 0]",12,lib/tests/core/native-frames.zy,baseline
release,1,737628,135,333,5351997,False,"[104, 26, 8, 0]",12,lib/tests/core/native-frames.zy,explicit
release,1,739704,135,333,5220924,False,"[104, 26, 8, 0]",12,lib/tests/core/native-frames.zy,recursive
release,1,736209,135,333,5454073,False,"[104, 26, 8, 0]",12,lib/tests/core/native-frames.zy,original
release,1,688503,135,333,4709113,False,"[104, 26, 8, 0]",12,lib/tests/core/native-frames.zy,jobs
release,1,696959,135,333,5292791,False,"[104, 26, 8, 0]",13,lib/tests/core/native-frames.zy,explicit
release,1,745050,135,333,5213664,False,"[104, 26, 8, 0]",13,lib/tests/core/native-frames.zy,recursive
release,1,706672,135,333,5320162,False,"[104, 26, 8, 0]",13,lib/tests/core/native-frames.zy,original
release,1,725758,135,333,4775494,False,"[104, 26, 8, 0]",13,lib/tests/core/native-frames.zy,jobs
release,1,750923,135,333,5864340,False,"[104, 26, 8, 0]",13,lib/tests/core/native-frames.zy,baseline
release,1,735072,135,333,5238867,False,"[104, 26, 8, 0]",14,lib/tests/core/native-frames.zy,recursive
release,1,714705,135,333,5258777,False,"[104, 26, 8, 0]",14,lib/tests/core/native-frames.zy,original
release,1,732551,135,333,4794158,False,"[104, 26, 8, 0]",14,lib/tests/core/native-frames.zy,jobs
release,1,706910,135,333,5776626,False,"[104, 26, 8, 0]",14,lib/tests/core/native-frames.zy,baseline
release,1,767665,135,333,5477162,False,"[104, 26, 8, 0]",14,lib/tests/core/native-frames.zy,explicit
release,1,759911,135,333,5413321,False,"[104, 26, 8, 0]",15,lib/tests/core/native-frames.zy,original
release,1,761821,135,333,4865095,False,"[104, 26, 8, 0]",15,lib/tests/core/native-frames.zy,jobs
release,1,766954,135,333,5907713,False,"[104, 26, 8, 0]",15,lib/tests/core/native-frames.zy,baseline
release,1,696161,135,333,5293707,False,"[104, 26, 8, 0]",15,lib/tests/core/native-frames.zy,explicit
release,1,709787,135,333,5246660,False,"[104, 26, 8, 0]",15,lib/tests/core/native-frames.zy,recursive
release,1,715262,135,333,4852587,False,"[104, 26, 8, 0]",16,lib/tests/core/native-frames.zy,jobs
release,1,746869,135,333,5905367,False,"[104, 26, 8, 0]",16,lib/tests/core/native-frames.zy,baseline
release,1,785080,135,333,5526084,False,"[104, 26, 8, 0]",16,lib/tests/core/native-frames.zy,explicit
release,1,720931,135,333,5203713,False,"[104, 26, 8, 0]",16,lib/tests/core/native-frames.zy,recursive
release,1,721666,135,333,5229416,False,"[104, 26, 8, 0]",16,lib/tests/core/native-frames.zy,original
release,1,761920,135,333,5926217,False,"[104, 26, 8, 0]",17,lib/tests/core/native-frames.zy,baseline
release,1,710165,135,333,5452540,False,"[104, 26, 8, 0]",17,lib/tests/core/native-frames.zy,explicit
release,1,755623,135,333,5206918,False,"[104, 26, 8, 0]",17,lib/tests/core/native-frames.zy,recursive
release,1,741179,135,333,5429245,False,"[104, 26, 8, 0]",17,lib/tests/core/native-frames.zy,original
release,1,709217,135,333,4705593,False,"[104, 26, 8, 0]",17,lib/tests/core/native-frames.zy,jobs
release,1,711463,135,333,5422833,False,"[104, 26, 8, 0]",18,lib/tests/core/native-frames.zy,explicit
release,1,734250,135,333,5113420,False,"[104, 26, 8, 0]",18,lib/tests/core/native-frames.zy,recursive
release,1,718645,135,333,5332663,False,"[104, 26, 8, 0]",18,lib/tests/core/native-frames.zy,original
release,1,717793,135,333,4774959,False,"[104, 26, 8, 0]",18,lib/tests/core/native-frames.zy,jobs
release,1,743708,135,333,5798590,False,"[104, 26, 8, 0]",18,lib/tests/core/native-frames.zy,baseline
release,1,749538,135,333,5118988,False,"[104, 26, 8, 0]",19,lib/tests/core/native-frames.zy,recursive
release,1,727410,135,333,5332462,False,"[104, 26, 8, 0]",19,lib/tests/core/native-frames.zy,original
release,1,724789,135,333,4789666,False,"[104, 26, 8, 0]",19,lib/tests/core/native-frames.zy,jobs
release,1,720124,135,333,5864090,False,"[104, 26, 8, 0]",19,lib/tests/core/native-frames.zy,baseline
release,1,687585,135,333,5330656,False,"[104, 26, 8, 0]",19,lib/tests/core/native-frames.zy,explicit
release,1,701584,135,333,5360133,False,"[104, 26, 8, 0]",20,lib/tests/core/native-frames.zy,original
release,1,737635,135,333,4760242,False,"[104, 26, 8, 0]",20,lib/tests/core/native-frames.zy,jobs
release,1,749205,135,333,5889995,False,"[104, 26, 8, 0]",20,lib/tests/core/native-frames.zy,baseline
release,1,745047,135,333,5414044,False,"[104, 26, 8, 0]",20,lib/tests/core/native-frames.zy,explicit
release,1,755847,135,333,5156617,False,"[104, 26, 8, 0]",20,lib/tests/core/native-frames.zy,recursive
release,1,759130,135,333,4871371,False,"[104, 26, 8, 0]",21,lib/tests/core/native-frames.zy,jobs
release,1,729034,135,333,5876575,False,"[104, 26, 8, 0]",21,lib/tests/core/native-frames.zy,baseline
release,1,730283,135,333,5428172,False,"[104, 26, 8, 0]",21,lib/tests/core/native-frames.zy,explicit
release,1,759714,135,333,5226585,False,"[104, 26, 8, 0]",21,lib/tests/core/native-frames.zy,recursive
release,1,742722,135,333,5413870,False,"[104, 26, 8, 0]",21,lib/tests/core/native-frames.zy,original
release,1,758093,135,333,5914588,False,"[104, 26, 8, 0]",22,lib/tests/core/native-frames.zy,baseline
release,1,741867,135,333,5437839,False,"[104, 26, 8, 0]",22,lib/tests/core/native-frames.zy,explicit
release,1,739920,135,333,5232662,False,"[104, 26, 8, 0]",22,lib/tests/core/native-frames.zy,recursive
release,1,757258,135,333,5405171,False,"[104, 26, 8, 0]",22,lib/tests/core/native-frames.zy,original
release,1,748175,135,333,4828328,False,"[104, 26, 8, 0]",22,lib/tests/core/native-frames.zy,jobs
release,1,707989,135,333,5335798,False,"[104, 26, 8, 0]",23,lib/tests/core/native-frames.zy,explicit
release,1,704042,135,333,5151452,False,"[104, 26, 8, 0]",23,lib/tests/core/native-frames.zy,recursive
release,1,712787,135,333,5339965,False,"[104, 26, 8, 0]",23,lib/tests/core/native-frames.zy,original
release,1,745128,135,333,4800631,False,"[104, 26, 8, 0]",23,lib/tests/core/native-frames.zy,jobs
release,1,758258,135,333,5855004,False,"[104, 26, 8, 0]",23,lib/tests/core/native-frames.zy,baseline
release,1,773415,135,333,5354916,False,"[104, 26, 8, 0]",24,lib/tests/core/native-frames.zy,recursive
release,1,736742,135,333,5306175,False,"[104, 26, 8, 0]",24,lib/tests/core/native-frames.zy,original
release,1,768212,135,333,4989827,False,"[104, 26, 8, 0]",24,lib/tests/core/native-frames.zy,jobs
release,1,738243,135,333,5896417,False,"[104, 26, 8, 0]",24,lib/tests/core/native-frames.zy,baseline
release,1,714338,135,333,5350543,False,"[104, 26, 8, 0]",24,lib/tests/core/native-frames.zy,explicit
release,1,724120,135,333,5351846,False,"[104, 26, 8, 0]",25,lib/tests/core/native-frames.zy,original
release,1,739245,135,333,4838168,False,"[104, 26, 8, 0]",25,lib/tests/core/native-frames.zy,jobs
release,1,787594,135,333,5928209,False,"[104, 26, 8, 0]",25,lib/tests/core/native-frames.zy,baseline
release,1,761957,135,333,5465093,False,"[104, 26, 8, 0]",25,lib/tests/core/native-frames.zy,explicit
release,1,700465,135,333,5077115,False,"[104, 26, 8, 0]",25,lib/tests/core/native-frames.zy,recursive
release,1,734294,135,333,4822039,False,"[104, 26, 8, 0]",26,lib/tests/core/native-frames.zy,jobs
release,1,736834,135,333,5864251,False,"[104, 26, 8, 0]",26,lib/tests/core/native-frames.zy,baseline
release,1,735833,135,333,5446260,False,"[104, 26, 8, 0]",26,lib/tests/core/native-frames.zy,explicit
release,1,703167,135,333,4980297,False,"[104, 26, 8, 0]",26,lib/tests/core/native-frames.zy,recursive
release,1,700452,135,333,5261751,False,"[104, 26, 8, 0]",26,lib/tests/core/native-frames.zy,original
release,1,743514,135,333,5778152,False,"[104, 26, 8, 0]",27,lib/tests/core/native-frames.zy,baseline
release,1,742413,135,333,5413833,False,"[104, 26, 8, 0]",27,lib/tests/core/native-frames.zy,explicit
release,1,711793,135,333,5092953,False,"[104, 26, 8, 0]",27,lib/tests/core/native-frames.zy,recursive
release,1,724540,135,333,5355497,False,"[104, 26, 8, 0]",27,lib/tests/core/native-frames.zy,original
release,1,709003,135,333,4795045,False,"[104, 26, 8, 0]",27,lib/tests/core/native-frames.zy,jobs
release,1,701670,135,333,5319582,False,"[104, 26, 8, 0]",28,lib/tests/core/native-frames.zy,explicit
release,1,724665,135,333,5047204,False,"[104, 26, 8, 0]",28,lib/tests/core/native-frames.zy,recursive
release,1,705634,135,333,5211986,False,"[104, 26, 8, 0]",28,lib/tests/core/native-frames.zy,original
release,1,707258,135,333,4868756,False,"[104, 26, 8, 0]",28,lib/tests/core/native-frames.zy,jobs
release,1,743051,135,333,5864381,False,"[104, 26, 8, 0]",28,lib/tests/core/native-frames.zy,baseline
release,1,763618,135,333,5194426,False,"[104, 26, 8, 0]",29,lib/tests/core/native-frames.zy,recursive
release,1,759787,135,333,5386578,False,"[104, 26, 8, 0]",29,lib/tests/core/native-frames.zy,original
release,1,748920,135,333,4828750,False,"[104, 26, 8, 0]",29,lib/tests/core/native-frames.zy,jobs
release,1,749880,135,333,5938298,False,"[104, 26, 8, 0]",29,lib/tests/core/native-frames.zy,baseline
release,1,738717,135,333,5398494,False,"[104, 26, 8, 0]",29,lib/tests/core/native-frames.zy,explicit
release,1,757044,135,333,5273857,False,"[104, 26, 8, 0]",30,lib/tests/core/native-frames.zy,original
release,1,780867,135,333,4832921,False,"[104, 26, 8, 0]",30,lib/tests/core/native-frames.zy,jobs
release,1,703506,135,333,5879499,False,"[104, 26, 8, 0]",30,lib/tests/core/native-frames.zy,baseline
release,1,707170,135,333,5362122,False,"[104, 26, 8, 0]",30,lib/tests/core/native-frames.zy,explicit
release,1,732087,135,333,5071628,False,"[104, 26, 8, 0]",30,lib/tests/core/native-frames.zy,recursive
release,1,753658,135,333,4866920,False,"[104, 26, 8, 0]",31,lib/tests/core/native-frames.zy,jobs
release,1,758129,135,333,5932874,False,"[104, 26, 8, 0]",31,lib/tests/core/native-frames.zy,baseline
release,1,747289,135,333,5342801,False,"[104, 26, 8, 0]",31,lib/tests/core/native-frames.zy,explicit
release,1,715792,135,333,5089871,False,"[104, 26, 8, 0]",31,lib/tests/core/native-frames.zy,recursive
release,1,700787,135,333,5294256,False,"[104, 26, 8, 0]",31,lib/tests/core/native-frames.zy,original
release,1,730244,135,333,5947379,False,"[104, 26, 8, 0]",32,lib/tests/core/native-frames.zy,baseline
release,1,725449,135,333,5395601,False,"[104, 26, 8, 0]",32,lib/tests/core/native-frames.zy,explicit
release,1,771247,135,333,5106414,False,"[104, 26, 8, 0]",32,lib/tests/core/native-frames.zy,recursive
release,1,760332,135,333,5414461,False,"[104, 26, 8, 0]",32,lib/tests/core/native-frames.zy,original
release,1,773375,135,333,4915831,False,"[104, 26, 8, 0]",32,lib/tests/core/native-frames.zy,jobs
release,1,739327,135,333,5554532,False,"[104, 26, 8, 0]",33,lib/tests/core/native-frames.zy,explicit
release,1,753702,135,333,5175760,False,"[104, 26, 8, 0]",33,lib/tests/core/native-frames.zy,recursive
release,1,754576,135,333,5408138,False,"[104, 26, 8, 0]",33,lib/tests/core/native-frames.zy,original
release,1,775084,135,333,4853999,False,"[104, 26, 8, 0]",33,lib/tests/core/native-frames.zy,jobs
release,1,763826,135,333,5929338,False,"[104, 26, 8, 0]",33,lib/tests/core/native-frames.zy,baseline
release,1,744721,135,333,5203781,False,"[104, 26, 8, 0]",34,lib/tests/core/native-frames.zy,recursive
release,1,733952,135,333,5278956,False,"[104, 26, 8, 0]",34,lib/tests/core/native-frames.zy,original
release,1,754546,135,333,4861915,False,"[104, 26, 8, 0]",34,lib/tests/core/native-frames.zy,jobs
release,1,740415,135,333,5919127,False,"[104, 26, 8, 0]",34,lib/tests/core/native-frames.zy,baseline
release,1,720959,135,333,5445752,False,"[104, 26, 8, 0]",34,lib/tests/core/native-frames.zy,explicit
release,1,736007,135,333,5325585,False,"[104, 26, 8, 0]",35,lib/tests/core/native-frames.zy,original
release,1,770237,135,333,4846079,False,"[104, 26, 8, 0]",35,lib/tests/core/native-frames.zy,jobs
release,1,726914,135,333,5874246,False,"[104, 26, 8, 0]",35,lib/tests/core/native-frames.zy,baseline
release,1,726169,135,333,5517741,False,"[104, 26, 8, 0]",35,lib/tests/core/native-frames.zy,explicit
release,1,723451,135,333,5199164,False,"[104, 26, 8, 0]",35,lib/tests/core/native-frames.zy,recursive
release,1,737459,135,333,4813004,False,"[104, 26, 8, 0]",36,lib/tests/core/native-frames.zy,jobs
release,1,765921,135,333,5967875,False,"[104, 26, 8, 0]",36,lib/tests/core/native-frames.zy,baseline
release,1,744253,135,333,5458838,False,"[104, 26, 8, 0]",36,lib/tests/core/native-frames.zy,explicit
release,1,738080,135,333,5085961,False,"[104, 26, 8, 0]",36,lib/tests/core/native-frames.zy,recursive
release,1,799879,135,333,5385777,False,"[104, 26, 8, 0]",36,lib/tests/core/native-frames.zy,original
release,1,738458,135,333,5983719,False,"[104, 26, 8, 0]",37,lib/tests/core/native-frames.zy,baseline
release,1,778875,135,333,5614095,False,"[104, 26, 8, 0]",37,lib/tests/core/native-frames.zy,explicit
release,1,782578,135,333,5376834,False,"[104, 26, 8, 0]",37,lib/tests/core/native-frames.zy,recursive
release,1,740708,135,333,5482001,False,"[104, 26, 8, 0]",37,lib/tests/core/native-frames.zy,original
release,1,771741,135,333,4824544,False,"[104, 26, 8, 0]",37,lib/tests/core/native-frames.zy,jobs
release,1,741507,135,333,5513050,False,"[104, 26, 8, 0]",38,lib/tests/core/native-frames.zy,explicit
release,1,805293,135,333,5484155,False,"[104, 26, 8, 0]",38,lib/tests/core/native-frames.zy,recursive
release,1,758076,135,333,5504248,False,"[104, 26, 8, 0]",38,lib/tests/core/native-frames.zy,original
release,1,837747,135,333,5193890,False,"[104, 26, 8, 0]",38,lib/tests/core/native-frames.zy,jobs
release,1,1020909,135,333,7148011,False,"[104, 26, 8, 0]",38,lib/tests/core/native-frames.zy,baseline
release,1,776715,135,333,5248104,False,"[104, 26, 8, 0]",39,lib/tests/core/native-frames.zy,recursive
release,1,768493,135,333,5392921,False,"[104, 26, 8, 0]",39,lib/tests/core/native-frames.zy,original
release,1,812046,135,333,4846662,False,"[104, 26, 8, 0]",39,lib/tests/core/native-frames.zy,jobs
release,1,780300,135,333,6028571,False,"[104, 26, 8, 0]",39,lib/tests/core/native-frames.zy,baseline
release,1,752712,135,333,5475545,False,"[104, 26, 8, 0]",39,lib/tests/core/native-frames.zy,explicit
release,1,722867,135,335,5032666,True,"[97, 25, 8, 9]",0,lib/tests/core/native-frames.zy,original
release,1,757288,135,335,4793742,True,"[97, 25, 8, 9]",0,lib/tests/core/native-frames.zy,jobs
release,1,778039,135,335,5633876,True,"[97, 25, 8, 9]",0,lib/tests/core/native-frames.zy,baseline
release,1,738039,135,335,5145120,True,"[97, 25, 8, 9]",0,lib/tests/core/native-frames.zy,explicit
release,1,693792,135,335,4925408,True,"[97, 25, 8, 9]",0,lib/tests/core/native-frames.zy,recursive
release,1,695287,135,335,4541827,True,"[97, 25, 8, 9]",1,lib/tests/core/native-frames.zy,jobs
release,1,721880,135,335,5604112,True,"[97, 25, 8, 9]",1,lib/tests/core/native-frames.zy,baseline
release,1,726962,135,335,5316374,True,"[97, 25, 8, 9]",1,lib/tests/core/native-frames.zy,explicit
release,1,723654,135,335,4991623,True,"[97, 25, 8, 9]",1,lib/tests/core/native-frames.zy,recursive
release,1,756093,135,335,5187760,True,"[97, 25, 8, 9]",1,lib/tests/core/native-frames.zy,original
release,1,729756,135,335,5550091,True,"[97, 25, 8, 9]",2,lib/tests/core/native-frames.zy,baseline
release,1,748030,135,335,5283709,True,"[97, 25, 8, 9]",2,lib/tests/core/native-frames.zy,explicit
release,1,726250,135,335,5130002,True,"[97, 25, 8, 9]",2,lib/tests/core/native-frames.zy,recursive
release,1,709257,135,335,5125339,True,"[97, 25, 8, 9]",2,lib/tests/core/native-frames.zy,original
release,1,700084,135,335,4574455,True,"[97, 25, 8, 9]",2,lib/tests/core/native-frames.zy,jobs
release,1,703290,135,335,5204589,True,"[97, 25, 8, 9]",3,lib/tests/core/native-frames.zy,explicit
release,1,700011,135,335,5077009,True,"[97, 25, 8, 9]",3,lib/tests/core/native-frames.zy,recursive
release,1,723705,135,335,5171583,True,"[97, 25, 8, 9]",3,lib/tests/core/native-frames.zy,original
release,1,721211,135,335,4589509,True,"[97, 25, 8, 9]",3,lib/tests/core/native-frames.zy,jobs
release,1,741474,135,335,5543872,True,"[97, 25, 8, 9]",3,lib/tests/core/native-frames.zy,baseline
release,1,718583,135,335,4991957,True,"[97, 25, 8, 9]",4,lib/tests/core/native-frames.zy,recursive
release,1,708491,135,335,5071162,True,"[97, 25, 8, 9]",4,lib/tests/core/native-frames.zy,original
release,1,705955,135,335,4584411,True,"[97, 25, 8, 9]",4,lib/tests/core/native-frames.zy,jobs
release,1,730745,135,335,5617123,True,"[97, 25, 8, 9]",4,lib/tests/core/native-frames.zy,baseline
release,1,706203,135,335,5219123,True,"[97, 25, 8, 9]",4,lib/tests/core/native-frames.zy,explicit
release,1,744506,135,335,5102342,True,"[97, 25, 8, 9]",5,lib/tests/core/native-frames.zy,original
release,1,739375,135,335,4636995,True,"[97, 25, 8, 9]",5,lib/tests/core/native-frames.zy,jobs
release,1,761038,135,335,5565655,True,"[97, 25, 8, 9]",5,lib/tests/core/native-frames.zy,baseline
release,1,692586,135,335,5147489,True,"[97, 25, 8, 9]",5,lib/tests/core/native-frames.zy,explicit
release,1,702528,135,335,4990155,True,"[97, 25, 8, 9]",5,lib/tests/core/native-frames.zy,recursive
release,1,719322,135,335,4656718,True,"[97, 25, 8, 9]",6,lib/tests/core/native-frames.zy,jobs
release,1,718874,135,335,5488678,True,"[97, 25, 8, 9]",6,lib/tests/core/native-frames.zy,baseline
release,1,755714,135,335,5215800,True,"[97, 25, 8, 9]",6,lib/tests/core/native-frames.zy,explicit
release,1,730754,135,335,4991944,True,"[97, 25, 8, 9]",6,lib/tests/core/native-frames.zy,recursive
release,1,712919,135,335,5125705,True,"[97, 25, 8, 9]",6,lib/tests/core/native-frames.zy,original
release,1,722085,135,335,5427281,True,"[97, 25, 8, 9]",7,lib/tests/core/native-frames.zy,baseline
release,1,792257,135,335,5292546,True,"[97, 25, 8, 9]",7,lib/tests/core/native-frames.zy,explicit
release,1,723774,135,335,5059374,True,"[97, 25, 8, 9]",7,lib/tests/core/native-frames.zy,recursive
release,1,720029,135,335,5049133,True,"[97, 25, 8, 9]",7,lib/tests/core/native-frames.zy,original
release,1,714290,135,335,4596710,True,"[97, 25, 8, 9]",7,lib/tests/core/native-frames.zy,jobs
release,1,702234,135,335,5170711,True,"[97, 25, 8, 9]",8,lib/tests/core/native-frames.zy,explicit
release,1,736554,135,335,4938998,True,"[97, 25, 8, 9]",8,lib/tests/core/native-frames.zy,recursive
release,1,706084,135,335,5034326,True,"[97, 25, 8, 9]",8,lib/tests/core/native-frames.zy,original
release,1,706580,135,335,4551037,True,"[97, 25, 8, 9]",8,lib/tests/core/native-frames.zy,jobs
release,1,697668,135,335,5388363,True,"[97, 25, 8, 9]",8,lib/tests/core/native-frames.zy,baseline
release,1,699386,135,335,4923880,True,"[97, 25, 8, 9]",9,lib/tests/core/native-frames.zy,recursive
release,1,700338,135,335,5009380,True,"[97, 25, 8, 9]",9,lib/tests/core/native-frames.zy,original
release,1,708122,135,335,4622580,True,"[97, 25, 8, 9]",9,lib/tests/core/native-frames.zy,jobs
release,1,715486,135,335,5591923,True,"[97, 25, 8, 9]",9,lib/tests/core/native-frames.zy,baseline
release,1,701974,135,335,5205068,True,"[97, 25, 8, 9]",9,lib/tests/core/native-frames.zy,explicit
release,1,703074,135,335,5128381,True,"[97, 25, 8, 9]",10,lib/tests/core/native-frames.zy,original
release,1,718912,135,335,4566286,True,"[97, 25, 8, 9]",10,lib/tests/core/native-frames.zy,jobs
release,1,735336,135,335,5458792,True,"[97, 25, 8, 9]",10,lib/tests/core/native-frames.zy,baseline
release,1,730663,135,335,5217695,True,"[97, 25, 8, 9]",10,lib/tests/core/native-frames.zy,explicit
release,1,700832,135,335,4921564,True,"[97, 25, 8, 9]",10,lib/tests/core/native-frames.zy,recursive
release,1,760701,135,335,4592788,True,"[97, 25, 8, 9]",11,lib/tests/core/native-frames.zy,jobs
release,1,739163,135,335,5548757,True,"[97, 25, 8, 9]",11,lib/tests/core/native-frames.zy,baseline
release,1,720827,135,335,5176749,True,"[97, 25, 8, 9]",11,lib/tests/core/native-frames.zy,explicit
release,1,702675,135,335,4979746,True,"[97, 25, 8, 9]",11,lib/tests/core/native-frames.zy,recursive
release,1,691253,135,335,5025213,True,"[97, 25, 8, 9]",11,lib/tests/core/native-frames.zy,original
release,1,727000,135,335,5484661,True,"[97, 25, 8, 9]",12,lib/tests/core/native-frames.zy,baseline
release,1,679171,135,335,5074285,True,"[97, 25, 8, 9]",12,lib/tests/core/native-frames.zy,explicit
release,1,695806,135,335,5022443,True,"[97, 25, 8, 9]",12,lib/tests/core/native-frames.zy,recursive
release,1,735207,135,335,5082331,True,"[97, 25, 8, 9]",12,lib/tests/core/native-frames.zy,original
release,1,727337,135,335,4635419,True,"[97, 25, 8, 9]",12,lib/tests/core/native-frames.zy,jobs
release,1,686086,135,335,5147426,True,"[97, 25, 8, 9]",13,lib/tests/core/native-frames.zy,explicit
release,1,725783,135,335,4999215,True,"[97, 25, 8, 9]",13,lib/tests/core/native-frames.zy,recursive
release,1,712914,135,335,5077085,True,"[97, 25, 8, 9]",13,lib/tests/core/native-frames.zy,original
release,1,697580,135,335,4575468,True,"[97, 25, 8, 9]",13,lib/tests/core/native-frames.zy,jobs
release,1,696875,135,335,5406122,True,"[97, 25, 8, 9]",13,lib/tests/core/native-frames.zy,baseline
release,1,712621,135,335,4889872,True,"[97, 25, 8, 9]",14,lib/tests/core/native-frames.zy,recursive
release,1,739503,135,335,5099203,True,"[97, 25, 8, 9]",14,lib/tests/core/native-frames.zy,original
release,1,723415,135,335,4598791,True,"[97, 25, 8, 9]",14,lib/tests/core/native-frames.zy,jobs
release,1,716673,135,335,5571539,True,"[97, 25, 8, 9]",14,lib/tests/core/native-frames.zy,baseline
release,1,704633,135,335,5171419,True,"[97, 25, 8, 9]",14,lib/tests/core/native-frames.zy,explicit
release,1,712211,135,335,5006000,True,"[97, 25, 8, 9]",15,lib/tests/core/native-frames.zy,original
release,1,712261,135,335,4579130,True,"[97, 25, 8, 9]",15,lib/tests/core/native-frames.zy,jobs
release,1,716910,135,335,5525675,True,"[97, 25, 8, 9]",15,lib/tests/core/native-frames.zy,baseline
release,1,724546,135,335,5188708,True,"[97, 25, 8, 9]",15,lib/tests/core/native-frames.zy,explicit
release,1,697783,135,335,4967088,True,"[97, 25, 8, 9]",15,lib/tests/core/native-frames.zy,recursive
release,1,706085,135,335,4613543,True,"[97, 25, 8, 9]",16,lib/tests/core/native-frames.zy,jobs
release,1,727371,135,335,5549122,True,"[97, 25, 8, 9]",16,lib/tests/core/native-frames.zy,baseline
release,1,734003,135,335,5212384,True,"[97, 25, 8, 9]",16,lib/tests/core/native-frames.zy,explicit
release,1,731748,135,335,4891130,True,"[97, 25, 8, 9]",16,lib/tests/core/native-frames.zy,recursive
release,1,742582,135,335,5098619,True,"[97, 25, 8, 9]",16,lib/tests/core/native-frames.zy,original
release,1,726633,135,335,5538040,True,"[97, 25, 8, 9]",17,lib/tests/core/native-frames.zy,baseline
release,1,714407,135,335,5162684,True,"[97, 25, 8, 9]",17,lib/tests/core/native-frames.zy,explicit
release,1,720124,135,335,4911410,True,"[97, 25, 8, 9]",17,lib/tests/core/native-frames.zy,recursive
release,1,695704,135,335,5058628,True,"[97, 25, 8, 9]",17,lib/tests/core/native-frames.zy,original
release,1,718680,135,335,4687741,True,"[97, 25, 8, 9]",17,lib/tests/core/native-frames.zy,jobs
release,1,686753,135,335,5270123,True,"[97, 25, 8, 9]",18,lib/tests/core/native-frames.zy,explicit
release,1,716835,135,335,4981382,True,"[97, 25, 8, 9]",18,lib/tests/core/native-frames.zy,recursive
release,1,718958,135,335,5078103,True,"[97, 25, 8, 9]",18,lib/tests/core/native-frames.zy,original
release,1,715674,135,335,4647873,True,"[97, 25, 8, 9]",18,lib/tests/core/native-frames.zy,jobs
release,1,712376,135,335,5531916,True,"[97, 25, 8, 9]",18,lib/tests/core/native-frames.zy,baseline
release,1,706871,135,335,4951375,True,"[97, 25, 8, 9]",19,lib/tests/core/native-frames.zy,recursive
release,1,745498,135,335,5016427,True,"[97, 25, 8, 9]",19,lib/tests/core/native-frames.zy,original
release,1,741335,135,335,4621460,True,"[97, 25, 8, 9]",19,lib/tests/core/native-frames.zy,jobs
release,1,741452,135,335,5559818,True,"[97, 25, 8, 9]",19,lib/tests/core/native-frames.zy,baseline
release,1,726006,135,335,5254924,True,"[97, 25, 8, 9]",19,lib/tests/core/native-frames.zy,explicit
release,1,707468,135,335,5016388,True,"[97, 25, 8, 9]",20,lib/tests/core/native-frames.zy,original
release,1,690748,135,335,4592897,True,"[97, 25, 8, 9]",20,lib/tests/core/native-frames.zy,jobs
release,1,739000,135,335,5486736,True,"[97, 25, 8, 9]",20,lib/tests/core/native-frames.zy,baseline
release,1,698429,135,335,5071591,True,"[97, 25, 8, 9]",20,lib/tests/core/native-frames.zy,explicit
release,1,702174,135,335,4865416,True,"[97, 25, 8, 9]",20,lib/tests/core/native-frames.zy,recursive
release,1,688364,135,335,4531465,True,"[97, 25, 8, 9]",21,lib/tests/core/native-frames.zy,jobs
release,1,709784,135,335,5460044,True,"[97, 25, 8, 9]",21,lib/tests/core/native-frames.zy,baseline
release,1,701038,135,335,5113121,True,"[97, 25, 8, 9]",21,lib/tests/core/native-frames.zy,explicit
release,1,766850,135,335,5107204,True,"[97, 25, 8, 9]",21,lib/tests/core/native-frames.zy,recursive
release,1,717557,135,335,5101081,True,"[97, 25, 8, 9]",21,lib/tests/core/native-frames.zy,original
release,1,758637,135,335,5644536,True,"[97, 25, 8, 9]",22,lib/tests/core/native-frames.zy,baseline
release,1,714095,135,335,5219662,True,"[97, 25, 8, 9]",22,lib/tests/core/native-frames.zy,explicit
release,1,693588,135,335,4941031,True,"[97, 25, 8, 9]",22,lib/tests/core/native-frames.zy,recursive
release,1,822748,135,335,5867753,True,"[97, 25, 8, 9]",22,lib/tests/core/native-frames.zy,original
release,1,809660,135,335,4913091,True,"[97, 25, 8, 9]",22,lib/tests/core/native-frames.zy,jobs
release,1,869997,135,335,5688653,True,"[97, 25, 8, 9]",23,lib/tests/core/native-frames.zy,explicit
release,1,737709,135,335,4914751,True,"[97, 25, 8, 9]",23,lib/tests/core/native-frames.zy,recursive
release,1,740166,135,335,5224968,True,"[97, 25, 8, 9]",23,lib/tests/core/native-frames.zy,original
release,1,719191,135,335,4660841,True,"[97, 25, 8, 9]",23,lib/tests/core/native-frames.zy,jobs
release,1,693407,135,335,5518542,True,"[97, 25, 8, 9]",23,lib/tests/core/native-frames.zy,baseline
release,1,860678,135,335,5997804,True,"[97, 25, 8, 9]",24,lib/tests/core/native-frames.zy,recursive
release,1,1094062,135,335,7238592,True,"[97, 25, 8, 9]",24,lib/tests/core/native-frames.zy,original
release,1,1105373,135,335,6010053,True,"[97, 25, 8, 9]",24,lib/tests/core/native-frames.zy,jobs
release,1,907342,135,335,6209999,True,"[97, 25, 8, 9]",24,lib/tests/core/native-frames.zy,baseline
release,1,781362,135,335,5770130,True,"[97, 25, 8, 9]",24,lib/tests/core/native-frames.zy,explicit
release,1,770036,135,335,5467425,True,"[97, 25, 8, 9]",25,lib/tests/core/native-frames.zy,original
release,1,1005454,135,335,5822045,True,"[97, 25, 8, 9]",25,lib/tests/core/native-frames.zy,jobs
release,1,1080334,135,335,7097866,True,"[97, 25, 8, 9]",25,lib/tests/core/native-frames.zy,baseline
release,1,929344,135,335,6460744,True,"[97, 25, 8, 9]",25,lib/tests/core/native-frames.zy,explicit
release,1,940876,135,335,6157215,True,"[97, 25, 8, 9]",25,lib/tests/core/native-frames.zy,recursive
release,1,789452,135,335,4935384,True,"[97, 25, 8, 9]",26,lib/tests/core/native-frames.zy,jobs
release,1,828382,135,335,6049858,True,"[97, 25, 8, 9]",26,lib/tests/core/native-frames.zy,baseline
release,1,730205,135,335,5417538,True,"[97, 25, 8, 9]",26,lib/tests/core/native-frames.zy,explicit
release,1,918039,135,335,5503629,True,"[97, 25, 8, 9]",26,lib/tests/core/native-frames.zy,recursive
release,1,854784,135,335,5785746,True,"[97, 25, 8, 9]",26,lib/tests/core/native-frames.zy,original
release,1,756761,135,335,5796156,True,"[97, 25, 8, 9]",27,lib/tests/core/native-frames.zy,baseline
release,1,749718,135,335,5250328,True,"[97, 25, 8, 9]",27,lib/tests/core/native-frames.zy,explicit
release,1,833075,135,335,5773437,True,"[97, 25, 8, 9]",27,lib/tests/core/native-frames.zy,recursive
release,1,965252,135,335,6553092,True,"[97, 25, 8, 9]",27,lib/tests/core/native-frames.zy,original
release,1,1031585,135,335,6755292,True,"[97, 25, 8, 9]",27,lib/tests/core/native-frames.zy,jobs
release,1,890372,135,335,5859794,True,"[97, 25, 8, 9]",28,lib/tests/core/native-frames.zy,explicit
release,1,873041,135,335,5834615,True,"[97, 25, 8, 9]",28,lib/tests/core/native-frames.zy,recursive
release,1,747345,135,335,5289832,True,"[97, 25, 8, 9]",28,lib/tests/core/native-frames.zy,original
release,1,846090,135,335,4834336,True,"[97, 25, 8, 9]",28,lib/tests/core/native-frames.zy,jobs
release,1,865157,135,335,6233213,True,"[97, 25, 8, 9]",28,lib/tests/core/native-frames.zy,baseline
release,1,752888,135,335,5309866,True,"[97, 25, 8, 9]",29,lib/tests/core/native-frames.zy,recursive
release,1,748370,135,335,5326828,True,"[97, 25, 8, 9]",29,lib/tests/core/native-frames.zy,original
release,1,770072,135,335,4779959,True,"[97, 25, 8, 9]",29,lib/tests/core/native-frames.zy,jobs
release,1,754088,135,335,5744575,True,"[97, 25, 8, 9]",29,lib/tests/core/native-frames.zy,baseline
release,1,916242,135,335,7300996,True,"[97, 25, 8, 9]",29,lib/tests/core/native-frames.zy,explicit
release,1,970122,135,335,7686099,True,"[97, 25, 8, 9]",30,lib/tests/core/native-frames.zy,original
release,1,958589,135,335,6552806,True,"[97, 25, 8, 9]",30,lib/tests/core/native-frames.zy,jobs
release,1,961127,135,335,7476514,True,"[97, 25, 8, 9]",30,lib/tests/core/native-frames.zy,baseline
release,1,992996,135,335,7174699,True,"[97, 25, 8, 9]",30,lib/tests/core/native-frames.zy,explicit
release,1,995841,135,335,7044342,True,"[97, 25, 8, 9]",30,lib/tests/core/native-frames.zy,recursive
release,1,864416,135,335,6159237,True,"[97, 25, 8, 9]",31,lib/tests/core/native-frames.zy,jobs
release,1,894745,135,335,7237298,True,"[97, 25, 8, 9]",31,lib/tests/core/native-frames.zy,baseline
release,1,853542,135,335,6498950,True,"[97, 25, 8, 9]",31,lib/tests/core/native-frames.zy,explicit
release,1,956301,135,335,6747884,True,"[97, 25, 8, 9]",31,lib/tests/core/native-frames.zy,recursive
release,1,850576,135,335,7091435,True,"[97, 25, 8, 9]",31,lib/tests/core/native-frames.zy,original
release,1,926327,135,335,7243258,True,"[97, 25, 8, 9]",32,lib/tests/core/native-frames.zy,baseline
release,1,764121,135,335,5332803,True,"[97, 25, 8, 9]",32,lib/tests/core/native-frames.zy,explicit
release,1,849757,135,335,6507181,True,"[97, 25, 8, 9]",32,lib/tests/core/native-frames.zy,recursive
release,1,983797,135,335,6289755,True,"[97, 25, 8, 9]",32,lib/tests/core/native-frames.zy,original
release,1,783292,135,335,4788796,True,"[97, 25, 8, 9]",32,lib/tests/core/native-frames.zy,jobs
release,1,851887,135,335,6138205,True,"[97, 25, 8, 9]",33,lib/tests/core/native-frames.zy,explicit
release,1,861423,135,335,6483709,True,"[97, 25, 8, 9]",33,lib/tests/core/native-frames.zy,recursive
release,1,993756,135,335,6929011,True,"[97, 25, 8, 9]",33,lib/tests/core/native-frames.zy,original
release,1,892301,135,335,5528680,True,"[97, 25, 8, 9]",33,lib/tests/core/native-frames.zy,jobs
release,1,763490,135,335,5575255,True,"[97, 25, 8, 9]",33,lib/tests/core/native-frames.zy,baseline
release,1,721509,135,335,4966044,True,"[97, 25, 8, 9]",34,lib/tests/core/native-frames.zy,recursive
release,1,731795,135,335,5088955,True,"[97, 25, 8, 9]",34,lib/tests/core/native-frames.zy,original
release,1,673791,135,335,4460341,True,"[97, 25, 8, 9]",34,lib/tests/core/native-frames.zy,jobs
release,1,688681,135,335,5413080,True,"[97, 25, 8, 9]",34,lib/tests/core/native-frames.zy,baseline
release,1,681256,135,335,5170715,True,"[97, 25, 8, 9]",34,lib/tests/core/native-frames.zy,explicit
release,1,692877,135,335,4997328,True,"[97, 25, 8, 9]",35,lib/tests/core/native-frames.zy,original
release,1,673386,135,335,4481410,True,"[97, 25, 8, 9]",35,lib/tests/core/native-frames.zy,jobs
release,1,737494,135,335,5510574,True,"[97, 25, 8, 9]",35,lib/tests/core/native-frames.zy,baseline
release,1,711826,135,335,5204751,True,"[97, 25, 8, 9]",35,lib/tests/core/native-frames.zy,explicit
release,1,711456,135,335,5002068,True,"[97, 25, 8, 9]",35,lib/tests/core/native-frames.zy,recursive
release,1,713549,135,335,4660907,True,"[97, 25, 8, 9]",36,lib/tests/core/native-frames.zy,jobs
release,1,772919,135,335,5561753,True,"[97, 25, 8, 9]",36,lib/tests/core/native-frames.zy,baseline
release,1,760048,135,335,5237159,True,"[97, 25, 8, 9]",36,lib/tests/core/native-frames.zy,explicit
release,1,723457,135,335,4933782,True,"[97, 25, 8, 9]",36,lib/tests/core/native-frames.zy,recursive
release,1,700243,135,335,5044408,True,"[97, 25, 8, 9]",36,lib/tests/core/native-frames.zy,original
release,1,707505,135,335,5445532,True,"[97, 25, 8, 9]",37,lib/tests/core/native-frames.zy,baseline
release,1,709881,135,335,5188036,True,"[97, 25, 8, 9]",37,lib/tests/core/native-frames.zy,explicit
release,1,709620,135,335,4970499,True,"[97, 25, 8, 9]",37,lib/tests/core/native-frames.zy,recursive
release,1,752660,135,335,5145736,True,"[97, 25, 8, 9]",37,lib/tests/core/native-frames.zy,original
release,1,762532,135,335,4620385,True,"[97, 25, 8, 9]",37,lib/tests/core/native-frames.zy,jobs
release,1,709871,135,335,5217454,True,"[97, 25, 8, 9]",38,lib/tests/core/native-frames.zy,explicit
release,1,738921,135,335,4861368,True,"[97, 25, 8, 9]",38,lib/tests/core/native-frames.zy,recursive
release,1,730490,135,335,5146823,True,"[97, 25, 8, 9]",38,lib/tests/core/native-frames.zy,original
release,1,712215,135,335,4620875,True,"[97, 25, 8, 9]",38,lib/tests/core/native-frames.zy,jobs
release,1,717834,135,335,5511668,True,"[97, 25, 8, 9]",38,lib/tests/core/native-frames.zy,baseline
release,1,675756,135,335,4813052,True,"[97, 25, 8, 9]",39,lib/tests/core/native-frames.zy,recursive
release,1,723255,135,335,5111916,True,"[97, 25, 8, 9]",39,lib/tests/core/native-frames.zy,original
release,1,741800,135,335,4624423,True,"[97, 25, 8, 9]",39,lib/tests/core/native-frames.zy,jobs
release,1,703435,135,335,5417804,True,"[97, 25, 8, 9]",39,lib/tests/core/native-frames.zy,baseline
release,1,703711,135,335,5132821,True,"[97, 25, 8, 9]",39,lib/tests/core/native-frames.zy,explicit
release,1,748879,131,320,4924201,False,"[93, 26, 7, 0]",0,lib/tests/builtin/host-return.zy,original
release,1,680199,131,320,4501669,False,"[93, 26, 7, 0]",0,lib/tests/builtin/host-return.zy,jobs
release,1,725990,131,320,5411541,False,"[93, 26, 7, 0]",0,lib/tests/builtin/host-return.zy,baseline
release,1,731040,131,320,5100195,False,"[93, 26, 7, 0]",0,lib/tests/builtin/host-return.zy,explicit
release,1,738000,131,320,4875916,False,"[93, 26, 7, 0]",0,lib/tests/builtin/host-return.zy,recursive
release,1,696387,131,320,4509260,False,"[93, 26, 7, 0]",1,lib/tests/builtin/host-return.zy,jobs
release,1,903206,131,320,6526337,False,"[93, 26, 7, 0]",1,lib/tests/builtin/host-return.zy,baseline
release,1,868917,131,320,6356081,False,"[93, 26, 7, 0]",1,lib/tests/builtin/host-return.zy,explicit
release,1,823010,131,320,5353159,False,"[93, 26, 7, 0]",1,lib/tests/builtin/host-return.zy,recursive
release,1,825955,131,320,5912791,False,"[93, 26, 7, 0]",1,lib/tests/builtin/host-return.zy,original
release,1,683959,131,320,5390578,False,"[93, 26, 7, 0]",2,lib/tests/builtin/host-return.zy,baseline
release,1,684760,131,320,4985996,False,"[93, 26, 7, 0]",2,lib/tests/builtin/host-return.zy,explicit
release,1,673096,131,320,4783453,False,"[93, 26, 7, 0]",2,lib/tests/builtin/host-return.zy,recursive
release,1,676381,131,320,4865867,False,"[93, 26, 7, 0]",2,lib/tests/builtin/host-return.zy,original
release,1,706025,131,320,4478675,False,"[93, 26, 7, 0]",2,lib/tests/builtin/host-return.zy,jobs
release,1,701906,131,320,5137341,False,"[93, 26, 7, 0]",3,lib/tests/builtin/host-return.zy,explicit
release,1,666588,131,320,4768873,False,"[93, 26, 7, 0]",3,lib/tests/builtin/host-return.zy,recursive
release,1,699633,131,320,4854794,False,"[93, 26, 7, 0]",3,lib/tests/builtin/host-return.zy,original
release,1,680295,131,320,4429704,False,"[93, 26, 7, 0]",3,lib/tests/builtin/host-return.zy,jobs
release,1,702831,131,320,5407121,False,"[93, 26, 7, 0]",3,lib/tests/builtin/host-return.zy,baseline
release,1,780553,131,320,4833708,False,"[93, 26, 7, 0]",4,lib/tests/builtin/host-return.zy,recursive
release,1,757215,131,320,4955534,False,"[93, 26, 7, 0]",4,lib/tests/builtin/host-return.zy,original
release,1,674079,131,320,4463878,False,"[93, 26, 7, 0]",4,lib/tests/builtin/host-return.zy,jobs
release,1,672915,131,320,5449755,False,"[93, 26, 7, 0]",4,lib/tests/builtin/host-return.zy,baseline
release,1,695495,131,320,5029087,False,"[93, 26, 7, 0]",4,lib/tests/builtin/host-return.zy,explicit
release,1,707455,131,320,4966584,False,"[93, 26, 7, 0]",5,lib/tests/builtin/host-return.zy,original
release,1,683536,131,320,4474218,False,"[93, 26, 7, 0]",5,lib/tests/builtin/host-return.zy,jobs
release,1,687838,131,320,5446001,False,"[93, 26, 7, 0]",5,lib/tests/builtin/host-return.zy,baseline
release,1,690043,131,320,5078792,False,"[93, 26, 7, 0]",5,lib/tests/builtin/host-return.zy,explicit
release,1,676285,131,320,4833718,False,"[93, 26, 7, 0]",5,lib/tests/builtin/host-return.zy,recursive
release,1,704962,131,320,4491964,False,"[93, 26, 7, 0]",6,lib/tests/builtin/host-return.zy,jobs
release,1,697329,131,320,5401283,False,"[93, 26, 7, 0]",6,lib/tests/builtin/host-return.zy,baseline
release,1,699005,131,320,5022211,False,"[93, 26, 7, 0]",6,lib/tests/builtin/host-return.zy,explicit
release,1,693459,131,320,4847118,False,"[93, 26, 7, 0]",6,lib/tests/builtin/host-return.zy,recursive
release,1,684829,131,320,4855338,False,"[93, 26, 7, 0]",6,lib/tests/builtin/host-return.zy,original
release,1,682801,131,320,5358834,False,"[93, 26, 7, 0]",7,lib/tests/builtin/host-return.zy,baseline
release,1,692587,131,320,4991206,False,"[93, 26, 7, 0]",7,lib/tests/builtin/host-return.zy,explicit
release,1,682719,131,320,4800998,False,"[93, 26, 7, 0]",7,lib/tests/builtin/host-return.zy,recursive
release,1,691298,131,320,4888122,False,"[93, 26, 7, 0]",7,lib/tests/builtin/host-return.zy,original
release,1,673170,131,320,4449298,False,"[93, 26, 7, 0]",7,lib/tests/builtin/host-return.zy,jobs
release,1,677462,131,320,5035413,False,"[93, 26, 7, 0]",8,lib/tests/builtin/host-return.zy,explicit
release,1,702540,131,320,4868504,False,"[93, 26, 7, 0]",8,lib/tests/builtin/host-return.zy,recursive
release,1,695214,131,320,4880374,False,"[93, 26, 7, 0]",8,lib/tests/builtin/host-return.zy,original
release,1,690329,131,320,4462659,False,"[93, 26, 7, 0]",8,lib/tests/builtin/host-return.zy,jobs
release,1,687573,131,320,5339926,False,"[93, 26, 7, 0]",8,lib/tests/builtin/host-return.zy,baseline
release,1,710208,131,320,4828867,False,"[93, 26, 7, 0]",9,lib/tests/builtin/host-return.zy,recursive
release,1,694789,131,320,4875333,False,"[93, 26, 7, 0]",9,lib/tests/builtin/host-return.zy,original
release,1,663545,131,320,4427735,False,"[93, 26, 7, 0]",9,lib/tests/builtin/host-return.zy,jobs
release,1,712286,131,320,5463879,False,"[93, 26, 7, 0]",9,lib/tests/builtin/host-return.zy,baseline
release,1,675286,131,320,5054704,False,"[93, 26, 7, 0]",9,lib/tests/builtin/host-return.zy,explicit
release,1,691501,131,320,4912201,False,"[93, 26, 7, 0]",10,lib/tests/builtin/host-return.zy,original
release,1,704121,131,320,4480580,False,"[93, 26, 7, 0]",10,lib/tests/builtin/host-return.zy,jobs
release,1,700578,131,320,5375843,False,"[93, 26, 7, 0]",10,lib/tests/builtin/host-return.zy,baseline
release,1,677583,131,320,4982207,False,"[93, 26, 7, 0]",10,lib/tests/builtin/host-return.zy,explicit
release,1,684205,131,320,4861547,False,"[93, 26, 7, 0]",10,lib/tests/builtin/host-return.zy,recursive
release,1,674247,131,320,4473911,False,"[93, 26, 7, 0]",11,lib/tests/builtin/host-return.zy,jobs
release,1,651806,131,320,5318411,False,"[93, 26, 7, 0]",11,lib/tests/builtin/host-return.zy,baseline
release,1,675201,131,320,4930547,False,"[93, 26, 7, 0]",11,lib/tests/builtin/host-return.zy,explicit
release,1,700759,131,320,4678071,False,"[93, 26, 7, 0]",11,lib/tests/builtin/host-return.zy,recursive
release,1,708538,131,320,4985513,False,"[93, 26, 7, 0]",11,lib/tests/builtin/host-return.zy,original
release,1,696127,131,320,5426908,False,"[93, 26, 7, 0]",12,lib/tests/builtin/host-return.zy,baseline
release,1,673797,131,320,4934050,False,"[93, 26, 7, 0]",12,lib/tests/builtin/host-return.zy,explicit
release,1,674497,131,320,4715005,False,"[93, 26, 7, 0]",12,lib/tests/builtin/host-return.zy,recursive
release,1,673288,131,320,4842965,False,"[93, 26, 7, 0]",12,lib/tests/builtin/host-return.zy,original
release,1,659996,131,320,4467944,False,"[93, 26, 7, 0]",12,lib/tests/builtin/host-return.zy,jobs
release,1,715505,131,320,5071126,False,"[93, 26, 7, 0]",13,lib/tests/builtin/host-return.zy,explicit
release,1,720366,131,320,4910885,False,"[93, 26, 7, 0]",13,lib/tests/builtin/host-return.zy,recursive
release,1,672540,131,320,4808747,False,"[93, 26, 7, 0]",13,lib/tests/builtin/host-return.zy,original
release,1,663796,131,320,4491541,False,"[93, 26, 7, 0]",13,lib/tests/builtin/host-return.zy,jobs
release,1,709910,131,320,5471421,False,"[93, 26, 7, 0]",13,lib/tests/builtin/host-return.zy,baseline
release,1,656544,131,320,4724780,False,"[93, 26, 7, 0]",14,lib/tests/builtin/host-return.zy,recursive
release,1,697626,131,320,4881993,False,"[93, 26, 7, 0]",14,lib/tests/builtin/host-return.zy,original
release,1,701179,131,320,4401037,False,"[93, 26, 7, 0]",14,lib/tests/builtin/host-return.zy,jobs
release,1,676754,131,320,5420502,False,"[93, 26, 7, 0]",14,lib/tests/builtin/host-return.zy,baseline
release,1,683458,131,320,5124706,False,"[93, 26, 7, 0]",14,lib/tests/builtin/host-return.zy,explicit
release,1,673669,131,320,4930456,False,"[93, 26, 7, 0]",15,lib/tests/builtin/host-return.zy,original
release,1,673665,131,320,4477580,False,"[93, 26, 7, 0]",15,lib/tests/builtin/host-return.zy,jobs
release,1,693624,131,320,5496121,False,"[93, 26, 7, 0]",15,lib/tests/builtin/host-return.zy,baseline
release,1,693416,131,320,5043291,False,"[93, 26, 7, 0]",15,lib/tests/builtin/host-return.zy,explicit
release,1,669758,131,320,4857043,False,"[93, 26, 7, 0]",15,lib/tests/builtin/host-return.zy,recursive
release,1,652042,131,320,4352713,False,"[93, 26, 7, 0]",16,lib/tests/builtin/host-return.zy,jobs
release,1,650287,131,320,5347623,False,"[93, 26, 7, 0]",16,lib/tests/builtin/host-return.zy,baseline
release,1,645791,131,320,4962545,False,"[93, 26, 7, 0]",16,lib/tests/builtin/host-return.zy,explicit
release,1,686705,131,320,4811173,False,"[93, 26, 7, 0]",16,lib/tests/builtin/host-return.zy,recursive
release,1,718796,131,320,4859324,False,"[93, 26, 7, 0]",16,lib/tests/builtin/host-return.zy,original
release,1,724709,131,320,5465083,False,"[93, 26, 7, 0]",17,lib/tests/builtin/host-return.zy,baseline
release,1,721276,131,320,5062163,False,"[93, 26, 7, 0]",17,lib/tests/builtin/host-return.zy,explicit
release,1,673292,131,320,4819459,False,"[93, 26, 7, 0]",17,lib/tests/builtin/host-return.zy,recursive
release,1,652709,131,320,4734456,False,"[93, 26, 7, 0]",17,lib/tests/builtin/host-return.zy,original
release,1,679294,131,320,4494823,False,"[93, 26, 7, 0]",17,lib/tests/builtin/host-return.zy,jobs
release,1,704672,131,320,5025542,False,"[93, 26, 7, 0]",18,lib/tests/builtin/host-return.zy,explicit
release,1,663908,131,320,4730879,False,"[93, 26, 7, 0]",18,lib/tests/builtin/host-return.zy,recursive
release,1,661326,131,320,4902178,False,"[93, 26, 7, 0]",18,lib/tests/builtin/host-return.zy,original
release,1,680970,131,320,4475588,False,"[93, 26, 7, 0]",18,lib/tests/builtin/host-return.zy,jobs
release,1,712623,131,320,5380915,False,"[93, 26, 7, 0]",18,lib/tests/builtin/host-return.zy,baseline
release,1,699161,131,320,4689374,False,"[93, 26, 7, 0]",19,lib/tests/builtin/host-return.zy,recursive
release,1,688292,131,320,4871792,False,"[93, 26, 7, 0]",19,lib/tests/builtin/host-return.zy,original
release,1,693596,131,320,4478159,False,"[93, 26, 7, 0]",19,lib/tests/builtin/host-return.zy,jobs
release,1,670816,131,320,5369212,False,"[93, 26, 7, 0]",19,lib/tests/builtin/host-return.zy,baseline
release,1,665423,131,320,4947369,False,"[93, 26, 7, 0]",19,lib/tests/builtin/host-return.zy,explicit
release,1,683761,131,320,4910700,False,"[93, 26, 7, 0]",20,lib/tests/builtin/host-return.zy,original
release,1,690460,131,320,4406698,False,"[93, 26, 7, 0]",20,lib/tests/builtin/host-return.zy,jobs
release,1,686789,131,320,5434552,False,"[93, 26, 7, 0]",20,lib/tests/builtin/host-return.zy,baseline
release,1,682721,131,320,5072754,False,"[93, 26, 7, 0]",20,lib/tests/builtin/host-return.zy,explicit
release,1,661162,131,320,4702790,False,"[93, 26, 7, 0]",20,lib/tests/builtin/host-return.zy,recursive
release,1,653701,131,320,4416953,False,"[93, 26, 7, 0]",21,lib/tests/builtin/host-return.zy,jobs
release,1,684923,131,320,5436791,False,"[93, 26, 7, 0]",21,lib/tests/builtin/host-return.zy,baseline
release,1,728616,131,320,5061988,False,"[93, 26, 7, 0]",21,lib/tests/builtin/host-return.zy,explicit
release,1,656406,131,320,4711677,False,"[93, 26, 7, 0]",21,lib/tests/builtin/host-return.zy,recursive
release,1,648075,131,320,4758298,False,"[93, 26, 7, 0]",21,lib/tests/builtin/host-return.zy,original
release,1,661033,131,320,5397245,False,"[93, 26, 7, 0]",22,lib/tests/builtin/host-return.zy,baseline
release,1,669466,131,320,4965452,False,"[93, 26, 7, 0]",22,lib/tests/builtin/host-return.zy,explicit
release,1,686343,131,320,4779546,False,"[93, 26, 7, 0]",22,lib/tests/builtin/host-return.zy,recursive
release,1,711922,131,320,4918540,False,"[93, 26, 7, 0]",22,lib/tests/builtin/host-return.zy,original
release,1,685914,131,320,4468069,False,"[93, 26, 7, 0]",22,lib/tests/builtin/host-return.zy,jobs
release,1,674711,131,320,5005338,False,"[93, 26, 7, 0]",23,lib/tests/builtin/host-return.zy,explicit
release,1,652162,131,320,4723170,False,"[93, 26, 7, 0]",23,lib/tests/builtin/host-return.zy,recursive
release,1,649958,131,320,4819256,False,"[93, 26, 7, 0]",23,lib/tests/builtin/host-return.zy,original
release,1,641365,131,320,4413044,False,"[93, 26, 7, 0]",23,lib/tests/builtin/host-return.zy,jobs
release,1,643959,131,320,5334424,False,"[93, 26, 7, 0]",23,lib/tests/builtin/host-return.zy,baseline
release,1,677673,131,320,4833582,False,"[93, 26, 7, 0]",24,lib/tests/builtin/host-return.zy,recursive
release,1,693212,131,320,4860928,False,"[93, 26, 7, 0]",24,lib/tests/builtin/host-return.zy,original
release,1,682802,131,320,4470867,False,"[93, 26, 7, 0]",24,lib/tests/builtin/host-return.zy,jobs
release,1,690251,131,320,5392460,False,"[93, 26, 7, 0]",24,lib/tests/builtin/host-return.zy,baseline
release,1,683118,131,320,5003881,False,"[93, 26, 7, 0]",24,lib/tests/builtin/host-return.zy,explicit
release,1,676695,131,320,4909747,False,"[93, 26, 7, 0]",25,lib/tests/builtin/host-return.zy,original
release,1,690046,131,320,4421221,False,"[93, 26, 7, 0]",25,lib/tests/builtin/host-return.zy,jobs
release,1,703575,131,320,5473412,False,"[93, 26, 7, 0]",25,lib/tests/builtin/host-return.zy,baseline
release,1,687696,131,320,4987994,False,"[93, 26, 7, 0]",25,lib/tests/builtin/host-return.zy,explicit
release,1,671042,131,320,4753868,False,"[93, 26, 7, 0]",25,lib/tests/builtin/host-return.zy,recursive
release,1,659457,131,320,4437085,False,"[93, 26, 7, 0]",26,lib/tests/builtin/host-return.zy,jobs
release,1,692910,131,320,5505370,False,"[93, 26, 7, 0]",26,lib/tests/builtin/host-return.zy,baseline
release,1,689113,131,320,5081521,False,"[93, 26, 7, 0]",26,lib/tests/builtin/host-return.zy,explicit
release,1,675118,131,320,4745179,False,"[93, 26, 7, 0]",26,lib/tests/builtin/host-return.zy,recursive
release,1,693046,131,320,4944045,False,"[93, 26, 7, 0]",26,lib/tests/builtin/host-return.zy,original
release,1,675999,131,320,5336533,False,"[93, 26, 7, 0]",27,lib/tests/builtin/host-return.zy,baseline
release,1,679092,131,320,4856131,False,"[93, 26, 7, 0]",27,lib/tests/builtin/host-return.zy,explicit
release,1,657776,131,320,4770544,False,"[93, 26, 7, 0]",27,lib/tests/builtin/host-return.zy,recursive
release,1,662001,131,320,4744494,False,"[93, 26, 7, 0]",27,lib/tests/builtin/host-return.zy,original
release,1,682536,131,320,4430839,False,"[93, 26, 7, 0]",27,lib/tests/builtin/host-return.zy,jobs
release,1,649032,131,320,4854000,False,"[93, 26, 7, 0]",28,lib/tests/builtin/host-return.zy,explicit
release,1,667367,131,320,4787513,False,"[93, 26, 7, 0]",28,lib/tests/builtin/host-return.zy,recursive
release,1,650581,131,320,4792502,False,"[93, 26, 7, 0]",28,lib/tests/builtin/host-return.zy,original
release,1,656707,131,320,4374338,False,"[93, 26, 7, 0]",28,lib/tests/builtin/host-return.zy,jobs
release,1,678034,131,320,5360254,False,"[93, 26, 7, 0]",28,lib/tests/builtin/host-return.zy,baseline
release,1,649911,131,320,4687912,False,"[93, 26, 7, 0]",29,lib/tests/builtin/host-return.zy,recursive
release,1,663657,131,320,4789204,False,"[93, 26, 7, 0]",29,lib/tests/builtin/host-return.zy,original
release,1,677044,131,320,4436910,False,"[93, 26, 7, 0]",29,lib/tests/builtin/host-return.zy,jobs
release,1,705666,131,320,5433385,False,"[93, 26, 7, 0]",29,lib/tests/builtin/host-return.zy,baseline
release,1,699325,131,320,5047956,False,"[93, 26, 7, 0]",29,lib/tests/builtin/host-return.zy,explicit
release,1,672038,131,320,4737299,False,"[93, 26, 7, 0]",30,lib/tests/builtin/host-return.zy,original
release,1,672004,131,320,4548660,False,"[93, 26, 7, 0]",30,lib/tests/builtin/host-return.zy,jobs
release,1,687577,131,320,5363500,False,"[93, 26, 7, 0]",30,lib/tests/builtin/host-return.zy,baseline
release,1,728258,131,320,5161010,False,"[93, 26, 7, 0]",30,lib/tests/builtin/host-return.zy,explicit
release,1,670961,131,320,4854911,False,"[93, 26, 7, 0]",30,lib/tests/builtin/host-return.zy,recursive
release,1,678802,131,320,4442199,False,"[93, 26, 7, 0]",31,lib/tests/builtin/host-return.zy,jobs
release,1,671795,131,320,5339242,False,"[93, 26, 7, 0]",31,lib/tests/builtin/host-return.zy,baseline
release,1,680695,131,320,5027631,False,"[93, 26, 7, 0]",31,lib/tests/builtin/host-return.zy,explicit
release,1,682374,131,320,4825886,False,"[93, 26, 7, 0]",31,lib/tests/builtin/host-return.zy,recursive
release,1,665090,131,320,4880714,False,"[93, 26, 7, 0]",31,lib/tests/builtin/host-return.zy,original
release,1,686249,131,320,5425342,False,"[93, 26, 7, 0]",32,lib/tests/builtin/host-return.zy,baseline
release,1,689195,131,320,4941712,False,"[93, 26, 7, 0]",32,lib/tests/builtin/host-return.zy,explicit
release,1,728556,131,320,4858500,False,"[93, 26, 7, 0]",32,lib/tests/builtin/host-return.zy,recursive
release,1,707329,131,320,4840665,False,"[93, 26, 7, 0]",32,lib/tests/builtin/host-return.zy,original
release,1,650870,131,320,4312461,False,"[93, 26, 7, 0]",32,lib/tests/builtin/host-return.zy,jobs
release,1,668073,131,320,4934825,False,"[93, 26, 7, 0]",33,lib/tests/builtin/host-return.zy,explicit
release,1,655962,131,320,4646381,False,"[93, 26, 7, 0]",33,lib/tests/builtin/host-return.zy,recursive
release,1,705993,131,320,4942631,False,"[93, 26, 7, 0]",33,lib/tests/builtin/host-return.zy,original
release,1,723951,131,320,4444956,False,"[93, 26, 7, 0]",33,lib/tests/builtin/host-return.zy,jobs
release,1,665237,131,320,5291793,False,"[93, 26, 7, 0]",33,lib/tests/builtin/host-return.zy,baseline
release,1,654257,131,320,4716248,False,"[93, 26, 7, 0]",34,lib/tests/builtin/host-return.zy,recursive
release,1,648585,131,320,4747913,False,"[93, 26, 7, 0]",34,lib/tests/builtin/host-return.zy,original
release,1,685083,131,320,4482092,False,"[93, 26, 7, 0]",34,lib/tests/builtin/host-return.zy,jobs
release,1,647007,131,320,5269885,False,"[93, 26, 7, 0]",34,lib/tests/builtin/host-return.zy,baseline
release,1,673959,131,320,4973954,False,"[93, 26, 7, 0]",34,lib/tests/builtin/host-return.zy,explicit
release,1,689626,131,320,4987010,False,"[93, 26, 7, 0]",35,lib/tests/builtin/host-return.zy,original
release,1,655596,131,320,4358251,False,"[93, 26, 7, 0]",35,lib/tests/builtin/host-return.zy,jobs
release,1,712751,131,320,5445833,False,"[93, 26, 7, 0]",35,lib/tests/builtin/host-return.zy,baseline
release,1,641534,131,320,4905953,False,"[93, 26, 7, 0]",35,lib/tests/builtin/host-return.zy,explicit
release,1,647608,131,320,4680559,False,"[93, 26, 7, 0]",35,lib/tests/builtin/host-return.zy,recursive
release,1,653337,131,320,4360668,False,"[93, 26, 7, 0]",36,lib/tests/builtin/host-return.zy,jobs
release,1,671803,131,320,5374162,False,"[93, 26, 7, 0]",36,lib/tests/builtin/host-return.zy,baseline
release,1,799199,131,320,5141877,False,"[93, 26, 7, 0]",36,lib/tests/builtin/host-return.zy,explicit
release,1,800621,131,320,4913319,False,"[93, 26, 7, 0]",36,lib/tests/builtin/host-return.zy,recursive
release,1,733919,131,320,4996985,False,"[93, 26, 7, 0]",36,lib/tests/builtin/host-return.zy,original
release,1,664742,131,320,5356171,False,"[93, 26, 7, 0]",37,lib/tests/builtin/host-return.zy,baseline
release,1,713243,131,320,5065625,False,"[93, 26, 7, 0]",37,lib/tests/builtin/host-return.zy,explicit
release,1,669172,131,320,4783334,False,"[93, 26, 7, 0]",37,lib/tests/builtin/host-return.zy,recursive
release,1,651873,131,320,4755904,False,"[93, 26, 7, 0]",37,lib/tests/builtin/host-return.zy,original
release,1,672767,131,320,4330999,False,"[93, 26, 7, 0]",37,lib/tests/builtin/host-return.zy,jobs
release,1,669517,131,320,4928754,False,"[93, 26, 7, 0]",38,lib/tests/builtin/host-return.zy,explicit
release,1,671586,131,320,4801870,False,"[93, 26, 7, 0]",38,lib/tests/builtin/host-return.zy,recursive
release,1,645199,131,320,4805311,False,"[93, 26, 7, 0]",38,lib/tests/builtin/host-return.zy,original
release,1,658032,131,320,4370951,False,"[93, 26, 7, 0]",38,lib/tests/builtin/host-return.zy,jobs
release,1,686413,131,320,5428321,False,"[93, 26, 7, 0]",38,lib/tests/builtin/host-return.zy,baseline
release,1,683423,131,320,4830283,False,"[93, 26, 7, 0]",39,lib/tests/builtin/host-return.zy,recursive
release,1,683661,131,320,4885209,False,"[93, 26, 7, 0]",39,lib/tests/builtin/host-return.zy,original
release,1,668927,131,320,4473499,False,"[93, 26, 7, 0]",39,lib/tests/builtin/host-return.zy,jobs
release,1,678235,131,320,5427757,False,"[93, 26, 7, 0]",39,lib/tests/builtin/host-return.zy,baseline
release,1,682785,131,320,5029004,False,"[93, 26, 7, 0]",39,lib/tests/builtin/host-return.zy,explicit
release,1,725168,131,419,4716078,True,"[66, 24, 7, 8]",0,lib/tests/builtin/host-return.zy,original
release,1,711173,131,419,4304622,True,"[66, 24, 7, 8]",0,lib/tests/builtin/host-return.zy,jobs
release,1,698421,131,419,5094706,True,"[66, 24, 7, 8]",0,lib/tests/builtin/host-return.zy,baseline
release,1,719054,131,419,4884370,True,"[66, 24, 7, 8]",0,lib/tests/builtin/host-return.zy,explicit
release,1,711000,131,419,4619370,True,"[66, 24, 7, 8]",0,lib/tests/builtin/host-return.zy,recursive
release,1,697620,131,419,4372063,True,"[66, 24, 7, 8]",1,lib/tests/builtin/host-return.zy,jobs
release,1,725176,131,419,5196620,True,"[66, 24, 7, 8]",1,lib/tests/builtin/host-return.zy,baseline
release,1,727661,131,419,4907045,True,"[66, 24, 7, 8]",1,lib/tests/builtin/host-return.zy,explicit
release,1,730377,131,419,4715941,True,"[66, 24, 7, 8]",1,lib/tests/builtin/host-return.zy,recursive
release,1,733369,131,419,4906250,True,"[66, 24, 7, 8]",1,lib/tests/builtin/host-return.zy,original
release,1,711702,131,419,5143271,True,"[66, 24, 7, 8]",2,lib/tests/builtin/host-return.zy,baseline
release,1,695280,131,419,4834574,True,"[66, 24, 7, 8]",2,lib/tests/builtin/host-return.zy,explicit
release,1,700866,131,419,4630622,True,"[66, 24, 7, 8]",2,lib/tests/builtin/host-return.zy,recursive
release,1,707581,131,419,4791630,True,"[66, 24, 7, 8]",2,lib/tests/builtin/host-return.zy,original
release,1,695131,131,419,4410250,True,"[66, 24, 7, 8]",2,lib/tests/builtin/host-return.zy,jobs
release,1,695694,131,419,4852249,True,"[66, 24, 7, 8]",3,lib/tests/builtin/host-return.zy,explicit
release,1,697293,131,419,4526447,True,"[66, 24, 7, 8]",3,lib/tests/builtin/host-return.zy,recursive
release,1,701376,131,419,4696008,True,"[66, 24, 7, 8]",3,lib/tests/builtin/host-return.zy,original
release,1,769582,131,419,4457909,True,"[66, 24, 7, 8]",3,lib/tests/builtin/host-return.zy,jobs
release,1,743476,131,419,5196539,True,"[66, 24, 7, 8]",3,lib/tests/builtin/host-return.zy,baseline
release,1,748454,131,419,4810451,True,"[66, 24, 7, 8]",4,lib/tests/builtin/host-return.zy,recursive
release,1,758991,131,419,4853502,True,"[66, 24, 7, 8]",4,lib/tests/builtin/host-return.zy,original
release,1,753954,131,419,4620963,True,"[66, 24, 7, 8]",4,lib/tests/builtin/host-return.zy,jobs
release,1,741170,131,419,5188714,True,"[66, 24, 7, 8]",4,lib/tests/builtin/host-return.zy,baseline
release,1,767537,131,419,5043379,True,"[66, 24, 7, 8]",4,lib/tests/builtin/host-return.zy,explicit
release,1,742009,131,419,4881212,True,"[66, 24, 7, 8]",5,lib/tests/builtin/host-return.zy,original
release,1,751166,131,419,4586083,True,"[66, 24, 7, 8]",5,lib/tests/builtin/host-return.zy,jobs
release,1,734456,131,419,5380177,True,"[66, 24, 7, 8]",5,lib/tests/builtin/host-return.zy,baseline
release,1,748091,131,419,5180400,True,"[66, 24, 7, 8]",5,lib/tests/builtin/host-return.zy,explicit
release,1,881260,131,419,5380414,True,"[66, 24, 7, 8]",5,lib/tests/builtin/host-return.zy,recursive
release,1,705762,131,419,4550544,True,"[66, 24, 7, 8]",6,lib/tests/builtin/host-return.zy,jobs
release,1,712096,131,419,5305405,True,"[66, 24, 7, 8]",6,lib/tests/builtin/host-return.zy,baseline
release,1,690908,131,419,4889671,True,"[66, 24, 7, 8]",6,lib/tests/builtin/host-return.zy,explicit
release,1,706711,131,419,4704114,True,"[66, 24, 7, 8]",6,lib/tests/builtin/host-return.zy,recursive
release,1,754841,131,419,4796862,True,"[66, 24, 7, 8]",6,lib/tests/builtin/host-return.zy,original
release,1,753442,131,419,5379009,True,"[66, 24, 7, 8]",7,lib/tests/builtin/host-return.zy,baseline
release,1,751714,131,419,4985238,True,"[66, 24, 7, 8]",7,lib/tests/builtin/host-return.zy,explicit
release,1,752371,131,419,4667962,True,"[66, 24, 7, 8]",7,lib/tests/builtin/host-return.zy,recursive
release,1,691417,131,419,4665874,True,"[66, 24, 7, 8]",7,lib/tests/builtin/host-return.zy,original
release,1,726578,131,419,4460865,True,"[66, 24, 7, 8]",7,lib/tests/builtin/host-return.zy,jobs
release,1,752960,131,419,5056046,True,"[66, 24, 7, 8]",8,lib/tests/builtin/host-return.zy,explicit
release,1,740151,131,419,4726406,True,"[66, 24, 7, 8]",8,lib/tests/builtin/host-return.zy,recursive
release,1,728998,131,419,4879877,True,"[66, 24, 7, 8]",8,lib/tests/builtin/host-return.zy,original
release,1,742038,131,419,4528053,True,"[66, 24, 7, 8]",8,lib/tests/builtin/host-return.zy,jobs
release,1,742218,131,419,5260508,True,"[66, 24, 7, 8]",8,lib/tests/builtin/host-return.zy,baseline
release,1,738861,131,419,4803079,True,"[66, 24, 7, 8]",9,lib/tests/builtin/host-return.zy,recursive
release,1,712240,131,419,4730295,True,"[66, 24, 7, 8]",9,lib/tests/builtin/host-return.zy,original
release,1,721745,131,419,4431382,True,"[66, 24, 7, 8]",9,lib/tests/builtin/host-return.zy,jobs
release,1,785866,131,419,5378496,True,"[66, 24, 7, 8]",9,lib/tests/builtin/host-return.zy,baseline
release,1,724914,131,419,4947669,True,"[66, 24, 7, 8]",9,lib/tests/builtin/host-return.zy,explicit
release,1,720713,131,419,4683469,True,"[66, 24, 7, 8]",10,lib/tests/builtin/host-return.zy,original
release,1,737829,131,419,4493378,True,"[66, 24, 7, 8]",10,lib/tests/builtin/host-return.zy,jobs
release,1,736755,131,419,5345002,True,"[66, 24, 7, 8]",10,lib/tests/builtin/host-return.zy,baseline
release,1,713790,131,419,4822305,True,"[66, 24, 7, 8]",10,lib/tests/builtin/host-return.zy,explicit
release,1,709509,131,419,4688911,True,"[66, 24, 7, 8]",10,lib/tests/builtin/host-return.zy,recursive
release,1,684448,131,419,4432682,True,"[66, 24, 7, 8]",11,lib/tests/builtin/host-return.zy,jobs
release,1,706710,131,419,5189484,True,"[66, 24, 7, 8]",11,lib/tests/builtin/host-return.zy,baseline
release,1,731456,131,419,4927725,True,"[66, 24, 7, 8]",11,lib/tests/builtin/host-return.zy,explicit
release,1,732876,131,419,4641622,True,"[66, 24, 7, 8]",11,lib/tests/builtin/host-return.zy,recursive
release,1,715289,131,419,4684254,True,"[66, 24, 7, 8]",11,lib/tests/builtin/host-return.zy,original
release,1,713414,131,419,5226886,True,"[66, 24, 7, 8]",12,lib/tests/builtin/host-return.zy,baseline
release,1,744382,131,419,4920201,True,"[66, 24, 7, 8]",12,lib/tests/builtin/host-return.zy,explicit
release,1,753048,131,419,4803886,True,"[66, 24, 7, 8]",12,lib/tests/builtin/host-return.zy,recursive
release,1,733007,131,419,4899123,True,"[66, 24, 7, 8]",12,lib/tests/builtin/host-return.zy,original
release,1,712040,131,419,4504339,True,"[66, 24, 7, 8]",12,lib/tests/builtin/host-return.zy,jobs
release,1,702421,131,419,4733093,True,"[66, 24, 7, 8]",13,lib/tests/builtin/host-return.zy,explicit
release,1,733424,131,419,4690024,True,"[66, 24, 7, 8]",13,lib/tests/builtin/host-return.zy,recursive
release,1,759037,131,419,4807245,True,"[66, 24, 7, 8]",13,lib/tests/builtin/host-return.zy,original
release,1,706873,131,419,4342443,True,"[66, 24, 7, 8]",13,lib/tests/builtin/host-return.zy,jobs
release,1,726087,131,419,5155124,True,"[66, 24, 7, 8]",13,lib/tests/builtin/host-return.zy,baseline
release,1,738053,131,419,4773836,True,"[66, 24, 7, 8]",14,lib/tests/builtin/host-return.zy,recursive
release,1,729209,131,419,4850466,True,"[66, 24, 7, 8]",14,lib/tests/builtin/host-return.zy,original
release,1,721176,131,419,4466323,True,"[66, 24, 7, 8]",14,lib/tests/builtin/host-return.zy,jobs
release,1,719999,131,419,5189404,True,"[66, 24, 7, 8]",14,lib/tests/builtin/host-return.zy,baseline
release,1,717831,131,419,4911384,True,"[66, 24, 7, 8]",14,lib/tests/builtin/host-return.zy,explicit
release,1,723954,131,419,4804576,True,"[66, 24, 7, 8]",15,lib/tests/builtin/host-return.zy,original
release,1,733901,131,419,4439532,True,"[66, 24, 7, 8]",15,lib/tests/builtin/host-return.zy,jobs
release,1,735472,131,419,5227446,True,"[66, 24, 7, 8]",15,lib/tests/builtin/host-return.zy,baseline
release,1,771814,131,419,4956717,True,"[66, 24, 7, 8]",15,lib/tests/builtin/host-return.zy,explicit
release,1,743663,131,419,4611123,True,"[66, 24, 7, 8]",15,lib/tests/builtin/host-return.zy,recursive
release,1,729876,131,419,4441873,True,"[66, 24, 7, 8]",16,lib/tests/builtin/host-return.zy,jobs
release,1,740344,131,419,5275963,True,"[66, 24, 7, 8]",16,lib/tests/builtin/host-return.zy,baseline
release,1,742264,131,419,4874533,True,"[66, 24, 7, 8]",16,lib/tests/builtin/host-return.zy,explicit
release,1,752172,131,419,4762865,True,"[66, 24, 7, 8]",16,lib/tests/builtin/host-return.zy,recursive
release,1,741658,131,419,4897492,True,"[66, 24, 7, 8]",16,lib/tests/builtin/host-return.zy,original
release,1,751868,131,419,5306456,True,"[66, 24, 7, 8]",17,lib/tests/builtin/host-return.zy,baseline
release,1,720080,131,419,4960366,True,"[66, 24, 7, 8]",17,lib/tests/builtin/host-return.zy,explicit
release,1,724515,131,419,4769209,True,"[66, 24, 7, 8]",17,lib/tests/builtin/host-return.zy,recursive
release,1,725705,131,419,4871884,True,"[66, 24, 7, 8]",17,lib/tests/builtin/host-return.zy,original
release,1,722263,131,419,4474296,True,"[66, 24, 7, 8]",17,lib/tests/builtin/host-return.zy,jobs
release,1,750418,131,419,5041294,True,"[66, 24, 7, 8]",18,lib/tests/builtin/host-return.zy,explicit
release,1,727336,131,419,4740091,True,"[66, 24, 7, 8]",18,lib/tests/builtin/host-return.zy,recursive
release,1,754752,131,419,4732341,True,"[66, 24, 7, 8]",18,lib/tests/builtin/host-return.zy,original
release,1,747965,131,419,4443243,True,"[66, 24, 7, 8]",18,lib/tests/builtin/host-return.zy,jobs
release,1,722378,131,419,5140543,True,"[66, 24, 7, 8]",18,lib/tests/builtin/host-return.zy,baseline
release,1,740961,131,419,4728416,True,"[66, 24, 7, 8]",19,lib/tests/builtin/host-return.zy,recursive
release,1,726208,131,419,4897289,True,"[66, 24, 7, 8]",19,lib/tests/builtin/host-return.zy,original
release,1,725669,131,419,4557744,True,"[66, 24, 7, 8]",19,lib/tests/builtin/host-return.zy,jobs
release,1,714085,131,419,5193791,True,"[66, 24, 7, 8]",19,lib/tests/builtin/host-return.zy,baseline
release,1,729585,131,419,4856715,True,"[66, 24, 7, 8]",19,lib/tests/builtin/host-return.zy,explicit
release,1,717215,131,419,4731739,True,"[66, 24, 7, 8]",20,lib/tests/builtin/host-return.zy,original
release,1,726215,131,419,4444788,True,"[66, 24, 7, 8]",20,lib/tests/builtin/host-return.zy,jobs
release,1,729015,131,419,5185546,True,"[66, 24, 7, 8]",20,lib/tests/builtin/host-return.zy,baseline
release,1,742170,131,419,4786589,True,"[66, 24, 7, 8]",20,lib/tests/builtin/host-return.zy,explicit
release,1,747035,131,419,4726618,True,"[66, 24, 7, 8]",20,lib/tests/builtin/host-return.zy,recursive
release,1,719561,131,419,4463155,True,"[66, 24, 7, 8]",21,lib/tests/builtin/host-return.zy,jobs
release,1,783249,131,419,5332337,True,"[66, 24, 7, 8]",21,lib/tests/builtin/host-return.zy,baseline
release,1,729904,131,419,4927083,True,"[66, 24, 7, 8]",21,lib/tests/builtin/host-return.zy,explicit
release,1,734780,131,419,4728633,True,"[66, 24, 7, 8]",21,lib/tests/builtin/host-return.zy,recursive
release,1,729336,131,419,4780811,True,"[66, 24, 7, 8]",21,lib/tests/builtin/host-return.zy,original
release,1,743164,131,419,5219441,True,"[66, 24, 7, 8]",22,lib/tests/builtin/host-return.zy,baseline
release,1,734370,131,419,5036871,True,"[66, 24, 7, 8]",22,lib/tests/builtin/host-return.zy,explicit
release,1,748375,131,419,4746749,True,"[66, 24, 7, 8]",22,lib/tests/builtin/host-return.zy,recursive
release,1,721581,131,419,4810081,True,"[66, 24, 7, 8]",22,lib/tests/builtin/host-return.zy,original
release,1,763040,131,419,4476533,True,"[66, 24, 7, 8]",22,lib/tests/builtin/host-return.zy,jobs
release,1,728629,131,419,4995243,True,"[66, 24, 7, 8]",23,lib/tests/builtin/host-return.zy,explicit
release,1,724514,131,419,4611987,True,"[66, 24, 7, 8]",23,lib/tests/builtin/host-return.zy,recursive
release,1,747575,131,419,4847574,True,"[66, 24, 7, 8]",23,lib/tests/builtin/host-return.zy,original
release,1,735129,131,419,4531742,True,"[66, 24, 7, 8]",23,lib/tests/builtin/host-return.zy,jobs
release,1,794789,131,419,5353211,True,"[66, 24, 7, 8]",23,lib/tests/builtin/host-return.zy,baseline
release,1,736499,131,419,4760835,True,"[66, 24, 7, 8]",24,lib/tests/builtin/host-return.zy,recursive
release,1,739695,131,419,4869501,True,"[66, 24, 7, 8]",24,lib/tests/builtin/host-return.zy,original
release,1,739340,131,419,4463076,True,"[66, 24, 7, 8]",24,lib/tests/builtin/host-return.zy,jobs
release,1,770700,131,419,5354577,True,"[66, 24, 7, 8]",24,lib/tests/builtin/host-return.zy,baseline
release,1,726054,131,419,4966741,True,"[66, 24, 7, 8]",24,lib/tests/builtin/host-return.zy,explicit
release,1,759461,131,419,4834428,True,"[66, 24, 7, 8]",25,lib/tests/builtin/host-return.zy,original
release,1,718385,131,419,4391615,True,"[66, 24, 7, 8]",25,lib/tests/builtin/host-return.zy,jobs
release,1,742999,131,419,5217350,True,"[66, 24, 7, 8]",25,lib/tests/builtin/host-return.zy,baseline
release,1,746076,131,419,4992126,True,"[66, 24, 7, 8]",25,lib/tests/builtin/host-return.zy,explicit
release,1,748146,131,419,4712956,True,"[66, 24, 7, 8]",25,lib/tests/builtin/host-return.zy,recursive
release,1,746381,131,419,4435246,True,"[66, 24, 7, 8]",26,lib/tests/builtin/host-return.zy,jobs
release,1,760781,131,419,5225117,True,"[66, 24, 7, 8]",26,lib/tests/builtin/host-return.zy,baseline
release,1,753490,131,419,4905214,True,"[66, 24, 7, 8]",26,lib/tests/builtin/host-return.zy,explicit
release,1,757205,131,419,4698414,True,"[66, 24, 7, 8]",26,lib/tests/builtin/host-return.zy,recursive
release,1,711167,131,419,4614376,True,"[66, 24, 7, 8]",26,lib/tests/builtin/host-return.zy,original
release,1,727572,131,419,5207532,True,"[66, 24, 7, 8]",27,lib/tests/builtin/host-return.zy,baseline
release,1,727208,131,419,4975543,True,"[66, 24, 7, 8]",27,lib/tests/builtin/host-return.zy,explicit
release,1,767707,131,419,4787621,True,"[66, 24, 7, 8]",27,lib/tests/builtin/host-return.zy,recursive
release,1,750124,131,419,4793677,True,"[66, 24, 7, 8]",27,lib/tests/builtin/host-return.zy,original
release,1,740916,131,419,4484453,True,"[66, 24, 7, 8]",27,lib/tests/builtin/host-return.zy,jobs
release,1,725545,131,419,4906963,True,"[66, 24, 7, 8]",28,lib/tests/builtin/host-return.zy,explicit
release,1,770075,131,419,4819585,True,"[66, 24, 7, 8]",28,lib/tests/builtin/host-return.zy,recursive
release,1,741863,131,419,4956655,True,"[66, 24, 7, 8]",28,lib/tests/builtin/host-return.zy,original
release,1,717752,131,419,4426208,True,"[66, 24, 7, 8]",28,lib/tests/builtin/host-return.zy,jobs
release,1,758837,131,419,5130796,True,"[66, 24, 7, 8]",28,lib/tests/builtin/host-return.zy,baseline
release,1,741007,131,419,4680076,True,"[66, 24, 7, 8]",29,lib/tests/builtin/host-return.zy,recursive
release,1,737476,131,419,4812191,True,"[66, 24, 7, 8]",29,lib/tests/builtin/host-return.zy,original
release,1,720554,131,419,4466829,True,"[66, 24, 7, 8]",29,lib/tests/builtin/host-return.zy,jobs
release,1,719341,131,419,5189170,True,"[66, 24, 7, 8]",29,lib/tests/builtin/host-return.zy,baseline
release,1,745496,131,419,4833718,True,"[66, 24, 7, 8]",29,lib/tests/builtin/host-return.zy,explicit
release,1,729173,131,419,4792558,True,"[66, 24, 7, 8]",30,lib/tests/builtin/host-return.zy,original
release,1,720484,131,419,4474707,True,"[66, 24, 7, 8]",30,lib/tests/builtin/host-return.zy,jobs
release,1,758087,131,419,5165455,True,"[66, 24, 7, 8]",30,lib/tests/builtin/host-return.zy,baseline
release,1,764878,131,419,4972701,True,"[66, 24, 7, 8]",30,lib/tests/builtin/host-return.zy,explicit
release,1,758168,131,419,4790710,True,"[66, 24, 7, 8]",30,lib/tests/builtin/host-return.zy,recursive
release,1,715568,131,419,4466810,True,"[66, 24, 7, 8]",31,lib/tests/builtin/host-return.zy,jobs
release,1,729298,131,419,5293696,True,"[66, 24, 7, 8]",31,lib/tests/builtin/host-return.zy,baseline
release,1,734714,131,419,4970452,True,"[66, 24, 7, 8]",31,lib/tests/builtin/host-return.zy,explicit
release,1,732626,131,419,4715234,True,"[66, 24, 7, 8]",31,lib/tests/builtin/host-return.zy,recursive
release,1,749121,131,419,4885206,True,"[66, 24, 7, 8]",31,lib/tests/builtin/host-return.zy,original
release,1,737127,131,419,5199042,True,"[66, 24, 7, 8]",32,lib/tests/builtin/host-return.zy,baseline
release,1,748165,131,419,4954259,True,"[66, 24, 7, 8]",32,lib/tests/builtin/host-return.zy,explicit
release,1,745784,131,419,4702744,True,"[66, 24, 7, 8]",32,lib/tests/builtin/host-return.zy,recursive
release,1,731676,131,419,4781881,True,"[66, 24, 7, 8]",32,lib/tests/builtin/host-return.zy,original
release,1,744908,131,419,4581964,True,"[66, 24, 7, 8]",32,lib/tests/builtin/host-return.zy,jobs
release,1,743877,131,419,4965626,True,"[66, 24, 7, 8]",33,lib/tests/builtin/host-return.zy,explicit
release,1,722221,131,419,4805077,True,"[66, 24, 7, 8]",33,lib/tests/builtin/host-return.zy,recursive
release,1,766510,131,419,5175586,True,"[66, 24, 7, 8]",33,lib/tests/builtin/host-return.zy,original
release,1,737755,131,419,4325625,True,"[66, 24, 7, 8]",33,lib/tests/builtin/host-return.zy,jobs
release,1,773465,131,419,5313208,True,"[66, 24, 7, 8]",33,lib/tests/builtin/host-return.zy,baseline
release,1,751134,131,419,4769272,True,"[66, 24, 7, 8]",34,lib/tests/builtin/host-return.zy,recursive
release,1,784750,131,419,5069752,True,"[66, 24, 7, 8]",34,lib/tests/builtin/host-return.zy,original
release,1,795843,131,419,4792573,True,"[66, 24, 7, 8]",34,lib/tests/builtin/host-return.zy,jobs
release,1,740415,131,419,5309955,True,"[66, 24, 7, 8]",34,lib/tests/builtin/host-return.zy,baseline
release,1,724683,131,419,4962194,True,"[66, 24, 7, 8]",34,lib/tests/builtin/host-return.zy,explicit
release,1,730133,131,419,4809167,True,"[66, 24, 7, 8]",35,lib/tests/builtin/host-return.zy,original
release,1,741000,131,419,4542829,True,"[66, 24, 7, 8]",35,lib/tests/builtin/host-return.zy,jobs
release,1,760712,131,419,5286928,True,"[66, 24, 7, 8]",35,lib/tests/builtin/host-return.zy,baseline
release,1,762210,131,419,5013095,True,"[66, 24, 7, 8]",35,lib/tests/builtin/host-return.zy,explicit
release,1,733137,131,419,4748630,True,"[66, 24, 7, 8]",35,lib/tests/builtin/host-return.zy,recursive
release,1,746502,131,419,4511415,True,"[66, 24, 7, 8]",36,lib/tests/builtin/host-return.zy,jobs
release,1,767042,131,419,5296968,True,"[66, 24, 7, 8]",36,lib/tests/builtin/host-return.zy,baseline
release,1,762902,131,419,5160836,True,"[66, 24, 7, 8]",36,lib/tests/builtin/host-return.zy,explicit
release,1,752277,131,419,4810670,True,"[66, 24, 7, 8]",36,lib/tests/builtin/host-return.zy,recursive
release,1,719405,131,419,4725510,True,"[66, 24, 7, 8]",36,lib/tests/builtin/host-return.zy,original
release,1,734222,131,419,5255249,True,"[66, 24, 7, 8]",37,lib/tests/builtin/host-return.zy,baseline
release,1,732343,131,419,4949422,True,"[66, 24, 7, 8]",37,lib/tests/builtin/host-return.zy,explicit
release,1,729800,131,419,4789124,True,"[66, 24, 7, 8]",37,lib/tests/builtin/host-return.zy,recursive
release,1,741334,131,419,4889031,True,"[66, 24, 7, 8]",37,lib/tests/builtin/host-return.zy,original
release,1,799494,131,419,4607256,True,"[66, 24, 7, 8]",37,lib/tests/builtin/host-return.zy,jobs
release,1,764207,131,419,4994421,True,"[66, 24, 7, 8]",38,lib/tests/builtin/host-return.zy,explicit
release,1,749590,131,419,4749451,True,"[66, 24, 7, 8]",38,lib/tests/builtin/host-return.zy,recursive
release,1,732508,131,419,4810320,True,"[66, 24, 7, 8]",38,lib/tests/builtin/host-return.zy,original
release,1,723296,131,419,4511794,True,"[66, 24, 7, 8]",38,lib/tests/builtin/host-return.zy,jobs
release,1,726581,131,419,5307837,True,"[66, 24, 7, 8]",38,lib/tests/builtin/host-return.zy,baseline
release,1,719791,131,419,4760333,True,"[66, 24, 7, 8]",39,lib/tests/builtin/host-return.zy,recursive
release,1,723544,131,419,4852705,True,"[66, 24, 7, 8]",39,lib/tests/builtin/host-return.zy,original
release,1,757943,131,419,4503263,True,"[66, 24, 7, 8]",39,lib/tests/builtin/host-return.zy,jobs
release,1,758460,131,419,5279795,True,"[66, 24, 7, 8]",39,lib/tests/builtin/host-return.zy,baseline
release,1,734948,131,419,5016007,True,"[66, 24, 7, 8]",39,lib/tests/builtin/host-return.zy,explicit
release,1,709127,692,49,4652546,False,"[525, 160, 38, 0]",0,lib/tests/builtin/host-runtime.zy,original
release,1,617211,692,49,4241170,False,"[525, 160, 38, 0]",0,lib/tests/builtin/host-runtime.zy,jobs
release,1,601418,692,49,5100959,False,"[525, 160, 38, 0]",0,lib/tests/builtin/host-runtime.zy,baseline
release,1,644833,692,49,4789499,False,"[525, 160, 38, 0]",0,lib/tests/builtin/host-runtime.zy,explicit
release,1,639208,692,49,4581047,False,"[525, 160, 38, 0]",0,lib/tests/builtin/host-runtime.zy,recursive
release,1,585162,692,49,4236622,False,"[525, 160, 38, 0]",1,lib/tests/builtin/host-runtime.zy,jobs
release,1,637503,692,49,5055372,False,"[525, 160, 38, 0]",1,lib/tests/builtin/host-runtime.zy,baseline
release,1,687751,692,49,4732205,False,"[525, 160, 38, 0]",1,lib/tests/builtin/host-runtime.zy,explicit
release,1,659334,692,49,4597707,False,"[525, 160, 38, 0]",1,lib/tests/builtin/host-runtime.zy,recursive
release,1,619585,692,49,4612999,False,"[525, 160, 38, 0]",1,lib/tests/builtin/host-runtime.zy,original
release,1,599833,692,49,4992919,False,"[525, 160, 38, 0]",2,lib/tests/builtin/host-runtime.zy,baseline
release,1,634460,692,49,4671416,False,"[525, 160, 38, 0]",2,lib/tests/builtin/host-runtime.zy,explicit
release,1,642537,692,49,4607666,False,"[525, 160, 38, 0]",2,lib/tests/builtin/host-runtime.zy,recursive
release,1,619749,692,49,4644707,False,"[525, 160, 38, 0]",2,lib/tests/builtin/host-runtime.zy,original
release,1,616414,692,49,4172837,False,"[525, 160, 38, 0]",2,lib/tests/builtin/host-runtime.zy,jobs
release,1,662207,692,49,4741504,False,"[525, 160, 38, 0]",3,lib/tests/builtin/host-runtime.zy,explicit
release,1,633792,692,49,4539706,False,"[525, 160, 38, 0]",3,lib/tests/builtin/host-runtime.zy,recursive
release,1,651120,692,49,4607039,False,"[525, 160, 38, 0]",3,lib/tests/builtin/host-runtime.zy,original
release,1,623503,692,49,4255707,False,"[525, 160, 38, 0]",3,lib/tests/builtin/host-runtime.zy,jobs
release,1,604165,692,49,4924169,False,"[525, 160, 38, 0]",3,lib/tests/builtin/host-runtime.zy,baseline
release,1,602456,692,49,4532709,False,"[525, 160, 38, 0]",4,lib/tests/builtin/host-runtime.zy,recursive
release,1,593837,692,49,4600708,False,"[525, 160, 38, 0]",4,lib/tests/builtin/host-runtime.zy,original
release,1,596413,692,49,4149917,False,"[525, 160, 38, 0]",4,lib/tests/builtin/host-runtime.zy,jobs
release,1,629833,692,49,5026128,False,"[525, 160, 38, 0]",4,lib/tests/builtin/host-runtime.zy,baseline
release,1,618377,692,49,4660504,False,"[525, 160, 38, 0]",4,lib/tests/builtin/host-runtime.zy,explicit
release,1,633954,692,49,4647415,False,"[525, 160, 38, 0]",5,lib/tests/builtin/host-runtime.zy,original
release,1,589958,692,49,4208829,False,"[525, 160, 38, 0]",5,lib/tests/builtin/host-runtime.zy,jobs
release,1,583209,692,49,4956084,False,"[525, 160, 38, 0]",5,lib/tests/builtin/host-runtime.zy,baseline
release,1,622503,692,49,4635793,False,"[525, 160, 38, 0]",5,lib/tests/builtin/host-runtime.zy,explicit
release,1,597325,692,49,4459333,False,"[525, 160, 38, 0]",5,lib/tests/builtin/host-runtime.zy,recursive
release,1,596170,692,49,4149172,False,"[525, 160, 38, 0]",6,lib/tests/builtin/host-runtime.zy,jobs
release,1,594665,692,49,4968374,False,"[525, 160, 38, 0]",6,lib/tests/builtin/host-runtime.zy,baseline
release,1,589250,692,49,4662460,False,"[525, 160, 38, 0]",6,lib/tests/builtin/host-runtime.zy,explicit
release,1,580748,692,49,4439422,False,"[525, 160, 38, 0]",6,lib/tests/builtin/host-runtime.zy,recursive
release,1,635791,692,49,4605082,False,"[525, 160, 38, 0]",6,lib/tests/builtin/host-runtime.zy,original
release,1,655122,692,49,5023702,False,"[525, 160, 38, 0]",7,lib/tests/builtin/host-runtime.zy,baseline
release,1,612128,692,49,4616374,False,"[525, 160, 38, 0]",7,lib/tests/builtin/host-runtime.zy,explicit
release,1,588210,692,49,4463621,False,"[525, 160, 38, 0]",7,lib/tests/builtin/host-runtime.zy,recursive
release,1,583043,692,49,4574624,False,"[525, 160, 38, 0]",7,lib/tests/builtin/host-runtime.zy,original
release,1,603749,692,49,4358587,False,"[525, 160, 38, 0]",7,lib/tests/builtin/host-runtime.zy,jobs
release,1,587585,692,49,4636291,False,"[525, 160, 38, 0]",8,lib/tests/builtin/host-runtime.zy,explicit
release,1,578913,692,49,4484375,False,"[525, 160, 38, 0]",8,lib/tests/builtin/host-runtime.zy,recursive
release,1,593544,692,49,4492496,False,"[525, 160, 38, 0]",8,lib/tests/builtin/host-runtime.zy,original
release,1,575753,692,49,4081709,False,"[525, 160, 38, 0]",8,lib/tests/builtin/host-runtime.zy,jobs
release,1,617002,692,49,4952246,False,"[525, 160, 38, 0]",8,lib/tests/builtin/host-runtime.zy,baseline
release,1,642330,692,49,4505710,False,"[525, 160, 38, 0]",9,lib/tests/builtin/host-runtime.zy,recursive
release,1,597793,692,49,4574334,False,"[525, 160, 38, 0]",9,lib/tests/builtin/host-runtime.zy,original
release,1,583709,692,49,4177166,False,"[525, 160, 38, 0]",9,lib/tests/builtin/host-runtime.zy,jobs
release,1,583831,692,49,4963668,False,"[525, 160, 38, 0]",9,lib/tests/builtin/host-runtime.zy,baseline
release,1,601753,692,49,4716372,False,"[525, 160, 38, 0]",9,lib/tests/builtin/host-runtime.zy,explicit
release,1,611081,692,49,4612669,False,"[525, 160, 38, 0]",10,lib/tests/builtin/host-runtime.zy,original
release,1,640499,692,49,4203334,False,"[525, 160, 38, 0]",10,lib/tests/builtin/host-runtime.zy,jobs
release,1,604333,692,49,4956500,False,"[525, 160, 38, 0]",10,lib/tests/builtin/host-runtime.zy,baseline
release,1,634749,692,49,4685337,False,"[525, 160, 38, 0]",10,lib/tests/builtin/host-runtime.zy,explicit
release,1,608213,692,49,4638040,False,"[525, 160, 38, 0]",10,lib/tests/builtin/host-runtime.zy,recursive
release,1,595536,692,49,4268795,False,"[525, 160, 38, 0]",11,lib/tests/builtin/host-runtime.zy,jobs
release,1,648001,692,49,5057958,False,"[525, 160, 38, 0]",11,lib/tests/builtin/host-runtime.zy,baseline
release,1,602376,692,49,4787536,False,"[525, 160, 38, 0]",11,lib/tests/builtin/host-runtime.zy,explicit
release,1,612582,692,49,4545544,False,"[525, 160, 38, 0]",11,lib/tests/builtin/host-runtime.zy,recursive
release,1,697540,692,49,4976377,False,"[525, 160, 38, 0]",11,lib/tests/builtin/host-runtime.zy,original
release,1,676463,692,49,5170289,False,"[525, 160, 38, 0]",12,lib/tests/builtin/host-runtime.zy,baseline
release,1,605128,692,49,4676670,False,"[525, 160, 38, 0]",12,lib/tests/builtin/host-runtime.zy,explicit
release,1,659835,692,49,4567626,False,"[525, 160, 38, 0]",12,lib/tests/builtin/host-runtime.zy,recursive
release,1,639670,692,49,4847204,False,"[525, 160, 38, 0]",12,lib/tests/builtin/host-runtime.zy,original
release,1,613208,692,49,4210541,False,"[525, 160, 38, 0]",12,lib/tests/builtin/host-runtime.zy,jobs
release,1,626750,692,49,4748834,False,"[525, 160, 38, 0]",13,lib/tests/builtin/host-runtime.zy,explicit
release,1,595003,692,49,4488248,False,"[525, 160, 38, 0]",13,lib/tests/builtin/host-runtime.zy,recursive
release,1,612049,692,49,4602125,False,"[525, 160, 38, 0]",13,lib/tests/builtin/host-runtime.zy,original
release,1,612004,692,49,4224043,False,"[525, 160, 38, 0]",13,lib/tests/builtin/host-runtime.zy,jobs
release,1,588543,692,49,4873084,False,"[525, 160, 38, 0]",13,lib/tests/builtin/host-runtime.zy,baseline
release,1,611125,692,49,4570706,False,"[525, 160, 38, 0]",14,lib/tests/builtin/host-runtime.zy,recursive
release,1,571251,692,49,4507045,False,"[525, 160, 38, 0]",14,lib/tests/builtin/host-runtime.zy,original
release,1,664129,692,49,4229669,False,"[525, 160, 38, 0]",14,lib/tests/builtin/host-runtime.zy,jobs
release,1,638749,692,49,4928915,False,"[525, 160, 38, 0]",14,lib/tests/builtin/host-runtime.zy,baseline
release,1,617168,692,49,4673791,False,"[525, 160, 38, 0]",14,lib/tests/builtin/host-runtime.zy,explicit
release,1,602958,692,49,4623246,False,"[525, 160, 38, 0]",15,lib/tests/builtin/host-runtime.zy,original
release,1,597793,692,49,4181040,False,"[525, 160, 38, 0]",15,lib/tests/builtin/host-runtime.zy,jobs
release,1,606333,692,49,4879915,False,"[525, 160, 38, 0]",15,lib/tests/builtin/host-runtime.zy,baseline
release,1,598002,692,49,4652836,False,"[525, 160, 38, 0]",15,lib/tests/builtin/host-runtime.zy,explicit
release,1,585376,692,49,4496167,False,"[525, 160, 38, 0]",15,lib/tests/builtin/host-runtime.zy,recursive
release,1,595915,692,49,4118295,False,"[525, 160, 38, 0]",16,lib/tests/builtin/host-runtime.zy,jobs
release,1,581375,692,49,5014749,False,"[525, 160, 38, 0]",16,lib/tests/builtin/host-runtime.zy,baseline
release,1,612083,692,49,4629625,False,"[525, 160, 38, 0]",16,lib/tests/builtin/host-runtime.zy,explicit
release,1,587252,692,49,4617039,False,"[525, 160, 38, 0]",16,lib/tests/builtin/host-runtime.zy,recursive
release,1,587625,692,49,4467753,False,"[525, 160, 38, 0]",16,lib/tests/builtin/host-runtime.zy,original
release,1,595457,692,49,5009042,False,"[525, 160, 38, 0]",17,lib/tests/builtin/host-runtime.zy,baseline
release,1,583706,692,49,4677498,False,"[525, 160, 38, 0]",17,lib/tests/builtin/host-runtime.zy,explicit
release,1,604041,692,49,4467253,False,"[525, 160, 38, 0]",17,lib/tests/builtin/host-runtime.zy,recursive
release,1,625292,692,49,4635712,False,"[525, 160, 38, 0]",17,lib/tests/builtin/host-runtime.zy,original
release,1,629080,692,49,4160836,False,"[525, 160, 38, 0]",17,lib/tests/builtin/host-runtime.zy,jobs
release,1,602832,692,49,4603168,False,"[525, 160, 38, 0]",18,lib/tests/builtin/host-runtime.zy,explicit
release,1,607872,692,49,4553332,False,"[525, 160, 38, 0]",18,lib/tests/builtin/host-runtime.zy,recursive
release,1,588455,692,49,4602541,False,"[525, 160, 38, 0]",18,lib/tests/builtin/host-runtime.zy,original
release,1,572208,692,49,4257001,False,"[525, 160, 38, 0]",18,lib/tests/builtin/host-runtime.zy,jobs
release,1,575666,692,49,4931162,False,"[525, 160, 38, 0]",18,lib/tests/builtin/host-runtime.zy,baseline
release,1,614495,692,49,4430120,False,"[525, 160, 38, 0]",19,lib/tests/builtin/host-runtime.zy,recursive
release,1,614172,692,49,4655371,False,"[525, 160, 38, 0]",19,lib/tests/builtin/host-runtime.zy,original
release,1,557129,692,49,4159666,False,"[525, 160, 38, 0]",19,lib/tests/builtin/host-runtime.zy,jobs
release,1,722791,692,49,5726418,False,"[525, 160, 38, 0]",19,lib/tests/builtin/host-runtime.zy,baseline
release,1,650753,692,49,4825833,False,"[525, 160, 38, 0]",19,lib/tests/builtin/host-runtime.zy,explicit
release,1,803706,692,49,5338207,False,"[525, 160, 38, 0]",20,lib/tests/builtin/host-runtime.zy,original
release,1,623585,692,49,4257042,False,"[525, 160, 38, 0]",20,lib/tests/builtin/host-runtime.zy,jobs
release,1,634332,692,49,5107085,False,"[525, 160, 38, 0]",20,lib/tests/builtin/host-runtime.zy,baseline
release,1,596080,692,49,4693955,False,"[525, 160, 38, 0]",20,lib/tests/builtin/host-runtime.zy,explicit
release,1,630329,692,49,4625793,False,"[525, 160, 38, 0]",20,lib/tests/builtin/host-runtime.zy,recursive
release,1,603167,692,49,4190126,False,"[525, 160, 38, 0]",21,lib/tests/builtin/host-runtime.zy,jobs
release,1,595957,692,49,4994043,False,"[525, 160, 38, 0]",21,lib/tests/builtin/host-runtime.zy,baseline
release,1,622877,692,49,4864290,False,"[525, 160, 38, 0]",21,lib/tests/builtin/host-runtime.zy,explicit
release,1,644795,692,49,4566624,False,"[525, 160, 38, 0]",21,lib/tests/builtin/host-runtime.zy,recursive
release,1,616045,692,49,4795588,False,"[525, 160, 38, 0]",21,lib/tests/builtin/host-runtime.zy,original
release,1,591497,692,49,5093040,False,"[525, 160, 38, 0]",22,lib/tests/builtin/host-runtime.zy,baseline
release,1,608793,692,49,4662577,False,"[525, 160, 38, 0]",22,lib/tests/builtin/host-runtime.zy,explicit
release,1,622917,692,49,4622628,False,"[525, 160, 38, 0]",22,lib/tests/builtin/host-runtime.zy,recursive
release,1,635046,692,49,4610497,False,"[525, 160, 38, 0]",22,lib/tests/builtin/host-runtime.zy,original
release,1,693086,692,49,4310585,False,"[525, 160, 38, 0]",22,lib/tests/builtin/host-runtime.zy,jobs
release,1,640590,692,49,4675211,False,"[525, 160, 38, 0]",23,lib/tests/builtin/host-runtime.zy,explicit
release,1,671832,692,49,4597086,False,"[525, 160, 38, 0]",23,lib/tests/builtin/host-runtime.zy,recursive
release,1,601710,692,49,4718253,False,"[525, 160, 38, 0]",23,lib/tests/builtin/host-runtime.zy,original
release,1,594628,692,49,4399874,False,"[525, 160, 38, 0]",23,lib/tests/builtin/host-runtime.zy,jobs
release,1,628209,692,49,5085042,False,"[525, 160, 38, 0]",23,lib/tests/builtin/host-runtime.zy,baseline
release,1,657164,692,49,4597748,False,"[525, 160, 38, 0]",24,lib/tests/builtin/host-runtime.zy,recursive
release,1,617999,692,49,4618708,False,"[525, 160, 38, 0]",24,lib/tests/builtin/host-runtime.zy,original
release,1,606336,692,49,4339702,False,"[525, 160, 38, 0]",24,lib/tests/builtin/host-runtime.zy,jobs
release,1,665499,692,49,5497250,False,"[525, 160, 38, 0]",24,lib/tests/builtin/host-runtime.zy,baseline
release,1,646495,692,49,4768126,False,"[525, 160, 38, 0]",24,lib/tests/builtin/host-runtime.zy,explicit
release,1,642167,692,49,4854417,False,"[525, 160, 38, 0]",25,lib/tests/builtin/host-runtime.zy,original
release,1,663045,692,49,4583418,False,"[525, 160, 38, 0]",25,lib/tests/builtin/host-runtime.zy,jobs
release,1,656586,692,49,5324337,False,"[525, 160, 38, 0]",25,lib/tests/builtin/host-runtime.zy,baseline
release,1,634789,692,49,4828334,False,"[525, 160, 38, 0]",25,lib/tests/builtin/host-runtime.zy,explicit
release,1,633708,692,49,4543877,False,"[525, 160, 38, 0]",25,lib/tests/builtin/host-runtime.zy,recursive
release,1,622375,692,49,4224203,False,"[525, 160, 38, 0]",26,lib/tests/builtin/host-runtime.zy,jobs
release,1,632166,692,49,5125916,False,"[525, 160, 38, 0]",26,lib/tests/builtin/host-runtime.zy,baseline
release,1,624081,692,49,4815376,False,"[525, 160, 38, 0]",26,lib/tests/builtin/host-runtime.zy,explicit
release,1,613037,692,49,4703336,False,"[525, 160, 38, 0]",26,lib/tests/builtin/host-runtime.zy,recursive
release,1,676672,692,49,4641665,False,"[525, 160, 38, 0]",26,lib/tests/builtin/host-runtime.zy,original
release,1,655503,692,49,5117169,False,"[525, 160, 38, 0]",27,lib/tests/builtin/host-runtime.zy,baseline
release,1,627337,692,49,5036835,False,"[525, 160, 38, 0]",27,lib/tests/builtin/host-runtime.zy,explicit
release,1,698917,692,49,4598664,False,"[525, 160, 38, 0]",27,lib/tests/builtin/host-runtime.zy,recursive
release,1,635410,692,49,4498793,False,"[525, 160, 38, 0]",27,lib/tests/builtin/host-runtime.zy,original
release,1,590457,692,49,4136918,False,"[525, 160, 38, 0]",27,lib/tests/builtin/host-runtime.zy,jobs
release,1,624163,692,49,4702963,False,"[525, 160, 38, 0]",28,lib/tests/builtin/host-runtime.zy,explicit
release,1,755418,692,49,4771334,False,"[525, 160, 38, 0]",28,lib/tests/builtin/host-runtime.zy,recursive
release,1,613248,692,49,4801378,False,"[525, 160, 38, 0]",28,lib/tests/builtin/host-runtime.zy,original
release,1,622997,692,49,4290334,False,"[525, 160, 38, 0]",28,lib/tests/builtin/host-runtime.zy,jobs
release,1,638704,692,49,4976791,False,"[525, 160, 38, 0]",28,lib/tests/builtin/host-runtime.zy,baseline
release,1,606790,692,49,4510586,False,"[525, 160, 38, 0]",29,lib/tests/builtin/host-runtime.zy,recursive
release,1,605164,692,49,4568210,False,"[525, 160, 38, 0]",29,lib/tests/builtin/host-runtime.zy,original
release,1,619583,692,49,4198754,False,"[525, 160, 38, 0]",29,lib/tests/builtin/host-runtime.zy,jobs
release,1,595332,692,49,4969043,False,"[525, 160, 38, 0]",29,lib/tests/builtin/host-runtime.zy,baseline
release,1,631914,692,49,4851291,False,"[525, 160, 38, 0]",29,lib/tests/builtin/host-runtime.zy,explicit
release,1,653166,692,49,4686085,False,"[525, 160, 38, 0]",30,lib/tests/builtin/host-runtime.zy,original
release,1,667582,692,49,4270880,False,"[525, 160, 38, 0]",30,lib/tests/builtin/host-runtime.zy,jobs
release,1,615829,692,49,5010083,False,"[525, 160, 38, 0]",30,lib/tests/builtin/host-runtime.zy,baseline
release,1,661045,692,49,4705955,False,"[525, 160, 38, 0]",30,lib/tests/builtin/host-runtime.zy,explicit
release,1,641294,692,49,4504912,False,"[525, 160, 38, 0]",30,lib/tests/builtin/host-runtime.zy,recursive
release,1,615752,692,49,4690709,False,"[525, 160, 38, 0]",31,lib/tests/builtin/host-runtime.zy,jobs
release,1,671506,692,49,5293541,False,"[525, 160, 38, 0]",31,lib/tests/builtin/host-runtime.zy,baseline
release,1,637914,692,49,4762542,False,"[525, 160, 38, 0]",31,lib/tests/builtin/host-runtime.zy,explicit
release,1,641212,692,49,4625961,False,"[525, 160, 38, 0]",31,lib/tests/builtin/host-runtime.zy,recursive
release,1,618081,692,49,4592289,False,"[525, 160, 38, 0]",31,lib/tests/builtin/host-runtime.zy,original
release,1,626332,692,49,5040916,False,"[525, 160, 38, 0]",32,lib/tests/builtin/host-runtime.zy,baseline
release,1,644837,692,49,4700254,False,"[525, 160, 38, 0]",32,lib/tests/builtin/host-runtime.zy,explicit
release,1,665286,692,49,4620916,False,"[525, 160, 38, 0]",32,lib/tests/builtin/host-runtime.zy,recursive
release,1,652375,692,49,4693961,False,"[525, 160, 38, 0]",32,lib/tests/builtin/host-runtime.zy,original
release,1,607793,692,49,4208120,False,"[525, 160, 38, 0]",32,lib/tests/builtin/host-runtime.zy,jobs
release,1,627333,692,49,4759832,False,"[525, 160, 38, 0]",33,lib/tests/builtin/host-runtime.zy,explicit
release,1,624086,692,49,4522667,False,"[525, 160, 38, 0]",33,lib/tests/builtin/host-runtime.zy,recursive
release,1,664876,692,49,4620875,False,"[525, 160, 38, 0]",33,lib/tests/builtin/host-runtime.zy,original
release,1,604249,692,49,4241580,False,"[525, 160, 38, 0]",33,lib/tests/builtin/host-runtime.zy,jobs
release,1,592757,692,49,5016457,False,"[525, 160, 38, 0]",33,lib/tests/builtin/host-runtime.zy,baseline
release,1,600951,692,49,4528253,False,"[525, 160, 38, 0]",34,lib/tests/builtin/host-runtime.zy,recursive
release,1,588955,692,49,4668413,False,"[525, 160, 38, 0]",34,lib/tests/builtin/host-runtime.zy,original
release,1,652165,692,49,4207417,False,"[525, 160, 38, 0]",34,lib/tests/builtin/host-runtime.zy,jobs
release,1,602875,692,49,5014086,False,"[525, 160, 38, 0]",34,lib/tests/builtin/host-runtime.zy,baseline
release,1,624873,692,49,4754586,False,"[525, 160, 38, 0]",34,lib/tests/builtin/host-runtime.zy,explicit
release,1,627958,692,49,4623784,False,"[525, 160, 38, 0]",35,lib/tests/builtin/host-runtime.zy,original
release,1,594459,692,49,4210498,False,"[525, 160, 38, 0]",35,lib/tests/builtin/host-runtime.zy,jobs
release,1,603752,692,49,5036127,False,"[525, 160, 38, 0]",35,lib/tests/builtin/host-runtime.zy,baseline
release,1,581036,692,49,4709169,False,"[525, 160, 38, 0]",35,lib/tests/builtin/host-runtime.zy,explicit
release,1,605085,692,49,4559581,False,"[525, 160, 38, 0]",35,lib/tests/builtin/host-runtime.zy,recursive
release,1,588623,692,49,4066082,False,"[525, 160, 38, 0]",36,lib/tests/builtin/host-runtime.zy,jobs
release,1,623543,692,49,5070917,False,"[525, 160, 38, 0]",36,lib/tests/builtin/host-runtime.zy,baseline
release,1,674703,692,49,4707336,False,"[525, 160, 38, 0]",36,lib/tests/builtin/host-runtime.zy,explicit
release,1,649502,692,49,4615337,False,"[525, 160, 38, 0]",36,lib/tests/builtin/host-runtime.zy,recursive
release,1,618709,692,49,4688916,False,"[525, 160, 38, 0]",36,lib/tests/builtin/host-runtime.zy,original
release,1,612624,692,49,4996501,False,"[525, 160, 38, 0]",37,lib/tests/builtin/host-runtime.zy,baseline
release,1,595000,692,49,4597458,False,"[525, 160, 38, 0]",37,lib/tests/builtin/host-runtime.zy,explicit
release,1,604128,692,49,4581872,False,"[525, 160, 38, 0]",37,lib/tests/builtin/host-runtime.zy,recursive
release,1,603545,692,49,4674959,False,"[525, 160, 38, 0]",37,lib/tests/builtin/host-runtime.zy,original
release,1,603249,692,49,4126169,False,"[525, 160, 38, 0]",37,lib/tests/builtin/host-runtime.zy,jobs
release,1,608547,692,49,4835459,False,"[525, 160, 38, 0]",38,lib/tests/builtin/host-runtime.zy,explicit
release,1,596750,692,49,4568622,False,"[525, 160, 38, 0]",38,lib/tests/builtin/host-runtime.zy,recursive
release,1,619418,692,49,4716789,False,"[525, 160, 38, 0]",38,lib/tests/builtin/host-runtime.zy,original
release,1,597832,692,49,4276997,False,"[525, 160, 38, 0]",38,lib/tests/builtin/host-runtime.zy,jobs
release,1,617951,692,49,5035924,False,"[525, 160, 38, 0]",38,lib/tests/builtin/host-runtime.zy,baseline
release,1,610664,692,49,4558166,False,"[525, 160, 38, 0]",39,lib/tests/builtin/host-runtime.zy,recursive
release,1,616246,692,49,4616836,False,"[525, 160, 38, 0]",39,lib/tests/builtin/host-runtime.zy,original
release,1,581124,692,49,4170044,False,"[525, 160, 38, 0]",39,lib/tests/builtin/host-runtime.zy,jobs
release,1,608585,692,49,4992043,False,"[525, 160, 38, 0]",39,lib/tests/builtin/host-runtime.zy,baseline
release,1,624665,692,49,4777457,False,"[525, 160, 38, 0]",39,lib/tests/builtin/host-runtime.zy,explicit
release,1,813297,692,79,5286881,True,"[383, 160, 38, 39]",0,lib/tests/builtin/host-runtime.zy,original
release,1,851131,692,79,4891169,True,"[383, 160, 38, 39]",0,lib/tests/builtin/host-runtime.zy,jobs
release,1,819507,692,79,5775291,True,"[383, 160, 38, 39]",0,lib/tests/builtin/host-runtime.zy,baseline
release,1,851457,692,79,5439913,True,"[383, 160, 38, 39]",0,lib/tests/builtin/host-runtime.zy,explicit
release,1,814292,692,79,5123005,True,"[383, 160, 38, 39]",0,lib/tests/builtin/host-runtime.zy,recursive
release,1,812709,692,79,4878250,True,"[383, 160, 38, 39]",1,lib/tests/builtin/host-runtime.zy,jobs
release,1,768999,692,79,5723751,True,"[383, 160, 38, 39]",1,lib/tests/builtin/host-runtime.zy,baseline
release,1,786119,692,79,5405916,True,"[383, 160, 38, 39]",1,lib/tests/builtin/host-runtime.zy,explicit
release,1,774249,692,79,5247251,True,"[383, 160, 38, 39]",1,lib/tests/builtin/host-runtime.zy,recursive
release,1,770334,692,79,5230085,True,"[383, 160, 38, 39]",1,lib/tests/builtin/host-runtime.zy,original
release,1,745376,692,79,5702252,True,"[383, 160, 38, 39]",2,lib/tests/builtin/host-runtime.zy,baseline
release,1,881163,692,79,5474161,True,"[383, 160, 38, 39]",2,lib/tests/builtin/host-runtime.zy,explicit
release,1,855370,692,79,5171291,True,"[383, 160, 38, 39]",2,lib/tests/builtin/host-runtime.zy,recursive
release,1,751957,692,79,5232247,True,"[383, 160, 38, 39]",2,lib/tests/builtin/host-runtime.zy,original
release,1,781669,692,79,4826042,True,"[383, 160, 38, 39]",2,lib/tests/builtin/host-runtime.zy,jobs
release,1,876211,692,79,6208079,True,"[383, 160, 38, 39]",3,lib/tests/builtin/host-runtime.zy,explicit
release,1,1625214,692,79,7405209,True,"[383, 160, 38, 39]",3,lib/tests/builtin/host-runtime.zy,recursive
release,1,925834,692,79,5846080,True,"[383, 160, 38, 39]",3,lib/tests/builtin/host-runtime.zy,original
release,1,1032460,692,79,5671454,True,"[383, 160, 38, 39]",3,lib/tests/builtin/host-runtime.zy,jobs
release,1,1506830,692,79,9891288,True,"[383, 160, 38, 39]",3,lib/tests/builtin/host-runtime.zy,baseline
release,1,1580212,692,79,7693704,True,"[383, 160, 38, 39]",4,lib/tests/builtin/host-runtime.zy,recursive
release,1,917795,692,79,5724914,True,"[383, 160, 38, 39]",4,lib/tests/builtin/host-runtime.zy,original
release,1,849004,692,79,4958044,True,"[383, 160, 38, 39]",4,lib/tests/builtin/host-runtime.zy,jobs
release,1,972005,692,79,6094999,True,"[383, 160, 38, 39]",4,lib/tests/builtin/host-runtime.zy,baseline
release,1,801043,692,79,5525546,True,"[383, 160, 38, 39]",4,lib/tests/builtin/host-runtime.zy,explicit
release,1,862248,692,79,5366835,True,"[383, 160, 38, 39]",5,lib/tests/builtin/host-runtime.zy,original
release,1,795003,692,79,4851502,True,"[383, 160, 38, 39]",5,lib/tests/builtin/host-runtime.zy,jobs
release,1,823124,692,79,5754046,True,"[383, 160, 38, 39]",5,lib/tests/builtin/host-runtime.zy,baseline
release,1,875046,692,79,5586374,True,"[383, 160, 38, 39]",5,lib/tests/builtin/host-runtime.zy,explicit
release,1,804039,692,79,5183956,True,"[383, 160, 38, 39]",5,lib/tests/builtin/host-runtime.zy,recursive
release,1,805079,692,79,4886746,True,"[383, 160, 38, 39]",6,lib/tests/builtin/host-runtime.zy,jobs
release,1,786672,692,79,5742163,True,"[383, 160, 38, 39]",6,lib/tests/builtin/host-runtime.zy,baseline
release,1,815455,692,79,5491629,True,"[383, 160, 38, 39]",6,lib/tests/builtin/host-runtime.zy,explicit
release,1,803000,692,79,5267168,True,"[383, 160, 38, 39]",6,lib/tests/builtin/host-runtime.zy,recursive
release,1,821419,692,79,5479081,True,"[383, 160, 38, 39]",6,lib/tests/builtin/host-runtime.zy,original
release,1,864333,692,79,5782628,True,"[383, 160, 38, 39]",7,lib/tests/builtin/host-runtime.zy,baseline
release,1,825792,692,79,5527995,True,"[383, 160, 38, 39]",7,lib/tests/builtin/host-runtime.zy,explicit
release,1,761830,692,79,5149083,True,"[383, 160, 38, 39]",7,lib/tests/builtin/host-runtime.zy,recursive
release,1,833748,692,79,5339633,True,"[383, 160, 38, 39]",7,lib/tests/builtin/host-runtime.zy,original
release,1,811129,692,79,4987165,True,"[383, 160, 38, 39]",7,lib/tests/builtin/host-runtime.zy,jobs
release,1,759086,692,79,5404535,True,"[383, 160, 38, 39]",8,lib/tests/builtin/host-runtime.zy,explicit
release,1,852290,692,79,5266584,True,"[383, 160, 38, 39]",8,lib/tests/builtin/host-runtime.zy,recursive
release,1,791625,692,79,5284043,True,"[383, 160, 38, 39]",8,lib/tests/builtin/host-runtime.zy,original
release,1,805038,692,79,4825749,True,"[383, 160, 38, 39]",8,lib/tests/builtin/host-runtime.zy,jobs
release,1,864374,692,79,5814009,True,"[383, 160, 38, 39]",8,lib/tests/builtin/host-runtime.zy,baseline
release,1,867917,692,79,5299340,True,"[383, 160, 38, 39]",9,lib/tests/builtin/host-runtime.zy,recursive
release,1,926454,692,79,5619421,True,"[383, 160, 38, 39]",9,lib/tests/builtin/host-runtime.zy,original
release,1,859540,692,79,4977630,True,"[383, 160, 38, 39]",9,lib/tests/builtin/host-runtime.zy,jobs
release,1,849456,692,79,5878574,True,"[383, 160, 38, 39]",9,lib/tests/builtin/host-runtime.zy,baseline
release,1,799501,692,79,5489453,True,"[383, 160, 38, 39]",9,lib/tests/builtin/host-runtime.zy,explicit
release,1,859504,692,79,5419959,True,"[383, 160, 38, 39]",10,lib/tests/builtin/host-runtime.zy,original
release,1,846956,692,79,5205580,True,"[383, 160, 38, 39]",10,lib/tests/builtin/host-runtime.zy,jobs
release,1,801168,692,79,5741169,True,"[383, 160, 38, 39]",10,lib/tests/builtin/host-runtime.zy,baseline
release,1,856581,692,79,5351625,True,"[383, 160, 38, 39]",10,lib/tests/builtin/host-runtime.zy,explicit
release,1,841163,692,79,5318797,True,"[383, 160, 38, 39]",10,lib/tests/builtin/host-runtime.zy,recursive
release,1,824501,692,79,4860463,True,"[383, 160, 38, 39]",11,lib/tests/builtin/host-runtime.zy,jobs
release,1,783626,692,79,5683788,True,"[383, 160, 38, 39]",11,lib/tests/builtin/host-runtime.zy,baseline
release,1,846827,692,79,5540835,True,"[383, 160, 38, 39]",11,lib/tests/builtin/host-runtime.zy,explicit
release,1,798792,692,79,5227416,True,"[383, 160, 38, 39]",11,lib/tests/builtin/host-runtime.zy,recursive
release,1,802998,692,79,5331080,True,"[383, 160, 38, 39]",11,lib/tests/builtin/host-runtime.zy,original
release,1,762211,692,79,5652667,True,"[383, 160, 38, 39]",12,lib/tests/builtin/host-runtime.zy,baseline
release,1,787214,692,79,5318413,True,"[383, 160, 38, 39]",12,lib/tests/builtin/host-runtime.zy,explicit
release,1,834959,692,79,5237294,True,"[383, 160, 38, 39]",12,lib/tests/builtin/host-runtime.zy,recursive
release,1,824340,692,79,5298792,True,"[383, 160, 38, 39]",12,lib/tests/builtin/host-runtime.zy,original
release,1,793672,692,79,4936541,True,"[383, 160, 38, 39]",12,lib/tests/builtin/host-runtime.zy,jobs
release,1,781753,692,79,5384036,True,"[383, 160, 38, 39]",13,lib/tests/builtin/host-runtime.zy,explicit
release,1,775005,692,79,5149751,True,"[383, 160, 38, 39]",13,lib/tests/builtin/host-runtime.zy,recursive
release,1,810083,692,79,5397209,True,"[383, 160, 38, 39]",13,lib/tests/builtin/host-runtime.zy,original
release,1,795336,692,79,4751538,True,"[383, 160, 38, 39]",13,lib/tests/builtin/host-runtime.zy,jobs
release,1,784583,692,79,5704667,True,"[383, 160, 38, 39]",13,lib/tests/builtin/host-runtime.zy,baseline
release,1,804126,692,79,5204332,True,"[383, 160, 38, 39]",14,lib/tests/builtin/host-runtime.zy,recursive
release,1,763620,692,79,5239711,True,"[383, 160, 38, 39]",14,lib/tests/builtin/host-runtime.zy,original
release,1,802001,692,79,4833623,True,"[383, 160, 38, 39]",14,lib/tests/builtin/host-runtime.zy,jobs
release,1,864954,692,79,5795415,True,"[383, 160, 38, 39]",14,lib/tests/builtin/host-runtime.zy,baseline
release,1,838413,692,79,5636919,True,"[383, 160, 38, 39]",14,lib/tests/builtin/host-runtime.zy,explicit
release,1,871788,692,79,5397584,True,"[383, 160, 38, 39]",15,lib/tests/builtin/host-runtime.zy,original
release,1,769005,692,79,4872584,True,"[383, 160, 38, 39]",15,lib/tests/builtin/host-runtime.zy,jobs
release,1,775212,692,79,5651501,True,"[383, 160, 38, 39]",15,lib/tests/builtin/host-runtime.zy,baseline
release,1,797204,692,79,5409542,True,"[383, 160, 38, 39]",15,lib/tests/builtin/host-runtime.zy,explicit
release,1,818712,692,79,5125411,True,"[383, 160, 38, 39]",15,lib/tests/builtin/host-runtime.zy,recursive
release,1,764629,692,79,4776288,True,"[383, 160, 38, 39]",16,lib/tests/builtin/host-runtime.zy,jobs
release,1,767542,692,79,5678375,True,"[383, 160, 38, 39]",16,lib/tests/builtin/host-runtime.zy,baseline
release,1,787042,692,79,5382587,True,"[383, 160, 38, 39]",16,lib/tests/builtin/host-runtime.zy,explicit
release,1,854084,692,79,5199458,True,"[383, 160, 38, 39]",16,lib/tests/builtin/host-runtime.zy,recursive
release,1,796833,692,79,5312624,True,"[383, 160, 38, 39]",16,lib/tests/builtin/host-runtime.zy,original
release,1,790505,692,79,5708538,True,"[383, 160, 38, 39]",17,lib/tests/builtin/host-runtime.zy,baseline
release,1,803371,692,79,5423957,True,"[383, 160, 38, 39]",17,lib/tests/builtin/host-runtime.zy,explicit
release,1,774590,692,79,5231499,True,"[383, 160, 38, 39]",17,lib/tests/builtin/host-runtime.zy,recursive
release,1,879296,692,79,5428835,True,"[383, 160, 38, 39]",17,lib/tests/builtin/host-runtime.zy,original
release,1,785834,692,79,4837289,True,"[383, 160, 38, 39]",17,lib/tests/builtin/host-runtime.zy,jobs
release,1,825078,692,79,5414336,True,"[383, 160, 38, 39]",18,lib/tests/builtin/host-runtime.zy,explicit
release,1,812495,692,79,5244293,True,"[383, 160, 38, 39]",18,lib/tests/builtin/host-runtime.zy,recursive
release,1,775876,692,79,5243457,True,"[383, 160, 38, 39]",18,lib/tests/builtin/host-runtime.zy,original
release,1,836331,692,79,4841421,True,"[383, 160, 38, 39]",18,lib/tests/builtin/host-runtime.zy,jobs
release,1,856624,692,79,5713205,True,"[383, 160, 38, 39]",18,lib/tests/builtin/host-runtime.zy,baseline
release,1,828291,692,79,5207040,True,"[383, 160, 38, 39]",19,lib/tests/builtin/host-runtime.zy,recursive
release,1,802079,692,79,5388502,True,"[383, 160, 38, 39]",19,lib/tests/builtin/host-runtime.zy,original
release,1,774707,692,79,4793788,True,"[383, 160, 38, 39]",19,lib/tests/builtin/host-runtime.zy,jobs
release,1,833542,692,79,5729373,True,"[383, 160, 38, 39]",19,lib/tests/builtin/host-runtime.zy,baseline
release,1,839665,692,79,5506666,True,"[383, 160, 38, 39]",19,lib/tests/builtin/host-runtime.zy,explicit
release,1,768871,692,79,5332878,True,"[383, 160, 38, 39]",20,lib/tests/builtin/host-runtime.zy,original
release,1,861207,692,79,5117911,True,"[383, 160, 38, 39]",20,lib/tests/builtin/host-runtime.zy,jobs
release,1,856001,692,79,5672836,True,"[383, 160, 38, 39]",20,lib/tests/builtin/host-runtime.zy,baseline
release,1,895669,692,79,5494297,True,"[383, 160, 38, 39]",20,lib/tests/builtin/host-runtime.zy,explicit
release,1,861869,692,79,5122044,True,"[383, 160, 38, 39]",20,lib/tests/builtin/host-runtime.zy,recursive
release,1,845500,692,79,4866793,True,"[383, 160, 38, 39]",21,lib/tests/builtin/host-runtime.zy,jobs
release,1,927621,692,79,5831003,True,"[383, 160, 38, 39]",21,lib/tests/builtin/host-runtime.zy,baseline
release,1,822170,692,79,5330046,True,"[383, 160, 38, 39]",21,lib/tests/builtin/host-runtime.zy,explicit
release,1,806244,692,79,5157288,True,"[383, 160, 38, 39]",21,lib/tests/builtin/host-runtime.zy,recursive
release,1,814293,692,79,5258377,True,"[383, 160, 38, 39]",21,lib/tests/builtin/host-runtime.zy,original
release,1,780715,692,79,5606249,True,"[383, 160, 38, 39]",22,lib/tests/builtin/host-runtime.zy,baseline
release,1,831588,692,79,5318708,True,"[383, 160, 38, 39]",22,lib/tests/builtin/host-runtime.zy,explicit
release,1,838791,692,79,5267965,True,"[383, 160, 38, 39]",22,lib/tests/builtin/host-runtime.zy,recursive
release,1,796622,692,79,5251709,True,"[383, 160, 38, 39]",22,lib/tests/builtin/host-runtime.zy,original
release,1,825084,692,79,4941121,True,"[383, 160, 38, 39]",22,lib/tests/builtin/host-runtime.zy,jobs
release,1,835624,692,79,5495045,True,"[383, 160, 38, 39]",23,lib/tests/builtin/host-runtime.zy,explicit
release,1,795333,692,79,5263624,True,"[383, 160, 38, 39]",23,lib/tests/builtin/host-runtime.zy,recursive
release,1,802460,692,79,5231210,True,"[383, 160, 38, 39]",23,lib/tests/builtin/host-runtime.zy,original
release,1,791709,692,79,4771915,True,"[383, 160, 38, 39]",23,lib/tests/builtin/host-runtime.zy,jobs
release,1,776666,692,79,5570088,True,"[383, 160, 38, 39]",23,lib/tests/builtin/host-runtime.zy,baseline
release,1,828420,692,79,5169914,True,"[383, 160, 38, 39]",24,lib/tests/builtin/host-runtime.zy,recursive
release,1,822633,692,79,5278506,True,"[383, 160, 38, 39]",24,lib/tests/builtin/host-runtime.zy,original
release,1,804330,692,79,4930829,True,"[383, 160, 38, 39]",24,lib/tests/builtin/host-runtime.zy,jobs
release,1,872997,692,79,5862542,True,"[383, 160, 38, 39]",24,lib/tests/builtin/host-runtime.zy,baseline
release,1,827622,692,79,5458873,True,"[383, 160, 38, 39]",24,lib/tests/builtin/host-runtime.zy,explicit
release,1,795716,692,79,5208910,True,"[383, 160, 38, 39]",25,lib/tests/builtin/host-runtime.zy,original
release,1,824252,692,79,4894660,True,"[383, 160, 38, 39]",25,lib/tests/builtin/host-runtime.zy,jobs
release,1,768203,692,79,5675292,True,"[383, 160, 38, 39]",25,lib/tests/builtin/host-runtime.zy,baseline
release,1,780917,692,79,5427748,True,"[383, 160, 38, 39]",25,lib/tests/builtin/host-runtime.zy,explicit
release,1,772243,692,79,5205287,True,"[383, 160, 38, 39]",25,lib/tests/builtin/host-runtime.zy,recursive
release,1,773957,692,79,4925499,True,"[383, 160, 38, 39]",26,lib/tests/builtin/host-runtime.zy,jobs
release,1,796920,692,79,5755918,True,"[383, 160, 38, 39]",26,lib/tests/builtin/host-runtime.zy,baseline
release,1,825873,692,79,5451919,True,"[383, 160, 38, 39]",26,lib/tests/builtin/host-runtime.zy,explicit
release,1,819252,692,79,5388750,True,"[383, 160, 38, 39]",26,lib/tests/builtin/host-runtime.zy,recursive
release,1,870831,692,79,5316465,True,"[383, 160, 38, 39]",26,lib/tests/builtin/host-runtime.zy,original
release,1,765916,692,79,5725296,True,"[383, 160, 38, 39]",27,lib/tests/builtin/host-runtime.zy,baseline
release,1,838833,692,79,5335459,True,"[383, 160, 38, 39]",27,lib/tests/builtin/host-runtime.zy,explicit
release,1,783038,692,79,5171416,True,"[383, 160, 38, 39]",27,lib/tests/builtin/host-runtime.zy,recursive
release,1,773035,692,79,5259125,True,"[383, 160, 38, 39]",27,lib/tests/builtin/host-runtime.zy,original
release,1,784580,692,79,4835370,True,"[383, 160, 38, 39]",27,lib/tests/builtin/host-runtime.zy,jobs
release,1,795198,692,79,5338711,True,"[383, 160, 38, 39]",28,lib/tests/builtin/host-runtime.zy,explicit
release,1,861582,692,79,5273001,True,"[383, 160, 38, 39]",28,lib/tests/builtin/host-runtime.zy,recursive
release,1,843627,692,79,5384119,True,"[383, 160, 38, 39]",28,lib/tests/builtin/host-runtime.zy,original
release,1,771412,692,79,4819545,True,"[383, 160, 38, 39]",28,lib/tests/builtin/host-runtime.zy,jobs
release,1,829956,692,79,5630045,True,"[383, 160, 38, 39]",28,lib/tests/builtin/host-runtime.zy,baseline
release,1,806754,692,79,5325668,True,"[383, 160, 38, 39]",29,lib/tests/builtin/host-runtime.zy,recursive
release,1,828211,692,79,5343503,True,"[383, 160, 38, 39]",29,lib/tests/builtin/host-runtime.zy,original
release,1,820712,692,79,4992040,True,"[383, 160, 38, 39]",29,lib/tests/builtin/host-runtime.zy,jobs
release,1,877292,692,79,5766790,True,"[383, 160, 38, 39]",29,lib/tests/builtin/host-runtime.zy,baseline
release,1,791162,692,79,5446957,True,"[383, 160, 38, 39]",29,lib/tests/builtin/host-runtime.zy,explicit
release,1,806999,692,79,5271746,True,"[383, 160, 38, 39]",30,lib/tests/builtin/host-runtime.zy,original
release,1,806708,692,79,4924503,True,"[383, 160, 38, 39]",30,lib/tests/builtin/host-runtime.zy,jobs
release,1,813046,692,79,5733619,True,"[383, 160, 38, 39]",30,lib/tests/builtin/host-runtime.zy,baseline
release,1,804335,692,79,5425254,True,"[383, 160, 38, 39]",30,lib/tests/builtin/host-runtime.zy,explicit
release,1,776793,692,79,5073746,True,"[383, 160, 38, 39]",30,lib/tests/builtin/host-runtime.zy,recursive
release,1,784128,692,79,4875374,True,"[383, 160, 38, 39]",31,lib/tests/builtin/host-runtime.zy,jobs
release,1,796712,692,79,5709455,True,"[383, 160, 38, 39]",31,lib/tests/builtin/host-runtime.zy,baseline
release,1,773083,692,79,5414126,True,"[383, 160, 38, 39]",31,lib/tests/builtin/host-runtime.zy,explicit
release,1,836046,692,79,5252126,True,"[383, 160, 38, 39]",31,lib/tests/builtin/host-runtime.zy,recursive
release,1,793249,692,79,5261208,True,"[383, 160, 38, 39]",31,lib/tests/builtin/host-runtime.zy,original
release,1,777917,692,79,5637793,True,"[383, 160, 38, 39]",32,lib/tests/builtin/host-runtime.zy,baseline
release,1,746407,692,79,5349752,True,"[383, 160, 38, 39]",32,lib/tests/builtin/host-runtime.zy,explicit
release,1,752876,692,79,5113953,True,"[383, 160, 38, 39]",32,lib/tests/builtin/host-runtime.zy,recursive
release,1,793703,692,79,5199420,True,"[383, 160, 38, 39]",32,lib/tests/builtin/host-runtime.zy,original
release,1,785167,692,79,4897786,True,"[383, 160, 38, 39]",32,lib/tests/builtin/host-runtime.zy,jobs
release,1,781501,692,79,5451329,True,"[383, 160, 38, 39]",33,lib/tests/builtin/host-runtime.zy,explicit
release,1,785837,692,79,5277536,True,"[383, 160, 38, 39]",33,lib/tests/builtin/host-runtime.zy,recursive
release,1,793206,692,79,5324884,True,"[383, 160, 38, 39]",33,lib/tests/builtin/host-runtime.zy,original
release,1,818749,692,79,4932003,True,"[383, 160, 38, 39]",33,lib/tests/builtin/host-runtime.zy,jobs
release,1,744419,692,79,5641297,True,"[383, 160, 38, 39]",33,lib/tests/builtin/host-runtime.zy,baseline
release,1,784081,692,79,5215418,True,"[383, 160, 38, 39]",34,lib/tests/builtin/host-runtime.zy,recursive
release,1,833628,692,79,5206626,True,"[383, 160, 38, 39]",34,lib/tests/builtin/host-runtime.zy,original
release,1,781165,692,79,4772743,True,"[383, 160, 38, 39]",34,lib/tests/builtin/host-runtime.zy,jobs
release,1,878668,692,79,5580707,True,"[383, 160, 38, 39]",34,lib/tests/builtin/host-runtime.zy,baseline
release,1,762161,692,79,5285965,True,"[383, 160, 38, 39]",34,lib/tests/builtin/host-runtime.zy,explicit
release,1,784791,692,79,5257709,True,"[383, 160, 38, 39]",35,lib/tests/builtin/host-runtime.zy,original
release,1,774798,692,79,4778375,True,"[383, 160, 38, 39]",35,lib/tests/builtin/host-runtime.zy,jobs
release,1,772085,692,79,5579167,True,"[383, 160, 38, 39]",35,lib/tests/builtin/host-runtime.zy,baseline
release,1,773168,692,79,5287788,True,"[383, 160, 38, 39]",35,lib/tests/builtin/host-runtime.zy,explicit
release,1,783501,692,79,4976331,True,"[383, 160, 38, 39]",35,lib/tests/builtin/host-runtime.zy,recursive
release,1,767291,692,79,4741164,True,"[383, 160, 38, 39]",36,lib/tests/builtin/host-runtime.zy,jobs
release,1,809913,692,79,5807455,True,"[383, 160, 38, 39]",36,lib/tests/builtin/host-runtime.zy,baseline
release,1,849455,692,79,5409458,True,"[383, 160, 38, 39]",36,lib/tests/builtin/host-runtime.zy,explicit
release,1,792746,692,79,5183625,True,"[383, 160, 38, 39]",36,lib/tests/builtin/host-runtime.zy,recursive
release,1,798166,692,79,5246546,True,"[383, 160, 38, 39]",36,lib/tests/builtin/host-runtime.zy,original
release,1,760832,692,79,5533627,True,"[383, 160, 38, 39]",37,lib/tests/builtin/host-runtime.zy,baseline
release,1,754081,692,79,5295456,True,"[383, 160, 38, 39]",37,lib/tests/builtin/host-runtime.zy,explicit
release,1,822209,692,79,5278952,True,"[383, 160, 38, 39]",37,lib/tests/builtin/host-runtime.zy,recursive
release,1,910924,692,79,5575706,True,"[383, 160, 38, 39]",37,lib/tests/builtin/host-runtime.zy,original
release,1,812327,692,79,4913041,True,"[383, 160, 38, 39]",37,lib/tests/builtin/host-runtime.zy,jobs
release,1,806923,692,79,5309335,True,"[383, 160, 38, 39]",38,lib/tests/builtin/host-runtime.zy,explicit
release,1,780710,692,79,5170502,True,"[383, 160, 38, 39]",38,lib/tests/builtin/host-runtime.zy,recursive
release,1,781789,692,79,5274501,True,"[383, 160, 38, 39]",38,lib/tests/builtin/host-runtime.zy,original
release,1,763381,692,79,4779206,True,"[383, 160, 38, 39]",38,lib/tests/builtin/host-runtime.zy,jobs
release,1,782419,692,79,5608959,True,"[383, 160, 38, 39]",38,lib/tests/builtin/host-runtime.zy,baseline
release,1,774333,692,79,5194874,True,"[383, 160, 38, 39]",39,lib/tests/builtin/host-runtime.zy,recursive
release,1,805841,692,79,5310207,True,"[383, 160, 38, 39]",39,lib/tests/builtin/host-runtime.zy,original
release,1,808373,692,79,4862707,True,"[383, 160, 38, 39]",39,lib/tests/builtin/host-runtime.zy,jobs
release,1,764917,692,79,5586295,True,"[383, 160, 38, 39]",39,lib/tests/builtin/host-runtime.zy,baseline
release,1,771082,692,79,5352208,True,"[383, 160, 38, 39]",39,lib/tests/builtin/host-runtime.zy,explicit
release,1,747955,251,160,5043628,False,"[191, 52, 14, 0]",0,lib/tests/delimcc/reset-shift-k.zy,original
release,1,676344,251,160,4449379,False,"[191, 52, 14, 0]",0,lib/tests/delimcc/reset-shift-k.zy,jobs
release,1,755949,251,160,5403495,False,"[191, 52, 14, 0]",0,lib/tests/delimcc/reset-shift-k.zy,baseline
release,1,731329,251,160,5069298,False,"[191, 52, 14, 0]",0,lib/tests/delimcc/reset-shift-k.zy,explicit
release,1,817583,251,160,5786045,False,"[191, 52, 14, 0]",0,lib/tests/delimcc/reset-shift-k.zy,recursive
release,1,760288,251,160,4764628,False,"[191, 52, 14, 0]",1,lib/tests/delimcc/reset-shift-k.zy,jobs
release,1,678213,251,160,5338713,False,"[191, 52, 14, 0]",1,lib/tests/delimcc/reset-shift-k.zy,baseline
release,1,698669,251,160,5119625,False,"[191, 52, 14, 0]",1,lib/tests/delimcc/reset-shift-k.zy,explicit
release,1,701295,251,160,4914457,False,"[191, 52, 14, 0]",1,lib/tests/delimcc/reset-shift-k.zy,recursive
release,1,668128,251,160,4938372,False,"[191, 52, 14, 0]",1,lib/tests/delimcc/reset-shift-k.zy,original
release,1,662092,251,160,5343573,False,"[191, 52, 14, 0]",2,lib/tests/delimcc/reset-shift-k.zy,baseline
release,1,657627,251,160,5039586,False,"[191, 52, 14, 0]",2,lib/tests/delimcc/reset-shift-k.zy,explicit
release,1,706965,251,160,4781873,False,"[191, 52, 14, 0]",2,lib/tests/delimcc/reset-shift-k.zy,recursive
release,1,676168,251,160,4866422,False,"[191, 52, 14, 0]",2,lib/tests/delimcc/reset-shift-k.zy,original
release,1,662834,251,160,4423044,False,"[191, 52, 14, 0]",2,lib/tests/delimcc/reset-shift-k.zy,jobs
release,1,677545,251,160,4968336,False,"[191, 52, 14, 0]",3,lib/tests/delimcc/reset-shift-k.zy,explicit
release,1,673505,251,160,4852126,False,"[191, 52, 14, 0]",3,lib/tests/delimcc/reset-shift-k.zy,recursive
release,1,673754,251,160,4903910,False,"[191, 52, 14, 0]",3,lib/tests/delimcc/reset-shift-k.zy,original
release,1,655630,251,160,4412083,False,"[191, 52, 14, 0]",3,lib/tests/delimcc/reset-shift-k.zy,jobs
release,1,668803,251,160,5386870,False,"[191, 52, 14, 0]",3,lib/tests/delimcc/reset-shift-k.zy,baseline
release,1,659627,251,160,4822115,False,"[191, 52, 14, 0]",4,lib/tests/delimcc/reset-shift-k.zy,recursive
release,1,667463,251,160,4853712,False,"[191, 52, 14, 0]",4,lib/tests/delimcc/reset-shift-k.zy,original
release,1,694537,251,160,4462337,False,"[191, 52, 14, 0]",4,lib/tests/delimcc/reset-shift-k.zy,jobs
release,1,669167,251,160,5251665,False,"[191, 52, 14, 0]",4,lib/tests/delimcc/reset-shift-k.zy,baseline
release,1,643325,251,160,4997370,False,"[191, 52, 14, 0]",4,lib/tests/delimcc/reset-shift-k.zy,explicit
release,1,673459,251,160,4906919,False,"[191, 52, 14, 0]",5,lib/tests/delimcc/reset-shift-k.zy,original
release,1,705755,251,160,4400538,False,"[191, 52, 14, 0]",5,lib/tests/delimcc/reset-shift-k.zy,jobs
release,1,682752,251,160,5306794,False,"[191, 52, 14, 0]",5,lib/tests/delimcc/reset-shift-k.zy,baseline
release,1,689412,251,160,4949996,False,"[191, 52, 14, 0]",5,lib/tests/delimcc/reset-shift-k.zy,explicit
release,1,653845,251,160,4753132,False,"[191, 52, 14, 0]",5,lib/tests/delimcc/reset-shift-k.zy,recursive
release,1,689084,251,160,4374591,False,"[191, 52, 14, 0]",6,lib/tests/delimcc/reset-shift-k.zy,jobs
release,1,681921,251,160,5364669,False,"[191, 52, 14, 0]",6,lib/tests/delimcc/reset-shift-k.zy,baseline
release,1,646800,251,160,4982919,False,"[191, 52, 14, 0]",6,lib/tests/delimcc/reset-shift-k.zy,explicit
release,1,668075,251,160,4800787,False,"[191, 52, 14, 0]",6,lib/tests/delimcc/reset-shift-k.zy,recursive
release,1,652093,251,160,4886241,False,"[191, 52, 14, 0]",6,lib/tests/delimcc/reset-shift-k.zy,original
release,1,674129,251,160,5307034,False,"[191, 52, 14, 0]",7,lib/tests/delimcc/reset-shift-k.zy,baseline
release,1,683953,251,160,5070381,False,"[191, 52, 14, 0]",7,lib/tests/delimcc/reset-shift-k.zy,explicit
release,1,693337,251,160,4782785,False,"[191, 52, 14, 0]",7,lib/tests/delimcc/reset-shift-k.zy,recursive
release,1,690371,251,160,4885047,False,"[191, 52, 14, 0]",7,lib/tests/delimcc/reset-shift-k.zy,original
release,1,678503,251,160,4496503,False,"[191, 52, 14, 0]",7,lib/tests/delimcc/reset-shift-k.zy,jobs
release,1,682828,251,160,5305298,False,"[191, 52, 14, 0]",8,lib/tests/delimcc/reset-shift-k.zy,explicit
release,1,646580,251,160,4778123,False,"[191, 52, 14, 0]",8,lib/tests/delimcc/reset-shift-k.zy,recursive
release,1,638625,251,160,4837420,False,"[191, 52, 14, 0]",8,lib/tests/delimcc/reset-shift-k.zy,original
release,1,680368,251,160,4419920,False,"[191, 52, 14, 0]",8,lib/tests/delimcc/reset-shift-k.zy,jobs
release,1,719631,251,160,5270623,False,"[191, 52, 14, 0]",8,lib/tests/delimcc/reset-shift-k.zy,baseline
release,1,688337,251,160,4838826,False,"[191, 52, 14, 0]",9,lib/tests/delimcc/reset-shift-k.zy,recursive
release,1,688669,251,160,4935003,False,"[191, 52, 14, 0]",9,lib/tests/delimcc/reset-shift-k.zy,original
release,1,694459,251,160,4399738,False,"[191, 52, 14, 0]",9,lib/tests/delimcc/reset-shift-k.zy,jobs
release,1,684328,251,160,5301306,False,"[191, 52, 14, 0]",9,lib/tests/delimcc/reset-shift-k.zy,baseline
release,1,685406,251,160,5016871,False,"[191, 52, 14, 0]",9,lib/tests/delimcc/reset-shift-k.zy,explicit
release,1,679629,251,160,4910701,False,"[191, 52, 14, 0]",10,lib/tests/delimcc/reset-shift-k.zy,original
release,1,719619,251,160,4511713,False,"[191, 52, 14, 0]",10,lib/tests/delimcc/reset-shift-k.zy,jobs
release,1,687665,251,160,5352132,False,"[191, 52, 14, 0]",10,lib/tests/delimcc/reset-shift-k.zy,baseline
release,1,664296,251,160,5089748,False,"[191, 52, 14, 0]",10,lib/tests/delimcc/reset-shift-k.zy,explicit
release,1,656951,251,160,4784128,False,"[191, 52, 14, 0]",10,lib/tests/delimcc/reset-shift-k.zy,recursive
release,1,671035,251,160,4402079,False,"[191, 52, 14, 0]",11,lib/tests/delimcc/reset-shift-k.zy,jobs
release,1,682583,251,160,5281463,False,"[191, 52, 14, 0]",11,lib/tests/delimcc/reset-shift-k.zy,baseline
release,1,708014,251,160,4973611,False,"[191, 52, 14, 0]",11,lib/tests/delimcc/reset-shift-k.zy,explicit
release,1,713596,251,160,4878242,False,"[191, 52, 14, 0]",11,lib/tests/delimcc/reset-shift-k.zy,recursive
release,1,667251,251,160,4950713,False,"[191, 52, 14, 0]",11,lib/tests/delimcc/reset-shift-k.zy,original
release,1,677046,251,160,5312880,False,"[191, 52, 14, 0]",12,lib/tests/delimcc/reset-shift-k.zy,baseline
release,1,640252,251,160,4931037,False,"[191, 52, 14, 0]",12,lib/tests/delimcc/reset-shift-k.zy,explicit
release,1,653712,251,160,4765871,False,"[191, 52, 14, 0]",12,lib/tests/delimcc/reset-shift-k.zy,recursive
release,1,677457,251,160,4894662,False,"[191, 52, 14, 0]",12,lib/tests/delimcc/reset-shift-k.zy,original
release,1,676538,251,160,4409666,False,"[191, 52, 14, 0]",12,lib/tests/delimcc/reset-shift-k.zy,jobs
release,1,672117,251,160,4950881,False,"[191, 52, 14, 0]",13,lib/tests/delimcc/reset-shift-k.zy,explicit
release,1,662541,251,160,4818001,False,"[191, 52, 14, 0]",13,lib/tests/delimcc/reset-shift-k.zy,recursive
release,1,665197,251,160,4888542,False,"[191, 52, 14, 0]",13,lib/tests/delimcc/reset-shift-k.zy,original
release,1,746951,251,160,4457285,False,"[191, 52, 14, 0]",13,lib/tests/delimcc/reset-shift-k.zy,jobs
release,1,661335,251,160,5252587,False,"[191, 52, 14, 0]",13,lib/tests/delimcc/reset-shift-k.zy,baseline
release,1,665033,251,160,4822302,False,"[191, 52, 14, 0]",14,lib/tests/delimcc/reset-shift-k.zy,recursive
release,1,661332,251,160,4885044,False,"[191, 52, 14, 0]",14,lib/tests/delimcc/reset-shift-k.zy,original
release,1,802255,251,160,4527043,False,"[191, 52, 14, 0]",14,lib/tests/delimcc/reset-shift-k.zy,jobs
release,1,684834,251,160,5370008,False,"[191, 52, 14, 0]",14,lib/tests/delimcc/reset-shift-k.zy,baseline
release,1,659247,251,160,5039473,False,"[191, 52, 14, 0]",14,lib/tests/delimcc/reset-shift-k.zy,explicit
release,1,798409,251,160,5044754,False,"[191, 52, 14, 0]",15,lib/tests/delimcc/reset-shift-k.zy,original
release,1,706297,251,160,4353323,False,"[191, 52, 14, 0]",15,lib/tests/delimcc/reset-shift-k.zy,jobs
release,1,666207,251,160,5323661,False,"[191, 52, 14, 0]",15,lib/tests/delimcc/reset-shift-k.zy,baseline
release,1,674631,251,160,5071832,False,"[191, 52, 14, 0]",15,lib/tests/delimcc/reset-shift-k.zy,explicit
release,1,675460,251,160,4851495,False,"[191, 52, 14, 0]",15,lib/tests/delimcc/reset-shift-k.zy,recursive
release,1,666875,251,160,4420961,False,"[191, 52, 14, 0]",16,lib/tests/delimcc/reset-shift-k.zy,jobs
release,1,679168,251,160,5364419,False,"[191, 52, 14, 0]",16,lib/tests/delimcc/reset-shift-k.zy,baseline
release,1,702206,251,160,5085706,False,"[191, 52, 14, 0]",16,lib/tests/delimcc/reset-shift-k.zy,explicit
release,1,683917,251,160,4804827,False,"[191, 52, 14, 0]",16,lib/tests/delimcc/reset-shift-k.zy,recursive
release,1,724876,251,160,4989999,False,"[191, 52, 14, 0]",16,lib/tests/delimcc/reset-shift-k.zy,original
release,1,682374,251,160,5333255,False,"[191, 52, 14, 0]",17,lib/tests/delimcc/reset-shift-k.zy,baseline
release,1,671216,251,160,5064664,False,"[191, 52, 14, 0]",17,lib/tests/delimcc/reset-shift-k.zy,explicit
release,1,675040,251,160,4838002,False,"[191, 52, 14, 0]",17,lib/tests/delimcc/reset-shift-k.zy,recursive
release,1,671082,251,160,4941213,False,"[191, 52, 14, 0]",17,lib/tests/delimcc/reset-shift-k.zy,original
release,1,658917,251,160,4347865,False,"[191, 52, 14, 0]",17,lib/tests/delimcc/reset-shift-k.zy,jobs
release,1,658415,251,160,5003051,False,"[191, 52, 14, 0]",18,lib/tests/delimcc/reset-shift-k.zy,explicit
release,1,685250,251,160,4807792,False,"[191, 52, 14, 0]",18,lib/tests/delimcc/reset-shift-k.zy,recursive
release,1,660379,251,160,4879252,False,"[191, 52, 14, 0]",18,lib/tests/delimcc/reset-shift-k.zy,original
release,1,666121,251,160,4420962,False,"[191, 52, 14, 0]",18,lib/tests/delimcc/reset-shift-k.zy,jobs
release,1,663250,251,160,5281542,False,"[191, 52, 14, 0]",18,lib/tests/delimcc/reset-shift-k.zy,baseline
release,1,666251,251,160,4795708,False,"[191, 52, 14, 0]",19,lib/tests/delimcc/reset-shift-k.zy,recursive
release,1,683713,251,160,4941296,False,"[191, 52, 14, 0]",19,lib/tests/delimcc/reset-shift-k.zy,original
release,1,668127,251,160,4418323,False,"[191, 52, 14, 0]",19,lib/tests/delimcc/reset-shift-k.zy,jobs
release,1,667247,251,160,5325163,False,"[191, 52, 14, 0]",19,lib/tests/delimcc/reset-shift-k.zy,baseline
release,1,672925,251,160,5011497,False,"[191, 52, 14, 0]",19,lib/tests/delimcc/reset-shift-k.zy,explicit
release,1,687877,251,160,4953925,False,"[191, 52, 14, 0]",20,lib/tests/delimcc/reset-shift-k.zy,original
release,1,678289,251,160,4430793,False,"[191, 52, 14, 0]",20,lib/tests/delimcc/reset-shift-k.zy,jobs
release,1,675496,251,160,5333045,False,"[191, 52, 14, 0]",20,lib/tests/delimcc/reset-shift-k.zy,baseline
release,1,739457,251,160,5009744,False,"[191, 52, 14, 0]",20,lib/tests/delimcc/reset-shift-k.zy,explicit
release,1,711206,251,160,4814044,False,"[191, 52, 14, 0]",20,lib/tests/delimcc/reset-shift-k.zy,recursive
release,1,699286,251,160,4479879,False,"[191, 52, 14, 0]",21,lib/tests/delimcc/reset-shift-k.zy,jobs
release,1,663333,251,160,5239372,False,"[191, 52, 14, 0]",21,lib/tests/delimcc/reset-shift-k.zy,baseline
release,1,648623,251,160,5077541,False,"[191, 52, 14, 0]",21,lib/tests/delimcc/reset-shift-k.zy,explicit
release,1,653219,251,160,4865211,False,"[191, 52, 14, 0]",21,lib/tests/delimcc/reset-shift-k.zy,recursive
release,1,683078,251,160,4875704,False,"[191, 52, 14, 0]",21,lib/tests/delimcc/reset-shift-k.zy,original
release,1,677752,251,160,5310042,False,"[191, 52, 14, 0]",22,lib/tests/delimcc/reset-shift-k.zy,baseline
release,1,651087,251,160,4972632,False,"[191, 52, 14, 0]",22,lib/tests/delimcc/reset-shift-k.zy,explicit
release,1,657243,251,160,4816247,False,"[191, 52, 14, 0]",22,lib/tests/delimcc/reset-shift-k.zy,recursive
release,1,665322,251,160,4862212,False,"[191, 52, 14, 0]",22,lib/tests/delimcc/reset-shift-k.zy,original
release,1,687206,251,160,4360616,False,"[191, 52, 14, 0]",22,lib/tests/delimcc/reset-shift-k.zy,jobs
release,1,691916,251,160,4974544,False,"[191, 52, 14, 0]",23,lib/tests/delimcc/reset-shift-k.zy,explicit
release,1,649164,251,160,4884874,False,"[191, 52, 14, 0]",23,lib/tests/delimcc/reset-shift-k.zy,recursive
release,1,657962,251,160,4929000,False,"[191, 52, 14, 0]",23,lib/tests/delimcc/reset-shift-k.zy,original
release,1,651375,251,160,4417925,False,"[191, 52, 14, 0]",23,lib/tests/delimcc/reset-shift-k.zy,jobs
release,1,664032,251,160,5294297,False,"[191, 52, 14, 0]",23,lib/tests/delimcc/reset-shift-k.zy,baseline
release,1,643751,251,160,4718744,False,"[191, 52, 14, 0]",24,lib/tests/delimcc/reset-shift-k.zy,recursive
release,1,649293,251,160,4805238,False,"[191, 52, 14, 0]",24,lib/tests/delimcc/reset-shift-k.zy,original
release,1,667583,251,160,4422253,False,"[191, 52, 14, 0]",24,lib/tests/delimcc/reset-shift-k.zy,jobs
release,1,692494,251,160,5284833,False,"[191, 52, 14, 0]",24,lib/tests/delimcc/reset-shift-k.zy,baseline
release,1,680957,251,160,5024955,False,"[191, 52, 14, 0]",24,lib/tests/delimcc/reset-shift-k.zy,explicit
release,1,688864,251,160,4900129,False,"[191, 52, 14, 0]",25,lib/tests/delimcc/reset-shift-k.zy,original
release,1,666254,251,160,4437463,False,"[191, 52, 14, 0]",25,lib/tests/delimcc/reset-shift-k.zy,jobs
release,1,721533,251,160,5240253,False,"[191, 52, 14, 0]",25,lib/tests/delimcc/reset-shift-k.zy,baseline
release,1,745840,251,160,5033212,False,"[191, 52, 14, 0]",25,lib/tests/delimcc/reset-shift-k.zy,explicit
release,1,763172,251,160,4735880,False,"[191, 52, 14, 0]",25,lib/tests/delimcc/reset-shift-k.zy,recursive
release,1,772539,251,160,4452659,False,"[191, 52, 14, 0]",26,lib/tests/delimcc/reset-shift-k.zy,jobs
release,1,729420,251,160,5270123,False,"[191, 52, 14, 0]",26,lib/tests/delimcc/reset-shift-k.zy,baseline
release,1,676669,251,160,5042041,False,"[191, 52, 14, 0]",26,lib/tests/delimcc/reset-shift-k.zy,explicit
release,1,659668,251,160,4900664,False,"[191, 52, 14, 0]",26,lib/tests/delimcc/reset-shift-k.zy,recursive
release,1,671128,251,160,4866789,False,"[191, 52, 14, 0]",26,lib/tests/delimcc/reset-shift-k.zy,original
release,1,682916,251,160,5313958,False,"[191, 52, 14, 0]",27,lib/tests/delimcc/reset-shift-k.zy,baseline
release,1,678213,251,160,5018514,False,"[191, 52, 14, 0]",27,lib/tests/delimcc/reset-shift-k.zy,explicit
release,1,658294,251,160,4816915,False,"[191, 52, 14, 0]",27,lib/tests/delimcc/reset-shift-k.zy,recursive
release,1,651991,251,160,4866508,False,"[191, 52, 14, 0]",27,lib/tests/delimcc/reset-shift-k.zy,original
release,1,646412,251,160,4394627,False,"[191, 52, 14, 0]",27,lib/tests/delimcc/reset-shift-k.zy,jobs
release,1,658787,251,160,4994422,False,"[191, 52, 14, 0]",28,lib/tests/delimcc/reset-shift-k.zy,explicit
release,1,674580,251,160,4719374,False,"[191, 52, 14, 0]",28,lib/tests/delimcc/reset-shift-k.zy,recursive
release,1,713374,251,160,4876014,False,"[191, 52, 14, 0]",28,lib/tests/delimcc/reset-shift-k.zy,original
release,1,668090,251,160,4409743,False,"[191, 52, 14, 0]",28,lib/tests/delimcc/reset-shift-k.zy,jobs
release,1,698663,251,160,5262004,False,"[191, 52, 14, 0]",28,lib/tests/delimcc/reset-shift-k.zy,baseline
release,1,704406,251,160,4866126,False,"[191, 52, 14, 0]",29,lib/tests/delimcc/reset-shift-k.zy,recursive
release,1,708675,251,160,4991252,False,"[191, 52, 14, 0]",29,lib/tests/delimcc/reset-shift-k.zy,original
release,1,667170,251,160,4370746,False,"[191, 52, 14, 0]",29,lib/tests/delimcc/reset-shift-k.zy,jobs
release,1,692167,251,160,5259457,False,"[191, 52, 14, 0]",29,lib/tests/delimcc/reset-shift-k.zy,baseline
release,1,694669,251,160,5032079,False,"[191, 52, 14, 0]",29,lib/tests/delimcc/reset-shift-k.zy,explicit
release,1,672126,251,160,4827578,False,"[191, 52, 14, 0]",30,lib/tests/delimcc/reset-shift-k.zy,original
release,1,665458,251,160,4363961,False,"[191, 52, 14, 0]",30,lib/tests/delimcc/reset-shift-k.zy,jobs
release,1,665123,251,160,5180784,False,"[191, 52, 14, 0]",30,lib/tests/delimcc/reset-shift-k.zy,baseline
release,1,656493,251,160,5041505,False,"[191, 52, 14, 0]",30,lib/tests/delimcc/reset-shift-k.zy,explicit
release,1,690921,251,160,4919209,False,"[191, 52, 14, 0]",30,lib/tests/delimcc/reset-shift-k.zy,recursive
release,1,657956,251,160,4355827,False,"[191, 52, 14, 0]",31,lib/tests/delimcc/reset-shift-k.zy,jobs
release,1,668036,251,160,5307457,False,"[191, 52, 14, 0]",31,lib/tests/delimcc/reset-shift-k.zy,baseline
release,1,668593,251,160,5009085,False,"[191, 52, 14, 0]",31,lib/tests/delimcc/reset-shift-k.zy,explicit
release,1,667705,251,160,4852286,False,"[191, 52, 14, 0]",31,lib/tests/delimcc/reset-shift-k.zy,recursive
release,1,678618,251,160,4861792,False,"[191, 52, 14, 0]",31,lib/tests/delimcc/reset-shift-k.zy,original
release,1,665116,251,160,5399633,False,"[191, 52, 14, 0]",32,lib/tests/delimcc/reset-shift-k.zy,baseline
release,1,660323,251,160,5131913,False,"[191, 52, 14, 0]",32,lib/tests/delimcc/reset-shift-k.zy,explicit
release,1,669381,251,160,4875915,False,"[191, 52, 14, 0]",32,lib/tests/delimcc/reset-shift-k.zy,recursive
release,1,689964,251,160,4931910,False,"[191, 52, 14, 0]",32,lib/tests/delimcc/reset-shift-k.zy,original
release,1,693747,251,160,4488882,False,"[191, 52, 14, 0]",32,lib/tests/delimcc/reset-shift-k.zy,jobs
release,1,667131,251,160,4992086,False,"[191, 52, 14, 0]",33,lib/tests/delimcc/reset-shift-k.zy,explicit
release,1,680630,251,160,4770791,False,"[191, 52, 14, 0]",33,lib/tests/delimcc/reset-shift-k.zy,recursive
release,1,650287,251,160,4793588,False,"[191, 52, 14, 0]",33,lib/tests/delimcc/reset-shift-k.zy,original
release,1,666383,251,160,4475877,False,"[191, 52, 14, 0]",33,lib/tests/delimcc/reset-shift-k.zy,jobs
release,1,669580,251,160,5409993,False,"[191, 52, 14, 0]",33,lib/tests/delimcc/reset-shift-k.zy,baseline
release,1,634619,251,160,4755544,False,"[191, 52, 14, 0]",34,lib/tests/delimcc/reset-shift-k.zy,recursive
release,1,647587,251,160,4914334,False,"[191, 52, 14, 0]",34,lib/tests/delimcc/reset-shift-k.zy,original
release,1,660548,251,160,4440796,False,"[191, 52, 14, 0]",34,lib/tests/delimcc/reset-shift-k.zy,jobs
release,1,677618,251,160,5308089,False,"[191, 52, 14, 0]",34,lib/tests/delimcc/reset-shift-k.zy,baseline
release,1,657250,251,160,5031495,False,"[191, 52, 14, 0]",34,lib/tests/delimcc/reset-shift-k.zy,explicit
release,1,633085,251,160,4791548,False,"[191, 52, 14, 0]",35,lib/tests/delimcc/reset-shift-k.zy,original
release,1,652211,251,160,4359122,False,"[191, 52, 14, 0]",35,lib/tests/delimcc/reset-shift-k.zy,jobs
release,1,710661,251,160,5343381,False,"[191, 52, 14, 0]",35,lib/tests/delimcc/reset-shift-k.zy,baseline
release,1,732003,251,160,4993090,False,"[191, 52, 14, 0]",35,lib/tests/delimcc/reset-shift-k.zy,explicit
release,1,707832,251,160,4836132,False,"[191, 52, 14, 0]",35,lib/tests/delimcc/reset-shift-k.zy,recursive
release,1,671122,251,160,4431755,False,"[191, 52, 14, 0]",36,lib/tests/delimcc/reset-shift-k.zy,jobs
release,1,642700,251,160,5240826,False,"[191, 52, 14, 0]",36,lib/tests/delimcc/reset-shift-k.zy,baseline
release,1,638702,251,160,4956212,False,"[191, 52, 14, 0]",36,lib/tests/delimcc/reset-shift-k.zy,explicit
release,1,701714,251,160,4727501,False,"[191, 52, 14, 0]",36,lib/tests/delimcc/reset-shift-k.zy,recursive
release,1,673580,251,160,4876169,False,"[191, 52, 14, 0]",36,lib/tests/delimcc/reset-shift-k.zy,original
release,1,640124,251,160,5216423,False,"[191, 52, 14, 0]",37,lib/tests/delimcc/reset-shift-k.zy,baseline
release,1,666580,251,160,5007918,False,"[191, 52, 14, 0]",37,lib/tests/delimcc/reset-shift-k.zy,explicit
release,1,672344,251,160,4864036,False,"[191, 52, 14, 0]",37,lib/tests/delimcc/reset-shift-k.zy,recursive
release,1,671876,251,160,4940421,False,"[191, 52, 14, 0]",37,lib/tests/delimcc/reset-shift-k.zy,original
release,1,637043,251,160,4412126,False,"[191, 52, 14, 0]",37,lib/tests/delimcc/reset-shift-k.zy,jobs
release,1,664247,251,160,4933911,False,"[191, 52, 14, 0]",38,lib/tests/delimcc/reset-shift-k.zy,explicit
release,1,669172,251,160,4826750,False,"[191, 52, 14, 0]",38,lib/tests/delimcc/reset-shift-k.zy,recursive
release,1,648877,251,160,4788791,False,"[191, 52, 14, 0]",38,lib/tests/delimcc/reset-shift-k.zy,original
release,1,623071,251,160,4282118,False,"[191, 52, 14, 0]",38,lib/tests/delimcc/reset-shift-k.zy,jobs
release,1,645461,251,160,5239787,False,"[191, 52, 14, 0]",38,lib/tests/delimcc/reset-shift-k.zy,baseline
release,1,683284,251,160,4832458,False,"[191, 52, 14, 0]",39,lib/tests/delimcc/reset-shift-k.zy,recursive
release,1,660757,251,160,4830079,False,"[191, 52, 14, 0]",39,lib/tests/delimcc/reset-shift-k.zy,original
release,1,648334,251,160,4343338,False,"[191, 52, 14, 0]",39,lib/tests/delimcc/reset-shift-k.zy,jobs
release,1,641042,251,160,5326782,False,"[191, 52, 14, 0]",39,lib/tests/delimcc/reset-shift-k.zy,baseline
release,1,640461,251,160,4887624,False,"[191, 52, 14, 0]",39,lib/tests/delimcc/reset-shift-k.zy,explicit
release,1,696250,251,161,4696296,True,"[184, 51, 14, 13]",0,lib/tests/delimcc/reset-shift-k.zy,original
release,1,683120,251,161,4317881,True,"[184, 51, 14, 13]",0,lib/tests/delimcc/reset-shift-k.zy,jobs
release,1,695041,251,161,5128046,True,"[184, 51, 14, 13]",0,lib/tests/delimcc/reset-shift-k.zy,baseline
release,1,649584,251,161,4882053,True,"[184, 51, 14, 13]",0,lib/tests/delimcc/reset-shift-k.zy,explicit
release,1,694990,251,161,4631586,True,"[184, 51, 14, 13]",0,lib/tests/delimcc/reset-shift-k.zy,recursive
release,1,678053,251,161,4335075,True,"[184, 51, 14, 13]",1,lib/tests/delimcc/reset-shift-k.zy,jobs
release,1,683045,251,161,5192500,True,"[184, 51, 14, 13]",1,lib/tests/delimcc/reset-shift-k.zy,baseline
release,1,651241,251,161,4804746,True,"[184, 51, 14, 13]",1,lib/tests/delimcc/reset-shift-k.zy,explicit
release,1,695873,251,161,4706837,True,"[184, 51, 14, 13]",1,lib/tests/delimcc/reset-shift-k.zy,recursive
release,1,659745,251,161,4785125,True,"[184, 51, 14, 13]",1,lib/tests/delimcc/reset-shift-k.zy,original
release,1,701635,251,161,5094377,True,"[184, 51, 14, 13]",2,lib/tests/delimcc/reset-shift-k.zy,baseline
release,1,637042,251,161,4875124,True,"[184, 51, 14, 13]",2,lib/tests/delimcc/reset-shift-k.zy,explicit
release,1,629625,251,161,4689127,True,"[184, 51, 14, 13]",2,lib/tests/delimcc/reset-shift-k.zy,recursive
release,1,634914,251,161,4733835,True,"[184, 51, 14, 13]",2,lib/tests/delimcc/reset-shift-k.zy,original
release,1,653210,251,161,4268009,True,"[184, 51, 14, 13]",2,lib/tests/delimcc/reset-shift-k.zy,jobs
release,1,650424,251,161,4835841,True,"[184, 51, 14, 13]",3,lib/tests/delimcc/reset-shift-k.zy,explicit
release,1,656833,251,161,4679417,True,"[184, 51, 14, 13]",3,lib/tests/delimcc/reset-shift-k.zy,recursive
release,1,701821,251,161,4702451,True,"[184, 51, 14, 13]",3,lib/tests/delimcc/reset-shift-k.zy,original
release,1,723425,251,161,4320913,True,"[184, 51, 14, 13]",3,lib/tests/delimcc/reset-shift-k.zy,jobs
release,1,665009,251,161,5245299,True,"[184, 51, 14, 13]",3,lib/tests/delimcc/reset-shift-k.zy,baseline
release,1,646123,251,161,4641965,True,"[184, 51, 14, 13]",4,lib/tests/delimcc/reset-shift-k.zy,recursive
release,1,653214,251,161,4795673,True,"[184, 51, 14, 13]",4,lib/tests/delimcc/reset-shift-k.zy,original
release,1,645838,251,161,4362960,True,"[184, 51, 14, 13]",4,lib/tests/delimcc/reset-shift-k.zy,jobs
release,1,651377,251,161,5076668,True,"[184, 51, 14, 13]",4,lib/tests/delimcc/reset-shift-k.zy,baseline
release,1,664173,251,161,4819201,True,"[184, 51, 14, 13]",4,lib/tests/delimcc/reset-shift-k.zy,explicit
release,1,693292,251,161,4822327,True,"[184, 51, 14, 13]",5,lib/tests/delimcc/reset-shift-k.zy,original
release,1,691332,251,161,4359629,True,"[184, 51, 14, 13]",5,lib/tests/delimcc/reset-shift-k.zy,jobs
release,1,677668,251,161,5203462,True,"[184, 51, 14, 13]",5,lib/tests/delimcc/reset-shift-k.zy,baseline
release,1,653507,251,161,4888086,True,"[184, 51, 14, 13]",5,lib/tests/delimcc/reset-shift-k.zy,explicit
release,1,673905,251,161,4736962,True,"[184, 51, 14, 13]",5,lib/tests/delimcc/reset-shift-k.zy,recursive
release,1,634552,251,161,4272989,True,"[184, 51, 14, 13]",6,lib/tests/delimcc/reset-shift-k.zy,jobs
release,1,692121,251,161,5262922,True,"[184, 51, 14, 13]",6,lib/tests/delimcc/reset-shift-k.zy,baseline
release,1,638300,251,161,4883453,True,"[184, 51, 14, 13]",6,lib/tests/delimcc/reset-shift-k.zy,explicit
release,1,695081,251,161,4717581,True,"[184, 51, 14, 13]",6,lib/tests/delimcc/reset-shift-k.zy,recursive
release,1,673462,251,161,4788456,True,"[184, 51, 14, 13]",6,lib/tests/delimcc/reset-shift-k.zy,original
release,1,660327,251,161,5191880,True,"[184, 51, 14, 13]",7,lib/tests/delimcc/reset-shift-k.zy,baseline
release,1,639873,251,161,4880122,True,"[184, 51, 14, 13]",7,lib/tests/delimcc/reset-shift-k.zy,explicit
release,1,697221,251,161,4772747,True,"[184, 51, 14, 13]",7,lib/tests/delimcc/reset-shift-k.zy,recursive
release,1,665872,251,161,4783837,True,"[184, 51, 14, 13]",7,lib/tests/delimcc/reset-shift-k.zy,original
release,1,659288,251,161,4333586,True,"[184, 51, 14, 13]",7,lib/tests/delimcc/reset-shift-k.zy,jobs
release,1,645129,251,161,4887336,True,"[184, 51, 14, 13]",8,lib/tests/delimcc/reset-shift-k.zy,explicit
release,1,644337,251,161,4714785,True,"[184, 51, 14, 13]",8,lib/tests/delimcc/reset-shift-k.zy,recursive
release,1,638787,251,161,4776287,True,"[184, 51, 14, 13]",8,lib/tests/delimcc/reset-shift-k.zy,original
release,1,638827,251,161,4308171,True,"[184, 51, 14, 13]",8,lib/tests/delimcc/reset-shift-k.zy,jobs
release,1,658329,251,161,5293129,True,"[184, 51, 14, 13]",8,lib/tests/delimcc/reset-shift-k.zy,baseline
release,1,651864,251,161,4711546,True,"[184, 51, 14, 13]",9,lib/tests/delimcc/reset-shift-k.zy,recursive
release,1,646996,251,161,4766253,True,"[184, 51, 14, 13]",9,lib/tests/delimcc/reset-shift-k.zy,original
release,1,644750,251,161,4316042,True,"[184, 51, 14, 13]",9,lib/tests/delimcc/reset-shift-k.zy,jobs
release,1,642126,251,161,5193005,True,"[184, 51, 14, 13]",9,lib/tests/delimcc/reset-shift-k.zy,baseline
release,1,668500,251,161,4973172,True,"[184, 51, 14, 13]",9,lib/tests/delimcc/reset-shift-k.zy,explicit
release,1,659541,251,161,4774541,True,"[184, 51, 14, 13]",10,lib/tests/delimcc/reset-shift-k.zy,original
release,1,672459,251,161,4338118,True,"[184, 51, 14, 13]",10,lib/tests/delimcc/reset-shift-k.zy,jobs
release,1,709879,251,161,5201631,True,"[184, 51, 14, 13]",10,lib/tests/delimcc/reset-shift-k.zy,baseline
release,1,693884,251,161,4996585,True,"[184, 51, 14, 13]",10,lib/tests/delimcc/reset-shift-k.zy,explicit
release,1,704902,251,161,4909832,True,"[184, 51, 14, 13]",10,lib/tests/delimcc/reset-shift-k.zy,recursive
release,1,693419,251,161,4343037,True,"[184, 51, 14, 13]",11,lib/tests/delimcc/reset-shift-k.zy,jobs
release,1,697954,251,161,5236080,True,"[184, 51, 14, 13]",11,lib/tests/delimcc/reset-shift-k.zy,baseline
release,1,716160,251,161,5013250,True,"[184, 51, 14, 13]",11,lib/tests/delimcc/reset-shift-k.zy,explicit
release,1,661828,251,161,4770623,True,"[184, 51, 14, 13]",11,lib/tests/delimcc/reset-shift-k.zy,recursive
release,1,647290,251,161,4809828,True,"[184, 51, 14, 13]",11,lib/tests/delimcc/reset-shift-k.zy,original
release,1,713211,251,161,5284290,True,"[184, 51, 14, 13]",12,lib/tests/delimcc/reset-shift-k.zy,baseline
release,1,659253,251,161,5018040,True,"[184, 51, 14, 13]",12,lib/tests/delimcc/reset-shift-k.zy,explicit
release,1,768005,251,161,4744127,True,"[184, 51, 14, 13]",12,lib/tests/delimcc/reset-shift-k.zy,recursive
release,1,768623,251,161,4919957,True,"[184, 51, 14, 13]",12,lib/tests/delimcc/reset-shift-k.zy,original
release,1,738708,251,161,4501424,True,"[184, 51, 14, 13]",12,lib/tests/delimcc/reset-shift-k.zy,jobs
release,1,659290,251,161,4887300,True,"[184, 51, 14, 13]",13,lib/tests/delimcc/reset-shift-k.zy,explicit
release,1,752297,251,161,4908995,True,"[184, 51, 14, 13]",13,lib/tests/delimcc/reset-shift-k.zy,recursive
release,1,745127,251,161,4928208,True,"[184, 51, 14, 13]",13,lib/tests/delimcc/reset-shift-k.zy,original
release,1,739412,251,161,4388130,True,"[184, 51, 14, 13]",13,lib/tests/delimcc/reset-shift-k.zy,jobs
release,1,664702,251,161,5178166,True,"[184, 51, 14, 13]",13,lib/tests/delimcc/reset-shift-k.zy,baseline
release,1,666871,251,161,4733590,True,"[184, 51, 14, 13]",14,lib/tests/delimcc/reset-shift-k.zy,recursive
release,1,654088,251,161,4751001,True,"[184, 51, 14, 13]",14,lib/tests/delimcc/reset-shift-k.zy,original
release,1,768033,251,161,4448710,True,"[184, 51, 14, 13]",14,lib/tests/delimcc/reset-shift-k.zy,jobs
release,1,673295,251,161,5229130,True,"[184, 51, 14, 13]",14,lib/tests/delimcc/reset-shift-k.zy,baseline
release,1,696830,251,161,5066248,True,"[184, 51, 14, 13]",14,lib/tests/delimcc/reset-shift-k.zy,explicit
release,1,702168,251,161,4852922,True,"[184, 51, 14, 13]",15,lib/tests/delimcc/reset-shift-k.zy,original
release,1,791915,251,161,4537628,True,"[184, 51, 14, 13]",15,lib/tests/delimcc/reset-shift-k.zy,jobs
release,1,797410,251,161,5308294,True,"[184, 51, 14, 13]",15,lib/tests/delimcc/reset-shift-k.zy,baseline
release,1,728744,251,161,5033369,True,"[184, 51, 14, 13]",15,lib/tests/delimcc/reset-shift-k.zy,explicit
release,1,676917,251,161,4698626,True,"[184, 51, 14, 13]",15,lib/tests/delimcc/reset-shift-k.zy,recursive
release,1,672447,251,161,4350885,True,"[184, 51, 14, 13]",16,lib/tests/delimcc/reset-shift-k.zy,jobs
release,1,708046,251,161,5248506,True,"[184, 51, 14, 13]",16,lib/tests/delimcc/reset-shift-k.zy,baseline
release,1,708707,251,161,4927584,True,"[184, 51, 14, 13]",16,lib/tests/delimcc/reset-shift-k.zy,explicit
release,1,662911,251,161,4733872,True,"[184, 51, 14, 13]",16,lib/tests/delimcc/reset-shift-k.zy,recursive
release,1,677203,251,161,4779249,True,"[184, 51, 14, 13]",16,lib/tests/delimcc/reset-shift-k.zy,original
release,1,678002,251,161,5225081,True,"[184, 51, 14, 13]",17,lib/tests/delimcc/reset-shift-k.zy,baseline
release,1,678670,251,161,4790499,True,"[184, 51, 14, 13]",17,lib/tests/delimcc/reset-shift-k.zy,explicit
release,1,679830,251,161,4751836,True,"[184, 51, 14, 13]",17,lib/tests/delimcc/reset-shift-k.zy,recursive
release,1,676286,251,161,4789120,True,"[184, 51, 14, 13]",17,lib/tests/delimcc/reset-shift-k.zy,original
release,1,687215,251,161,4340210,True,"[184, 51, 14, 13]",17,lib/tests/delimcc/reset-shift-k.zy,jobs
release,1,719378,251,161,5021083,True,"[184, 51, 14, 13]",18,lib/tests/delimcc/reset-shift-k.zy,explicit
release,1,684577,251,161,4799007,True,"[184, 51, 14, 13]",18,lib/tests/delimcc/reset-shift-k.zy,recursive
release,1,739505,251,161,4861280,True,"[184, 51, 14, 13]",18,lib/tests/delimcc/reset-shift-k.zy,original
release,1,800784,251,161,4378301,True,"[184, 51, 14, 13]",18,lib/tests/delimcc/reset-shift-k.zy,jobs
release,1,802955,251,161,5267080,True,"[184, 51, 14, 13]",18,lib/tests/delimcc/reset-shift-k.zy,baseline
release,1,669622,251,161,4760625,True,"[184, 51, 14, 13]",19,lib/tests/delimcc/reset-shift-k.zy,recursive
release,1,675827,251,161,4866581,True,"[184, 51, 14, 13]",19,lib/tests/delimcc/reset-shift-k.zy,original
release,1,678837,251,161,4402948,True,"[184, 51, 14, 13]",19,lib/tests/delimcc/reset-shift-k.zy,jobs
release,1,693295,251,161,5318617,True,"[184, 51, 14, 13]",19,lib/tests/delimcc/reset-shift-k.zy,baseline
release,1,670665,251,161,5046045,True,"[184, 51, 14, 13]",19,lib/tests/delimcc/reset-shift-k.zy,explicit
release,1,666256,251,161,4731663,True,"[184, 51, 14, 13]",20,lib/tests/delimcc/reset-shift-k.zy,original
release,1,692086,251,161,4322372,True,"[184, 51, 14, 13]",20,lib/tests/delimcc/reset-shift-k.zy,jobs
release,1,650622,251,161,5183501,True,"[184, 51, 14, 13]",20,lib/tests/delimcc/reset-shift-k.zy,baseline
release,1,672742,251,161,4962585,True,"[184, 51, 14, 13]",20,lib/tests/delimcc/reset-shift-k.zy,explicit
release,1,675581,251,161,4798207,True,"[184, 51, 14, 13]",20,lib/tests/delimcc/reset-shift-k.zy,recursive
release,1,675046,251,161,4298965,True,"[184, 51, 14, 13]",21,lib/tests/delimcc/reset-shift-k.zy,jobs
release,1,673037,251,161,5177873,True,"[184, 51, 14, 13]",21,lib/tests/delimcc/reset-shift-k.zy,baseline
release,1,740420,251,161,4977375,True,"[184, 51, 14, 13]",21,lib/tests/delimcc/reset-shift-k.zy,explicit
release,1,684323,251,161,4865417,True,"[184, 51, 14, 13]",21,lib/tests/delimcc/reset-shift-k.zy,recursive
release,1,669956,251,161,4802753,True,"[184, 51, 14, 13]",21,lib/tests/delimcc/reset-shift-k.zy,original
release,1,746836,251,161,5308876,True,"[184, 51, 14, 13]",22,lib/tests/delimcc/reset-shift-k.zy,baseline
release,1,680788,251,161,4775334,True,"[184, 51, 14, 13]",22,lib/tests/delimcc/reset-shift-k.zy,explicit
release,1,680580,251,161,4749994,True,"[184, 51, 14, 13]",22,lib/tests/delimcc/reset-shift-k.zy,recursive
release,1,679082,251,161,4913456,True,"[184, 51, 14, 13]",22,lib/tests/delimcc/reset-shift-k.zy,original
release,1,658620,251,161,4316596,True,"[184, 51, 14, 13]",22,lib/tests/delimcc/reset-shift-k.zy,jobs
release,1,673292,251,161,4932876,True,"[184, 51, 14, 13]",23,lib/tests/delimcc/reset-shift-k.zy,explicit
release,1,675915,251,161,4731456,True,"[184, 51, 14, 13]",23,lib/tests/delimcc/reset-shift-k.zy,recursive
release,1,672530,251,161,4787878,True,"[184, 51, 14, 13]",23,lib/tests/delimcc/reset-shift-k.zy,original
release,1,684457,251,161,4435965,True,"[184, 51, 14, 13]",23,lib/tests/delimcc/reset-shift-k.zy,jobs
release,1,770793,251,161,5690582,True,"[184, 51, 14, 13]",23,lib/tests/delimcc/reset-shift-k.zy,baseline
release,1,759452,251,161,4922459,True,"[184, 51, 14, 13]",24,lib/tests/delimcc/reset-shift-k.zy,recursive
release,1,827874,251,161,4965129,True,"[184, 51, 14, 13]",24,lib/tests/delimcc/reset-shift-k.zy,original
release,1,680682,251,161,4297706,True,"[184, 51, 14, 13]",24,lib/tests/delimcc/reset-shift-k.zy,jobs
release,1,701668,251,161,5369042,True,"[184, 51, 14, 13]",24,lib/tests/delimcc/reset-shift-k.zy,baseline
release,1,747998,251,161,5018327,True,"[184, 51, 14, 13]",24,lib/tests/delimcc/reset-shift-k.zy,explicit
release,1,710753,251,161,5049541,True,"[184, 51, 14, 13]",25,lib/tests/delimcc/reset-shift-k.zy,original
release,1,824795,251,161,5332663,True,"[184, 51, 14, 13]",25,lib/tests/delimcc/reset-shift-k.zy,jobs
release,1,711245,251,161,5321172,True,"[184, 51, 14, 13]",25,lib/tests/delimcc/reset-shift-k.zy,baseline
release,1,709370,251,161,4991495,True,"[184, 51, 14, 13]",25,lib/tests/delimcc/reset-shift-k.zy,explicit
release,1,672581,251,161,4727541,True,"[184, 51, 14, 13]",25,lib/tests/delimcc/reset-shift-k.zy,recursive
release,1,669582,251,161,4381582,True,"[184, 51, 14, 13]",26,lib/tests/delimcc/reset-shift-k.zy,jobs
release,1,685915,251,161,5287702,True,"[184, 51, 14, 13]",26,lib/tests/delimcc/reset-shift-k.zy,baseline
release,1,725874,251,161,5117577,True,"[184, 51, 14, 13]",26,lib/tests/delimcc/reset-shift-k.zy,explicit
release,1,650544,251,161,4663706,True,"[184, 51, 14, 13]",26,lib/tests/delimcc/reset-shift-k.zy,recursive
release,1,725420,251,161,4924706,True,"[184, 51, 14, 13]",26,lib/tests/delimcc/reset-shift-k.zy,original
release,1,686417,251,161,5311668,True,"[184, 51, 14, 13]",27,lib/tests/delimcc/reset-shift-k.zy,baseline
release,1,829704,251,161,5274676,True,"[184, 51, 14, 13]",27,lib/tests/delimcc/reset-shift-k.zy,explicit
release,1,713333,251,161,4839370,True,"[184, 51, 14, 13]",27,lib/tests/delimcc/reset-shift-k.zy,recursive
release,1,691500,251,161,4957997,True,"[184, 51, 14, 13]",27,lib/tests/delimcc/reset-shift-k.zy,original
release,1,726624,251,161,4491794,True,"[184, 51, 14, 13]",27,lib/tests/delimcc/reset-shift-k.zy,jobs
release,1,786415,251,161,4923754,True,"[184, 51, 14, 13]",28,lib/tests/delimcc/reset-shift-k.zy,explicit
release,1,725289,251,161,4766203,True,"[184, 51, 14, 13]",28,lib/tests/delimcc/reset-shift-k.zy,recursive
release,1,685255,251,161,5022663,True,"[184, 51, 14, 13]",28,lib/tests/delimcc/reset-shift-k.zy,original
release,1,683544,251,161,4413213,True,"[184, 51, 14, 13]",28,lib/tests/delimcc/reset-shift-k.zy,jobs
release,1,707507,251,161,5366739,True,"[184, 51, 14, 13]",28,lib/tests/delimcc/reset-shift-k.zy,baseline
release,1,684792,251,161,4752504,True,"[184, 51, 14, 13]",29,lib/tests/delimcc/reset-shift-k.zy,recursive
release,1,687713,251,161,4794279,True,"[184, 51, 14, 13]",29,lib/tests/delimcc/reset-shift-k.zy,original
release,1,716208,251,161,4387165,True,"[184, 51, 14, 13]",29,lib/tests/delimcc/reset-shift-k.zy,jobs
release,1,719666,251,161,5306537,True,"[184, 51, 14, 13]",29,lib/tests/delimcc/reset-shift-k.zy,baseline
release,1,683124,251,161,4985417,True,"[184, 51, 14, 13]",29,lib/tests/delimcc/reset-shift-k.zy,explicit
release,1,676467,251,161,4855164,True,"[184, 51, 14, 13]",30,lib/tests/delimcc/reset-shift-k.zy,original
release,1,670869,251,161,4374089,True,"[184, 51, 14, 13]",30,lib/tests/delimcc/reset-shift-k.zy,jobs
release,1,700375,251,161,5349501,True,"[184, 51, 14, 13]",30,lib/tests/delimcc/reset-shift-k.zy,baseline
release,1,688708,251,161,5025134,True,"[184, 51, 14, 13]",30,lib/tests/delimcc/reset-shift-k.zy,explicit
release,1,675798,251,161,4788828,True,"[184, 51, 14, 13]",30,lib/tests/delimcc/reset-shift-k.zy,recursive
release,1,672625,251,161,4365373,True,"[184, 51, 14, 13]",31,lib/tests/delimcc/reset-shift-k.zy,jobs
release,1,677420,251,161,5188498,True,"[184, 51, 14, 13]",31,lib/tests/delimcc/reset-shift-k.zy,baseline
release,1,674747,251,161,4930329,True,"[184, 51, 14, 13]",31,lib/tests/delimcc/reset-shift-k.zy,explicit
release,1,697713,251,161,4740300,True,"[184, 51, 14, 13]",31,lib/tests/delimcc/reset-shift-k.zy,recursive
release,1,689820,251,161,4856672,True,"[184, 51, 14, 13]",31,lib/tests/delimcc/reset-shift-k.zy,original
release,1,692503,251,161,5191407,True,"[184, 51, 14, 13]",32,lib/tests/delimcc/reset-shift-k.zy,baseline
release,1,662539,251,161,4927335,True,"[184, 51, 14, 13]",32,lib/tests/delimcc/reset-shift-k.zy,explicit
release,1,708784,251,161,4725419,True,"[184, 51, 14, 13]",32,lib/tests/delimcc/reset-shift-k.zy,recursive
release,1,658125,251,161,4802330,True,"[184, 51, 14, 13]",32,lib/tests/delimcc/reset-shift-k.zy,original
release,1,676958,251,161,4315080,True,"[184, 51, 14, 13]",32,lib/tests/delimcc/reset-shift-k.zy,jobs
release,1,684374,251,161,4874621,True,"[184, 51, 14, 13]",33,lib/tests/delimcc/reset-shift-k.zy,explicit
release,1,658950,251,161,4684922,True,"[184, 51, 14, 13]",33,lib/tests/delimcc/reset-shift-k.zy,recursive
release,1,692619,251,161,4812121,True,"[184, 51, 14, 13]",33,lib/tests/delimcc/reset-shift-k.zy,original
release,1,674424,251,161,4319170,True,"[184, 51, 14, 13]",33,lib/tests/delimcc/reset-shift-k.zy,jobs
release,1,689997,251,161,5182003,True,"[184, 51, 14, 13]",33,lib/tests/delimcc/reset-shift-k.zy,baseline
release,1,674963,251,161,4710167,True,"[184, 51, 14, 13]",34,lib/tests/delimcc/reset-shift-k.zy,recursive
release,1,675080,251,161,4795911,True,"[184, 51, 14, 13]",34,lib/tests/delimcc/reset-shift-k.zy,original
release,1,653466,251,161,4297075,True,"[184, 51, 14, 13]",34,lib/tests/delimcc/reset-shift-k.zy,jobs
release,1,663375,251,161,5182381,True,"[184, 51, 14, 13]",34,lib/tests/delimcc/reset-shift-k.zy,baseline
release,1,689126,251,161,4946343,True,"[184, 51, 14, 13]",34,lib/tests/delimcc/reset-shift-k.zy,explicit
release,1,685112,251,161,4774335,True,"[184, 51, 14, 13]",35,lib/tests/delimcc/reset-shift-k.zy,original
release,1,674088,251,161,4302631,True,"[184, 51, 14, 13]",35,lib/tests/delimcc/reset-shift-k.zy,jobs
release,1,685954,251,161,5233210,True,"[184, 51, 14, 13]",35,lib/tests/delimcc/reset-shift-k.zy,baseline
release,1,679380,251,161,4930258,True,"[184, 51, 14, 13]",35,lib/tests/delimcc/reset-shift-k.zy,explicit
release,1,665252,251,161,4738459,True,"[184, 51, 14, 13]",35,lib/tests/delimcc/reset-shift-k.zy,recursive
release,1,721953,251,161,4416917,True,"[184, 51, 14, 13]",36,lib/tests/delimcc/reset-shift-k.zy,jobs
release,1,685079,251,161,5206833,True,"[184, 51, 14, 13]",36,lib/tests/delimcc/reset-shift-k.zy,baseline
release,1,678417,251,161,4996492,True,"[184, 51, 14, 13]",36,lib/tests/delimcc/reset-shift-k.zy,explicit
release,1,693619,251,161,4753378,True,"[184, 51, 14, 13]",36,lib/tests/delimcc/reset-shift-k.zy,recursive
release,1,684424,251,161,4808543,True,"[184, 51, 14, 13]",36,lib/tests/delimcc/reset-shift-k.zy,original
release,1,702786,251,161,5248593,True,"[184, 51, 14, 13]",37,lib/tests/delimcc/reset-shift-k.zy,baseline
release,1,639792,251,161,4882919,True,"[184, 51, 14, 13]",37,lib/tests/delimcc/reset-shift-k.zy,explicit
release,1,634213,251,161,4656008,True,"[184, 51, 14, 13]",37,lib/tests/delimcc/reset-shift-k.zy,recursive
release,1,636968,251,161,4712796,True,"[184, 51, 14, 13]",37,lib/tests/delimcc/reset-shift-k.zy,original
release,1,662628,251,161,4379541,True,"[184, 51, 14, 13]",37,lib/tests/delimcc/reset-shift-k.zy,jobs
release,1,678255,251,161,4894783,True,"[184, 51, 14, 13]",38,lib/tests/delimcc/reset-shift-k.zy,explicit
release,1,720918,251,161,4853251,True,"[184, 51, 14, 13]",38,lib/tests/delimcc/reset-shift-k.zy,recursive
release,1,670917,251,161,4755868,True,"[184, 51, 14, 13]",38,lib/tests/delimcc/reset-shift-k.zy,original
release,1,643205,251,161,4278337,True,"[184, 51, 14, 13]",38,lib/tests/delimcc/reset-shift-k.zy,jobs
release,1,662630,251,161,5179792,True,"[184, 51, 14, 13]",38,lib/tests/delimcc/reset-shift-k.zy,baseline
release,1,695916,251,161,4824920,True,"[184, 51, 14, 13]",39,lib/tests/delimcc/reset-shift-k.zy,recursive
release,1,712956,251,161,4868417,True,"[184, 51, 14, 13]",39,lib/tests/delimcc/reset-shift-k.zy,original
release,1,645665,251,161,4305592,True,"[184, 51, 14, 13]",39,lib/tests/delimcc/reset-shift-k.zy,jobs
release,1,663586,251,161,5187076,True,"[184, 51, 14, 13]",39,lib/tests/delimcc/reset-shift-k.zy,baseline
release,1,686424,251,161,5008956,True,"[184, 51, 14, 13]",39,lib/tests/delimcc/reset-shift-k.zy,explicit
release,1,725750,516,66,4723164,False,"[439, 163, 16, 0]",0,lib/tests/core/gc-stress.zy,original
release,1,646794,516,66,4175624,False,"[439, 163, 16, 0]",0,lib/tests/core/gc-stress.zy,jobs
release,1,686248,516,66,5085872,False,"[439, 163, 16, 0]",0,lib/tests/core/gc-stress.zy,baseline
release,1,684748,516,66,4742707,False,"[439, 163, 16, 0]",0,lib/tests/core/gc-stress.zy,explicit
release,1,691083,516,66,4538628,False,"[439, 163, 16, 0]",0,lib/tests/core/gc-stress.zy,recursive
release,1,698287,516,66,4218044,False,"[439, 163, 16, 0]",1,lib/tests/core/gc-stress.zy,jobs
release,1,714877,516,66,5047334,False,"[439, 163, 16, 0]",1,lib/tests/core/gc-stress.zy,baseline
release,1,664878,516,66,4771329,False,"[439, 163, 16, 0]",1,lib/tests/core/gc-stress.zy,explicit
release,1,635455,516,66,4469957,False,"[439, 163, 16, 0]",1,lib/tests/core/gc-stress.zy,recursive
release,1,651587,516,66,4613502,False,"[439, 163, 16, 0]",1,lib/tests/core/gc-stress.zy,original
release,1,640332,516,66,4908458,False,"[439, 163, 16, 0]",2,lib/tests/core/gc-stress.zy,baseline
release,1,665540,516,66,4721163,False,"[439, 163, 16, 0]",2,lib/tests/core/gc-stress.zy,explicit
release,1,665919,516,66,4531464,False,"[439, 163, 16, 0]",2,lib/tests/core/gc-stress.zy,recursive
release,1,653085,516,66,4690461,False,"[439, 163, 16, 0]",2,lib/tests/core/gc-stress.zy,original
release,1,665876,516,66,4290957,False,"[439, 163, 16, 0]",2,lib/tests/core/gc-stress.zy,jobs
release,1,622247,516,66,4601502,False,"[439, 163, 16, 0]",3,lib/tests/core/gc-stress.zy,explicit
release,1,653582,516,66,4461458,False,"[439, 163, 16, 0]",3,lib/tests/core/gc-stress.zy,recursive
release,1,655621,516,66,4719460,False,"[439, 163, 16, 0]",3,lib/tests/core/gc-stress.zy,original
release,1,620332,516,66,4139377,False,"[439, 163, 16, 0]",3,lib/tests/core/gc-stress.zy,jobs
release,1,635295,516,66,4968957,False,"[439, 163, 16, 0]",3,lib/tests/core/gc-stress.zy,baseline
release,1,650745,516,66,4554874,False,"[439, 163, 16, 0]",4,lib/tests/core/gc-stress.zy,recursive
release,1,657419,516,66,4617085,False,"[439, 163, 16, 0]",4,lib/tests/core/gc-stress.zy,original
release,1,641294,516,66,4213332,False,"[439, 163, 16, 0]",4,lib/tests/core/gc-stress.zy,jobs
release,1,641495,516,66,5074793,False,"[439, 163, 16, 0]",4,lib/tests/core/gc-stress.zy,baseline
release,1,642165,516,66,4731172,False,"[439, 163, 16, 0]",4,lib/tests/core/gc-stress.zy,explicit
release,1,695041,516,66,4674917,False,"[439, 163, 16, 0]",5,lib/tests/core/gc-stress.zy,original
release,1,660462,516,66,4223501,False,"[439, 163, 16, 0]",5,lib/tests/core/gc-stress.zy,jobs
release,1,666039,516,66,5060622,False,"[439, 163, 16, 0]",5,lib/tests/core/gc-stress.zy,baseline
release,1,623210,516,66,4661045,False,"[439, 163, 16, 0]",5,lib/tests/core/gc-stress.zy,explicit
release,1,638375,516,66,4555789,False,"[439, 163, 16, 0]",5,lib/tests/core/gc-stress.zy,recursive
release,1,654790,516,66,4275092,False,"[439, 163, 16, 0]",6,lib/tests/core/gc-stress.zy,jobs
release,1,639209,516,66,4946168,False,"[439, 163, 16, 0]",6,lib/tests/core/gc-stress.zy,baseline
release,1,648373,516,66,4645165,False,"[439, 163, 16, 0]",6,lib/tests/core/gc-stress.zy,explicit
release,1,653916,516,66,4542166,False,"[439, 163, 16, 0]",6,lib/tests/core/gc-stress.zy,recursive
release,1,653248,516,66,4637499,False,"[439, 163, 16, 0]",6,lib/tests/core/gc-stress.zy,original
release,1,675584,516,66,5012459,False,"[439, 163, 16, 0]",7,lib/tests/core/gc-stress.zy,baseline
release,1,655871,516,66,4755707,False,"[439, 163, 16, 0]",7,lib/tests/core/gc-stress.zy,explicit
release,1,678579,516,66,4519415,False,"[439, 163, 16, 0]",7,lib/tests/core/gc-stress.zy,recursive
release,1,641710,516,66,4557875,False,"[439, 163, 16, 0]",7,lib/tests/core/gc-stress.zy,original
release,1,631126,516,66,4202588,False,"[439, 163, 16, 0]",7,lib/tests/core/gc-stress.zy,jobs
release,1,647126,516,66,4763548,False,"[439, 163, 16, 0]",8,lib/tests/core/gc-stress.zy,explicit
release,1,646371,516,66,4416082,False,"[439, 163, 16, 0]",8,lib/tests/core/gc-stress.zy,recursive
release,1,667453,516,66,4599382,False,"[439, 163, 16, 0]",8,lib/tests/core/gc-stress.zy,original
release,1,649460,516,66,4286709,False,"[439, 163, 16, 0]",8,lib/tests/core/gc-stress.zy,jobs
release,1,635832,516,66,4947626,False,"[439, 163, 16, 0]",8,lib/tests/core/gc-stress.zy,baseline
release,1,643883,516,66,4490038,False,"[439, 163, 16, 0]",9,lib/tests/core/gc-stress.zy,recursive
release,1,653334,516,66,4648380,False,"[439, 163, 16, 0]",9,lib/tests/core/gc-stress.zy,original
release,1,675827,516,66,4205832,False,"[439, 163, 16, 0]",9,lib/tests/core/gc-stress.zy,jobs
release,1,647629,516,66,5047997,False,"[439, 163, 16, 0]",9,lib/tests/core/gc-stress.zy,baseline
release,1,624705,516,66,4758006,False,"[439, 163, 16, 0]",9,lib/tests/core/gc-stress.zy,explicit
release,1,619044,516,66,4688325,False,"[439, 163, 16, 0]",10,lib/tests/core/gc-stress.zy,original
release,1,652003,516,66,4213956,False,"[439, 163, 16, 0]",10,lib/tests/core/gc-stress.zy,jobs
release,1,681754,516,66,4990253,False,"[439, 163, 16, 0]",10,lib/tests/core/gc-stress.zy,baseline
release,1,647667,516,66,4709212,False,"[439, 163, 16, 0]",10,lib/tests/core/gc-stress.zy,explicit
release,1,647417,516,66,4567003,False,"[439, 163, 16, 0]",10,lib/tests/core/gc-stress.zy,recursive
release,1,636084,516,66,4156249,False,"[439, 163, 16, 0]",11,lib/tests/core/gc-stress.zy,jobs
release,1,640244,516,66,5024085,False,"[439, 163, 16, 0]",11,lib/tests/core/gc-stress.zy,baseline
release,1,636669,516,66,4664542,False,"[439, 163, 16, 0]",11,lib/tests/core/gc-stress.zy,explicit
release,1,648124,516,66,4540667,False,"[439, 163, 16, 0]",11,lib/tests/core/gc-stress.zy,recursive
release,1,653379,516,66,4687665,False,"[439, 163, 16, 0]",11,lib/tests/core/gc-stress.zy,original
release,1,672081,516,66,5064793,False,"[439, 163, 16, 0]",12,lib/tests/core/gc-stress.zy,baseline
release,1,648209,516,66,4651628,False,"[439, 163, 16, 0]",12,lib/tests/core/gc-stress.zy,explicit
release,1,629964,516,66,4572959,False,"[439, 163, 16, 0]",12,lib/tests/core/gc-stress.zy,recursive
release,1,633497,516,66,4580998,False,"[439, 163, 16, 0]",12,lib/tests/core/gc-stress.zy,original
release,1,660174,516,66,4204459,False,"[439, 163, 16, 0]",12,lib/tests/core/gc-stress.zy,jobs
release,1,648462,516,66,4669705,False,"[439, 163, 16, 0]",13,lib/tests/core/gc-stress.zy,explicit
release,1,633956,516,66,4491248,False,"[439, 163, 16, 0]",13,lib/tests/core/gc-stress.zy,recursive
release,1,645455,516,66,4671414,False,"[439, 163, 16, 0]",13,lib/tests/core/gc-stress.zy,original
release,1,641504,516,66,4251085,False,"[439, 163, 16, 0]",13,lib/tests/core/gc-stress.zy,jobs
release,1,657413,516,66,5052792,False,"[439, 163, 16, 0]",13,lib/tests/core/gc-stress.zy,baseline
release,1,665078,516,66,4533623,False,"[439, 163, 16, 0]",14,lib/tests/core/gc-stress.zy,recursive
release,1,656710,516,66,4648458,False,"[439, 163, 16, 0]",14,lib/tests/core/gc-stress.zy,original
release,1,649919,516,66,4191954,False,"[439, 163, 16, 0]",14,lib/tests/core/gc-stress.zy,jobs
release,1,679794,516,66,5033287,False,"[439, 163, 16, 0]",14,lib/tests/core/gc-stress.zy,baseline
release,1,659500,516,66,4721457,False,"[439, 163, 16, 0]",14,lib/tests/core/gc-stress.zy,explicit
release,1,646711,516,66,4622503,False,"[439, 163, 16, 0]",15,lib/tests/core/gc-stress.zy,original
release,1,656710,516,66,4241881,False,"[439, 163, 16, 0]",15,lib/tests/core/gc-stress.zy,jobs
release,1,634961,516,66,5063458,False,"[439, 163, 16, 0]",15,lib/tests/core/gc-stress.zy,baseline
release,1,651335,516,66,4687002,False,"[439, 163, 16, 0]",15,lib/tests/core/gc-stress.zy,explicit
release,1,633666,516,66,4456252,False,"[439, 163, 16, 0]",15,lib/tests/core/gc-stress.zy,recursive
release,1,655204,516,66,4227249,False,"[439, 163, 16, 0]",16,lib/tests/core/gc-stress.zy,jobs
release,1,647252,516,66,5053003,False,"[439, 163, 16, 0]",16,lib/tests/core/gc-stress.zy,baseline
release,1,640834,516,66,4722001,False,"[439, 163, 16, 0]",16,lib/tests/core/gc-stress.zy,explicit
release,1,651423,516,66,4552913,False,"[439, 163, 16, 0]",16,lib/tests/core/gc-stress.zy,recursive
release,1,649624,516,66,4598496,False,"[439, 163, 16, 0]",16,lib/tests/core/gc-stress.zy,original
release,1,626332,516,66,4956871,False,"[439, 163, 16, 0]",17,lib/tests/core/gc-stress.zy,baseline
release,1,626794,516,66,4684627,False,"[439, 163, 16, 0]",17,lib/tests/core/gc-stress.zy,explicit
release,1,648874,516,66,4468626,False,"[439, 163, 16, 0]",17,lib/tests/core/gc-stress.zy,recursive
release,1,659792,516,66,4603331,False,"[439, 163, 16, 0]",17,lib/tests/core/gc-stress.zy,original
release,1,663166,516,66,4250753,False,"[439, 163, 16, 0]",17,lib/tests/core/gc-stress.zy,jobs
release,1,646998,516,66,4739042,False,"[439, 163, 16, 0]",18,lib/tests/core/gc-stress.zy,explicit
release,1,678876,516,66,4464168,False,"[439, 163, 16, 0]",18,lib/tests/core/gc-stress.zy,recursive
release,1,639836,516,66,4598499,False,"[439, 163, 16, 0]",18,lib/tests/core/gc-stress.zy,original
release,1,655875,516,66,4244578,False,"[439, 163, 16, 0]",18,lib/tests/core/gc-stress.zy,jobs
release,1,659543,516,66,5082712,False,"[439, 163, 16, 0]",18,lib/tests/core/gc-stress.zy,baseline
release,1,653915,516,66,4611797,False,"[439, 163, 16, 0]",19,lib/tests/core/gc-stress.zy,recursive
release,1,641675,516,66,4651750,False,"[439, 163, 16, 0]",19,lib/tests/core/gc-stress.zy,original
release,1,642504,516,66,4196794,False,"[439, 163, 16, 0]",19,lib/tests/core/gc-stress.zy,jobs
release,1,686459,516,66,5024752,False,"[439, 163, 16, 0]",19,lib/tests/core/gc-stress.zy,baseline
release,1,655629,516,66,4722711,False,"[439, 163, 16, 0]",19,lib/tests/core/gc-stress.zy,explicit
release,1,650541,516,66,4667832,False,"[439, 163, 16, 0]",20,lib/tests/core/gc-stress.zy,original
release,1,646997,516,66,4259496,False,"[439, 163, 16, 0]",20,lib/tests/core/gc-stress.zy,jobs
release,1,647835,516,66,5066669,False,"[439, 163, 16, 0]",20,lib/tests/core/gc-stress.zy,baseline
release,1,643456,516,66,4751498,False,"[439, 163, 16, 0]",20,lib/tests/core/gc-stress.zy,explicit
release,1,661334,516,66,4499672,False,"[439, 163, 16, 0]",20,lib/tests/core/gc-stress.zy,recursive
release,1,657753,516,66,4248169,False,"[439, 163, 16, 0]",21,lib/tests/core/gc-stress.zy,jobs
release,1,643381,516,66,5080705,False,"[439, 163, 16, 0]",21,lib/tests/core/gc-stress.zy,baseline
release,1,634085,516,66,4642126,False,"[439, 163, 16, 0]",21,lib/tests/core/gc-stress.zy,explicit
release,1,674243,516,66,4467839,False,"[439, 163, 16, 0]",21,lib/tests/core/gc-stress.zy,recursive
release,1,695375,516,66,4705247,False,"[439, 163, 16, 0]",21,lib/tests/core/gc-stress.zy,original
release,1,645877,516,66,5016542,False,"[439, 163, 16, 0]",22,lib/tests/core/gc-stress.zy,baseline
release,1,670454,516,66,4784330,False,"[439, 163, 16, 0]",22,lib/tests/core/gc-stress.zy,explicit
release,1,667124,516,66,4566456,False,"[439, 163, 16, 0]",22,lib/tests/core/gc-stress.zy,recursive
release,1,658662,516,66,4730170,False,"[439, 163, 16, 0]",22,lib/tests/core/gc-stress.zy,original
release,1,658869,516,66,4251455,False,"[439, 163, 16, 0]",22,lib/tests/core/gc-stress.zy,jobs
release,1,665419,516,66,4664167,False,"[439, 163, 16, 0]",23,lib/tests/core/gc-stress.zy,explicit
release,1,645039,516,66,4544246,False,"[439, 163, 16, 0]",23,lib/tests/core/gc-stress.zy,recursive
release,1,665788,516,66,4636624,False,"[439, 163, 16, 0]",23,lib/tests/core/gc-stress.zy,original
release,1,657873,516,66,4261533,False,"[439, 163, 16, 0]",23,lib/tests/core/gc-stress.zy,jobs
release,1,704081,516,66,5129378,False,"[439, 163, 16, 0]",23,lib/tests/core/gc-stress.zy,baseline
release,1,645917,516,66,4565082,False,"[439, 163, 16, 0]",24,lib/tests/core/gc-stress.zy,recursive
release,1,654208,516,66,4562538,False,"[439, 163, 16, 0]",24,lib/tests/core/gc-stress.zy,original
release,1,679038,516,66,4243706,False,"[439, 163, 16, 0]",24,lib/tests/core/gc-stress.zy,jobs
release,1,650628,516,66,5038081,False,"[439, 163, 16, 0]",24,lib/tests/core/gc-stress.zy,baseline
release,1,647130,516,66,4706082,False,"[439, 163, 16, 0]",24,lib/tests/core/gc-stress.zy,explicit
release,1,654671,516,66,4701665,False,"[439, 163, 16, 0]",25,lib/tests/core/gc-stress.zy,original
release,1,665458,516,66,4315291,False,"[439, 163, 16, 0]",25,lib/tests/core/gc-stress.zy,jobs
release,1,647624,516,66,4988128,False,"[439, 163, 16, 0]",25,lib/tests/core/gc-stress.zy,baseline
release,1,689667,516,66,4779626,False,"[439, 163, 16, 0]",25,lib/tests/core/gc-stress.zy,explicit
release,1,665496,516,66,4608045,False,"[439, 163, 16, 0]",25,lib/tests/core/gc-stress.zy,recursive
release,1,669750,516,66,4286042,False,"[439, 163, 16, 0]",26,lib/tests/core/gc-stress.zy,jobs
release,1,661169,516,66,5108372,False,"[439, 163, 16, 0]",26,lib/tests/core/gc-stress.zy,baseline
release,1,712662,516,66,4806753,False,"[439, 163, 16, 0]",26,lib/tests/core/gc-stress.zy,explicit
release,1,678374,516,66,4603250,False,"[439, 163, 16, 0]",26,lib/tests/core/gc-stress.zy,recursive
release,1,634373,516,66,4572960,False,"[439, 163, 16, 0]",26,lib/tests/core/gc-stress.zy,original
release,1,637916,516,66,5008872,False,"[439, 163, 16, 0]",27,lib/tests/core/gc-stress.zy,baseline
release,1,680040,516,66,4746750,False,"[439, 163, 16, 0]",27,lib/tests/core/gc-stress.zy,explicit
release,1,685001,516,66,4580912,False,"[439, 163, 16, 0]",27,lib/tests/core/gc-stress.zy,recursive
release,1,680796,516,66,4742668,False,"[439, 163, 16, 0]",27,lib/tests/core/gc-stress.zy,original
release,1,666503,516,66,4295752,False,"[439, 163, 16, 0]",27,lib/tests/core/gc-stress.zy,jobs
release,1,654047,516,66,4800788,False,"[439, 163, 16, 0]",28,lib/tests/core/gc-stress.zy,explicit
release,1,656838,516,66,4544414,False,"[439, 163, 16, 0]",28,lib/tests/core/gc-stress.zy,recursive
release,1,722248,516,66,4785594,False,"[439, 163, 16, 0]",28,lib/tests/core/gc-stress.zy,original
release,1,669621,516,66,4269461,False,"[439, 163, 16, 0]",28,lib/tests/core/gc-stress.zy,jobs
release,1,671958,516,66,5064457,False,"[439, 163, 16, 0]",28,lib/tests/core/gc-stress.zy,baseline
release,1,661539,516,66,4521122,False,"[439, 163, 16, 0]",29,lib/tests/core/gc-stress.zy,recursive
release,1,695251,516,66,4730542,False,"[439, 163, 16, 0]",29,lib/tests/core/gc-stress.zy,original
release,1,670876,516,66,4254707,False,"[439, 163, 16, 0]",29,lib/tests/core/gc-stress.zy,jobs
release,1,663542,516,66,5066253,False,"[439, 163, 16, 0]",29,lib/tests/core/gc-stress.zy,baseline
release,1,654584,516,66,4744085,False,"[439, 163, 16, 0]",29,lib/tests/core/gc-stress.zy,explicit
release,1,692756,516,66,4774663,False,"[439, 163, 16, 0]",30,lib/tests/core/gc-stress.zy,original
release,1,705580,516,66,4281040,False,"[439, 163, 16, 0]",30,lib/tests/core/gc-stress.zy,jobs
release,1,669461,516,66,5113209,False,"[439, 163, 16, 0]",30,lib/tests/core/gc-stress.zy,baseline
release,1,657712,516,66,4777585,False,"[439, 163, 16, 0]",30,lib/tests/core/gc-stress.zy,explicit
release,1,642880,516,66,4568329,False,"[439, 163, 16, 0]",30,lib/tests/core/gc-stress.zy,recursive
release,1,671081,516,66,4316170,False,"[439, 163, 16, 0]",31,lib/tests/core/gc-stress.zy,jobs
release,1,670875,516,66,5040664,False,"[439, 163, 16, 0]",31,lib/tests/core/gc-stress.zy,baseline
release,1,660674,516,66,4732168,False,"[439, 163, 16, 0]",31,lib/tests/core/gc-stress.zy,explicit
release,1,671375,516,66,4594496,False,"[439, 163, 16, 0]",31,lib/tests/core/gc-stress.zy,recursive
release,1,695291,516,66,4656663,False,"[439, 163, 16, 0]",31,lib/tests/core/gc-stress.zy,original
release,1,678753,516,66,5082793,False,"[439, 163, 16, 0]",32,lib/tests/core/gc-stress.zy,baseline
release,1,672123,516,66,4774082,False,"[439, 163, 16, 0]",32,lib/tests/core/gc-stress.zy,explicit
release,1,658375,516,66,4527164,False,"[439, 163, 16, 0]",32,lib/tests/core/gc-stress.zy,recursive
release,1,678875,516,66,4758117,False,"[439, 163, 16, 0]",32,lib/tests/core/gc-stress.zy,original
release,1,656957,516,66,4283252,False,"[439, 163, 16, 0]",32,lib/tests/core/gc-stress.zy,jobs
release,1,660502,516,66,4660333,False,"[439, 163, 16, 0]",33,lib/tests/core/gc-stress.zy,explicit
release,1,628245,516,66,4418333,False,"[439, 163, 16, 0]",33,lib/tests/core/gc-stress.zy,recursive
release,1,702212,516,66,4633205,False,"[439, 163, 16, 0]",33,lib/tests/core/gc-stress.zy,original
release,1,669875,516,66,4227875,False,"[439, 163, 16, 0]",33,lib/tests/core/gc-stress.zy,jobs
release,1,660208,516,66,5031581,False,"[439, 163, 16, 0]",33,lib/tests/core/gc-stress.zy,baseline
release,1,664329,516,66,4625462,False,"[439, 163, 16, 0]",34,lib/tests/core/gc-stress.zy,recursive
release,1,677211,516,66,4622042,False,"[439, 163, 16, 0]",34,lib/tests/core/gc-stress.zy,original
release,1,627127,516,66,4180824,False,"[439, 163, 16, 0]",34,lib/tests/core/gc-stress.zy,jobs
release,1,645082,516,66,5064624,False,"[439, 163, 16, 0]",34,lib/tests/core/gc-stress.zy,baseline
release,1,629537,516,66,4616122,False,"[439, 163, 16, 0]",34,lib/tests/core/gc-stress.zy,explicit
release,1,635792,516,66,4604415,False,"[439, 163, 16, 0]",35,lib/tests/core/gc-stress.zy,original
release,1,647122,516,66,4288758,False,"[439, 163, 16, 0]",35,lib/tests/core/gc-stress.zy,jobs
release,1,625246,516,66,4995252,False,"[439, 163, 16, 0]",35,lib/tests/core/gc-stress.zy,baseline
release,1,658750,516,66,4590249,False,"[439, 163, 16, 0]",35,lib/tests/core/gc-stress.zy,explicit
release,1,682504,516,66,4523661,False,"[439, 163, 16, 0]",35,lib/tests/core/gc-stress.zy,recursive
release,1,670373,516,66,4276963,False,"[439, 163, 16, 0]",36,lib/tests/core/gc-stress.zy,jobs
release,1,646374,516,66,4937872,False,"[439, 163, 16, 0]",36,lib/tests/core/gc-stress.zy,baseline
release,1,642334,516,66,4659498,False,"[439, 163, 16, 0]",36,lib/tests/core/gc-stress.zy,explicit
release,1,652497,516,66,4519875,False,"[439, 163, 16, 0]",36,lib/tests/core/gc-stress.zy,recursive
release,1,642587,516,66,4618295,False,"[439, 163, 16, 0]",36,lib/tests/core/gc-stress.zy,original
release,1,645540,516,66,4983923,False,"[439, 163, 16, 0]",37,lib/tests/core/gc-stress.zy,baseline
release,1,636123,516,66,4754333,False,"[439, 163, 16, 0]",37,lib/tests/core/gc-stress.zy,explicit
release,1,644497,516,66,4464294,False,"[439, 163, 16, 0]",37,lib/tests/core/gc-stress.zy,recursive
release,1,675997,516,66,4707251,False,"[439, 163, 16, 0]",37,lib/tests/core/gc-stress.zy,original
release,1,680080,516,66,4280710,False,"[439, 163, 16, 0]",37,lib/tests/core/gc-stress.zy,jobs
release,1,615539,516,66,4685872,False,"[439, 163, 16, 0]",38,lib/tests/core/gc-stress.zy,explicit
release,1,618496,516,66,4569500,False,"[439, 163, 16, 0]",38,lib/tests/core/gc-stress.zy,recursive
release,1,623543,516,66,4598127,False,"[439, 163, 16, 0]",38,lib/tests/core/gc-stress.zy,original
release,1,618335,516,66,4181169,False,"[439, 163, 16, 0]",38,lib/tests/core/gc-stress.zy,jobs
release,1,649161,516,66,5013751,False,"[439, 163, 16, 0]",38,lib/tests/core/gc-stress.zy,baseline
release,1,651209,516,66,4598000,False,"[439, 163, 16, 0]",39,lib/tests/core/gc-stress.zy,recursive
release,1,658960,516,66,4710537,False,"[439, 163, 16, 0]",39,lib/tests/core/gc-stress.zy,original
release,1,617172,516,66,4202374,False,"[439, 163, 16, 0]",39,lib/tests/core/gc-stress.zy,jobs
release,1,685293,516,66,5437175,False,"[439, 163, 16, 0]",39,lib/tests/core/gc-stress.zy,baseline
release,1,703503,516,66,4828875,False,"[439, 163, 16, 0]",39,lib/tests/core/gc-stress.zy,explicit
release,1,698620,516,69,4582004,True,"[422, 163, 16, 15]",0,lib/tests/core/gc-stress.zy,original
release,1,705710,516,69,4413788,True,"[422, 163, 16, 15]",0,lib/tests/core/gc-stress.zy,jobs
release,1,767294,516,69,5068704,True,"[422, 163, 16, 15]",0,lib/tests/core/gc-stress.zy,baseline
release,1,713376,516,69,4799169,True,"[422, 163, 16, 15]",0,lib/tests/core/gc-stress.zy,explicit
release,1,693672,516,69,4652916,True,"[422, 163, 16, 15]",0,lib/tests/core/gc-stress.zy,recursive
release,1,659460,516,69,4329373,True,"[422, 163, 16, 15]",1,lib/tests/core/gc-stress.zy,jobs
release,1,760669,516,69,5337372,True,"[422, 163, 16, 15]",1,lib/tests/core/gc-stress.zy,baseline
release,1,708500,516,69,4882830,True,"[422, 163, 16, 15]",1,lib/tests/core/gc-stress.zy,explicit
release,1,672585,516,69,4615292,True,"[422, 163, 16, 15]",1,lib/tests/core/gc-stress.zy,recursive
release,1,711003,516,69,4875545,True,"[422, 163, 16, 15]",1,lib/tests/core/gc-stress.zy,original
release,1,755376,516,69,5021083,True,"[422, 163, 16, 15]",2,lib/tests/core/gc-stress.zy,baseline
release,1,758914,516,69,4868956,True,"[422, 163, 16, 15]",2,lib/tests/core/gc-stress.zy,explicit
release,1,823833,516,69,4633541,True,"[422, 163, 16, 15]",2,lib/tests/core/gc-stress.zy,recursive
release,1,743826,516,69,4799504,True,"[422, 163, 16, 15]",2,lib/tests/core/gc-stress.zy,original
release,1,685583,516,69,4353165,True,"[422, 163, 16, 15]",2,lib/tests/core/gc-stress.zy,jobs
release,1,675751,516,69,4814455,True,"[422, 163, 16, 15]",3,lib/tests/core/gc-stress.zy,explicit
release,1,666164,516,69,4553336,True,"[422, 163, 16, 15]",3,lib/tests/core/gc-stress.zy,recursive
release,1,741584,516,69,4791668,True,"[422, 163, 16, 15]",3,lib/tests/core/gc-stress.zy,original
release,1,779254,516,69,4313084,True,"[422, 163, 16, 15]",3,lib/tests/core/gc-stress.zy,jobs
release,1,777504,516,69,5030876,True,"[422, 163, 16, 15]",3,lib/tests/core/gc-stress.zy,baseline
release,1,689420,516,69,4467288,True,"[422, 163, 16, 15]",4,lib/tests/core/gc-stress.zy,recursive
release,1,663129,516,69,4701380,True,"[422, 163, 16, 15]",4,lib/tests/core/gc-stress.zy,original
release,1,729416,516,69,4245296,True,"[422, 163, 16, 15]",4,lib/tests/core/gc-stress.zy,jobs
release,1,661631,516,69,4939457,True,"[422, 163, 16, 15]",4,lib/tests/core/gc-stress.zy,baseline
release,1,717500,516,69,4777868,True,"[422, 163, 16, 15]",4,lib/tests/core/gc-stress.zy,explicit
release,1,681916,516,69,4730128,True,"[422, 163, 16, 15]",5,lib/tests/core/gc-stress.zy,original
release,1,642420,516,69,4269208,True,"[422, 163, 16, 15]",5,lib/tests/core/gc-stress.zy,jobs
release,1,665205,516,69,4912581,True,"[422, 163, 16, 15]",5,lib/tests/core/gc-stress.zy,baseline
release,1,663666,516,69,4758713,True,"[422, 163, 16, 15]",5,lib/tests/core/gc-stress.zy,explicit
release,1,650416,516,69,4589669,True,"[422, 163, 16, 15]",5,lib/tests/core/gc-stress.zy,recursive
release,1,668378,516,69,4229960,True,"[422, 163, 16, 15]",6,lib/tests/core/gc-stress.zy,jobs
release,1,640418,516,69,4854836,True,"[422, 163, 16, 15]",6,lib/tests/core/gc-stress.zy,baseline
release,1,655374,516,69,4810336,True,"[422, 163, 16, 15]",6,lib/tests/core/gc-stress.zy,explicit
release,1,666581,516,69,4452375,True,"[422, 163, 16, 15]",6,lib/tests/core/gc-stress.zy,recursive
release,1,709540,516,69,4715875,True,"[422, 163, 16, 15]",6,lib/tests/core/gc-stress.zy,original
release,1,668171,516,69,5049833,True,"[422, 163, 16, 15]",7,lib/tests/core/gc-stress.zy,baseline
release,1,672330,516,69,4770628,True,"[422, 163, 16, 15]",7,lib/tests/core/gc-stress.zy,explicit
release,1,646417,516,69,4541127,True,"[422, 163, 16, 15]",7,lib/tests/core/gc-stress.zy,recursive
release,1,669379,516,69,4686540,True,"[422, 163, 16, 15]",7,lib/tests/core/gc-stress.zy,original
release,1,665166,516,69,4275709,True,"[422, 163, 16, 15]",7,lib/tests/core/gc-stress.zy,jobs
release,1,656835,516,69,4651081,True,"[422, 163, 16, 15]",8,lib/tests/core/gc-stress.zy,explicit
release,1,657337,516,69,4525417,True,"[422, 163, 16, 15]",8,lib/tests/core/gc-stress.zy,recursive
release,1,672377,516,69,4763038,True,"[422, 163, 16, 15]",8,lib/tests/core/gc-stress.zy,original
release,1,671002,516,69,4231505,True,"[422, 163, 16, 15]",8,lib/tests/core/gc-stress.zy,jobs
release,1,637295,516,69,4949752,True,"[422, 163, 16, 15]",8,lib/tests/core/gc-stress.zy,baseline
release,1,654542,516,69,4586794,True,"[422, 163, 16, 15]",9,lib/tests/core/gc-stress.zy,recursive
release,1,673754,516,69,4681456,True,"[422, 163, 16, 15]",9,lib/tests/core/gc-stress.zy,original
release,1,648498,516,69,4244748,True,"[422, 163, 16, 15]",9,lib/tests/core/gc-stress.zy,jobs
release,1,655211,516,69,5037211,True,"[422, 163, 16, 15]",9,lib/tests/core/gc-stress.zy,baseline
release,1,665837,516,69,4746585,True,"[422, 163, 16, 15]",9,lib/tests/core/gc-stress.zy,explicit
release,1,654242,516,69,4668418,True,"[422, 163, 16, 15]",10,lib/tests/core/gc-stress.zy,original
release,1,656460,516,69,4261167,True,"[422, 163, 16, 15]",10,lib/tests/core/gc-stress.zy,jobs
release,1,677915,516,69,4979458,True,"[422, 163, 16, 15]",10,lib/tests/core/gc-stress.zy,baseline
release,1,644501,516,69,4755501,True,"[422, 163, 16, 15]",10,lib/tests/core/gc-stress.zy,explicit
release,1,692374,516,69,4531791,True,"[422, 163, 16, 15]",10,lib/tests/core/gc-stress.zy,recursive
release,1,672545,516,69,4337996,True,"[422, 163, 16, 15]",11,lib/tests/core/gc-stress.zy,jobs
release,1,668750,516,69,5026587,True,"[422, 163, 16, 15]",11,lib/tests/core/gc-stress.zy,baseline
release,1,649831,516,69,4696624,True,"[422, 163, 16, 15]",11,lib/tests/core/gc-stress.zy,explicit
release,1,646168,516,69,4524542,True,"[422, 163, 16, 15]",11,lib/tests/core/gc-stress.zy,recursive
release,1,671671,516,69,4740003,True,"[422, 163, 16, 15]",11,lib/tests/core/gc-stress.zy,original
release,1,639919,516,69,4900711,True,"[422, 163, 16, 15]",12,lib/tests/core/gc-stress.zy,baseline
release,1,660045,516,69,4680541,True,"[422, 163, 16, 15]",12,lib/tests/core/gc-stress.zy,explicit
release,1,664122,516,69,4599039,True,"[422, 163, 16, 15]",12,lib/tests/core/gc-stress.zy,recursive
release,1,670500,516,69,4790122,True,"[422, 163, 16, 15]",12,lib/tests/core/gc-stress.zy,original
release,1,659168,516,69,4208753,True,"[422, 163, 16, 15]",12,lib/tests/core/gc-stress.zy,jobs
release,1,647868,516,69,4713544,True,"[422, 163, 16, 15]",13,lib/tests/core/gc-stress.zy,explicit
release,1,660789,516,69,4565876,True,"[422, 163, 16, 15]",13,lib/tests/core/gc-stress.zy,recursive
release,1,657125,516,69,4705004,True,"[422, 163, 16, 15]",13,lib/tests/core/gc-stress.zy,original
release,1,687342,516,69,4329787,True,"[422, 163, 16, 15]",13,lib/tests/core/gc-stress.zy,jobs
release,1,664585,516,69,5030502,True,"[422, 163, 16, 15]",13,lib/tests/core/gc-stress.zy,baseline
release,1,659164,516,69,4601331,True,"[422, 163, 16, 15]",14,lib/tests/core/gc-stress.zy,recursive
release,1,669583,516,69,4778205,True,"[422, 163, 16, 15]",14,lib/tests/core/gc-stress.zy,original
release,1,666580,516,69,4310289,True,"[422, 163, 16, 15]",14,lib/tests/core/gc-stress.zy,jobs
release,1,648458,516,69,4957495,True,"[422, 163, 16, 15]",14,lib/tests/core/gc-stress.zy,baseline
release,1,673999,516,69,4799918,True,"[422, 163, 16, 15]",14,lib/tests/core/gc-stress.zy,explicit
release,1,668412,516,69,4760375,True,"[422, 163, 16, 15]",15,lib/tests/core/gc-stress.zy,original
release,1,668086,516,69,4318958,True,"[422, 163, 16, 15]",15,lib/tests/core/gc-stress.zy,jobs
release,1,681832,516,69,4939577,True,"[422, 163, 16, 15]",15,lib/tests/core/gc-stress.zy,baseline
release,1,678627,516,69,4814082,True,"[422, 163, 16, 15]",15,lib/tests/core/gc-stress.zy,explicit
release,1,673876,516,69,4593130,True,"[422, 163, 16, 15]",15,lib/tests/core/gc-stress.zy,recursive
release,1,669665,516,69,4348208,True,"[422, 163, 16, 15]",16,lib/tests/core/gc-stress.zy,jobs
release,1,721953,516,69,4995417,True,"[422, 163, 16, 15]",16,lib/tests/core/gc-stress.zy,baseline
release,1,693086,516,69,4833582,True,"[422, 163, 16, 15]",16,lib/tests/core/gc-stress.zy,explicit
release,1,711209,516,69,4672876,True,"[422, 163, 16, 15]",16,lib/tests/core/gc-stress.zy,recursive
release,1,712039,516,69,4799543,True,"[422, 163, 16, 15]",16,lib/tests/core/gc-stress.zy,original
release,1,667960,516,69,5019751,True,"[422, 163, 16, 15]",17,lib/tests/core/gc-stress.zy,baseline
release,1,665501,516,69,4883457,True,"[422, 163, 16, 15]",17,lib/tests/core/gc-stress.zy,explicit
release,1,656378,516,69,4641584,True,"[422, 163, 16, 15]",17,lib/tests/core/gc-stress.zy,recursive
release,1,844920,516,69,5007330,True,"[422, 163, 16, 15]",17,lib/tests/core/gc-stress.zy,original
release,1,768462,516,69,4572834,True,"[422, 163, 16, 15]",17,lib/tests/core/gc-stress.zy,jobs
release,1,714626,516,69,4870621,True,"[422, 163, 16, 15]",18,lib/tests/core/gc-stress.zy,explicit
release,1,711000,516,69,4570875,True,"[422, 163, 16, 15]",18,lib/tests/core/gc-stress.zy,recursive
release,1,696295,516,69,4826001,True,"[422, 163, 16, 15]",18,lib/tests/core/gc-stress.zy,original
release,1,687999,516,69,4367461,True,"[422, 163, 16, 15]",18,lib/tests/core/gc-stress.zy,jobs
release,1,663961,516,69,5072168,True,"[422, 163, 16, 15]",18,lib/tests/core/gc-stress.zy,baseline
release,1,764710,516,69,4761086,True,"[422, 163, 16, 15]",19,lib/tests/core/gc-stress.zy,recursive
release,1,704916,516,69,4820127,True,"[422, 163, 16, 15]",19,lib/tests/core/gc-stress.zy,original
release,1,671422,516,69,4410161,True,"[422, 163, 16, 15]",19,lib/tests/core/gc-stress.zy,jobs
release,1,697000,516,69,4905917,True,"[422, 163, 16, 15]",19,lib/tests/core/gc-stress.zy,baseline
release,1,680417,516,69,4819917,True,"[422, 163, 16, 15]",19,lib/tests/core/gc-stress.zy,explicit
release,1,694454,516,69,4705004,True,"[422, 163, 16, 15]",20,lib/tests/core/gc-stress.zy,original
release,1,741083,516,69,4384418,True,"[422, 163, 16, 15]",20,lib/tests/core/gc-stress.zy,jobs
release,1,679837,516,69,5108497,True,"[422, 163, 16, 15]",20,lib/tests/core/gc-stress.zy,baseline
release,1,688165,516,69,4964872,True,"[422, 163, 16, 15]",20,lib/tests/core/gc-stress.zy,explicit
release,1,738210,516,69,4739831,True,"[422, 163, 16, 15]",20,lib/tests/core/gc-stress.zy,recursive
release,1,734626,516,69,4391373,True,"[422, 163, 16, 15]",21,lib/tests/core/gc-stress.zy,jobs
release,1,820829,516,69,5181210,True,"[422, 163, 16, 15]",21,lib/tests/core/gc-stress.zy,baseline
release,1,688873,516,69,4862667,True,"[422, 163, 16, 15]",21,lib/tests/core/gc-stress.zy,explicit
release,1,681042,516,69,4601204,True,"[422, 163, 16, 15]",21,lib/tests/core/gc-stress.zy,recursive
release,1,758255,516,69,4845296,True,"[422, 163, 16, 15]",21,lib/tests/core/gc-stress.zy,original
release,1,721584,516,69,5033668,True,"[422, 163, 16, 15]",22,lib/tests/core/gc-stress.zy,baseline
release,1,705330,516,69,4797498,True,"[422, 163, 16, 15]",22,lib/tests/core/gc-stress.zy,explicit
release,1,746045,516,69,4877542,True,"[422, 163, 16, 15]",22,lib/tests/core/gc-stress.zy,recursive
release,1,737500,516,69,4802959,True,"[422, 163, 16, 15]",22,lib/tests/core/gc-stress.zy,original
release,1,909500,516,69,4835966,True,"[422, 163, 16, 15]",22,lib/tests/core/gc-stress.zy,jobs
release,1,728163,516,69,5127463,True,"[422, 163, 16, 15]",23,lib/tests/core/gc-stress.zy,explicit
release,1,697748,516,69,4625837,True,"[422, 163, 16, 15]",23,lib/tests/core/gc-stress.zy,recursive
release,1,710459,516,69,4832581,True,"[422, 163, 16, 15]",23,lib/tests/core/gc-stress.zy,original
release,1,687624,516,69,4360585,True,"[422, 163, 16, 15]",23,lib/tests/core/gc-stress.zy,jobs
release,1,688327,516,69,5030121,True,"[422, 163, 16, 15]",23,lib/tests/core/gc-stress.zy,baseline
release,1,706799,516,69,4629381,True,"[422, 163, 16, 15]",24,lib/tests/core/gc-stress.zy,recursive
release,1,698913,516,69,4728123,True,"[422, 163, 16, 15]",24,lib/tests/core/gc-stress.zy,original
release,1,682043,516,69,4362630,True,"[422, 163, 16, 15]",24,lib/tests/core/gc-stress.zy,jobs
release,1,718209,516,69,5060923,True,"[422, 163, 16, 15]",24,lib/tests/core/gc-stress.zy,baseline
release,1,704418,516,69,4719045,True,"[422, 163, 16, 15]",24,lib/tests/core/gc-stress.zy,explicit
release,1,703501,516,69,4786957,True,"[422, 163, 16, 15]",25,lib/tests/core/gc-stress.zy,original
release,1,670794,516,69,4345165,True,"[422, 163, 16, 15]",25,lib/tests/core/gc-stress.zy,jobs
release,1,662997,516,69,4987129,True,"[422, 163, 16, 15]",25,lib/tests/core/gc-stress.zy,baseline
release,1,680872,516,69,4732087,True,"[422, 163, 16, 15]",25,lib/tests/core/gc-stress.zy,explicit
release,1,669703,516,69,4567417,True,"[422, 163, 16, 15]",25,lib/tests/core/gc-stress.zy,recursive
release,1,694918,516,69,4417338,True,"[422, 163, 16, 15]",26,lib/tests/core/gc-stress.zy,jobs
release,1,719705,516,69,5168668,True,"[422, 163, 16, 15]",26,lib/tests/core/gc-stress.zy,baseline
release,1,668206,516,69,4878461,True,"[422, 163, 16, 15]",26,lib/tests/core/gc-stress.zy,explicit
release,1,694668,516,69,4658957,True,"[422, 163, 16, 15]",26,lib/tests/core/gc-stress.zy,recursive
release,1,845164,516,69,4928330,True,"[422, 163, 16, 15]",26,lib/tests/core/gc-stress.zy,original
release,1,737752,516,69,5140414,True,"[422, 163, 16, 15]",27,lib/tests/core/gc-stress.zy,baseline
release,1,664920,516,69,4826252,True,"[422, 163, 16, 15]",27,lib/tests/core/gc-stress.zy,explicit
release,1,639043,516,69,4583380,True,"[422, 163, 16, 15]",27,lib/tests/core/gc-stress.zy,recursive
release,1,642710,516,69,4678541,True,"[422, 163, 16, 15]",27,lib/tests/core/gc-stress.zy,original
release,1,692918,516,69,4216831,True,"[422, 163, 16, 15]",27,lib/tests/core/gc-stress.zy,jobs
release,1,682457,516,69,4693497,True,"[422, 163, 16, 15]",28,lib/tests/core/gc-stress.zy,explicit
release,1,681790,516,69,4676043,True,"[422, 163, 16, 15]",28,lib/tests/core/gc-stress.zy,recursive
release,1,677294,516,69,4703871,True,"[422, 163, 16, 15]",28,lib/tests/core/gc-stress.zy,original
release,1,727004,516,69,4438417,True,"[422, 163, 16, 15]",28,lib/tests/core/gc-stress.zy,jobs
release,1,662170,516,69,5021700,True,"[422, 163, 16, 15]",28,lib/tests/core/gc-stress.zy,baseline
release,1,675580,516,69,4616045,True,"[422, 163, 16, 15]",29,lib/tests/core/gc-stress.zy,recursive
release,1,685917,516,69,4781128,True,"[422, 163, 16, 15]",29,lib/tests/core/gc-stress.zy,original
release,1,684584,516,69,4295877,True,"[422, 163, 16, 15]",29,lib/tests/core/gc-stress.zy,jobs
release,1,683835,516,69,5105172,True,"[422, 163, 16, 15]",29,lib/tests/core/gc-stress.zy,baseline
release,1,677545,516,69,4850743,True,"[422, 163, 16, 15]",29,lib/tests/core/gc-stress.zy,explicit
release,1,786158,516,69,4903001,True,"[422, 163, 16, 15]",30,lib/tests/core/gc-stress.zy,original
release,1,693582,516,69,4303711,True,"[422, 163, 16, 15]",30,lib/tests/core/gc-stress.zy,jobs
release,1,685628,516,69,5089077,True,"[422, 163, 16, 15]",30,lib/tests/core/gc-stress.zy,baseline
release,1,709210,516,69,4833873,True,"[422, 163, 16, 15]",30,lib/tests/core/gc-stress.zy,explicit
release,1,687829,516,69,4564749,True,"[422, 163, 16, 15]",30,lib/tests/core/gc-stress.zy,recursive
release,1,699455,516,69,4323000,True,"[422, 163, 16, 15]",31,lib/tests/core/gc-stress.zy,jobs
release,1,722417,516,69,4968630,True,"[422, 163, 16, 15]",31,lib/tests/core/gc-stress.zy,baseline
release,1,673504,516,69,4814334,True,"[422, 163, 16, 15]",31,lib/tests/core/gc-stress.zy,explicit
release,1,680001,516,69,4524204,True,"[422, 163, 16, 15]",31,lib/tests/core/gc-stress.zy,recursive
release,1,668083,516,69,4600461,True,"[422, 163, 16, 15]",31,lib/tests/core/gc-stress.zy,original
release,1,686671,516,69,5035335,True,"[422, 163, 16, 15]",32,lib/tests/core/gc-stress.zy,baseline
release,1,673747,516,69,4788078,True,"[422, 163, 16, 15]",32,lib/tests/core/gc-stress.zy,explicit
release,1,670958,516,69,4583167,True,"[422, 163, 16, 15]",32,lib/tests/core/gc-stress.zy,recursive
release,1,660128,516,69,4708997,True,"[422, 163, 16, 15]",32,lib/tests/core/gc-stress.zy,original
release,1,656293,516,69,4333172,True,"[422, 163, 16, 15]",32,lib/tests/core/gc-stress.zy,jobs
release,1,649707,516,69,4743916,True,"[422, 163, 16, 15]",33,lib/tests/core/gc-stress.zy,explicit
release,1,670291,516,69,4479416,True,"[422, 163, 16, 15]",33,lib/tests/core/gc-stress.zy,recursive
release,1,672458,516,69,4730135,True,"[422, 163, 16, 15]",33,lib/tests/core/gc-stress.zy,original
release,1,688245,516,69,4275499,True,"[422, 163, 16, 15]",33,lib/tests/core/gc-stress.zy,jobs
release,1,680671,516,69,5018120,True,"[422, 163, 16, 15]",33,lib/tests/core/gc-stress.zy,baseline
release,1,684583,516,69,4527794,True,"[422, 163, 16, 15]",34,lib/tests/core/gc-stress.zy,recursive
release,1,753282,516,69,4864670,True,"[422, 163, 16, 15]",34,lib/tests/core/gc-stress.zy,original
release,1,675039,516,69,4319463,True,"[422, 163, 16, 15]",34,lib/tests/core/gc-stress.zy,jobs
release,1,666210,516,69,4966540,True,"[422, 163, 16, 15]",34,lib/tests/core/gc-stress.zy,baseline
release,1,722841,516,69,4867415,True,"[422, 163, 16, 15]",34,lib/tests/core/gc-stress.zy,explicit
release,1,674038,516,69,4729081,True,"[422, 163, 16, 15]",35,lib/tests/core/gc-stress.zy,original
release,1,651000,516,69,4336582,True,"[422, 163, 16, 15]",35,lib/tests/core/gc-stress.zy,jobs
release,1,678914,516,69,4996668,True,"[422, 163, 16, 15]",35,lib/tests/core/gc-stress.zy,baseline
release,1,673208,516,69,4781875,True,"[422, 163, 16, 15]",35,lib/tests/core/gc-stress.zy,explicit
release,1,674792,516,69,4515457,True,"[422, 163, 16, 15]",35,lib/tests/core/gc-stress.zy,recursive
release,1,672791,516,69,4166671,True,"[422, 163, 16, 15]",36,lib/tests/core/gc-stress.zy,jobs
release,1,733541,516,69,4961956,True,"[422, 163, 16, 15]",36,lib/tests/core/gc-stress.zy,baseline
release,1,703377,516,69,4726707,True,"[422, 163, 16, 15]",36,lib/tests/core/gc-stress.zy,explicit
release,1,668833,516,69,4613378,True,"[422, 163, 16, 15]",36,lib/tests/core/gc-stress.zy,recursive
release,1,670290,516,69,4659583,True,"[422, 163, 16, 15]",36,lib/tests/core/gc-stress.zy,original
release,1,651918,516,69,5014333,True,"[422, 163, 16, 15]",37,lib/tests/core/gc-stress.zy,baseline
release,1,675248,516,69,4719422,True,"[422, 163, 16, 15]",37,lib/tests/core/gc-stress.zy,explicit
release,1,683417,516,69,4554832,True,"[422, 163, 16, 15]",37,lib/tests/core/gc-stress.zy,recursive
release,1,664332,516,69,4722920,True,"[422, 163, 16, 15]",37,lib/tests/core/gc-stress.zy,original
release,1,663875,516,69,4336917,True,"[422, 163, 16, 15]",37,lib/tests/core/gc-stress.zy,jobs
release,1,677832,516,69,4852082,True,"[422, 163, 16, 15]",38,lib/tests/core/gc-stress.zy,explicit
release,1,674001,516,69,4522876,True,"[422, 163, 16, 15]",38,lib/tests/core/gc-stress.zy,recursive
release,1,693165,516,69,4753753,True,"[422, 163, 16, 15]",38,lib/tests/core/gc-stress.zy,original
release,1,699749,516,69,4357587,True,"[422, 163, 16, 15]",38,lib/tests/core/gc-stress.zy,jobs
release,1,670746,516,69,4990542,True,"[422, 163, 16, 15]",38,lib/tests/core/gc-stress.zy,baseline
release,1,657464,516,69,4484125,True,"[422, 163, 16, 15]",39,lib/tests/core/gc-stress.zy,recursive
release,1,658744,516,69,4681125,True,"[422, 163, 16, 15]",39,lib/tests/core/gc-stress.zy,original
release,1,697877,516,69,4314167,True,"[422, 163, 16, 15]",39,lib/tests/core/gc-stress.zy,jobs
release,1,672504,516,69,5011630,True,"[422, 163, 16, 15]",39,lib/tests/core/gc-stress.zy,baseline
release,1,682170,516,69,4795378,True,"[422, 163, 16, 15]",39,lib/tests/core/gc-stress.zy,explicit
