experiment,profile,run,drop_ns,input_nodes,iterations,lower_ns,native,output_counts,round,source,variant
free-list-hints,release,0,585121,343,96,4921502,False,"[276, 90, 14, 0]",0,lib/tests/core/fact.zy,baseline
free-list-hints,release,0,590676,343,96,5094955,False,"[276, 90, 14, 0]",0,lib/tests/core/fact.zy,free_list
free-list-hints,release,0,580045,343,96,4890959,False,"[276, 90, 14, 0]",0,lib/tests/core/fact.zy,inline_hint
free-list-hints,release,0,615370,343,96,5156295,False,"[276, 90, 14, 0]",0,lib/tests/core/fact.zy,free_list_hint
free-list-hints,release,0,586081,343,96,5058462,False,"[276, 90, 14, 0]",1,lib/tests/core/fact.zy,free_list
free-list-hints,release,0,552999,343,96,4952290,False,"[276, 90, 14, 0]",1,lib/tests/core/fact.zy,inline_hint
free-list-hints,release,0,534586,343,96,4888703,False,"[276, 90, 14, 0]",1,lib/tests/core/fact.zy,free_list_hint
free-list-hints,release,0,530213,343,96,4851288,False,"[276, 90, 14, 0]",1,lib/tests/core/fact.zy,baseline
free-list-hints,release,0,564004,343,96,5049122,False,"[276, 90, 14, 0]",2,lib/tests/core/fact.zy,inline_hint
free-list-hints,release,0,569704,343,96,5037500,False,"[276, 90, 14, 0]",2,lib/tests/core/fact.zy,free_list_hint
free-list-hints,release,0,526214,343,96,4964833,False,"[276, 90, 14, 0]",2,lib/tests/core/fact.zy,baseline
free-list-hints,release,0,545418,343,96,4935419,False,"[276, 90, 14, 0]",2,lib/tests/core/fact.zy,free_list
free-list-hints,release,0,527536,343,96,5004253,False,"[276, 90, 14, 0]",3,lib/tests/core/fact.zy,free_list_hint
free-list-hints,release,0,521119,343,96,4887006,False,"[276, 90, 14, 0]",3,lib/tests/core/fact.zy,baseline
free-list-hints,release,0,520165,343,96,4885292,False,"[276, 90, 14, 0]",3,lib/tests/core/fact.zy,free_list
free-list-hints,release,0,533712,343,96,4857252,False,"[276, 90, 14, 0]",3,lib/tests/core/fact.zy,inline_hint
free-list-hints,release,0,540872,343,96,4901703,False,"[276, 90, 14, 0]",4,lib/tests/core/fact.zy,baseline
free-list-hints,release,0,559205,343,96,5038668,False,"[276, 90, 14, 0]",4,lib/tests/core/fact.zy,free_list
free-list-hints,release,0,561460,343,96,5017254,False,"[276, 90, 14, 0]",4,lib/tests/core/fact.zy,inline_hint
free-list-hints,release,0,553710,343,96,5065334,False,"[276, 90, 14, 0]",4,lib/tests/core/fact.zy,free_list_hint
free-list-hints,release,0,524585,343,96,4944287,False,"[276, 90, 14, 0]",5,lib/tests/core/fact.zy,free_list
free-list-hints,release,0,526334,343,96,4892130,False,"[276, 90, 14, 0]",5,lib/tests/core/fact.zy,inline_hint
free-list-hints,release,0,517295,343,96,4917166,False,"[276, 90, 14, 0]",5,lib/tests/core/fact.zy,free_list_hint
free-list-hints,release,0,572040,343,96,4832998,False,"[276, 90, 14, 0]",5,lib/tests/core/fact.zy,baseline
free-list-hints,release,0,540665,343,96,4946954,False,"[276, 90, 14, 0]",6,lib/tests/core/fact.zy,inline_hint
free-list-hints,release,0,533833,343,96,5045542,False,"[276, 90, 14, 0]",6,lib/tests/core/fact.zy,free_list_hint
free-list-hints,release,0,574497,343,96,4934998,False,"[276, 90, 14, 0]",6,lib/tests/core/fact.zy,baseline
free-list-hints,release,0,562630,343,96,5078334,False,"[276, 90, 14, 0]",6,lib/tests/core/fact.zy,free_list
free-list-hints,release,0,585247,343,96,5103130,False,"[276, 90, 14, 0]",7,lib/tests/core/fact.zy,free_list_hint
free-list-hints,release,0,591377,343,96,4921210,False,"[276, 90, 14, 0]",7,lib/tests/core/fact.zy,baseline
free-list-hints,release,0,550999,343,96,4926919,False,"[276, 90, 14, 0]",7,lib/tests/core/fact.zy,free_list
free-list-hints,release,0,542789,343,96,4909671,False,"[276, 90, 14, 0]",7,lib/tests/core/fact.zy,inline_hint
free-list-hints,release,0,553288,343,96,4886291,False,"[276, 90, 14, 0]",8,lib/tests/core/fact.zy,baseline
free-list-hints,release,0,558328,343,96,5069251,False,"[276, 90, 14, 0]",8,lib/tests/core/fact.zy,free_list
free-list-hints,release,0,575342,343,96,4987998,False,"[276, 90, 14, 0]",8,lib/tests/core/fact.zy,inline_hint
free-list-hints,release,0,525668,343,96,4887173,False,"[276, 90, 14, 0]",8,lib/tests/core/fact.zy,free_list_hint
free-list-hints,release,0,523251,343,96,4946956,False,"[276, 90, 14, 0]",9,lib/tests/core/fact.zy,free_list
free-list-hints,release,0,523625,343,96,4906834,False,"[276, 90, 14, 0]",9,lib/tests/core/fact.zy,inline_hint
free-list-hints,release,0,539961,343,96,5055915,False,"[276, 90, 14, 0]",9,lib/tests/core/fact.zy,free_list_hint
free-list-hints,release,0,527996,343,96,4890008,False,"[276, 90, 14, 0]",9,lib/tests/core/fact.zy,baseline
free-list-hints,release,0,526673,343,96,4813208,False,"[276, 90, 14, 0]",10,lib/tests/core/fact.zy,inline_hint
free-list-hints,release,0,529541,343,96,4912213,False,"[276, 90, 14, 0]",10,lib/tests/core/fact.zy,free_list_hint
free-list-hints,release,0,522587,343,96,4835297,False,"[276, 90, 14, 0]",10,lib/tests/core/fact.zy,baseline
free-list-hints,release,0,513918,343,96,4936665,False,"[276, 90, 14, 0]",10,lib/tests/core/fact.zy,free_list
free-list-hints,release,0,527745,343,96,5081629,False,"[276, 90, 14, 0]",11,lib/tests/core/fact.zy,free_list_hint
free-list-hints,release,0,559166,343,96,4888589,False,"[276, 90, 14, 0]",11,lib/tests/core/fact.zy,baseline
free-list-hints,release,0,548163,343,96,4936246,False,"[276, 90, 14, 0]",11,lib/tests/core/fact.zy,free_list
free-list-hints,release,0,545959,343,96,4921169,False,"[276, 90, 14, 0]",11,lib/tests/core/fact.zy,inline_hint
free-list-hints,release,0,532095,343,96,4783077,False,"[276, 90, 14, 0]",12,lib/tests/core/fact.zy,baseline
free-list-hints,release,0,529371,343,96,4863456,False,"[276, 90, 14, 0]",12,lib/tests/core/fact.zy,free_list
free-list-hints,release,0,526331,343,96,4917000,False,"[276, 90, 14, 0]",12,lib/tests/core/fact.zy,inline_hint
free-list-hints,release,0,525701,343,96,5041462,False,"[276, 90, 14, 0]",12,lib/tests/core/fact.zy,free_list_hint
free-list-hints,release,0,561794,343,96,4986049,False,"[276, 90, 14, 0]",13,lib/tests/core/fact.zy,free_list
free-list-hints,release,0,565916,343,96,4949082,False,"[276, 90, 14, 0]",13,lib/tests/core/fact.zy,inline_hint
free-list-hints,release,0,557214,343,96,5020542,False,"[276, 90, 14, 0]",13,lib/tests/core/fact.zy,free_list_hint
free-list-hints,release,0,542094,343,96,4837792,False,"[276, 90, 14, 0]",13,lib/tests/core/fact.zy,baseline
free-list-hints,release,0,536501,343,96,4854034,False,"[276, 90, 14, 0]",14,lib/tests/core/fact.zy,inline_hint
free-list-hints,release,0,522749,343,96,4944417,False,"[276, 90, 14, 0]",14,lib/tests/core/fact.zy,free_list_hint
free-list-hints,release,0,504502,343,96,4865250,False,"[276, 90, 14, 0]",14,lib/tests/core/fact.zy,baseline
free-list-hints,release,0,517046,343,96,4944955,False,"[276, 90, 14, 0]",14,lib/tests/core/fact.zy,free_list
free-list-hints,release,0,532545,343,96,5038416,False,"[276, 90, 14, 0]",15,lib/tests/core/fact.zy,free_list_hint
free-list-hints,release,0,575880,343,96,4932372,False,"[276, 90, 14, 0]",15,lib/tests/core/fact.zy,baseline
free-list-hints,release,0,541874,343,96,4990876,False,"[276, 90, 14, 0]",15,lib/tests/core/fact.zy,free_list
free-list-hints,release,0,546538,343,96,4890708,False,"[276, 90, 14, 0]",15,lib/tests/core/fact.zy,inline_hint
free-list-hints,release,0,539876,343,96,4760832,False,"[276, 90, 14, 0]",16,lib/tests/core/fact.zy,baseline
free-list-hints,release,0,540460,343,96,4903006,False,"[276, 90, 14, 0]",16,lib/tests/core/fact.zy,free_list
free-list-hints,release,0,531084,343,96,4929420,False,"[276, 90, 14, 0]",16,lib/tests/core/fact.zy,inline_hint
free-list-hints,release,0,535371,343,96,5007957,False,"[276, 90, 14, 0]",16,lib/tests/core/fact.zy,free_list_hint
free-list-hints,release,0,532077,343,96,5111547,False,"[276, 90, 14, 0]",17,lib/tests/core/fact.zy,free_list
free-list-hints,release,0,537667,343,96,5002798,False,"[276, 90, 14, 0]",17,lib/tests/core/fact.zy,inline_hint
free-list-hints,release,0,552288,343,96,5062629,False,"[276, 90, 14, 0]",17,lib/tests/core/fact.zy,free_list_hint
free-list-hints,release,0,538204,343,96,4815874,False,"[276, 90, 14, 0]",17,lib/tests/core/fact.zy,baseline
free-list-hints,release,0,550083,343,96,4858121,False,"[276, 90, 14, 0]",18,lib/tests/core/fact.zy,inline_hint
free-list-hints,release,0,567001,343,96,5000500,False,"[276, 90, 14, 0]",18,lib/tests/core/fact.zy,free_list_hint
free-list-hints,release,0,534241,343,96,4915843,False,"[276, 90, 14, 0]",18,lib/tests/core/fact.zy,baseline
free-list-hints,release,0,535290,343,96,5121923,False,"[276, 90, 14, 0]",18,lib/tests/core/fact.zy,free_list
free-list-hints,release,0,532961,343,96,5170001,False,"[276, 90, 14, 0]",19,lib/tests/core/fact.zy,free_list_hint
free-list-hints,release,0,520840,343,96,4814031,False,"[276, 90, 14, 0]",19,lib/tests/core/fact.zy,baseline
free-list-hints,release,0,517960,343,96,4907371,False,"[276, 90, 14, 0]",19,lib/tests/core/fact.zy,free_list
free-list-hints,release,0,539542,343,96,4917083,False,"[276, 90, 14, 0]",19,lib/tests/core/fact.zy,inline_hint
free-list-hints,release,0,570122,343,96,4890627,False,"[276, 90, 14, 0]",20,lib/tests/core/fact.zy,baseline
free-list-hints,release,0,575953,343,96,5068790,False,"[276, 90, 14, 0]",20,lib/tests/core/fact.zy,free_list
free-list-hints,release,0,564780,343,96,4921752,False,"[276, 90, 14, 0]",20,lib/tests/core/fact.zy,inline_hint
free-list-hints,release,0,508959,343,96,4919416,False,"[276, 90, 14, 0]",20,lib/tests/core/fact.zy,free_list_hint
free-list-hints,release,0,530958,343,96,4956797,False,"[276, 90, 14, 0]",21,lib/tests/core/fact.zy,free_list
free-list-hints,release,0,531131,343,96,4899253,False,"[276, 90, 14, 0]",21,lib/tests/core/fact.zy,inline_hint
free-list-hints,release,0,526299,343,96,4981338,False,"[276, 90, 14, 0]",21,lib/tests/core/fact.zy,free_list_hint
free-list-hints,release,0,519706,343,96,4873499,False,"[276, 90, 14, 0]",21,lib/tests/core/fact.zy,baseline
free-list-hints,release,0,540740,343,96,4900834,False,"[276, 90, 14, 0]",22,lib/tests/core/fact.zy,inline_hint
free-list-hints,release,0,561830,343,96,5005463,False,"[276, 90, 14, 0]",22,lib/tests/core/fact.zy,free_list_hint
free-list-hints,release,0,526504,343,96,4857872,False,"[276, 90, 14, 0]",22,lib/tests/core/fact.zy,baseline
free-list-hints,release,0,531084,343,96,4964872,False,"[276, 90, 14, 0]",22,lib/tests/core/fact.zy,free_list
free-list-hints,release,0,564169,343,96,5181080,False,"[276, 90, 14, 0]",23,lib/tests/core/fact.zy,free_list_hint
free-list-hints,release,0,535380,343,96,4881246,False,"[276, 90, 14, 0]",23,lib/tests/core/fact.zy,baseline
free-list-hints,release,0,538292,343,96,4926082,False,"[276, 90, 14, 0]",23,lib/tests/core/fact.zy,free_list
free-list-hints,release,0,528622,343,96,4900169,False,"[276, 90, 14, 0]",23,lib/tests/core/fact.zy,inline_hint
free-list-hints,release,0,538384,343,96,4899455,False,"[276, 90, 14, 0]",24,lib/tests/core/fact.zy,baseline
free-list-hints,release,0,508411,343,96,4904791,False,"[276, 90, 14, 0]",24,lib/tests/core/fact.zy,free_list
free-list-hints,release,0,521751,343,96,4861078,False,"[276, 90, 14, 0]",24,lib/tests/core/fact.zy,inline_hint
free-list-hints,release,0,555330,343,96,5030330,False,"[276, 90, 14, 0]",24,lib/tests/core/fact.zy,free_list_hint
free-list-hints,release,0,563675,343,96,5050256,False,"[276, 90, 14, 0]",25,lib/tests/core/fact.zy,free_list
free-list-hints,release,0,545127,343,96,4951373,False,"[276, 90, 14, 0]",25,lib/tests/core/fact.zy,inline_hint
free-list-hints,release,0,538123,343,96,5060287,False,"[276, 90, 14, 0]",25,lib/tests/core/fact.zy,free_list_hint
free-list-hints,release,0,542829,343,96,4894581,False,"[276, 90, 14, 0]",25,lib/tests/core/fact.zy,baseline
free-list-hints,release,0,552044,343,96,4921546,False,"[276, 90, 14, 0]",26,lib/tests/core/fact.zy,inline_hint
free-list-hints,release,0,549413,343,96,5066419,False,"[276, 90, 14, 0]",26,lib/tests/core/fact.zy,free_list_hint
free-list-hints,release,0,545001,343,96,4852797,False,"[276, 90, 14, 0]",26,lib/tests/core/fact.zy,baseline
free-list-hints,release,0,517962,343,96,4864539,False,"[276, 90, 14, 0]",26,lib/tests/core/fact.zy,free_list
free-list-hints,release,0,515833,343,96,5030327,False,"[276, 90, 14, 0]",27,lib/tests/core/fact.zy,free_list_hint
free-list-hints,release,0,565915,343,96,4875166,False,"[276, 90, 14, 0]",27,lib/tests/core/fact.zy,baseline
free-list-hints,release,0,554703,343,96,5029794,False,"[276, 90, 14, 0]",27,lib/tests/core/fact.zy,free_list
free-list-hints,release,0,533379,343,96,5042082,False,"[276, 90, 14, 0]",27,lib/tests/core/fact.zy,inline_hint
free-list-hints,release,0,537626,343,96,4967420,False,"[276, 90, 14, 0]",28,lib/tests/core/fact.zy,baseline
free-list-hints,release,0,557165,343,96,4950211,False,"[276, 90, 14, 0]",28,lib/tests/core/fact.zy,free_list
free-list-hints,release,0,561417,343,96,4932421,False,"[276, 90, 14, 0]",28,lib/tests/core/fact.zy,inline_hint
free-list-hints,release,0,545536,343,96,5067662,False,"[276, 90, 14, 0]",28,lib/tests/core/fact.zy,free_list_hint
free-list-hints,release,0,517497,343,96,4888836,False,"[276, 90, 14, 0]",29,lib/tests/core/fact.zy,free_list
free-list-hints,release,0,534833,343,96,4885416,False,"[276, 90, 14, 0]",29,lib/tests/core/fact.zy,inline_hint
free-list-hints,release,0,583717,343,96,5003624,False,"[276, 90, 14, 0]",29,lib/tests/core/fact.zy,free_list_hint
free-list-hints,release,0,531372,343,96,4793415,False,"[276, 90, 14, 0]",29,lib/tests/core/fact.zy,baseline
free-list-hints,release,0,565202,343,96,4881461,False,"[276, 90, 14, 0]",30,lib/tests/core/fact.zy,inline_hint
free-list-hints,release,0,558458,343,96,5112710,False,"[276, 90, 14, 0]",30,lib/tests/core/fact.zy,free_list_hint
free-list-hints,release,0,502740,343,96,4780508,False,"[276, 90, 14, 0]",30,lib/tests/core/fact.zy,baseline
free-list-hints,release,0,519455,343,96,4981788,False,"[276, 90, 14, 0]",30,lib/tests/core/fact.zy,free_list
free-list-hints,release,0,549497,343,96,5020422,False,"[276, 90, 14, 0]",31,lib/tests/core/fact.zy,free_list_hint
free-list-hints,release,0,547458,343,96,5015333,False,"[276, 90, 14, 0]",31,lib/tests/core/fact.zy,baseline
free-list-hints,release,0,540209,343,96,5069540,False,"[276, 90, 14, 0]",31,lib/tests/core/fact.zy,free_list
free-list-hints,release,0,563332,343,96,4997253,False,"[276, 90, 14, 0]",31,lib/tests/core/fact.zy,inline_hint
free-list-hints,release,0,566956,343,96,4672957,True,"[265, 89, 14, 13]",0,lib/tests/core/fact.zy,baseline
free-list-hints,release,0,560209,343,96,4845291,True,"[265, 89, 14, 13]",0,lib/tests/core/fact.zy,free_list
free-list-hints,release,0,584546,343,96,4651203,True,"[265, 89, 14, 13]",0,lib/tests/core/fact.zy,inline_hint
free-list-hints,release,0,564795,343,96,4827584,True,"[265, 89, 14, 13]",0,lib/tests/core/fact.zy,free_list_hint
free-list-hints,release,0,533246,343,96,4867581,True,"[265, 89, 14, 13]",1,lib/tests/core/fact.zy,free_list
free-list-hints,release,0,600961,343,96,4792708,True,"[265, 89, 14, 13]",1,lib/tests/core/fact.zy,inline_hint
free-list-hints,release,0,542372,343,96,4812504,True,"[265, 89, 14, 13]",1,lib/tests/core/fact.zy,free_list_hint
free-list-hints,release,0,523878,343,96,4759871,True,"[265, 89, 14, 13]",1,lib/tests/core/fact.zy,baseline
free-list-hints,release,0,516838,343,96,4709044,True,"[265, 89, 14, 13]",2,lib/tests/core/fact.zy,inline_hint
free-list-hints,release,0,505252,343,96,4819415,True,"[265, 89, 14, 13]",2,lib/tests/core/fact.zy,free_list_hint
free-list-hints,release,0,506378,343,96,4760832,True,"[265, 89, 14, 13]",2,lib/tests/core/fact.zy,baseline
free-list-hints,release,0,513207,343,96,4815834,True,"[265, 89, 14, 13]",2,lib/tests/core/fact.zy,free_list
free-list-hints,release,0,544247,343,96,4839830,True,"[265, 89, 14, 13]",3,lib/tests/core/fact.zy,free_list_hint
free-list-hints,release,0,584458,343,96,4902287,True,"[265, 89, 14, 13]",3,lib/tests/core/fact.zy,baseline
free-list-hints,release,0,558839,343,96,4851831,True,"[265, 89, 14, 13]",3,lib/tests/core/fact.zy,free_list
free-list-hints,release,0,509250,343,96,4698079,True,"[265, 89, 14, 13]",3,lib/tests/core/fact.zy,inline_hint
free-list-hints,release,0,521085,343,96,4738788,True,"[265, 89, 14, 13]",4,lib/tests/core/fact.zy,baseline
free-list-hints,release,0,508336,343,96,4712506,True,"[265, 89, 14, 13]",4,lib/tests/core/fact.zy,free_list
free-list-hints,release,0,522795,343,96,4722373,True,"[265, 89, 14, 13]",4,lib/tests/core/fact.zy,inline_hint
free-list-hints,release,0,529547,343,96,4872328,True,"[265, 89, 14, 13]",4,lib/tests/core/fact.zy,free_list_hint
free-list-hints,release,0,525874,343,96,4801246,True,"[265, 89, 14, 13]",5,lib/tests/core/fact.zy,free_list
free-list-hints,release,0,515999,343,96,4720626,True,"[265, 89, 14, 13]",5,lib/tests/core/fact.zy,inline_hint
free-list-hints,release,0,523705,343,96,4880800,True,"[265, 89, 14, 13]",5,lib/tests/core/fact.zy,free_list_hint
free-list-hints,release,0,527286,343,96,4765706,True,"[265, 89, 14, 13]",5,lib/tests/core/fact.zy,baseline
free-list-hints,release,0,544536,343,96,4822496,True,"[265, 89, 14, 13]",6,lib/tests/core/fact.zy,inline_hint
free-list-hints,release,0,543330,343,96,4967671,True,"[265, 89, 14, 13]",6,lib/tests/core/fact.zy,free_list_hint
free-list-hints,release,0,517630,343,96,4668753,True,"[265, 89, 14, 13]",6,lib/tests/core/fact.zy,baseline
free-list-hints,release,0,501171,343,96,4692540,True,"[265, 89, 14, 13]",6,lib/tests/core/fact.zy,free_list
free-list-hints,release,0,527788,343,96,4827295,True,"[265, 89, 14, 13]",7,lib/tests/core/fact.zy,free_list_hint
free-list-hints,release,0,512959,343,96,4727547,True,"[265, 89, 14, 13]",7,lib/tests/core/fact.zy,baseline
free-list-hints,release,0,517877,343,96,4837506,True,"[265, 89, 14, 13]",7,lib/tests/core/fact.zy,free_list
free-list-hints,release,0,522249,343,96,4816545,True,"[265, 89, 14, 13]",7,lib/tests/core/fact.zy,inline_hint
free-list-hints,release,0,516791,343,96,4692279,True,"[265, 89, 14, 13]",8,lib/tests/core/fact.zy,baseline
free-list-hints,release,0,536085,343,96,4803247,True,"[265, 89, 14, 13]",8,lib/tests/core/fact.zy,free_list
free-list-hints,release,0,540333,343,96,4811579,True,"[265, 89, 14, 13]",8,lib/tests/core/fact.zy,inline_hint
free-list-hints,release,0,497288,343,96,4744082,True,"[265, 89, 14, 13]",8,lib/tests/core/fact.zy,free_list_hint
free-list-hints,release,0,500710,343,96,4710583,True,"[265, 89, 14, 13]",9,lib/tests/core/fact.zy,free_list
free-list-hints,release,0,516794,343,96,4799875,True,"[265, 89, 14, 13]",9,lib/tests/core/fact.zy,inline_hint
free-list-hints,release,0,514958,343,96,4827292,True,"[265, 89, 14, 13]",9,lib/tests/core/fact.zy,free_list_hint
free-list-hints,release,0,522753,343,96,4788877,True,"[265, 89, 14, 13]",9,lib/tests/core/fact.zy,baseline
free-list-hints,release,0,561541,343,96,4854037,True,"[265, 89, 14, 13]",10,lib/tests/core/fact.zy,inline_hint
free-list-hints,release,0,528173,343,96,4783416,True,"[265, 89, 14, 13]",10,lib/tests/core/fact.zy,free_list_hint
free-list-hints,release,0,499332,343,96,4624789,True,"[265, 89, 14, 13]",10,lib/tests/core/fact.zy,baseline
free-list-hints,release,0,508874,343,96,4819952,True,"[265, 89, 14, 13]",10,lib/tests/core/fact.zy,free_list
free-list-hints,release,0,530585,343,96,4833589,True,"[265, 89, 14, 13]",11,lib/tests/core/fact.zy,free_list_hint
free-list-hints,release,0,575669,343,96,4800170,True,"[265, 89, 14, 13]",11,lib/tests/core/fact.zy,baseline
free-list-hints,release,0,572417,343,96,4822210,True,"[265, 89, 14, 13]",11,lib/tests/core/fact.zy,free_list
free-list-hints,release,0,547829,343,96,4734328,True,"[265, 89, 14, 13]",11,lib/tests/core/fact.zy,inline_hint
free-list-hints,release,0,542620,343,96,4654256,True,"[265, 89, 14, 13]",12,lib/tests/core/fact.zy,baseline
free-list-hints,release,0,515295,343,96,4827203,True,"[265, 89, 14, 13]",12,lib/tests/core/fact.zy,free_list
free-list-hints,release,0,526536,343,96,4827757,True,"[265, 89, 14, 13]",12,lib/tests/core/fact.zy,inline_hint
free-list-hints,release,0,510253,343,96,4721789,True,"[265, 89, 14, 13]",12,lib/tests/core/fact.zy,free_list_hint
free-list-hints,release,0,505912,343,96,4774882,True,"[265, 89, 14, 13]",13,lib/tests/core/fact.zy,free_list
free-list-hints,release,0,521248,343,96,4808418,True,"[265, 89, 14, 13]",13,lib/tests/core/fact.zy,inline_hint
free-list-hints,release,0,547957,343,96,4888582,True,"[265, 89, 14, 13]",13,lib/tests/core/fact.zy,free_list_hint
free-list-hints,release,0,541040,343,96,4785415,True,"[265, 89, 14, 13]",13,lib/tests/core/fact.zy,baseline
free-list-hints,release,0,527340,343,96,4695827,True,"[265, 89, 14, 13]",14,lib/tests/core/fact.zy,inline_hint
free-list-hints,release,0,517465,343,96,4754294,True,"[265, 89, 14, 13]",14,lib/tests/core/fact.zy,free_list_hint
free-list-hints,release,0,543961,343,96,4737996,True,"[265, 89, 14, 13]",14,lib/tests/core/fact.zy,baseline
free-list-hints,release,0,531920,343,96,4902175,True,"[265, 89, 14, 13]",14,lib/tests/core/fact.zy,free_list
free-list-hints,release,0,492012,343,96,4763333,True,"[265, 89, 14, 13]",15,lib/tests/core/fact.zy,free_list_hint
free-list-hints,release,0,521003,343,96,4681037,True,"[265, 89, 14, 13]",15,lib/tests/core/fact.zy,baseline
free-list-hints,release,0,514707,343,96,4820581,True,"[265, 89, 14, 13]",15,lib/tests/core/fact.zy,free_list
free-list-hints,release,0,523796,343,96,4772504,True,"[265, 89, 14, 13]",15,lib/tests/core/fact.zy,inline_hint
free-list-hints,release,0,539871,343,96,4779462,True,"[265, 89, 14, 13]",16,lib/tests/core/fact.zy,baseline
free-list-hints,release,0,570079,343,96,4937162,True,"[265, 89, 14, 13]",16,lib/tests/core/fact.zy,free_list
free-list-hints,release,0,527451,343,96,4629414,True,"[265, 89, 14, 13]",16,lib/tests/core/fact.zy,inline_hint
free-list-hints,release,0,520541,343,96,4773407,True,"[265, 89, 14, 13]",16,lib/tests/core/fact.zy,free_list_hint
free-list-hints,release,0,505957,343,96,4798916,True,"[265, 89, 14, 13]",17,lib/tests/core/fact.zy,free_list
free-list-hints,release,0,529380,343,96,4783458,True,"[265, 89, 14, 13]",17,lib/tests/core/fact.zy,inline_hint
free-list-hints,release,0,518756,343,96,4914998,True,"[265, 89, 14, 13]",17,lib/tests/core/fact.zy,free_list_hint
free-list-hints,release,0,526578,343,96,4781125,True,"[265, 89, 14, 13]",17,lib/tests/core/fact.zy,baseline
free-list-hints,release,0,527922,343,96,4690256,True,"[265, 89, 14, 13]",18,lib/tests/core/fact.zy,inline_hint
free-list-hints,release,0,535376,343,96,4903501,True,"[265, 89, 14, 13]",18,lib/tests/core/fact.zy,free_list_hint
free-list-hints,release,0,557120,343,96,4863381,True,"[265, 89, 14, 13]",18,lib/tests/core/fact.zy,baseline
free-list-hints,release,0,507041,343,96,4681248,True,"[265, 89, 14, 13]",18,lib/tests/core/fact.zy,free_list
free-list-hints,release,0,510128,343,96,4762332,True,"[265, 89, 14, 13]",19,lib/tests/core/fact.zy,free_list_hint
free-list-hints,release,0,522834,343,96,4732999,True,"[265, 89, 14, 13]",19,lib/tests/core/fact.zy,baseline
free-list-hints,release,0,507792,343,96,4818495,True,"[265, 89, 14, 13]",19,lib/tests/core/fact.zy,free_list
free-list-hints,release,0,521168,343,96,4786834,True,"[265, 89, 14, 13]",19,lib/tests/core/fact.zy,inline_hint
free-list-hints,release,0,525421,343,96,4867868,True,"[265, 89, 14, 13]",20,lib/tests/core/fact.zy,baseline
free-list-hints,release,0,519707,343,96,4712330,True,"[265, 89, 14, 13]",20,lib/tests/core/fact.zy,free_list
free-list-hints,release,0,512958,343,96,4683213,True,"[265, 89, 14, 13]",20,lib/tests/core/fact.zy,inline_hint
free-list-hints,release,0,519336,343,96,4847207,True,"[265, 89, 14, 13]",20,lib/tests/core/fact.zy,free_list_hint
free-list-hints,release,0,503794,343,96,4729126,True,"[265, 89, 14, 13]",21,lib/tests/core/fact.zy,free_list
free-list-hints,release,0,525917,343,96,4702413,True,"[265, 89, 14, 13]",21,lib/tests/core/fact.zy,inline_hint
free-list-hints,release,0,528291,343,96,4880127,True,"[265, 89, 14, 13]",21,lib/tests/core/fact.zy,free_list_hint
free-list-hints,release,0,548660,343,96,4749836,True,"[265, 89, 14, 13]",21,lib/tests/core/fact.zy,baseline
free-list-hints,release,0,531507,343,96,4787918,True,"[265, 89, 14, 13]",22,lib/tests/core/fact.zy,inline_hint
free-list-hints,release,0,523792,343,96,4940880,True,"[265, 89, 14, 13]",22,lib/tests/core/fact.zy,free_list_hint
free-list-hints,release,0,535038,343,96,4670164,True,"[265, 89, 14, 13]",22,lib/tests/core/fact.zy,baseline
free-list-hints,release,0,521248,343,96,4737333,True,"[265, 89, 14, 13]",22,lib/tests/core/fact.zy,free_list
free-list-hints,release,0,526914,343,96,4872625,True,"[265, 89, 14, 13]",23,lib/tests/core/fact.zy,free_list_hint
free-list-hints,release,0,503786,343,96,4666541,True,"[265, 89, 14, 13]",23,lib/tests/core/fact.zy,baseline
free-list-hints,release,0,516036,343,96,4775123,True,"[265, 89, 14, 13]",23,lib/tests/core/fact.zy,free_list
free-list-hints,release,0,522788,343,96,4831036,True,"[265, 89, 14, 13]",23,lib/tests/core/fact.zy,inline_hint
free-list-hints,release,0,509753,343,96,4709541,True,"[265, 89, 14, 13]",24,lib/tests/core/fact.zy,baseline
free-list-hints,release,0,522581,343,96,4851287,True,"[265, 89, 14, 13]",24,lib/tests/core/fact.zy,free_list
free-list-hints,release,0,543580,343,96,4847337,True,"[265, 89, 14, 13]",24,lib/tests/core/fact.zy,inline_hint
free-list-hints,release,0,535378,343,96,4780953,True,"[265, 89, 14, 13]",24,lib/tests/core/fact.zy,free_list_hint
free-list-hints,release,0,516665,343,96,4759172,True,"[265, 89, 14, 13]",25,lib/tests/core/fact.zy,free_list
free-list-hints,release,0,516824,343,96,4740832,True,"[265, 89, 14, 13]",25,lib/tests/core/fact.zy,inline_hint
free-list-hints,release,0,502506,343,96,4756500,True,"[265, 89, 14, 13]",25,lib/tests/core/fact.zy,free_list_hint
free-list-hints,release,0,508666,343,96,4664629,True,"[265, 89, 14, 13]",25,lib/tests/core/fact.zy,baseline
free-list-hints,release,0,546418,343,96,4800624,True,"[265, 89, 14, 13]",26,lib/tests/core/fact.zy,inline_hint
free-list-hints,release,0,510839,343,96,4810991,True,"[265, 89, 14, 13]",26,lib/tests/core/fact.zy,free_list_hint
free-list-hints,release,0,530083,343,96,4749127,True,"[265, 89, 14, 13]",26,lib/tests/core/fact.zy,baseline
free-list-hints,release,0,539211,343,96,4913954,True,"[265, 89, 14, 13]",26,lib/tests/core/fact.zy,free_list
free-list-hints,release,0,500456,343,96,4736459,True,"[265, 89, 14, 13]",27,lib/tests/core/fact.zy,free_list_hint
free-list-hints,release,0,511758,343,96,4686996,True,"[265, 89, 14, 13]",27,lib/tests/core/fact.zy,baseline
free-list-hints,release,0,541791,343,96,4833962,True,"[265, 89, 14, 13]",27,lib/tests/core/fact.zy,free_list
free-list-hints,release,0,527878,343,96,4736213,True,"[265, 89, 14, 13]",27,lib/tests/core/fact.zy,inline_hint
free-list-hints,release,0,537129,343,96,4778250,True,"[265, 89, 14, 13]",28,lib/tests/core/fact.zy,baseline
free-list-hints,release,0,547083,343,96,4910870,True,"[265, 89, 14, 13]",28,lib/tests/core/fact.zy,free_list
free-list-hints,release,0,533752,343,96,4694168,True,"[265, 89, 14, 13]",28,lib/tests/core/fact.zy,inline_hint
free-list-hints,release,0,544708,343,96,4895158,True,"[265, 89, 14, 13]",28,lib/tests/core/fact.zy,free_list_hint
free-list-hints,release,0,562542,343,96,4944630,True,"[265, 89, 14, 13]",29,lib/tests/core/fact.zy,free_list
free-list-hints,release,0,557578,343,96,4878044,True,"[265, 89, 14, 13]",29,lib/tests/core/fact.zy,inline_hint
free-list-hints,release,0,516252,343,96,4761750,True,"[265, 89, 14, 13]",29,lib/tests/core/fact.zy,free_list_hint
free-list-hints,release,0,517917,343,96,4709416,True,"[265, 89, 14, 13]",29,lib/tests/core/fact.zy,baseline
free-list-hints,release,0,528164,343,96,4696718,True,"[265, 89, 14, 13]",30,lib/tests/core/fact.zy,inline_hint
free-list-hints,release,0,529290,343,96,4815962,True,"[265, 89, 14, 13]",30,lib/tests/core/fact.zy,free_list_hint
free-list-hints,release,0,544289,343,96,4905543,True,"[265, 89, 14, 13]",30,lib/tests/core/fact.zy,baseline
free-list-hints,release,0,541248,343,96,4908504,True,"[265, 89, 14, 13]",30,lib/tests/core/fact.zy,free_list
free-list-hints,release,0,521251,343,96,4919250,True,"[265, 89, 14, 13]",31,lib/tests/core/fact.zy,free_list_hint
free-list-hints,release,0,538123,343,96,4762787,True,"[265, 89, 14, 13]",31,lib/tests/core/fact.zy,baseline
free-list-hints,release,0,521419,343,96,4862451,True,"[265, 89, 14, 13]",31,lib/tests/core/fact.zy,free_list
free-list-hints,release,0,532130,343,96,4728879,True,"[265, 89, 14, 13]",31,lib/tests/core/fact.zy,inline_hint
free-list-hints,release,0,60302,4,1024,313422,False,"[2, 0, 0, 0]",0,lib/tests/core/pattern-alias.zy,baseline
free-list-hints,release,0,58880,4,1024,306023,False,"[2, 0, 0, 0]",0,lib/tests/core/pattern-alias.zy,free_list
free-list-hints,release,0,58401,4,1024,326627,False,"[2, 0, 0, 0]",0,lib/tests/core/pattern-alias.zy,inline_hint
free-list-hints,release,0,59044,4,1024,309251,False,"[2, 0, 0, 0]",0,lib/tests/core/pattern-alias.zy,free_list_hint
free-list-hints,release,0,59208,4,1024,311420,False,"[2, 0, 0, 0]",1,lib/tests/core/pattern-alias.zy,free_list
free-list-hints,release,0,60017,4,1024,333626,False,"[2, 0, 0, 0]",1,lib/tests/core/pattern-alias.zy,inline_hint
free-list-hints,release,0,58497,4,1024,314411,False,"[2, 0, 0, 0]",1,lib/tests/core/pattern-alias.zy,free_list_hint
free-list-hints,release,0,60627,4,1024,310246,False,"[2, 0, 0, 0]",1,lib/tests/core/pattern-alias.zy,baseline
free-list-hints,release,0,58834,4,1024,322051,False,"[2, 0, 0, 0]",2,lib/tests/core/pattern-alias.zy,inline_hint
free-list-hints,release,0,57748,4,1024,313088,False,"[2, 0, 0, 0]",2,lib/tests/core/pattern-alias.zy,free_list_hint
free-list-hints,release,0,60207,4,1024,309629,False,"[2, 0, 0, 0]",2,lib/tests/core/pattern-alias.zy,baseline
free-list-hints,release,0,58753,4,1024,309453,False,"[2, 0, 0, 0]",2,lib/tests/core/pattern-alias.zy,free_list
free-list-hints,release,0,55923,4,1024,311931,False,"[2, 0, 0, 0]",3,lib/tests/core/pattern-alias.zy,free_list_hint
free-list-hints,release,0,61495,4,1024,316614,False,"[2, 0, 0, 0]",3,lib/tests/core/pattern-alias.zy,baseline
free-list-hints,release,0,58043,4,1024,305736,False,"[2, 0, 0, 0]",3,lib/tests/core/pattern-alias.zy,free_list
free-list-hints,release,0,58170,4,1024,318206,False,"[2, 0, 0, 0]",3,lib/tests/core/pattern-alias.zy,inline_hint
free-list-hints,release,0,60867,4,1024,315551,False,"[2, 0, 0, 0]",4,lib/tests/core/pattern-alias.zy,baseline
free-list-hints,release,0,58246,4,1024,315994,False,"[2, 0, 0, 0]",4,lib/tests/core/pattern-alias.zy,free_list
free-list-hints,release,0,59215,4,1024,321500,False,"[2, 0, 0, 0]",4,lib/tests/core/pattern-alias.zy,inline_hint
free-list-hints,release,0,59907,4,1024,315004,False,"[2, 0, 0, 0]",4,lib/tests/core/pattern-alias.zy,free_list_hint
free-list-hints,release,0,61040,4,1024,309613,False,"[2, 0, 0, 0]",5,lib/tests/core/pattern-alias.zy,free_list
free-list-hints,release,0,60749,4,1024,344170,False,"[2, 0, 0, 0]",5,lib/tests/core/pattern-alias.zy,inline_hint
free-list-hints,release,0,57640,4,1024,314749,False,"[2, 0, 0, 0]",5,lib/tests/core/pattern-alias.zy,free_list_hint
free-list-hints,release,0,59576,4,1024,295196,False,"[2, 0, 0, 0]",5,lib/tests/core/pattern-alias.zy,baseline
free-list-hints,release,0,56460,4,1024,308478,False,"[2, 0, 0, 0]",6,lib/tests/core/pattern-alias.zy,inline_hint
free-list-hints,release,0,58591,4,1024,304747,False,"[2, 0, 0, 0]",6,lib/tests/core/pattern-alias.zy,free_list_hint
free-list-hints,release,0,61659,4,1024,304950,False,"[2, 0, 0, 0]",6,lib/tests/core/pattern-alias.zy,baseline
free-list-hints,release,0,58662,4,1024,309592,False,"[2, 0, 0, 0]",6,lib/tests/core/pattern-alias.zy,free_list
free-list-hints,release,0,58845,4,1024,313873,False,"[2, 0, 0, 0]",7,lib/tests/core/pattern-alias.zy,free_list_hint
free-list-hints,release,0,66551,4,1024,320767,False,"[2, 0, 0, 0]",7,lib/tests/core/pattern-alias.zy,baseline
free-list-hints,release,0,58784,4,1024,321452,False,"[2, 0, 0, 0]",7,lib/tests/core/pattern-alias.zy,free_list
free-list-hints,release,0,60325,4,1024,340792,False,"[2, 0, 0, 0]",7,lib/tests/core/pattern-alias.zy,inline_hint
free-list-hints,release,0,61095,4,1024,314636,False,"[2, 0, 0, 0]",8,lib/tests/core/pattern-alias.zy,baseline
free-list-hints,release,0,58800,4,1024,321250,False,"[2, 0, 0, 0]",8,lib/tests/core/pattern-alias.zy,free_list
free-list-hints,release,0,60697,4,1024,331468,False,"[2, 0, 0, 0]",8,lib/tests/core/pattern-alias.zy,inline_hint
free-list-hints,release,0,60722,4,1024,319629,False,"[2, 0, 0, 0]",8,lib/tests/core/pattern-alias.zy,free_list_hint
free-list-hints,release,0,56867,4,1024,311877,False,"[2, 0, 0, 0]",9,lib/tests/core/pattern-alias.zy,free_list
free-list-hints,release,0,61126,4,1024,325834,False,"[2, 0, 0, 0]",9,lib/tests/core/pattern-alias.zy,inline_hint
free-list-hints,release,0,58736,4,1024,337865,False,"[2, 0, 0, 0]",9,lib/tests/core/pattern-alias.zy,free_list_hint
free-list-hints,release,0,57495,4,1024,302286,False,"[2, 0, 0, 0]",9,lib/tests/core/pattern-alias.zy,baseline
free-list-hints,release,0,57383,4,1024,314300,False,"[2, 0, 0, 0]",10,lib/tests/core/pattern-alias.zy,inline_hint
free-list-hints,release,0,56539,4,1024,303205,False,"[2, 0, 0, 0]",10,lib/tests/core/pattern-alias.zy,free_list_hint
free-list-hints,release,0,59421,4,1024,304083,False,"[2, 0, 0, 0]",10,lib/tests/core/pattern-alias.zy,baseline
free-list-hints,release,0,61892,4,1024,332319,False,"[2, 0, 0, 0]",10,lib/tests/core/pattern-alias.zy,free_list
free-list-hints,release,0,59334,4,1024,330411,False,"[2, 0, 0, 0]",11,lib/tests/core/pattern-alias.zy,free_list_hint
free-list-hints,release,0,62201,4,1024,318207,False,"[2, 0, 0, 0]",11,lib/tests/core/pattern-alias.zy,baseline
free-list-hints,release,0,65790,4,1024,324086,False,"[2, 0, 0, 0]",11,lib/tests/core/pattern-alias.zy,free_list
free-list-hints,release,0,65443,4,1024,344442,False,"[2, 0, 0, 0]",11,lib/tests/core/pattern-alias.zy,inline_hint
free-list-hints,release,0,62208,4,1024,315721,False,"[2, 0, 0, 0]",12,lib/tests/core/pattern-alias.zy,baseline
free-list-hints,release,0,60669,4,1024,318307,False,"[2, 0, 0, 0]",12,lib/tests/core/pattern-alias.zy,free_list
free-list-hints,release,0,62006,4,1024,328865,False,"[2, 0, 0, 0]",12,lib/tests/core/pattern-alias.zy,inline_hint
free-list-hints,release,0,61845,4,1024,323373,False,"[2, 0, 0, 0]",12,lib/tests/core/pattern-alias.zy,free_list_hint
free-list-hints,release,0,58243,4,1024,315921,False,"[2, 0, 0, 0]",13,lib/tests/core/pattern-alias.zy,free_list
free-list-hints,release,0,62318,4,1024,329674,False,"[2, 0, 0, 0]",13,lib/tests/core/pattern-alias.zy,inline_hint
free-list-hints,release,0,61617,4,1024,322549,False,"[2, 0, 0, 0]",13,lib/tests/core/pattern-alias.zy,free_list_hint
free-list-hints,release,0,61953,4,1024,330628,False,"[2, 0, 0, 0]",13,lib/tests/core/pattern-alias.zy,baseline
free-list-hints,release,0,56169,4,1024,311578,False,"[2, 0, 0, 0]",14,lib/tests/core/pattern-alias.zy,inline_hint
free-list-hints,release,0,54790,4,1024,304282,False,"[2, 0, 0, 0]",14,lib/tests/core/pattern-alias.zy,free_list_hint
free-list-hints,release,0,58127,4,1024,296952,False,"[2, 0, 0, 0]",14,lib/tests/core/pattern-alias.zy,baseline
free-list-hints,release,0,56742,4,1024,313154,False,"[2, 0, 0, 0]",14,lib/tests/core/pattern-alias.zy,free_list
free-list-hints,release,0,60627,4,1024,317005,False,"[2, 0, 0, 0]",15,lib/tests/core/pattern-alias.zy,free_list_hint
free-list-hints,release,0,61831,4,1024,326512,False,"[2, 0, 0, 0]",15,lib/tests/core/pattern-alias.zy,baseline
free-list-hints,release,0,59922,4,1024,318538,False,"[2, 0, 0, 0]",15,lib/tests/core/pattern-alias.zy,free_list
free-list-hints,release,0,59334,4,1024,329398,False,"[2, 0, 0, 0]",15,lib/tests/core/pattern-alias.zy,inline_hint
free-list-hints,release,0,62426,4,1024,316839,False,"[2, 0, 0, 0]",16,lib/tests/core/pattern-alias.zy,baseline
free-list-hints,release,0,59125,4,1024,316408,False,"[2, 0, 0, 0]",16,lib/tests/core/pattern-alias.zy,free_list
free-list-hints,release,0,61135,4,1024,330994,False,"[2, 0, 0, 0]",16,lib/tests/core/pattern-alias.zy,inline_hint
free-list-hints,release,0,60202,4,1024,320216,False,"[2, 0, 0, 0]",16,lib/tests/core/pattern-alias.zy,free_list_hint
free-list-hints,release,0,58410,4,1024,313696,False,"[2, 0, 0, 0]",17,lib/tests/core/pattern-alias.zy,free_list
free-list-hints,release,0,59428,4,1024,327836,False,"[2, 0, 0, 0]",17,lib/tests/core/pattern-alias.zy,inline_hint
free-list-hints,release,0,59251,4,1024,316754,False,"[2, 0, 0, 0]",17,lib/tests/core/pattern-alias.zy,free_list_hint
free-list-hints,release,0,63368,4,1024,315963,False,"[2, 0, 0, 0]",17,lib/tests/core/pattern-alias.zy,baseline
free-list-hints,release,0,61289,4,1024,329674,False,"[2, 0, 0, 0]",18,lib/tests/core/pattern-alias.zy,inline_hint
free-list-hints,release,0,56086,4,1024,304872,False,"[2, 0, 0, 0]",18,lib/tests/core/pattern-alias.zy,free_list_hint
free-list-hints,release,0,57650,4,1024,290713,False,"[2, 0, 0, 0]",18,lib/tests/core/pattern-alias.zy,baseline
free-list-hints,release,0,61035,4,1024,321086,False,"[2, 0, 0, 0]",18,lib/tests/core/pattern-alias.zy,free_list
free-list-hints,release,0,57418,4,1024,310005,False,"[2, 0, 0, 0]",19,lib/tests/core/pattern-alias.zy,free_list_hint
free-list-hints,release,0,61458,4,1024,309913,False,"[2, 0, 0, 0]",19,lib/tests/core/pattern-alias.zy,baseline
free-list-hints,release,0,57469,4,1024,311961,False,"[2, 0, 0, 0]",19,lib/tests/core/pattern-alias.zy,free_list
free-list-hints,release,0,59716,4,1024,327785,False,"[2, 0, 0, 0]",19,lib/tests/core/pattern-alias.zy,inline_hint
free-list-hints,release,0,63043,4,1024,312300,False,"[2, 0, 0, 0]",20,lib/tests/core/pattern-alias.zy,baseline
free-list-hints,release,0,62338,4,1024,312958,False,"[2, 0, 0, 0]",20,lib/tests/core/pattern-alias.zy,free_list
free-list-hints,release,0,60096,4,1024,336427,False,"[2, 0, 0, 0]",20,lib/tests/core/pattern-alias.zy,inline_hint
free-list-hints,release,0,58747,4,1024,327453,False,"[2, 0, 0, 0]",20,lib/tests/core/pattern-alias.zy,free_list_hint
free-list-hints,release,0,57722,4,1024,311217,False,"[2, 0, 0, 0]",21,lib/tests/core/pattern-alias.zy,free_list
free-list-hints,release,0,59572,4,1024,323796,False,"[2, 0, 0, 0]",21,lib/tests/core/pattern-alias.zy,inline_hint
free-list-hints,release,0,60805,4,1024,315091,False,"[2, 0, 0, 0]",21,lib/tests/core/pattern-alias.zy,free_list_hint
free-list-hints,release,0,61760,4,1024,310836,False,"[2, 0, 0, 0]",21,lib/tests/core/pattern-alias.zy,baseline
free-list-hints,release,0,60839,4,1024,326836,False,"[2, 0, 0, 0]",22,lib/tests/core/pattern-alias.zy,inline_hint
free-list-hints,release,0,63635,4,1024,323782,False,"[2, 0, 0, 0]",22,lib/tests/core/pattern-alias.zy,free_list_hint
free-list-hints,release,0,60913,4,1024,319219,False,"[2, 0, 0, 0]",22,lib/tests/core/pattern-alias.zy,baseline
free-list-hints,release,0,61659,4,1024,324464,False,"[2, 0, 0, 0]",22,lib/tests/core/pattern-alias.zy,free_list
free-list-hints,release,0,60538,4,1024,305034,False,"[2, 0, 0, 0]",23,lib/tests/core/pattern-alias.zy,free_list_hint
free-list-hints,release,0,61287,4,1024,311831,False,"[2, 0, 0, 0]",23,lib/tests/core/pattern-alias.zy,baseline
free-list-hints,release,0,58515,4,1024,315283,False,"[2, 0, 0, 0]",23,lib/tests/core/pattern-alias.zy,free_list
free-list-hints,release,0,61042,4,1024,334086,False,"[2, 0, 0, 0]",23,lib/tests/core/pattern-alias.zy,inline_hint
free-list-hints,release,0,63970,4,1024,313959,False,"[2, 0, 0, 0]",24,lib/tests/core/pattern-alias.zy,baseline
free-list-hints,release,0,58460,4,1024,318375,False,"[2, 0, 0, 0]",24,lib/tests/core/pattern-alias.zy,free_list
free-list-hints,release,0,61346,4,1024,329697,False,"[2, 0, 0, 0]",24,lib/tests/core/pattern-alias.zy,inline_hint
free-list-hints,release,0,59450,4,1024,318208,False,"[2, 0, 0, 0]",24,lib/tests/core/pattern-alias.zy,free_list_hint
free-list-hints,release,0,58046,4,1024,317129,False,"[2, 0, 0, 0]",25,lib/tests/core/pattern-alias.zy,free_list
free-list-hints,release,0,61594,4,1024,342757,False,"[2, 0, 0, 0]",25,lib/tests/core/pattern-alias.zy,inline_hint
free-list-hints,release,0,60998,4,1024,325666,False,"[2, 0, 0, 0]",25,lib/tests/core/pattern-alias.zy,free_list_hint
free-list-hints,release,0,67967,4,1024,321755,False,"[2, 0, 0, 0]",25,lib/tests/core/pattern-alias.zy,baseline
free-list-hints,release,0,61636,4,1024,332799,False,"[2, 0, 0, 0]",26,lib/tests/core/pattern-alias.zy,inline_hint
free-list-hints,release,0,61535,4,1024,325794,False,"[2, 0, 0, 0]",26,lib/tests/core/pattern-alias.zy,free_list_hint
free-list-hints,release,0,59837,4,1024,327245,False,"[2, 0, 0, 0]",26,lib/tests/core/pattern-alias.zy,baseline
free-list-hints,release,0,56088,4,1024,296120,False,"[2, 0, 0, 0]",26,lib/tests/core/pattern-alias.zy,free_list
free-list-hints,release,0,55926,4,1024,302873,False,"[2, 0, 0, 0]",27,lib/tests/core/pattern-alias.zy,free_list_hint
free-list-hints,release,0,61279,4,1024,305787,False,"[2, 0, 0, 0]",27,lib/tests/core/pattern-alias.zy,baseline
free-list-hints,release,0,60814,4,1024,314570,False,"[2, 0, 0, 0]",27,lib/tests/core/pattern-alias.zy,free_list
free-list-hints,release,0,62368,4,1024,330748,False,"[2, 0, 0, 0]",27,lib/tests/core/pattern-alias.zy,inline_hint
free-list-hints,release,0,61914,4,1024,312364,False,"[2, 0, 0, 0]",28,lib/tests/core/pattern-alias.zy,baseline
free-list-hints,release,0,61090,4,1024,316208,False,"[2, 0, 0, 0]",28,lib/tests/core/pattern-alias.zy,free_list
free-list-hints,release,0,63354,4,1024,331800,False,"[2, 0, 0, 0]",28,lib/tests/core/pattern-alias.zy,inline_hint
free-list-hints,release,0,61950,4,1024,318920,False,"[2, 0, 0, 0]",28,lib/tests/core/pattern-alias.zy,free_list_hint
free-list-hints,release,0,59375,4,1024,314502,False,"[2, 0, 0, 0]",29,lib/tests/core/pattern-alias.zy,free_list
free-list-hints,release,0,64181,4,1024,340573,False,"[2, 0, 0, 0]",29,lib/tests/core/pattern-alias.zy,inline_hint
free-list-hints,release,0,61297,4,1024,325947,False,"[2, 0, 0, 0]",29,lib/tests/core/pattern-alias.zy,free_list_hint
free-list-hints,release,0,63462,4,1024,320751,False,"[2, 0, 0, 0]",29,lib/tests/core/pattern-alias.zy,baseline
free-list-hints,release,0,63961,4,1024,333960,False,"[2, 0, 0, 0]",30,lib/tests/core/pattern-alias.zy,inline_hint
free-list-hints,release,0,61668,4,1024,319579,False,"[2, 0, 0, 0]",30,lib/tests/core/pattern-alias.zy,free_list_hint
free-list-hints,release,0,63072,4,1024,333498,False,"[2, 0, 0, 0]",30,lib/tests/core/pattern-alias.zy,baseline
free-list-hints,release,0,59948,4,1024,312965,False,"[2, 0, 0, 0]",30,lib/tests/core/pattern-alias.zy,free_list
free-list-hints,release,0,54887,4,1024,298032,False,"[2, 0, 0, 0]",31,lib/tests/core/pattern-alias.zy,free_list_hint
free-list-hints,release,0,59164,4,1024,309460,False,"[2, 0, 0, 0]",31,lib/tests/core/pattern-alias.zy,baseline
free-list-hints,release,0,57669,4,1024,310127,False,"[2, 0, 0, 0]",31,lib/tests/core/pattern-alias.zy,free_list
free-list-hints,release,0,59998,4,1024,327384,False,"[2, 0, 0, 0]",31,lib/tests/core/pattern-alias.zy,inline_hint
free-list-hints,release,0,78412,4,1024,328627,True,"[2, 0, 0, 1]",0,lib/tests/core/pattern-alias.zy,baseline
free-list-hints,release,0,76340,4,1024,325591,True,"[2, 0, 0, 1]",0,lib/tests/core/pattern-alias.zy,free_list
free-list-hints,release,0,80600,4,1024,342942,True,"[2, 0, 0, 1]",0,lib/tests/core/pattern-alias.zy,inline_hint
free-list-hints,release,0,80632,4,1024,332753,True,"[2, 0, 0, 1]",0,lib/tests/core/pattern-alias.zy,free_list_hint
free-list-hints,release,0,74981,4,1024,326362,True,"[2, 0, 0, 1]",1,lib/tests/core/pattern-alias.zy,free_list
free-list-hints,release,0,80663,4,1024,340295,True,"[2, 0, 0, 1]",1,lib/tests/core/pattern-alias.zy,inline_hint
free-list-hints,release,0,74544,4,1024,328003,True,"[2, 0, 0, 1]",1,lib/tests/core/pattern-alias.zy,free_list_hint
free-list-hints,release,0,81379,4,1024,330783,True,"[2, 0, 0, 1]",1,lib/tests/core/pattern-alias.zy,baseline
free-list-hints,release,0,83129,4,1024,336244,True,"[2, 0, 0, 1]",2,lib/tests/core/pattern-alias.zy,inline_hint
free-list-hints,release,0,76245,4,1024,320991,True,"[2, 0, 0, 1]",2,lib/tests/core/pattern-alias.zy,free_list_hint
free-list-hints,release,0,83115,4,1024,333740,True,"[2, 0, 0, 1]",2,lib/tests/core/pattern-alias.zy,baseline
free-list-hints,release,0,75049,4,1024,317635,True,"[2, 0, 0, 1]",2,lib/tests/core/pattern-alias.zy,free_list
free-list-hints,release,0,71416,4,1024,302574,True,"[2, 0, 0, 1]",3,lib/tests/core/pattern-alias.zy,free_list_hint
free-list-hints,release,0,73337,4,1024,310071,True,"[2, 0, 0, 1]",3,lib/tests/core/pattern-alias.zy,baseline
free-list-hints,release,0,74581,4,1024,305080,True,"[2, 0, 0, 1]",3,lib/tests/core/pattern-alias.zy,free_list
free-list-hints,release,0,76020,4,1024,326194,True,"[2, 0, 0, 1]",3,lib/tests/core/pattern-alias.zy,inline_hint
free-list-hints,release,0,80504,4,1024,336585,True,"[2, 0, 0, 1]",4,lib/tests/core/pattern-alias.zy,baseline
free-list-hints,release,0,75885,4,1024,327787,True,"[2, 0, 0, 1]",4,lib/tests/core/pattern-alias.zy,free_list
free-list-hints,release,0,75126,4,1024,327874,True,"[2, 0, 0, 1]",4,lib/tests/core/pattern-alias.zy,inline_hint
free-list-hints,release,0,77907,4,1024,326244,True,"[2, 0, 0, 1]",4,lib/tests/core/pattern-alias.zy,free_list_hint
free-list-hints,release,0,69742,4,1024,312545,True,"[2, 0, 0, 1]",5,lib/tests/core/pattern-alias.zy,free_list
free-list-hints,release,0,78668,4,1024,327664,True,"[2, 0, 0, 1]",5,lib/tests/core/pattern-alias.zy,inline_hint
free-list-hints,release,0,75278,4,1024,318617,True,"[2, 0, 0, 1]",5,lib/tests/core/pattern-alias.zy,free_list_hint
free-list-hints,release,0,79333,4,1024,320438,True,"[2, 0, 0, 1]",5,lib/tests/core/pattern-alias.zy,baseline
free-list-hints,release,0,76484,4,1024,331976,True,"[2, 0, 0, 1]",6,lib/tests/core/pattern-alias.zy,inline_hint
free-list-hints,release,0,71670,4,1024,316170,True,"[2, 0, 0, 1]",6,lib/tests/core/pattern-alias.zy,free_list_hint
free-list-hints,release,0,79542,4,1024,320784,True,"[2, 0, 0, 1]",6,lib/tests/core/pattern-alias.zy,baseline
free-list-hints,release,0,77876,4,1024,323878,True,"[2, 0, 0, 1]",6,lib/tests/core/pattern-alias.zy,free_list
free-list-hints,release,0,73178,4,1024,318257,True,"[2, 0, 0, 1]",7,lib/tests/core/pattern-alias.zy,free_list_hint
free-list-hints,release,0,78827,4,1024,304806,True,"[2, 0, 0, 1]",7,lib/tests/core/pattern-alias.zy,baseline
free-list-hints,release,0,76782,4,1024,329440,True,"[2, 0, 0, 1]",7,lib/tests/core/pattern-alias.zy,free_list
free-list-hints,release,0,77218,4,1024,337255,True,"[2, 0, 0, 1]",7,lib/tests/core/pattern-alias.zy,inline_hint
free-list-hints,release,0,81249,4,1024,323461,True,"[2, 0, 0, 1]",8,lib/tests/core/pattern-alias.zy,baseline
free-list-hints,release,0,76866,4,1024,313245,True,"[2, 0, 0, 1]",8,lib/tests/core/pattern-alias.zy,free_list
free-list-hints,release,0,80267,4,1024,337777,True,"[2, 0, 0, 1]",8,lib/tests/core/pattern-alias.zy,inline_hint
free-list-hints,release,0,81276,4,1024,330460,True,"[2, 0, 0, 1]",8,lib/tests/core/pattern-alias.zy,free_list_hint
free-list-hints,release,0,76085,4,1024,324553,True,"[2, 0, 0, 1]",9,lib/tests/core/pattern-alias.zy,free_list
free-list-hints,release,0,80145,4,1024,338057,True,"[2, 0, 0, 1]",9,lib/tests/core/pattern-alias.zy,inline_hint
free-list-hints,release,0,77917,4,1024,323133,True,"[2, 0, 0, 1]",9,lib/tests/core/pattern-alias.zy,free_list_hint
free-list-hints,release,0,83052,4,1024,323144,True,"[2, 0, 0, 1]",9,lib/tests/core/pattern-alias.zy,baseline
free-list-hints,release,0,81974,4,1024,339168,True,"[2, 0, 0, 1]",10,lib/tests/core/pattern-alias.zy,inline_hint
free-list-hints,release,0,74877,4,1024,323637,True,"[2, 0, 0, 1]",10,lib/tests/core/pattern-alias.zy,free_list_hint
free-list-hints,release,0,83641,4,1024,325372,True,"[2, 0, 0, 1]",10,lib/tests/core/pattern-alias.zy,baseline
free-list-hints,release,0,80688,4,1024,329218,True,"[2, 0, 0, 1]",10,lib/tests/core/pattern-alias.zy,free_list
free-list-hints,release,0,80307,4,1024,337753,True,"[2, 0, 0, 1]",11,lib/tests/core/pattern-alias.zy,free_list_hint
free-list-hints,release,0,83250,4,1024,325465,True,"[2, 0, 0, 1]",11,lib/tests/core/pattern-alias.zy,baseline
free-list-hints,release,0,78833,4,1024,331765,True,"[2, 0, 0, 1]",11,lib/tests/core/pattern-alias.zy,free_list
free-list-hints,release,0,83212,4,1024,342404,True,"[2, 0, 0, 1]",11,lib/tests/core/pattern-alias.zy,inline_hint
free-list-hints,release,0,84360,4,1024,327612,True,"[2, 0, 0, 1]",12,lib/tests/core/pattern-alias.zy,baseline
free-list-hints,release,0,79506,4,1024,330686,True,"[2, 0, 0, 1]",12,lib/tests/core/pattern-alias.zy,free_list
free-list-hints,release,0,81191,4,1024,336308,True,"[2, 0, 0, 1]",12,lib/tests/core/pattern-alias.zy,inline_hint
free-list-hints,release,0,74785,4,1024,329362,True,"[2, 0, 0, 1]",12,lib/tests/core/pattern-alias.zy,free_list_hint
free-list-hints,release,0,78129,4,1024,328621,True,"[2, 0, 0, 1]",13,lib/tests/core/pattern-alias.zy,free_list
free-list-hints,release,0,83571,4,1024,337871,True,"[2, 0, 0, 1]",13,lib/tests/core/pattern-alias.zy,inline_hint
free-list-hints,release,0,75505,4,1024,327976,True,"[2, 0, 0, 1]",13,lib/tests/core/pattern-alias.zy,free_list_hint
free-list-hints,release,0,83979,4,1024,328595,True,"[2, 0, 0, 1]",13,lib/tests/core/pattern-alias.zy,baseline
free-list-hints,release,0,83972,4,1024,339492,True,"[2, 0, 0, 1]",14,lib/tests/core/pattern-alias.zy,inline_hint
free-list-hints,release,0,84501,4,1024,340827,True,"[2, 0, 0, 1]",14,lib/tests/core/pattern-alias.zy,free_list_hint
free-list-hints,release,0,83538,4,1024,329541,True,"[2, 0, 0, 1]",14,lib/tests/core/pattern-alias.zy,baseline
free-list-hints,release,0,83953,4,1024,332793,True,"[2, 0, 0, 1]",14,lib/tests/core/pattern-alias.zy,free_list
free-list-hints,release,0,76166,4,1024,311576,True,"[2, 0, 0, 1]",15,lib/tests/core/pattern-alias.zy,free_list_hint
free-list-hints,release,0,77282,4,1024,304080,True,"[2, 0, 0, 1]",15,lib/tests/core/pattern-alias.zy,baseline
free-list-hints,release,0,68663,4,1024,300041,True,"[2, 0, 0, 1]",15,lib/tests/core/pattern-alias.zy,free_list
free-list-hints,release,0,74993,4,1024,317849,True,"[2, 0, 0, 1]",15,lib/tests/core/pattern-alias.zy,inline_hint
free-list-hints,release,0,81826,4,1024,323497,True,"[2, 0, 0, 1]",16,lib/tests/core/pattern-alias.zy,baseline
free-list-hints,release,0,76531,4,1024,316431,True,"[2, 0, 0, 1]",16,lib/tests/core/pattern-alias.zy,free_list
free-list-hints,release,0,75338,4,1024,329705,True,"[2, 0, 0, 1]",16,lib/tests/core/pattern-alias.zy,inline_hint
free-list-hints,release,0,74210,4,1024,322088,True,"[2, 0, 0, 1]",16,lib/tests/core/pattern-alias.zy,free_list_hint
free-list-hints,release,0,70756,4,1024,322549,True,"[2, 0, 0, 1]",17,lib/tests/core/pattern-alias.zy,free_list
free-list-hints,release,0,75063,4,1024,333671,True,"[2, 0, 0, 1]",17,lib/tests/core/pattern-alias.zy,inline_hint
free-list-hints,release,0,74237,4,1024,322046,True,"[2, 0, 0, 1]",17,lib/tests/core/pattern-alias.zy,free_list_hint
free-list-hints,release,0,82668,4,1024,332284,True,"[2, 0, 0, 1]",17,lib/tests/core/pattern-alias.zy,baseline
free-list-hints,release,0,76919,4,1024,330870,True,"[2, 0, 0, 1]",18,lib/tests/core/pattern-alias.zy,inline_hint
free-list-hints,release,0,74246,4,1024,324830,True,"[2, 0, 0, 1]",18,lib/tests/core/pattern-alias.zy,free_list_hint
free-list-hints,release,0,78949,4,1024,327078,True,"[2, 0, 0, 1]",18,lib/tests/core/pattern-alias.zy,baseline
free-list-hints,release,0,75887,4,1024,319128,True,"[2, 0, 0, 1]",18,lib/tests/core/pattern-alias.zy,free_list
free-list-hints,release,0,74969,4,1024,323791,True,"[2, 0, 0, 1]",19,lib/tests/core/pattern-alias.zy,free_list_hint
free-list-hints,release,0,77804,4,1024,303901,True,"[2, 0, 0, 1]",19,lib/tests/core/pattern-alias.zy,baseline
free-list-hints,release,0,78507,4,1024,304374,True,"[2, 0, 0, 1]",19,lib/tests/core/pattern-alias.zy,free_list
free-list-hints,release,0,80289,4,1024,325267,True,"[2, 0, 0, 1]",19,lib/tests/core/pattern-alias.zy,inline_hint
free-list-hints,release,0,83096,4,1024,316796,True,"[2, 0, 0, 1]",20,lib/tests/core/pattern-alias.zy,baseline
free-list-hints,release,0,73874,4,1024,322750,True,"[2, 0, 0, 1]",20,lib/tests/core/pattern-alias.zy,free_list
free-list-hints,release,0,83402,4,1024,337112,True,"[2, 0, 0, 1]",20,lib/tests/core/pattern-alias.zy,inline_hint
free-list-hints,release,0,75909,4,1024,322744,True,"[2, 0, 0, 1]",20,lib/tests/core/pattern-alias.zy,free_list_hint
free-list-hints,release,0,78828,4,1024,334703,True,"[2, 0, 0, 1]",21,lib/tests/core/pattern-alias.zy,free_list
free-list-hints,release,0,82765,4,1024,337255,True,"[2, 0, 0, 1]",21,lib/tests/core/pattern-alias.zy,inline_hint
free-list-hints,release,0,78298,4,1024,328787,True,"[2, 0, 0, 1]",21,lib/tests/core/pattern-alias.zy,free_list_hint
free-list-hints,release,0,82867,4,1024,324012,True,"[2, 0, 0, 1]",21,lib/tests/core/pattern-alias.zy,baseline
free-list-hints,release,0,83459,4,1024,338909,True,"[2, 0, 0, 1]",22,lib/tests/core/pattern-alias.zy,inline_hint
free-list-hints,release,0,76293,4,1024,326483,True,"[2, 0, 0, 1]",22,lib/tests/core/pattern-alias.zy,free_list_hint
free-list-hints,release,0,82686,4,1024,327905,True,"[2, 0, 0, 1]",22,lib/tests/core/pattern-alias.zy,baseline
free-list-hints,release,0,77663,4,1024,325631,True,"[2, 0, 0, 1]",22,lib/tests/core/pattern-alias.zy,free_list
free-list-hints,release,0,76649,4,1024,339249,True,"[2, 0, 0, 1]",23,lib/tests/core/pattern-alias.zy,free_list_hint
free-list-hints,release,0,75572,4,1024,308794,True,"[2, 0, 0, 1]",23,lib/tests/core/pattern-alias.zy,baseline
free-list-hints,release,0,72579,4,1024,305121,True,"[2, 0, 0, 1]",23,lib/tests/core/pattern-alias.zy,free_list
free-list-hints,release,0,77802,4,1024,320749,True,"[2, 0, 0, 1]",23,lib/tests/core/pattern-alias.zy,inline_hint
free-list-hints,release,0,81004,4,1024,311703,True,"[2, 0, 0, 1]",24,lib/tests/core/pattern-alias.zy,baseline
free-list-hints,release,0,81499,4,1024,323299,True,"[2, 0, 0, 1]",24,lib/tests/core/pattern-alias.zy,free_list
free-list-hints,release,0,83582,4,1024,342313,True,"[2, 0, 0, 1]",24,lib/tests/core/pattern-alias.zy,inline_hint
free-list-hints,release,0,76831,4,1024,323413,True,"[2, 0, 0, 1]",24,lib/tests/core/pattern-alias.zy,free_list_hint
free-list-hints,release,0,72582,4,1024,307958,True,"[2, 0, 0, 1]",25,lib/tests/core/pattern-alias.zy,free_list
free-list-hints,release,0,74633,4,1024,316789,True,"[2, 0, 0, 1]",25,lib/tests/core/pattern-alias.zy,inline_hint
free-list-hints,release,0,77964,4,1024,324696,True,"[2, 0, 0, 1]",25,lib/tests/core/pattern-alias.zy,free_list_hint
free-list-hints,release,0,78702,4,1024,320302,True,"[2, 0, 0, 1]",25,lib/tests/core/pattern-alias.zy,baseline
free-list-hints,release,0,79572,4,1024,331735,True,"[2, 0, 0, 1]",26,lib/tests/core/pattern-alias.zy,inline_hint
free-list-hints,release,0,73359,4,1024,325251,True,"[2, 0, 0, 1]",26,lib/tests/core/pattern-alias.zy,free_list_hint
free-list-hints,release,0,82646,4,1024,328928,True,"[2, 0, 0, 1]",26,lib/tests/core/pattern-alias.zy,baseline
free-list-hints,release,0,73418,4,1024,324703,True,"[2, 0, 0, 1]",26,lib/tests/core/pattern-alias.zy,free_list
free-list-hints,release,0,88963,4,1024,329082,True,"[2, 0, 0, 1]",27,lib/tests/core/pattern-alias.zy,free_list_hint
free-list-hints,release,0,77698,4,1024,315139,True,"[2, 0, 0, 1]",27,lib/tests/core/pattern-alias.zy,baseline
free-list-hints,release,0,65987,4,1024,295741,True,"[2, 0, 0, 1]",27,lib/tests/core/pattern-alias.zy,free_list
free-list-hints,release,0,77401,4,1024,332621,True,"[2, 0, 0, 1]",27,lib/tests/core/pattern-alias.zy,inline_hint
free-list-hints,release,0,78677,4,1024,321802,True,"[2, 0, 0, 1]",28,lib/tests/core/pattern-alias.zy,baseline
free-list-hints,release,0,74286,4,1024,312298,True,"[2, 0, 0, 1]",28,lib/tests/core/pattern-alias.zy,free_list
free-list-hints,release,0,77672,4,1024,324332,True,"[2, 0, 0, 1]",28,lib/tests/core/pattern-alias.zy,inline_hint
free-list-hints,release,0,71423,4,1024,312902,True,"[2, 0, 0, 1]",28,lib/tests/core/pattern-alias.zy,free_list_hint
free-list-hints,release,0,72874,4,1024,317680,True,"[2, 0, 0, 1]",29,lib/tests/core/pattern-alias.zy,free_list
free-list-hints,release,0,78047,4,1024,329538,True,"[2, 0, 0, 1]",29,lib/tests/core/pattern-alias.zy,inline_hint
free-list-hints,release,0,72117,4,1024,315908,True,"[2, 0, 0, 1]",29,lib/tests/core/pattern-alias.zy,free_list_hint
free-list-hints,release,0,79896,4,1024,323397,True,"[2, 0, 0, 1]",29,lib/tests/core/pattern-alias.zy,baseline
free-list-hints,release,0,77666,4,1024,326487,True,"[2, 0, 0, 1]",30,lib/tests/core/pattern-alias.zy,inline_hint
free-list-hints,release,0,75292,4,1024,320623,True,"[2, 0, 0, 1]",30,lib/tests/core/pattern-alias.zy,free_list_hint
free-list-hints,release,0,78289,4,1024,321298,True,"[2, 0, 0, 1]",30,lib/tests/core/pattern-alias.zy,baseline
free-list-hints,release,0,73161,4,1024,314509,True,"[2, 0, 0, 1]",30,lib/tests/core/pattern-alias.zy,free_list
free-list-hints,release,0,71508,4,1024,316416,True,"[2, 0, 0, 1]",31,lib/tests/core/pattern-alias.zy,free_list_hint
free-list-hints,release,0,81869,4,1024,334720,True,"[2, 0, 0, 1]",31,lib/tests/core/pattern-alias.zy,baseline
free-list-hints,release,0,73624,4,1024,317723,True,"[2, 0, 0, 1]",31,lib/tests/core/pattern-alias.zy,free_list
free-list-hints,release,0,79448,4,1024,328490,True,"[2, 0, 0, 1]",31,lib/tests/core/pattern-alias.zy,inline_hint
free-list-hints,release,0,637837,135,277,4960911,False,"[104, 26, 8, 0]",0,lib/tests/core/native-frames.zy,baseline
free-list-hints,release,0,607966,135,277,4876918,False,"[104, 26, 8, 0]",0,lib/tests/core/native-frames.zy,free_list
free-list-hints,release,0,612794,135,277,4915663,False,"[104, 26, 8, 0]",0,lib/tests/core/native-frames.zy,inline_hint
free-list-hints,release,0,627150,135,277,5032325,False,"[104, 26, 8, 0]",0,lib/tests/core/native-frames.zy,free_list_hint
free-list-hints,release,0,613039,135,277,4982039,False,"[104, 26, 8, 0]",1,lib/tests/core/native-frames.zy,free_list
free-list-hints,release,0,616380,135,277,5000746,False,"[104, 26, 8, 0]",1,lib/tests/core/native-frames.zy,inline_hint
free-list-hints,release,0,590659,135,277,4927467,False,"[104, 26, 8, 0]",1,lib/tests/core/native-frames.zy,free_list_hint
free-list-hints,release,0,617411,135,277,5037461,False,"[104, 26, 8, 0]",1,lib/tests/core/native-frames.zy,baseline
free-list-hints,release,0,584130,135,277,4977831,False,"[104, 26, 8, 0]",2,lib/tests/core/native-frames.zy,inline_hint
free-list-hints,release,0,599221,135,277,4947996,False,"[104, 26, 8, 0]",2,lib/tests/core/native-frames.zy,free_list_hint
free-list-hints,release,0,642212,135,277,5026830,False,"[104, 26, 8, 0]",2,lib/tests/core/native-frames.zy,baseline
free-list-hints,release,0,589590,135,277,4994072,False,"[104, 26, 8, 0]",2,lib/tests/core/native-frames.zy,free_list
free-list-hints,release,0,603538,135,277,5041119,False,"[104, 26, 8, 0]",3,lib/tests/core/native-frames.zy,free_list_hint
free-list-hints,release,0,617132,135,277,4943120,False,"[104, 26, 8, 0]",3,lib/tests/core/native-frames.zy,baseline
free-list-hints,release,0,597833,135,277,4947581,False,"[104, 26, 8, 0]",3,lib/tests/core/native-frames.zy,free_list
free-list-hints,release,0,577424,135,277,4931833,False,"[104, 26, 8, 0]",3,lib/tests/core/native-frames.zy,inline_hint
free-list-hints,release,0,596449,135,277,4957409,False,"[104, 26, 8, 0]",4,lib/tests/core/native-frames.zy,baseline
free-list-hints,release,0,602160,135,277,5058136,False,"[104, 26, 8, 0]",4,lib/tests/core/native-frames.zy,free_list
free-list-hints,release,0,568788,135,277,4892236,False,"[104, 26, 8, 0]",4,lib/tests/core/native-frames.zy,inline_hint
free-list-hints,release,0,616130,135,277,5168706,False,"[104, 26, 8, 0]",4,lib/tests/core/native-frames.zy,free_list_hint
free-list-hints,release,0,586789,135,277,5107086,False,"[104, 26, 8, 0]",5,lib/tests/core/native-frames.zy,free_list
free-list-hints,release,0,589547,135,277,5009749,False,"[104, 26, 8, 0]",5,lib/tests/core/native-frames.zy,inline_hint
free-list-hints,release,0,592421,135,277,4880113,False,"[104, 26, 8, 0]",5,lib/tests/core/native-frames.zy,free_list_hint
free-list-hints,release,0,605924,135,277,4922929,False,"[104, 26, 8, 0]",5,lib/tests/core/native-frames.zy,baseline
free-list-hints,release,0,605295,135,277,4951959,False,"[104, 26, 8, 0]",6,lib/tests/core/native-frames.zy,inline_hint
free-list-hints,release,0,603211,135,277,5047532,False,"[104, 26, 8, 0]",6,lib/tests/core/native-frames.zy,free_list_hint
free-list-hints,release,0,616538,135,277,5033223,False,"[104, 26, 8, 0]",6,lib/tests/core/native-frames.zy,baseline
free-list-hints,release,0,608591,135,277,5005885,False,"[104, 26, 8, 0]",6,lib/tests/core/native-frames.zy,free_list
free-list-hints,release,0,581577,135,277,4958663,False,"[104, 26, 8, 0]",7,lib/tests/core/native-frames.zy,free_list_hint
free-list-hints,release,0,590247,135,277,4816040,False,"[104, 26, 8, 0]",7,lib/tests/core/native-frames.zy,baseline
free-list-hints,release,0,566710,135,277,4870585,False,"[104, 26, 8, 0]",7,lib/tests/core/native-frames.zy,free_list
free-list-hints,release,0,579129,135,277,4935031,False,"[104, 26, 8, 0]",7,lib/tests/core/native-frames.zy,inline_hint
free-list-hints,release,0,587829,135,277,4992378,False,"[104, 26, 8, 0]",8,lib/tests/core/native-frames.zy,baseline
free-list-hints,release,0,588500,135,277,5044905,False,"[104, 26, 8, 0]",8,lib/tests/core/native-frames.zy,free_list
free-list-hints,release,0,587665,135,277,5007579,False,"[104, 26, 8, 0]",8,lib/tests/core/native-frames.zy,inline_hint
free-list-hints,release,0,606336,135,277,5124758,False,"[104, 26, 8, 0]",8,lib/tests/core/native-frames.zy,free_list_hint
free-list-hints,release,0,567128,135,277,4900515,False,"[104, 26, 8, 0]",9,lib/tests/core/native-frames.zy,free_list
free-list-hints,release,0,573200,135,277,4816288,False,"[104, 26, 8, 0]",9,lib/tests/core/native-frames.zy,inline_hint
free-list-hints,release,0,587133,135,277,4995834,False,"[104, 26, 8, 0]",9,lib/tests/core/native-frames.zy,free_list_hint
free-list-hints,release,0,606669,135,277,4982422,False,"[104, 26, 8, 0]",9,lib/tests/core/native-frames.zy,baseline
free-list-hints,release,0,600910,135,277,5061623,False,"[104, 26, 8, 0]",10,lib/tests/core/native-frames.zy,inline_hint
free-list-hints,release,0,597208,135,277,5081918,False,"[104, 26, 8, 0]",10,lib/tests/core/native-frames.zy,free_list_hint
free-list-hints,release,0,609461,135,277,5131408,False,"[104, 26, 8, 0]",10,lib/tests/core/native-frames.zy,baseline
free-list-hints,release,0,602377,135,277,5162416,False,"[104, 26, 8, 0]",10,lib/tests/core/native-frames.zy,free_list
free-list-hints,release,0,622514,135,277,5064000,False,"[104, 26, 8, 0]",11,lib/tests/core/native-frames.zy,free_list_hint
free-list-hints,release,0,642456,135,277,5060447,False,"[104, 26, 8, 0]",11,lib/tests/core/native-frames.zy,baseline
free-list-hints,release,0,606722,135,277,5061994,False,"[104, 26, 8, 0]",11,lib/tests/core/native-frames.zy,free_list
free-list-hints,release,0,609590,135,277,5036123,False,"[104, 26, 8, 0]",11,lib/tests/core/native-frames.zy,inline_hint
free-list-hints,release,0,616668,135,277,4968341,False,"[104, 26, 8, 0]",12,lib/tests/core/native-frames.zy,baseline
free-list-hints,release,0,626048,135,277,5216072,False,"[104, 26, 8, 0]",12,lib/tests/core/native-frames.zy,free_list
free-list-hints,release,0,619503,135,277,4974121,False,"[104, 26, 8, 0]",12,lib/tests/core/native-frames.zy,inline_hint
free-list-hints,release,0,603409,135,277,5001371,False,"[104, 26, 8, 0]",12,lib/tests/core/native-frames.zy,free_list_hint
free-list-hints,release,0,599880,135,277,5045959,False,"[104, 26, 8, 0]",13,lib/tests/core/native-frames.zy,free_list
free-list-hints,release,0,597417,135,277,5099700,False,"[104, 26, 8, 0]",13,lib/tests/core/native-frames.zy,inline_hint
free-list-hints,release,0,602583,135,277,5000295,False,"[104, 26, 8, 0]",13,lib/tests/core/native-frames.zy,free_list_hint
free-list-hints,release,0,612755,135,277,4994132,False,"[104, 26, 8, 0]",13,lib/tests/core/native-frames.zy,baseline
free-list-hints,release,0,633878,135,277,5016751,False,"[104, 26, 8, 0]",14,lib/tests/core/native-frames.zy,inline_hint
free-list-hints,release,0,593329,135,277,5032161,False,"[104, 26, 8, 0]",14,lib/tests/core/native-frames.zy,free_list_hint
free-list-hints,release,0,610586,135,277,5049841,False,"[104, 26, 8, 0]",14,lib/tests/core/native-frames.zy,baseline
free-list-hints,release,0,589126,135,277,4997464,False,"[104, 26, 8, 0]",14,lib/tests/core/native-frames.zy,free_list
free-list-hints,release,0,601000,135,277,4974791,False,"[104, 26, 8, 0]",15,lib/tests/core/native-frames.zy,free_list_hint
free-list-hints,release,0,641012,135,277,5019925,False,"[104, 26, 8, 0]",15,lib/tests/core/native-frames.zy,baseline
free-list-hints,release,0,588373,135,277,4888128,False,"[104, 26, 8, 0]",15,lib/tests/core/native-frames.zy,free_list
free-list-hints,release,0,607920,135,277,4946046,False,"[104, 26, 8, 0]",15,lib/tests/core/native-frames.zy,inline_hint
free-list-hints,release,0,609702,135,277,5060047,False,"[104, 26, 8, 0]",16,lib/tests/core/native-frames.zy,baseline
free-list-hints,release,0,599832,135,277,4896256,False,"[104, 26, 8, 0]",16,lib/tests/core/native-frames.zy,free_list
free-list-hints,release,0,578418,135,277,4835529,False,"[104, 26, 8, 0]",16,lib/tests/core/native-frames.zy,inline_hint
free-list-hints,release,0,668785,135,277,5100784,False,"[104, 26, 8, 0]",16,lib/tests/core/native-frames.zy,free_list_hint
free-list-hints,release,0,632109,135,277,5140346,False,"[104, 26, 8, 0]",17,lib/tests/core/native-frames.zy,free_list
free-list-hints,release,0,608996,135,277,5016926,False,"[104, 26, 8, 0]",17,lib/tests/core/native-frames.zy,inline_hint
free-list-hints,release,0,601743,135,277,4987578,False,"[104, 26, 8, 0]",17,lib/tests/core/native-frames.zy,free_list_hint
free-list-hints,release,0,594120,135,277,5064009,False,"[104, 26, 8, 0]",17,lib/tests/core/native-frames.zy,baseline
free-list-hints,release,0,587260,135,277,4923087,False,"[104, 26, 8, 0]",18,lib/tests/core/native-frames.zy,inline_hint
free-list-hints,release,0,607832,135,277,4987275,False,"[104, 26, 8, 0]",18,lib/tests/core/native-frames.zy,free_list_hint
free-list-hints,release,0,639418,135,277,5054003,False,"[104, 26, 8, 0]",18,lib/tests/core/native-frames.zy,baseline
free-list-hints,release,0,621289,135,277,5057839,False,"[104, 26, 8, 0]",18,lib/tests/core/native-frames.zy,free_list
free-list-hints,release,0,601613,135,277,4981174,False,"[104, 26, 8, 0]",19,lib/tests/core/native-frames.zy,free_list_hint
free-list-hints,release,0,616907,135,277,5092672,False,"[104, 26, 8, 0]",19,lib/tests/core/native-frames.zy,baseline
free-list-hints,release,0,607408,135,277,5033004,False,"[104, 26, 8, 0]",19,lib/tests/core/native-frames.zy,free_list
free-list-hints,release,0,604084,135,277,4970524,False,"[104, 26, 8, 0]",19,lib/tests/core/native-frames.zy,inline_hint
free-list-hints,release,0,612170,135,277,4947423,False,"[104, 26, 8, 0]",20,lib/tests/core/native-frames.zy,baseline
free-list-hints,release,0,598618,135,277,5038997,False,"[104, 26, 8, 0]",20,lib/tests/core/native-frames.zy,free_list
free-list-hints,release,0,584000,135,277,4945754,False,"[104, 26, 8, 0]",20,lib/tests/core/native-frames.zy,inline_hint
free-list-hints,release,0,605174,135,277,5012873,False,"[104, 26, 8, 0]",20,lib/tests/core/native-frames.zy,free_list_hint
free-list-hints,release,0,624832,135,277,5060590,False,"[104, 26, 8, 0]",21,lib/tests/core/native-frames.zy,free_list
free-list-hints,release,0,629625,135,277,5053871,False,"[104, 26, 8, 0]",21,lib/tests/core/native-frames.zy,inline_hint
free-list-hints,release,0,601661,135,277,4861336,False,"[104, 26, 8, 0]",21,lib/tests/core/native-frames.zy,free_list_hint
free-list-hints,release,0,605954,135,277,4899383,False,"[104, 26, 8, 0]",21,lib/tests/core/native-frames.zy,baseline
free-list-hints,release,0,590328,135,277,4894930,False,"[104, 26, 8, 0]",22,lib/tests/core/native-frames.zy,inline_hint
free-list-hints,release,0,626630,135,277,4982837,False,"[104, 26, 8, 0]",22,lib/tests/core/native-frames.zy,free_list_hint
free-list-hints,release,0,589072,135,277,4915164,False,"[104, 26, 8, 0]",22,lib/tests/core/native-frames.zy,baseline
free-list-hints,release,0,584616,135,277,5006334,False,"[104, 26, 8, 0]",22,lib/tests/core/native-frames.zy,free_list
free-list-hints,release,0,580876,135,277,4979368,False,"[104, 26, 8, 0]",23,lib/tests/core/native-frames.zy,free_list_hint
free-list-hints,release,0,629663,135,277,4890209,False,"[104, 26, 8, 0]",23,lib/tests/core/native-frames.zy,baseline
free-list-hints,release,0,581721,135,277,4870162,False,"[104, 26, 8, 0]",23,lib/tests/core/native-frames.zy,free_list
free-list-hints,release,0,586640,135,277,4927038,False,"[104, 26, 8, 0]",23,lib/tests/core/native-frames.zy,inline_hint
free-list-hints,release,0,602334,135,277,4973470,False,"[104, 26, 8, 0]",24,lib/tests/core/native-frames.zy,baseline
free-list-hints,release,0,574037,135,277,4918997,False,"[104, 26, 8, 0]",24,lib/tests/core/native-frames.zy,free_list
free-list-hints,release,0,588169,135,277,4895248,False,"[104, 26, 8, 0]",24,lib/tests/core/native-frames.zy,inline_hint
free-list-hints,release,0,603291,135,277,5012839,False,"[104, 26, 8, 0]",24,lib/tests/core/native-frames.zy,free_list_hint
free-list-hints,release,0,602630,135,277,4999367,False,"[104, 26, 8, 0]",25,lib/tests/core/native-frames.zy,free_list
free-list-hints,release,0,601373,135,277,5010622,False,"[104, 26, 8, 0]",25,lib/tests/core/native-frames.zy,inline_hint
free-list-hints,release,0,579666,135,277,4922792,False,"[104, 26, 8, 0]",25,lib/tests/core/native-frames.zy,free_list_hint
free-list-hints,release,0,611739,135,277,4986621,False,"[104, 26, 8, 0]",25,lib/tests/core/native-frames.zy,baseline
free-list-hints,release,0,588546,135,277,4888178,False,"[104, 26, 8, 0]",26,lib/tests/core/native-frames.zy,inline_hint
free-list-hints,release,0,606333,135,277,4969452,False,"[104, 26, 8, 0]",26,lib/tests/core/native-frames.zy,free_list_hint
free-list-hints,release,0,608717,135,277,5046076,False,"[104, 26, 8, 0]",26,lib/tests/core/native-frames.zy,baseline
free-list-hints,release,0,586014,135,277,4862122,False,"[104, 26, 8, 0]",26,lib/tests/core/native-frames.zy,free_list
free-list-hints,release,0,601955,135,277,4958420,False,"[104, 26, 8, 0]",27,lib/tests/core/native-frames.zy,free_list_hint
free-list-hints,release,0,599781,135,277,4928135,False,"[104, 26, 8, 0]",27,lib/tests/core/native-frames.zy,baseline
free-list-hints,release,0,582788,135,277,4943736,False,"[104, 26, 8, 0]",27,lib/tests/core/native-frames.zy,free_list
free-list-hints,release,0,588676,135,277,4938620,False,"[104, 26, 8, 0]",27,lib/tests/core/native-frames.zy,inline_hint
free-list-hints,release,0,607880,135,277,4951038,False,"[104, 26, 8, 0]",28,lib/tests/core/native-frames.zy,baseline
free-list-hints,release,0,580007,135,277,4960700,False,"[104, 26, 8, 0]",28,lib/tests/core/native-frames.zy,free_list
free-list-hints,release,0,570876,135,277,4938250,False,"[104, 26, 8, 0]",28,lib/tests/core/native-frames.zy,inline_hint
free-list-hints,release,0,570793,135,277,4960956,False,"[104, 26, 8, 0]",28,lib/tests/core/native-frames.zy,free_list_hint
free-list-hints,release,0,582586,135,277,5001592,False,"[104, 26, 8, 0]",29,lib/tests/core/native-frames.zy,free_list
free-list-hints,release,0,597081,135,277,4957534,False,"[104, 26, 8, 0]",29,lib/tests/core/native-frames.zy,inline_hint
free-list-hints,release,0,598378,135,277,5005045,False,"[104, 26, 8, 0]",29,lib/tests/core/native-frames.zy,free_list_hint
free-list-hints,release,0,615545,135,277,4994788,False,"[104, 26, 8, 0]",29,lib/tests/core/native-frames.zy,baseline
free-list-hints,release,0,579158,135,277,4862089,False,"[104, 26, 8, 0]",30,lib/tests/core/native-frames.zy,inline_hint
free-list-hints,release,0,586501,135,277,4956123,False,"[104, 26, 8, 0]",30,lib/tests/core/native-frames.zy,free_list_hint
free-list-hints,release,0,588456,135,277,4878268,False,"[104, 26, 8, 0]",30,lib/tests/core/native-frames.zy,baseline
free-list-hints,release,0,581160,135,277,4986847,False,"[104, 26, 8, 0]",30,lib/tests/core/native-frames.zy,free_list
free-list-hints,release,0,595287,135,277,5090246,False,"[104, 26, 8, 0]",31,lib/tests/core/native-frames.zy,free_list_hint
free-list-hints,release,0,616461,135,277,4970841,False,"[104, 26, 8, 0]",31,lib/tests/core/native-frames.zy,baseline
free-list-hints,release,0,637870,135,277,5123004,False,"[104, 26, 8, 0]",31,lib/tests/core/native-frames.zy,free_list
free-list-hints,release,0,596607,135,277,4955745,False,"[104, 26, 8, 0]",31,lib/tests/core/native-frames.zy,inline_hint
free-list-hints,release,0,620920,135,303,4909997,True,"[97, 25, 8, 9]",0,lib/tests/core/native-frames.zy,baseline
free-list-hints,release,0,660793,135,303,5092506,True,"[97, 25, 8, 9]",0,lib/tests/core/native-frames.zy,free_list
free-list-hints,release,0,677874,135,303,5240626,True,"[97, 25, 8, 9]",0,lib/tests/core/native-frames.zy,inline_hint
free-list-hints,release,0,651964,135,303,5136136,True,"[97, 25, 8, 9]",0,lib/tests/core/native-frames.zy,free_list_hint
free-list-hints,release,0,603955,135,303,5052196,True,"[97, 25, 8, 9]",1,lib/tests/core/native-frames.zy,free_list
free-list-hints,release,0,637831,135,303,4948464,True,"[97, 25, 8, 9]",1,lib/tests/core/native-frames.zy,inline_hint
free-list-hints,release,0,630295,135,303,5057914,True,"[97, 25, 8, 9]",1,lib/tests/core/native-frames.zy,free_list_hint
free-list-hints,release,0,658004,135,303,5018627,True,"[97, 25, 8, 9]",1,lib/tests/core/native-frames.zy,baseline
free-list-hints,release,0,650748,135,303,5022917,True,"[97, 25, 8, 9]",2,lib/tests/core/native-frames.zy,inline_hint
free-list-hints,release,0,611954,135,303,5020839,True,"[97, 25, 8, 9]",2,lib/tests/core/native-frames.zy,free_list_hint
free-list-hints,release,0,623590,135,303,4966505,True,"[97, 25, 8, 9]",2,lib/tests/core/native-frames.zy,baseline
free-list-hints,release,0,626140,135,303,5050246,True,"[97, 25, 8, 9]",2,lib/tests/core/native-frames.zy,free_list
free-list-hints,release,0,597365,135,303,5037001,True,"[97, 25, 8, 9]",3,lib/tests/core/native-frames.zy,free_list_hint
free-list-hints,release,0,624951,135,303,5029209,True,"[97, 25, 8, 9]",3,lib/tests/core/native-frames.zy,baseline
free-list-hints,release,0,638496,135,303,5201575,True,"[97, 25, 8, 9]",3,lib/tests/core/native-frames.zy,free_list
free-list-hints,release,0,655005,135,303,4957126,True,"[97, 25, 8, 9]",3,lib/tests/core/native-frames.zy,inline_hint
free-list-hints,release,0,586661,135,303,4934534,True,"[97, 25, 8, 9]",4,lib/tests/core/native-frames.zy,baseline
free-list-hints,release,0,580081,135,303,5026794,True,"[97, 25, 8, 9]",4,lib/tests/core/native-frames.zy,free_list
free-list-hints,release,0,615290,135,303,4936915,True,"[97, 25, 8, 9]",4,lib/tests/core/native-frames.zy,inline_hint
free-list-hints,release,0,595918,135,303,5064299,True,"[97, 25, 8, 9]",4,lib/tests/core/native-frames.zy,free_list_hint
free-list-hints,release,0,600452,135,303,5045297,True,"[97, 25, 8, 9]",5,lib/tests/core/native-frames.zy,free_list
free-list-hints,release,0,599257,135,303,5004406,True,"[97, 25, 8, 9]",5,lib/tests/core/native-frames.zy,inline_hint
free-list-hints,release,0,607074,135,303,5130337,True,"[97, 25, 8, 9]",5,lib/tests/core/native-frames.zy,free_list_hint
free-list-hints,release,0,588215,135,303,4888954,True,"[97, 25, 8, 9]",5,lib/tests/core/native-frames.zy,baseline
free-list-hints,release,0,607665,135,303,4902001,True,"[97, 25, 8, 9]",6,lib/tests/core/native-frames.zy,inline_hint
free-list-hints,release,0,639326,135,303,5113007,True,"[97, 25, 8, 9]",6,lib/tests/core/native-frames.zy,free_list_hint
free-list-hints,release,0,559094,135,303,4919173,True,"[97, 25, 8, 9]",6,lib/tests/core/native-frames.zy,baseline
free-list-hints,release,0,579542,135,303,4979421,True,"[97, 25, 8, 9]",6,lib/tests/core/native-frames.zy,free_list
free-list-hints,release,0,610079,135,303,5072493,True,"[97, 25, 8, 9]",7,lib/tests/core/native-frames.zy,free_list_hint
free-list-hints,release,0,598133,135,303,4907359,True,"[97, 25, 8, 9]",7,lib/tests/core/native-frames.zy,baseline
free-list-hints,release,0,620129,135,303,5068207,True,"[97, 25, 8, 9]",7,lib/tests/core/native-frames.zy,free_list
free-list-hints,release,0,624594,135,303,5025636,True,"[97, 25, 8, 9]",7,lib/tests/core/native-frames.zy,inline_hint
free-list-hints,release,0,615632,135,303,5007449,True,"[97, 25, 8, 9]",8,lib/tests/core/native-frames.zy,baseline
free-list-hints,release,0,552153,135,303,4985837,True,"[97, 25, 8, 9]",8,lib/tests/core/native-frames.zy,free_list
free-list-hints,release,0,581995,135,303,4860673,True,"[97, 25, 8, 9]",8,lib/tests/core/native-frames.zy,inline_hint
free-list-hints,release,0,595006,135,303,4998508,True,"[97, 25, 8, 9]",8,lib/tests/core/native-frames.zy,free_list_hint
free-list-hints,release,0,615589,135,303,5055323,True,"[97, 25, 8, 9]",9,lib/tests/core/native-frames.zy,free_list
free-list-hints,release,0,584874,135,303,4909870,True,"[97, 25, 8, 9]",9,lib/tests/core/native-frames.zy,inline_hint
free-list-hints,release,0,596832,135,303,5044595,True,"[97, 25, 8, 9]",9,lib/tests/core/native-frames.zy,free_list_hint
free-list-hints,release,0,636780,135,303,5110040,True,"[97, 25, 8, 9]",9,lib/tests/core/native-frames.zy,baseline
free-list-hints,release,0,626205,135,303,5036634,True,"[97, 25, 8, 9]",10,lib/tests/core/native-frames.zy,inline_hint
free-list-hints,release,0,642744,135,303,5227489,True,"[97, 25, 8, 9]",10,lib/tests/core/native-frames.zy,free_list_hint
free-list-hints,release,0,594001,135,303,4991414,True,"[97, 25, 8, 9]",10,lib/tests/core/native-frames.zy,baseline
free-list-hints,release,0,568333,135,303,5054382,True,"[97, 25, 8, 9]",10,lib/tests/core/native-frames.zy,free_list
free-list-hints,release,0,643207,135,303,5094847,True,"[97, 25, 8, 9]",11,lib/tests/core/native-frames.zy,free_list_hint
free-list-hints,release,0,620666,135,303,4958295,True,"[97, 25, 8, 9]",11,lib/tests/core/native-frames.zy,baseline
free-list-hints,release,0,626056,135,303,5136616,True,"[97, 25, 8, 9]",11,lib/tests/core/native-frames.zy,free_list
free-list-hints,release,0,584793,135,303,4919750,True,"[97, 25, 8, 9]",11,lib/tests/core/native-frames.zy,inline_hint
free-list-hints,release,0,644905,135,303,5077724,True,"[97, 25, 8, 9]",12,lib/tests/core/native-frames.zy,baseline
free-list-hints,release,0,643879,135,303,5087795,True,"[97, 25, 8, 9]",12,lib/tests/core/native-frames.zy,free_list
free-list-hints,release,0,669917,135,303,5173585,True,"[97, 25, 8, 9]",12,lib/tests/core/native-frames.zy,inline_hint
free-list-hints,release,0,587002,135,303,5028843,True,"[97, 25, 8, 9]",12,lib/tests/core/native-frames.zy,free_list_hint
free-list-hints,release,0,638496,135,303,5137883,True,"[97, 25, 8, 9]",13,lib/tests/core/native-frames.zy,free_list
free-list-hints,release,0,662954,135,303,5252447,True,"[97, 25, 8, 9]",13,lib/tests/core/native-frames.zy,inline_hint
free-list-hints,release,0,637748,135,303,5157170,True,"[97, 25, 8, 9]",13,lib/tests/core/native-frames.zy,free_list_hint
free-list-hints,release,0,615582,135,303,5096407,True,"[97, 25, 8, 9]",13,lib/tests/core/native-frames.zy,baseline
free-list-hints,release,0,596283,135,303,5045035,True,"[97, 25, 8, 9]",14,lib/tests/core/native-frames.zy,inline_hint
free-list-hints,release,0,605457,135,303,5046503,True,"[97, 25, 8, 9]",14,lib/tests/core/native-frames.zy,free_list_hint
free-list-hints,release,0,605985,135,303,5108550,True,"[97, 25, 8, 9]",14,lib/tests/core/native-frames.zy,baseline
free-list-hints,release,0,626702,135,303,5022865,True,"[97, 25, 8, 9]",14,lib/tests/core/native-frames.zy,free_list
free-list-hints,release,0,631172,135,303,5142626,True,"[97, 25, 8, 9]",15,lib/tests/core/native-frames.zy,free_list_hint
free-list-hints,release,0,622118,135,303,4998298,True,"[97, 25, 8, 9]",15,lib/tests/core/native-frames.zy,baseline
free-list-hints,release,0,621591,135,303,5104166,True,"[97, 25, 8, 9]",15,lib/tests/core/native-frames.zy,free_list
free-list-hints,release,0,623885,135,303,5066750,True,"[97, 25, 8, 9]",15,lib/tests/core/native-frames.zy,inline_hint
free-list-hints,release,0,593805,135,303,5001741,True,"[97, 25, 8, 9]",16,lib/tests/core/native-frames.zy,baseline
free-list-hints,release,0,581800,135,303,5054710,True,"[97, 25, 8, 9]",16,lib/tests/core/native-frames.zy,free_list
free-list-hints,release,0,657711,135,303,5123759,True,"[97, 25, 8, 9]",16,lib/tests/core/native-frames.zy,inline_hint
free-list-hints,release,0,595834,135,303,5246323,True,"[97, 25, 8, 9]",16,lib/tests/core/native-frames.zy,free_list_hint
free-list-hints,release,0,624256,135,303,5131630,True,"[97, 25, 8, 9]",17,lib/tests/core/native-frames.zy,free_list
free-list-hints,release,0,613668,135,303,4979531,True,"[97, 25, 8, 9]",17,lib/tests/core/native-frames.zy,inline_hint
free-list-hints,release,0,610997,135,303,5020255,True,"[97, 25, 8, 9]",17,lib/tests/core/native-frames.zy,free_list_hint
free-list-hints,release,0,622451,135,303,4991801,True,"[97, 25, 8, 9]",17,lib/tests/core/native-frames.zy,baseline
free-list-hints,release,0,631666,135,303,5066337,True,"[97, 25, 8, 9]",18,lib/tests/core/native-frames.zy,inline_hint
free-list-hints,release,0,629830,135,303,5145619,True,"[97, 25, 8, 9]",18,lib/tests/core/native-frames.zy,free_list_hint
free-list-hints,release,0,631386,135,303,5093700,True,"[97, 25, 8, 9]",18,lib/tests/core/native-frames.zy,baseline
free-list-hints,release,0,633993,135,303,5112792,True,"[97, 25, 8, 9]",18,lib/tests/core/native-frames.zy,free_list
free-list-hints,release,0,618874,135,303,5008567,True,"[97, 25, 8, 9]",19,lib/tests/core/native-frames.zy,free_list_hint
free-list-hints,release,0,623950,135,303,4998865,True,"[97, 25, 8, 9]",19,lib/tests/core/native-frames.zy,baseline
free-list-hints,release,0,598927,135,303,4998761,True,"[97, 25, 8, 9]",19,lib/tests/core/native-frames.zy,free_list
free-list-hints,release,0,598041,135,303,4977709,True,"[97, 25, 8, 9]",19,lib/tests/core/native-frames.zy,inline_hint
free-list-hints,release,0,593595,135,303,4979616,True,"[97, 25, 8, 9]",20,lib/tests/core/native-frames.zy,baseline
free-list-hints,release,0,606593,135,303,5095386,True,"[97, 25, 8, 9]",20,lib/tests/core/native-frames.zy,free_list
free-list-hints,release,0,613455,135,303,4892956,True,"[97, 25, 8, 9]",20,lib/tests/core/native-frames.zy,inline_hint
free-list-hints,release,0,617575,135,303,5119747,True,"[97, 25, 8, 9]",20,lib/tests/core/native-frames.zy,free_list_hint
free-list-hints,release,0,612413,135,303,5010506,True,"[97, 25, 8, 9]",21,lib/tests/core/native-frames.zy,free_list
free-list-hints,release,0,671405,135,303,5302204,True,"[97, 25, 8, 9]",21,lib/tests/core/native-frames.zy,inline_hint
free-list-hints,release,0,633960,135,303,5117585,True,"[97, 25, 8, 9]",21,lib/tests/core/native-frames.zy,free_list_hint
free-list-hints,release,0,604179,135,303,5010197,True,"[97, 25, 8, 9]",21,lib/tests/core/native-frames.zy,baseline
free-list-hints,release,0,594836,135,303,5033670,True,"[97, 25, 8, 9]",22,lib/tests/core/native-frames.zy,inline_hint
free-list-hints,release,0,601917,135,303,5137746,True,"[97, 25, 8, 9]",22,lib/tests/core/native-frames.zy,free_list_hint
free-list-hints,release,0,609676,135,303,4958042,True,"[97, 25, 8, 9]",22,lib/tests/core/native-frames.zy,baseline
free-list-hints,release,0,607494,135,303,5009496,True,"[97, 25, 8, 9]",22,lib/tests/core/native-frames.zy,free_list
free-list-hints,release,0,615503,135,303,5191623,True,"[97, 25, 8, 9]",23,lib/tests/core/native-frames.zy,free_list_hint
free-list-hints,release,0,609946,135,303,4957972,True,"[97, 25, 8, 9]",23,lib/tests/core/native-frames.zy,baseline
free-list-hints,release,0,611749,135,303,5088245,True,"[97, 25, 8, 9]",23,lib/tests/core/native-frames.zy,free_list
free-list-hints,release,0,648167,135,303,5026288,True,"[97, 25, 8, 9]",23,lib/tests/core/native-frames.zy,inline_hint
free-list-hints,release,0,591840,135,303,4948420,True,"[97, 25, 8, 9]",24,lib/tests/core/native-frames.zy,baseline
free-list-hints,release,0,593963,135,303,4975831,True,"[97, 25, 8, 9]",24,lib/tests/core/native-frames.zy,free_list
free-list-hints,release,0,591962,135,303,4956622,True,"[97, 25, 8, 9]",24,lib/tests/core/native-frames.zy,inline_hint
free-list-hints,release,0,587036,135,303,5105545,True,"[97, 25, 8, 9]",24,lib/tests/core/native-frames.zy,free_list_hint
free-list-hints,release,0,596587,135,303,5031170,True,"[97, 25, 8, 9]",25,lib/tests/core/native-frames.zy,free_list
free-list-hints,release,0,598881,135,303,4969833,True,"[97, 25, 8, 9]",25,lib/tests/core/native-frames.zy,inline_hint
free-list-hints,release,0,602987,135,303,5103837,True,"[97, 25, 8, 9]",25,lib/tests/core/native-frames.zy,free_list_hint
free-list-hints,release,0,627612,135,303,5092123,True,"[97, 25, 8, 9]",25,lib/tests/core/native-frames.zy,baseline
free-list-hints,release,0,582205,135,303,4922129,True,"[97, 25, 8, 9]",26,lib/tests/core/native-frames.zy,inline_hint
free-list-hints,release,0,591713,135,303,4962624,True,"[97, 25, 8, 9]",26,lib/tests/core/native-frames.zy,free_list_hint
free-list-hints,release,0,604338,135,303,5017044,True,"[97, 25, 8, 9]",26,lib/tests/core/native-frames.zy,baseline
free-list-hints,release,0,593004,135,303,5127000,True,"[97, 25, 8, 9]",26,lib/tests/core/native-frames.zy,free_list
free-list-hints,release,0,571344,135,303,5028663,True,"[97, 25, 8, 9]",27,lib/tests/core/native-frames.zy,free_list_hint
free-list-hints,release,0,588464,135,303,4966703,True,"[97, 25, 8, 9]",27,lib/tests/core/native-frames.zy,baseline
free-list-hints,release,0,601592,135,303,5121994,True,"[97, 25, 8, 9]",27,lib/tests/core/native-frames.zy,free_list
free-list-hints,release,0,594421,135,303,4929041,True,"[97, 25, 8, 9]",27,lib/tests/core/native-frames.zy,inline_hint
free-list-hints,release,0,593922,135,303,5038496,True,"[97, 25, 8, 9]",28,lib/tests/core/native-frames.zy,baseline
free-list-hints,release,0,592665,135,303,5078495,True,"[97, 25, 8, 9]",28,lib/tests/core/native-frames.zy,free_list
free-list-hints,release,0,597835,135,303,4934258,True,"[97, 25, 8, 9]",28,lib/tests/core/native-frames.zy,inline_hint
free-list-hints,release,0,596081,135,303,5087039,True,"[97, 25, 8, 9]",28,lib/tests/core/native-frames.zy,free_list_hint
free-list-hints,release,0,592489,135,303,5020533,True,"[97, 25, 8, 9]",29,lib/tests/core/native-frames.zy,free_list
free-list-hints,release,0,618873,135,303,5045495,True,"[97, 25, 8, 9]",29,lib/tests/core/native-frames.zy,inline_hint
free-list-hints,release,0,634003,135,303,5251631,True,"[97, 25, 8, 9]",29,lib/tests/core/native-frames.zy,free_list_hint
free-list-hints,release,0,621924,135,303,4940121,True,"[97, 25, 8, 9]",29,lib/tests/core/native-frames.zy,baseline
free-list-hints,release,0,596257,135,303,4995562,True,"[97, 25, 8, 9]",30,lib/tests/core/native-frames.zy,inline_hint
free-list-hints,release,0,593348,135,303,5221845,True,"[97, 25, 8, 9]",30,lib/tests/core/native-frames.zy,free_list_hint
free-list-hints,release,0,598526,135,303,5092923,True,"[97, 25, 8, 9]",30,lib/tests/core/native-frames.zy,baseline
free-list-hints,release,0,609786,135,303,5016680,True,"[97, 25, 8, 9]",30,lib/tests/core/native-frames.zy,free_list
free-list-hints,release,0,604297,135,303,5032977,True,"[97, 25, 8, 9]",31,lib/tests/core/native-frames.zy,free_list_hint
free-list-hints,release,0,623092,135,303,5147484,True,"[97, 25, 8, 9]",31,lib/tests/core/native-frames.zy,baseline
free-list-hints,release,0,660833,135,303,5106708,True,"[97, 25, 8, 9]",31,lib/tests/core/native-frames.zy,free_list
free-list-hints,release,0,626245,135,303,5149748,True,"[97, 25, 8, 9]",31,lib/tests/core/native-frames.zy,inline_hint
free-list-hints,release,0,635455,131,291,4952633,False,"[93, 26, 7, 0]",0,lib/tests/builtin/host-return.zy,baseline
free-list-hints,release,0,639405,131,291,5028211,False,"[93, 26, 7, 0]",0,lib/tests/builtin/host-return.zy,free_list
free-list-hints,release,0,617388,131,291,4879886,False,"[93, 26, 7, 0]",0,lib/tests/builtin/host-return.zy,inline_hint
free-list-hints,release,0,638123,131,291,4961994,False,"[93, 26, 7, 0]",0,lib/tests/builtin/host-return.zy,free_list_hint
free-list-hints,release,0,628453,131,291,5019092,False,"[93, 26, 7, 0]",1,lib/tests/builtin/host-return.zy,free_list
free-list-hints,release,0,602375,131,291,4933293,False,"[93, 26, 7, 0]",1,lib/tests/builtin/host-return.zy,inline_hint
free-list-hints,release,0,641418,131,291,5010242,False,"[93, 26, 7, 0]",1,lib/tests/builtin/host-return.zy,free_list_hint
free-list-hints,release,0,614993,131,291,4960291,False,"[93, 26, 7, 0]",1,lib/tests/builtin/host-return.zy,baseline
free-list-hints,release,0,619414,131,291,4882420,False,"[93, 26, 7, 0]",2,lib/tests/builtin/host-return.zy,inline_hint
free-list-hints,release,0,600319,131,291,4967970,False,"[93, 26, 7, 0]",2,lib/tests/builtin/host-return.zy,free_list_hint
free-list-hints,release,0,622373,131,291,5008409,False,"[93, 26, 7, 0]",2,lib/tests/builtin/host-return.zy,baseline
free-list-hints,release,0,615088,131,291,5065334,False,"[93, 26, 7, 0]",2,lib/tests/builtin/host-return.zy,free_list
free-list-hints,release,0,610750,131,291,5043327,False,"[93, 26, 7, 0]",3,lib/tests/builtin/host-return.zy,free_list_hint
free-list-hints,release,0,603917,131,291,5058462,False,"[93, 26, 7, 0]",3,lib/tests/builtin/host-return.zy,baseline
free-list-hints,release,0,603508,131,291,5038369,False,"[93, 26, 7, 0]",3,lib/tests/builtin/host-return.zy,free_list
free-list-hints,release,0,597629,131,291,4864002,False,"[93, 26, 7, 0]",3,lib/tests/builtin/host-return.zy,inline_hint
free-list-hints,release,0,600457,131,291,4950623,False,"[93, 26, 7, 0]",4,lib/tests/builtin/host-return.zy,baseline
free-list-hints,release,0,613665,131,291,4987412,False,"[93, 26, 7, 0]",4,lib/tests/builtin/host-return.zy,free_list
free-list-hints,release,0,611630,131,291,4925706,False,"[93, 26, 7, 0]",4,lib/tests/builtin/host-return.zy,inline_hint
free-list-hints,release,0,623036,131,291,4971493,False,"[93, 26, 7, 0]",4,lib/tests/builtin/host-return.zy,free_list_hint
free-list-hints,release,0,630292,131,291,5002562,False,"[93, 26, 7, 0]",5,lib/tests/builtin/host-return.zy,free_list
free-list-hints,release,0,614750,131,291,4950383,False,"[93, 26, 7, 0]",5,lib/tests/builtin/host-return.zy,inline_hint
free-list-hints,release,0,584711,131,291,4874415,False,"[93, 26, 7, 0]",5,lib/tests/builtin/host-return.zy,free_list_hint
free-list-hints,release,0,601129,131,291,4920078,False,"[93, 26, 7, 0]",5,lib/tests/builtin/host-return.zy,baseline
free-list-hints,release,0,628876,131,291,4958116,False,"[93, 26, 7, 0]",6,lib/tests/builtin/host-return.zy,inline_hint
free-list-hints,release,0,605503,131,291,4964964,False,"[93, 26, 7, 0]",6,lib/tests/builtin/host-return.zy,free_list_hint
free-list-hints,release,0,592674,131,291,4916782,False,"[93, 26, 7, 0]",6,lib/tests/builtin/host-return.zy,baseline
free-list-hints,release,0,606583,131,291,5018544,False,"[93, 26, 7, 0]",6,lib/tests/builtin/host-return.zy,free_list
free-list-hints,release,0,591837,131,291,4910502,False,"[93, 26, 7, 0]",7,lib/tests/builtin/host-return.zy,free_list_hint
free-list-hints,release,0,587955,131,291,4939418,False,"[93, 26, 7, 0]",7,lib/tests/builtin/host-return.zy,baseline
free-list-hints,release,0,605589,131,291,4948368,False,"[93, 26, 7, 0]",7,lib/tests/builtin/host-return.zy,free_list
free-list-hints,release,0,594949,131,291,4940964,False,"[93, 26, 7, 0]",7,lib/tests/builtin/host-return.zy,inline_hint
free-list-hints,release,0,604046,131,291,4949703,False,"[93, 26, 7, 0]",8,lib/tests/builtin/host-return.zy,baseline
free-list-hints,release,0,612080,131,291,5021003,False,"[93, 26, 7, 0]",8,lib/tests/builtin/host-return.zy,free_list
free-list-hints,release,0,605127,131,291,5028493,False,"[93, 26, 7, 0]",8,lib/tests/builtin/host-return.zy,inline_hint
free-list-hints,release,0,592829,131,291,4889873,False,"[93, 26, 7, 0]",8,lib/tests/builtin/host-return.zy,free_list_hint
free-list-hints,release,0,588916,131,291,4896301,False,"[93, 26, 7, 0]",9,lib/tests/builtin/host-return.zy,free_list
free-list-hints,release,0,603299,131,291,4930422,False,"[93, 26, 7, 0]",9,lib/tests/builtin/host-return.zy,inline_hint
free-list-hints,release,0,595919,131,291,4857541,False,"[93, 26, 7, 0]",9,lib/tests/builtin/host-return.zy,free_list_hint
free-list-hints,release,0,601418,131,291,4973257,False,"[93, 26, 7, 0]",9,lib/tests/builtin/host-return.zy,baseline
free-list-hints,release,0,599846,131,291,5008868,False,"[93, 26, 7, 0]",10,lib/tests/builtin/host-return.zy,inline_hint
free-list-hints,release,0,594921,131,291,4871714,False,"[93, 26, 7, 0]",10,lib/tests/builtin/host-return.zy,free_list_hint
free-list-hints,release,0,610341,131,291,4963822,False,"[93, 26, 7, 0]",10,lib/tests/builtin/host-return.zy,baseline
free-list-hints,release,0,606221,131,291,5003238,False,"[93, 26, 7, 0]",10,lib/tests/builtin/host-return.zy,free_list
free-list-hints,release,0,614499,131,291,5009500,False,"[93, 26, 7, 0]",11,lib/tests/builtin/host-return.zy,free_list_hint
free-list-hints,release,0,582413,131,291,4944004,False,"[93, 26, 7, 0]",11,lib/tests/builtin/host-return.zy,baseline
free-list-hints,release,0,595886,131,291,4985803,False,"[93, 26, 7, 0]",11,lib/tests/builtin/host-return.zy,free_list
free-list-hints,release,0,600169,131,291,4908497,False,"[93, 26, 7, 0]",11,lib/tests/builtin/host-return.zy,inline_hint
free-list-hints,release,0,635465,131,291,5204201,False,"[93, 26, 7, 0]",12,lib/tests/builtin/host-return.zy,baseline
free-list-hints,release,0,632164,131,291,5140882,False,"[93, 26, 7, 0]",12,lib/tests/builtin/host-return.zy,free_list
free-list-hints,release,0,622623,131,291,5063757,False,"[93, 26, 7, 0]",12,lib/tests/builtin/host-return.zy,inline_hint
free-list-hints,release,0,616093,131,291,4990869,False,"[93, 26, 7, 0]",12,lib/tests/builtin/host-return.zy,free_list_hint
free-list-hints,release,0,621246,131,291,5043788,False,"[93, 26, 7, 0]",13,lib/tests/builtin/host-return.zy,free_list
free-list-hints,release,0,616541,131,291,4988167,False,"[93, 26, 7, 0]",13,lib/tests/builtin/host-return.zy,inline_hint
free-list-hints,release,0,616693,131,291,5025582,False,"[93, 26, 7, 0]",13,lib/tests/builtin/host-return.zy,free_list_hint
free-list-hints,release,0,627715,131,291,5064953,False,"[93, 26, 7, 0]",13,lib/tests/builtin/host-return.zy,baseline
free-list-hints,release,0,621168,131,291,4928905,False,"[93, 26, 7, 0]",14,lib/tests/builtin/host-return.zy,inline_hint
free-list-hints,release,0,649655,131,291,5026792,False,"[93, 26, 7, 0]",14,lib/tests/builtin/host-return.zy,free_list_hint
free-list-hints,release,0,625087,131,291,5067627,False,"[93, 26, 7, 0]",14,lib/tests/builtin/host-return.zy,baseline
free-list-hints,release,0,616077,131,291,5048302,False,"[93, 26, 7, 0]",14,lib/tests/builtin/host-return.zy,free_list
free-list-hints,release,0,636843,131,291,5041784,False,"[93, 26, 7, 0]",15,lib/tests/builtin/host-return.zy,free_list_hint
free-list-hints,release,0,626367,131,291,5130008,False,"[93, 26, 7, 0]",15,lib/tests/builtin/host-return.zy,baseline
free-list-hints,release,0,621793,131,291,5030924,False,"[93, 26, 7, 0]",15,lib/tests/builtin/host-return.zy,free_list
free-list-hints,release,0,641586,131,291,5040449,False,"[93, 26, 7, 0]",15,lib/tests/builtin/host-return.zy,inline_hint
free-list-hints,release,0,666960,131,291,5204760,False,"[93, 26, 7, 0]",16,lib/tests/builtin/host-return.zy,baseline
free-list-hints,release,0,607038,131,291,5073708,False,"[93, 26, 7, 0]",16,lib/tests/builtin/host-return.zy,free_list
free-list-hints,release,0,601201,131,291,5073842,False,"[93, 26, 7, 0]",16,lib/tests/builtin/host-return.zy,inline_hint
free-list-hints,release,0,627163,131,291,5087669,False,"[93, 26, 7, 0]",16,lib/tests/builtin/host-return.zy,free_list_hint
free-list-hints,release,0,612340,131,291,4945752,False,"[93, 26, 7, 0]",17,lib/tests/builtin/host-return.zy,free_list
free-list-hints,release,0,616827,131,291,4959582,False,"[93, 26, 7, 0]",17,lib/tests/builtin/host-return.zy,inline_hint
free-list-hints,release,0,655384,131,291,5065662,False,"[93, 26, 7, 0]",17,lib/tests/builtin/host-return.zy,free_list_hint
free-list-hints,release,0,652376,131,291,5059248,False,"[93, 26, 7, 0]",17,lib/tests/builtin/host-return.zy,baseline
free-list-hints,release,0,623450,131,291,5103955,False,"[93, 26, 7, 0]",18,lib/tests/builtin/host-return.zy,inline_hint
free-list-hints,release,0,620378,131,291,5143513,False,"[93, 26, 7, 0]",18,lib/tests/builtin/host-return.zy,free_list_hint
free-list-hints,release,0,614473,131,291,5092040,False,"[93, 26, 7, 0]",18,lib/tests/builtin/host-return.zy,baseline
free-list-hints,release,0,624831,131,291,5053504,False,"[93, 26, 7, 0]",18,lib/tests/builtin/host-return.zy,free_list
free-list-hints,release,0,623594,131,291,4977325,False,"[93, 26, 7, 0]",19,lib/tests/builtin/host-return.zy,free_list_hint
free-list-hints,release,0,626743,131,291,5085996,False,"[93, 26, 7, 0]",19,lib/tests/builtin/host-return.zy,baseline
free-list-hints,release,0,630799,131,291,5070031,False,"[93, 26, 7, 0]",19,lib/tests/builtin/host-return.zy,free_list
free-list-hints,release,0,608386,131,291,5037866,False,"[93, 26, 7, 0]",19,lib/tests/builtin/host-return.zy,inline_hint
free-list-hints,release,0,626160,131,291,5067167,False,"[93, 26, 7, 0]",20,lib/tests/builtin/host-return.zy,baseline
free-list-hints,release,0,626497,131,291,5019746,False,"[93, 26, 7, 0]",20,lib/tests/builtin/host-return.zy,free_list
free-list-hints,release,0,630334,131,291,4953842,False,"[93, 26, 7, 0]",20,lib/tests/builtin/host-return.zy,inline_hint
free-list-hints,release,0,609500,131,291,4852340,False,"[93, 26, 7, 0]",20,lib/tests/builtin/host-return.zy,free_list_hint
free-list-hints,release,0,618379,131,291,4918881,False,"[93, 26, 7, 0]",21,lib/tests/builtin/host-return.zy,free_list
free-list-hints,release,0,625579,131,291,4989454,False,"[93, 26, 7, 0]",21,lib/tests/builtin/host-return.zy,inline_hint
free-list-hints,release,0,621613,131,291,5114506,False,"[93, 26, 7, 0]",21,lib/tests/builtin/host-return.zy,free_list_hint
free-list-hints,release,0,614738,131,291,5051619,False,"[93, 26, 7, 0]",21,lib/tests/builtin/host-return.zy,baseline
free-list-hints,release,0,615872,131,291,4909870,False,"[93, 26, 7, 0]",22,lib/tests/builtin/host-return.zy,inline_hint
free-list-hints,release,0,614875,131,291,5006047,False,"[93, 26, 7, 0]",22,lib/tests/builtin/host-return.zy,free_list_hint
free-list-hints,release,0,647625,131,291,5039118,False,"[93, 26, 7, 0]",22,lib/tests/builtin/host-return.zy,baseline
free-list-hints,release,0,649594,131,291,5039626,False,"[93, 26, 7, 0]",22,lib/tests/builtin/host-return.zy,free_list
free-list-hints,release,0,632875,131,291,4954616,False,"[93, 26, 7, 0]",23,lib/tests/builtin/host-return.zy,free_list_hint
free-list-hints,release,0,652453,131,291,5021452,False,"[93, 26, 7, 0]",23,lib/tests/builtin/host-return.zy,baseline
free-list-hints,release,0,630885,131,291,5030904,False,"[93, 26, 7, 0]",23,lib/tests/builtin/host-return.zy,free_list
free-list-hints,release,0,621834,131,291,4960962,False,"[93, 26, 7, 0]",23,lib/tests/builtin/host-return.zy,inline_hint
free-list-hints,release,0,604544,131,291,5039503,False,"[93, 26, 7, 0]",24,lib/tests/builtin/host-return.zy,baseline
free-list-hints,release,0,625458,131,291,4992490,False,"[93, 26, 7, 0]",24,lib/tests/builtin/host-return.zy,free_list
free-list-hints,release,0,629433,131,291,4979996,False,"[93, 26, 7, 0]",24,lib/tests/builtin/host-return.zy,inline_hint
free-list-hints,release,0,661701,131,291,4977055,False,"[93, 26, 7, 0]",24,lib/tests/builtin/host-return.zy,free_list_hint
free-list-hints,release,0,634378,131,291,4926589,False,"[93, 26, 7, 0]",25,lib/tests/builtin/host-return.zy,free_list
free-list-hints,release,0,614050,131,291,4949168,False,"[93, 26, 7, 0]",25,lib/tests/builtin/host-return.zy,inline_hint
free-list-hints,release,0,622050,131,291,5069827,False,"[93, 26, 7, 0]",25,lib/tests/builtin/host-return.zy,free_list_hint
free-list-hints,release,0,573547,131,291,4953904,False,"[93, 26, 7, 0]",25,lib/tests/builtin/host-return.zy,baseline
free-list-hints,release,0,594088,131,291,4966859,False,"[93, 26, 7, 0]",26,lib/tests/builtin/host-return.zy,inline_hint
free-list-hints,release,0,601134,131,291,5037491,False,"[93, 26, 7, 0]",26,lib/tests/builtin/host-return.zy,free_list_hint
free-list-hints,release,0,618337,131,291,4977845,False,"[93, 26, 7, 0]",26,lib/tests/builtin/host-return.zy,baseline
free-list-hints,release,0,613608,131,291,4915876,False,"[93, 26, 7, 0]",26,lib/tests/builtin/host-return.zy,free_list
free-list-hints,release,0,612929,131,291,4918950,False,"[93, 26, 7, 0]",27,lib/tests/builtin/host-return.zy,free_list_hint
free-list-hints,release,0,610926,131,291,4998282,False,"[93, 26, 7, 0]",27,lib/tests/builtin/host-return.zy,baseline
free-list-hints,release,0,631669,131,291,4994033,False,"[93, 26, 7, 0]",27,lib/tests/builtin/host-return.zy,free_list
free-list-hints,release,0,598761,131,291,4844536,False,"[93, 26, 7, 0]",27,lib/tests/builtin/host-return.zy,inline_hint
free-list-hints,release,0,584755,131,291,5038124,False,"[93, 26, 7, 0]",28,lib/tests/builtin/host-return.zy,baseline
free-list-hints,release,0,596678,131,291,5006837,False,"[93, 26, 7, 0]",28,lib/tests/builtin/host-return.zy,free_list
free-list-hints,release,0,607333,131,291,4945377,False,"[93, 26, 7, 0]",28,lib/tests/builtin/host-return.zy,inline_hint
free-list-hints,release,0,621170,131,291,4978337,False,"[93, 26, 7, 0]",28,lib/tests/builtin/host-return.zy,free_list_hint
free-list-hints,release,0,585109,131,291,4811471,False,"[93, 26, 7, 0]",29,lib/tests/builtin/host-return.zy,free_list
free-list-hints,release,0,624802,131,291,4917373,False,"[93, 26, 7, 0]",29,lib/tests/builtin/host-return.zy,inline_hint
free-list-hints,release,0,618289,131,291,5023756,False,"[93, 26, 7, 0]",29,lib/tests/builtin/host-return.zy,free_list_hint
free-list-hints,release,0,614251,131,291,4981455,False,"[93, 26, 7, 0]",29,lib/tests/builtin/host-return.zy,baseline
free-list-hints,release,0,584286,131,291,4953874,False,"[93, 26, 7, 0]",30,lib/tests/builtin/host-return.zy,inline_hint
free-list-hints,release,0,591506,131,291,5043663,False,"[93, 26, 7, 0]",30,lib/tests/builtin/host-return.zy,free_list_hint
free-list-hints,release,0,602380,131,291,4985823,False,"[93, 26, 7, 0]",30,lib/tests/builtin/host-return.zy,baseline
free-list-hints,release,0,608379,131,291,5089175,False,"[93, 26, 7, 0]",30,lib/tests/builtin/host-return.zy,free_list
free-list-hints,release,0,615206,131,291,4977915,False,"[93, 26, 7, 0]",31,lib/tests/builtin/host-return.zy,free_list_hint
free-list-hints,release,0,637999,131,291,5001251,False,"[93, 26, 7, 0]",31,lib/tests/builtin/host-return.zy,baseline
free-list-hints,release,0,594043,131,291,4822332,False,"[93, 26, 7, 0]",31,lib/tests/builtin/host-return.zy,free_list
free-list-hints,release,0,592380,131,291,4891252,False,"[93, 26, 7, 0]",31,lib/tests/builtin/host-return.zy,inline_hint
free-list-hints,release,0,677919,131,393,5063587,True,"[66, 24, 7, 8]",0,lib/tests/builtin/host-return.zy,baseline
free-list-hints,release,0,653215,131,393,4989003,True,"[66, 24, 7, 8]",0,lib/tests/builtin/host-return.zy,free_list
free-list-hints,release,0,706132,131,393,4920913,True,"[66, 24, 7, 8]",0,lib/tests/builtin/host-return.zy,inline_hint
free-list-hints,release,0,689004,131,393,4850790,True,"[66, 24, 7, 8]",0,lib/tests/builtin/host-return.zy,free_list_hint
free-list-hints,release,0,684074,131,393,4897746,True,"[66, 24, 7, 8]",1,lib/tests/builtin/host-return.zy,free_list
free-list-hints,release,0,689465,131,393,4974040,True,"[66, 24, 7, 8]",1,lib/tests/builtin/host-return.zy,inline_hint
free-list-hints,release,0,648991,131,393,4975250,True,"[66, 24, 7, 8]",1,lib/tests/builtin/host-return.zy,free_list_hint
free-list-hints,release,0,650417,131,393,4994714,True,"[66, 24, 7, 8]",1,lib/tests/builtin/host-return.zy,baseline
free-list-hints,release,0,679094,131,393,5049460,True,"[66, 24, 7, 8]",2,lib/tests/builtin/host-return.zy,inline_hint
free-list-hints,release,0,696589,131,393,4961084,True,"[66, 24, 7, 8]",2,lib/tests/builtin/host-return.zy,free_list_hint
free-list-hints,release,0,682783,131,393,4966325,True,"[66, 24, 7, 8]",2,lib/tests/builtin/host-return.zy,baseline
free-list-hints,release,0,656920,131,393,4787067,True,"[66, 24, 7, 8]",2,lib/tests/builtin/host-return.zy,free_list
free-list-hints,release,0,688235,131,393,4958998,True,"[66, 24, 7, 8]",3,lib/tests/builtin/host-return.zy,free_list_hint
free-list-hints,release,0,731581,131,393,4982294,True,"[66, 24, 7, 8]",3,lib/tests/builtin/host-return.zy,baseline
free-list-hints,release,0,655797,131,393,4960754,True,"[66, 24, 7, 8]",3,lib/tests/builtin/host-return.zy,free_list
free-list-hints,release,0,652457,131,393,4981677,True,"[66, 24, 7, 8]",3,lib/tests/builtin/host-return.zy,inline_hint
free-list-hints,release,0,647881,131,393,4995649,True,"[66, 24, 7, 8]",4,lib/tests/builtin/host-return.zy,baseline
free-list-hints,release,0,682212,131,393,4863087,True,"[66, 24, 7, 8]",4,lib/tests/builtin/host-return.zy,free_list
free-list-hints,release,0,674399,131,393,5039752,True,"[66, 24, 7, 8]",4,lib/tests/builtin/host-return.zy,inline_hint
free-list-hints,release,0,655045,131,393,4922569,True,"[66, 24, 7, 8]",4,lib/tests/builtin/host-return.zy,free_list_hint
free-list-hints,release,0,655377,131,393,4898712,True,"[66, 24, 7, 8]",5,lib/tests/builtin/host-return.zy,free_list
free-list-hints,release,0,642123,131,393,5019952,True,"[66, 24, 7, 8]",5,lib/tests/builtin/host-return.zy,inline_hint
free-list-hints,release,0,684714,131,393,4909375,True,"[66, 24, 7, 8]",5,lib/tests/builtin/host-return.zy,free_list_hint
free-list-hints,release,0,669111,131,393,4951878,True,"[66, 24, 7, 8]",5,lib/tests/builtin/host-return.zy,baseline
free-list-hints,release,0,664305,131,393,5037870,True,"[66, 24, 7, 8]",6,lib/tests/builtin/host-return.zy,inline_hint
free-list-hints,release,0,676536,131,393,4886120,True,"[66, 24, 7, 8]",6,lib/tests/builtin/host-return.zy,free_list_hint
free-list-hints,release,0,652863,131,393,5016824,True,"[66, 24, 7, 8]",6,lib/tests/builtin/host-return.zy,baseline
free-list-hints,release,0,667369,131,393,4884925,True,"[66, 24, 7, 8]",6,lib/tests/builtin/host-return.zy,free_list
free-list-hints,release,0,681907,131,393,4929988,True,"[66, 24, 7, 8]",7,lib/tests/builtin/host-return.zy,free_list_hint
free-list-hints,release,0,635755,131,393,4942545,True,"[66, 24, 7, 8]",7,lib/tests/builtin/host-return.zy,baseline
free-list-hints,release,0,680492,131,393,4876507,True,"[66, 24, 7, 8]",7,lib/tests/builtin/host-return.zy,free_list
free-list-hints,release,0,684922,131,393,4943638,True,"[66, 24, 7, 8]",7,lib/tests/builtin/host-return.zy,inline_hint
free-list-hints,release,0,647962,131,393,5091156,True,"[66, 24, 7, 8]",8,lib/tests/builtin/host-return.zy,baseline
free-list-hints,release,0,674347,131,393,4826590,True,"[66, 24, 7, 8]",8,lib/tests/builtin/host-return.zy,free_list
free-list-hints,release,0,679376,131,393,4891745,True,"[66, 24, 7, 8]",8,lib/tests/builtin/host-return.zy,inline_hint
free-list-hints,release,0,679590,131,393,4945452,True,"[66, 24, 7, 8]",8,lib/tests/builtin/host-return.zy,free_list_hint
free-list-hints,release,0,662700,131,393,5028597,True,"[66, 24, 7, 8]",9,lib/tests/builtin/host-return.zy,free_list
free-list-hints,release,0,634787,131,393,4970247,True,"[66, 24, 7, 8]",9,lib/tests/builtin/host-return.zy,inline_hint
free-list-hints,release,0,675837,131,393,4920255,True,"[66, 24, 7, 8]",9,lib/tests/builtin/host-return.zy,free_list_hint
free-list-hints,release,0,675446,131,393,4948405,True,"[66, 24, 7, 8]",9,lib/tests/builtin/host-return.zy,baseline
free-list-hints,release,0,664716,131,393,5068717,True,"[66, 24, 7, 8]",10,lib/tests/builtin/host-return.zy,inline_hint
free-list-hints,release,0,666763,131,393,4850426,True,"[66, 24, 7, 8]",10,lib/tests/builtin/host-return.zy,free_list_hint
free-list-hints,release,0,682626,131,393,4893124,True,"[66, 24, 7, 8]",10,lib/tests/builtin/host-return.zy,baseline
free-list-hints,release,0,674740,131,393,4888374,True,"[66, 24, 7, 8]",10,lib/tests/builtin/host-return.zy,free_list
free-list-hints,release,0,665120,131,393,5020043,True,"[66, 24, 7, 8]",11,lib/tests/builtin/host-return.zy,free_list_hint
free-list-hints,release,0,645666,131,393,4976834,True,"[66, 24, 7, 8]",11,lib/tests/builtin/host-return.zy,baseline
free-list-hints,release,0,669457,131,393,4863367,True,"[66, 24, 7, 8]",11,lib/tests/builtin/host-return.zy,free_list
free-list-hints,release,0,712000,131,393,5087451,True,"[66, 24, 7, 8]",11,lib/tests/builtin/host-return.zy,inline_hint
free-list-hints,release,0,725790,131,393,5173966,True,"[66, 24, 7, 8]",12,lib/tests/builtin/host-return.zy,baseline
free-list-hints,release,0,670251,131,393,4873370,True,"[66, 24, 7, 8]",12,lib/tests/builtin/host-return.zy,free_list
free-list-hints,release,0,668019,131,393,4968243,True,"[66, 24, 7, 8]",12,lib/tests/builtin/host-return.zy,inline_hint
free-list-hints,release,0,675574,131,393,4996363,True,"[66, 24, 7, 8]",12,lib/tests/builtin/host-return.zy,free_list_hint
free-list-hints,release,0,701295,131,393,4891969,True,"[66, 24, 7, 8]",13,lib/tests/builtin/host-return.zy,free_list
free-list-hints,release,0,743515,131,393,4933205,True,"[66, 24, 7, 8]",13,lib/tests/builtin/host-return.zy,inline_hint
free-list-hints,release,0,687087,131,393,4997084,True,"[66, 24, 7, 8]",13,lib/tests/builtin/host-return.zy,free_list_hint
free-list-hints,release,0,655589,131,393,5071222,True,"[66, 24, 7, 8]",13,lib/tests/builtin/host-return.zy,baseline
free-list-hints,release,0,747303,131,393,5203202,True,"[66, 24, 7, 8]",14,lib/tests/builtin/host-return.zy,inline_hint
free-list-hints,release,0,697721,131,393,4982787,True,"[66, 24, 7, 8]",14,lib/tests/builtin/host-return.zy,free_list_hint
free-list-hints,release,0,679302,131,393,4954003,True,"[66, 24, 7, 8]",14,lib/tests/builtin/host-return.zy,baseline
free-list-hints,release,0,702572,131,393,4943081,True,"[66, 24, 7, 8]",14,lib/tests/builtin/host-return.zy,free_list
free-list-hints,release,0,669412,131,393,5003753,True,"[66, 24, 7, 8]",15,lib/tests/builtin/host-return.zy,free_list_hint
free-list-hints,release,0,683840,131,393,5072884,True,"[66, 24, 7, 8]",15,lib/tests/builtin/host-return.zy,baseline
free-list-hints,release,0,668850,131,393,4935125,True,"[66, 24, 7, 8]",15,lib/tests/builtin/host-return.zy,free_list
free-list-hints,release,0,703378,131,393,5032418,True,"[66, 24, 7, 8]",15,lib/tests/builtin/host-return.zy,inline_hint
free-list-hints,release,0,710540,131,393,4963664,True,"[66, 24, 7, 8]",16,lib/tests/builtin/host-return.zy,baseline
free-list-hints,release,0,684883,131,393,4841622,True,"[66, 24, 7, 8]",16,lib/tests/builtin/host-return.zy,free_list
free-list-hints,release,0,702523,131,393,4949531,True,"[66, 24, 7, 8]",16,lib/tests/builtin/host-return.zy,inline_hint
free-list-hints,release,0,720100,131,393,5032343,True,"[66, 24, 7, 8]",16,lib/tests/builtin/host-return.zy,free_list_hint
free-list-hints,release,0,668965,131,393,4908334,True,"[66, 24, 7, 8]",17,lib/tests/builtin/host-return.zy,free_list
free-list-hints,release,0,640842,131,393,5008827,True,"[66, 24, 7, 8]",17,lib/tests/builtin/host-return.zy,inline_hint
free-list-hints,release,0,643466,131,393,4855329,True,"[66, 24, 7, 8]",17,lib/tests/builtin/host-return.zy,free_list_hint
free-list-hints,release,0,661986,131,393,4947208,True,"[66, 24, 7, 8]",17,lib/tests/builtin/host-return.zy,baseline
free-list-hints,release,0,710074,131,393,4937166,True,"[66, 24, 7, 8]",18,lib/tests/builtin/host-return.zy,inline_hint
free-list-hints,release,0,685926,131,393,4875744,True,"[66, 24, 7, 8]",18,lib/tests/builtin/host-return.zy,free_list_hint
free-list-hints,release,0,658590,131,393,4938082,True,"[66, 24, 7, 8]",18,lib/tests/builtin/host-return.zy,baseline
free-list-hints,release,0,654178,131,393,4950877,True,"[66, 24, 7, 8]",18,lib/tests/builtin/host-return.zy,free_list
free-list-hints,release,0,687916,131,393,4974758,True,"[66, 24, 7, 8]",19,lib/tests/builtin/host-return.zy,free_list_hint
free-list-hints,release,0,664834,131,393,4925035,True,"[66, 24, 7, 8]",19,lib/tests/builtin/host-return.zy,baseline
free-list-hints,release,0,651839,131,393,4871129,True,"[66, 24, 7, 8]",19,lib/tests/builtin/host-return.zy,free_list
free-list-hints,release,0,664666,131,393,5046424,True,"[66, 24, 7, 8]",19,lib/tests/builtin/host-return.zy,inline_hint
free-list-hints,release,0,673460,131,393,4932330,True,"[66, 24, 7, 8]",20,lib/tests/builtin/host-return.zy,baseline
free-list-hints,release,0,725034,131,393,4869212,True,"[66, 24, 7, 8]",20,lib/tests/builtin/host-return.zy,free_list
free-list-hints,release,0,688964,131,393,4901909,True,"[66, 24, 7, 8]",20,lib/tests/builtin/host-return.zy,inline_hint
free-list-hints,release,0,688657,131,393,5043042,True,"[66, 24, 7, 8]",20,lib/tests/builtin/host-return.zy,free_list_hint
free-list-hints,release,0,679962,131,393,4935082,True,"[66, 24, 7, 8]",21,lib/tests/builtin/host-return.zy,free_list
free-list-hints,release,0,671117,131,393,5010793,True,"[66, 24, 7, 8]",21,lib/tests/builtin/host-return.zy,inline_hint
free-list-hints,release,0,645196,131,393,4929416,True,"[66, 24, 7, 8]",21,lib/tests/builtin/host-return.zy,free_list_hint
free-list-hints,release,0,656841,131,393,4976204,True,"[66, 24, 7, 8]",21,lib/tests/builtin/host-return.zy,baseline
free-list-hints,release,0,699908,131,393,4883172,True,"[66, 24, 7, 8]",22,lib/tests/builtin/host-return.zy,inline_hint
free-list-hints,release,0,695915,131,393,4879990,True,"[66, 24, 7, 8]",22,lib/tests/builtin/host-return.zy,free_list_hint
free-list-hints,release,0,667296,131,393,4945974,True,"[66, 24, 7, 8]",22,lib/tests/builtin/host-return.zy,baseline
free-list-hints,release,0,648326,131,393,4937201,True,"[66, 24, 7, 8]",22,lib/tests/builtin/host-return.zy,free_list
free-list-hints,release,0,670987,131,393,4953345,True,"[66, 24, 7, 8]",23,lib/tests/builtin/host-return.zy,free_list_hint
free-list-hints,release,0,643541,131,393,4994038,True,"[66, 24, 7, 8]",23,lib/tests/builtin/host-return.zy,baseline
free-list-hints,release,0,661577,131,393,4951456,True,"[66, 24, 7, 8]",23,lib/tests/builtin/host-return.zy,free_list
free-list-hints,release,0,652840,131,393,4889921,True,"[66, 24, 7, 8]",23,lib/tests/builtin/host-return.zy,inline_hint
free-list-hints,release,0,683498,131,393,4895998,True,"[66, 24, 7, 8]",24,lib/tests/builtin/host-return.zy,baseline
free-list-hints,release,0,671244,131,393,4920364,True,"[66, 24, 7, 8]",24,lib/tests/builtin/host-return.zy,free_list
free-list-hints,release,0,679386,131,393,5054493,True,"[66, 24, 7, 8]",24,lib/tests/builtin/host-return.zy,inline_hint
free-list-hints,release,0,668486,131,393,4963331,True,"[66, 24, 7, 8]",24,lib/tests/builtin/host-return.zy,free_list_hint
free-list-hints,release,0,677999,131,393,4873466,True,"[66, 24, 7, 8]",25,lib/tests/builtin/host-return.zy,free_list
free-list-hints,release,0,693960,131,393,4967450,True,"[66, 24, 7, 8]",25,lib/tests/builtin/host-return.zy,inline_hint
free-list-hints,release,0,694678,131,393,4941544,True,"[66, 24, 7, 8]",25,lib/tests/builtin/host-return.zy,free_list_hint
free-list-hints,release,0,693415,131,393,4990200,True,"[66, 24, 7, 8]",25,lib/tests/builtin/host-return.zy,baseline
free-list-hints,release,0,656802,131,393,4851209,True,"[66, 24, 7, 8]",26,lib/tests/builtin/host-return.zy,inline_hint
free-list-hints,release,0,652412,131,393,4888533,True,"[66, 24, 7, 8]",26,lib/tests/builtin/host-return.zy,free_list_hint
free-list-hints,release,0,657070,131,393,5027503,True,"[66, 24, 7, 8]",26,lib/tests/builtin/host-return.zy,baseline
free-list-hints,release,0,703832,131,393,4896214,True,"[66, 24, 7, 8]",26,lib/tests/builtin/host-return.zy,free_list
free-list-hints,release,0,705999,131,393,4976613,True,"[66, 24, 7, 8]",27,lib/tests/builtin/host-return.zy,free_list_hint
free-list-hints,release,0,683455,131,393,4932838,True,"[66, 24, 7, 8]",27,lib/tests/builtin/host-return.zy,baseline
free-list-hints,release,0,663331,131,393,4956878,True,"[66, 24, 7, 8]",27,lib/tests/builtin/host-return.zy,free_list
free-list-hints,release,0,683379,131,393,4867324,True,"[66, 24, 7, 8]",27,lib/tests/builtin/host-return.zy,inline_hint
free-list-hints,release,0,647249,131,393,4955248,True,"[66, 24, 7, 8]",28,lib/tests/builtin/host-return.zy,baseline
free-list-hints,release,0,657258,131,393,4924417,True,"[66, 24, 7, 8]",28,lib/tests/builtin/host-return.zy,free_list
free-list-hints,release,0,674584,131,393,5033071,True,"[66, 24, 7, 8]",28,lib/tests/builtin/host-return.zy,inline_hint
free-list-hints,release,0,640465,131,393,4936469,True,"[66, 24, 7, 8]",28,lib/tests/builtin/host-return.zy,free_list_hint
free-list-hints,release,0,644354,131,393,4826197,True,"[66, 24, 7, 8]",29,lib/tests/builtin/host-return.zy,free_list
free-list-hints,release,0,647296,131,393,4944996,True,"[66, 24, 7, 8]",29,lib/tests/builtin/host-return.zy,inline_hint
free-list-hints,release,0,661543,131,393,5006128,True,"[66, 24, 7, 8]",29,lib/tests/builtin/host-return.zy,free_list_hint
free-list-hints,release,0,689505,131,393,4906498,True,"[66, 24, 7, 8]",29,lib/tests/builtin/host-return.zy,baseline
free-list-hints,release,0,681612,131,393,4958581,True,"[66, 24, 7, 8]",30,lib/tests/builtin/host-return.zy,inline_hint
free-list-hints,release,0,687923,131,393,5046539,True,"[66, 24, 7, 8]",30,lib/tests/builtin/host-return.zy,free_list_hint
free-list-hints,release,0,686341,131,393,5040409,True,"[66, 24, 7, 8]",30,lib/tests/builtin/host-return.zy,baseline
free-list-hints,release,0,663012,131,393,4905080,True,"[66, 24, 7, 8]",30,lib/tests/builtin/host-return.zy,free_list
free-list-hints,release,0,698091,131,393,4882284,True,"[66, 24, 7, 8]",31,lib/tests/builtin/host-return.zy,free_list_hint
free-list-hints,release,0,691813,131,393,4900999,True,"[66, 24, 7, 8]",31,lib/tests/builtin/host-return.zy,baseline
free-list-hints,release,0,652884,131,393,4836714,True,"[66, 24, 7, 8]",31,lib/tests/builtin/host-return.zy,free_list
free-list-hints,release,0,656993,131,393,5008300,True,"[66, 24, 7, 8]",31,lib/tests/builtin/host-return.zy,inline_hint
free-list-hints,release,0,647750,692,49,4867377,False,"[525, 160, 38, 0]",0,lib/tests/builtin/host-runtime.zy,baseline
free-list-hints,release,0,629583,692,49,5006210,False,"[525, 160, 38, 0]",0,lib/tests/builtin/host-runtime.zy,free_list
free-list-hints,release,0,616748,692,49,5056122,False,"[525, 160, 38, 0]",0,lib/tests/builtin/host-runtime.zy,inline_hint
free-list-hints,release,0,654835,692,49,4930624,False,"[525, 160, 38, 0]",0,lib/tests/builtin/host-runtime.zy,free_list_hint
free-list-hints,release,0,645247,692,49,4982460,False,"[525, 160, 38, 0]",1,lib/tests/builtin/host-runtime.zy,free_list
free-list-hints,release,0,619833,692,49,5101086,False,"[525, 160, 38, 0]",1,lib/tests/builtin/host-runtime.zy,inline_hint
free-list-hints,release,0,631501,692,49,4993125,False,"[525, 160, 38, 0]",1,lib/tests/builtin/host-runtime.zy,free_list_hint
free-list-hints,release,0,599003,692,49,4974083,False,"[525, 160, 38, 0]",1,lib/tests/builtin/host-runtime.zy,baseline
free-list-hints,release,0,610327,692,49,4975459,False,"[525, 160, 38, 0]",2,lib/tests/builtin/host-runtime.zy,inline_hint
free-list-hints,release,0,600248,692,49,4919792,False,"[525, 160, 38, 0]",2,lib/tests/builtin/host-runtime.zy,free_list_hint
free-list-hints,release,0,596582,692,49,4952752,False,"[525, 160, 38, 0]",2,lib/tests/builtin/host-runtime.zy,baseline
free-list-hints,release,0,598582,692,49,5008086,False,"[525, 160, 38, 0]",2,lib/tests/builtin/host-runtime.zy,free_list
free-list-hints,release,0,627338,692,49,4963583,False,"[525, 160, 38, 0]",3,lib/tests/builtin/host-runtime.zy,free_list_hint
free-list-hints,release,0,608918,692,49,4805294,False,"[525, 160, 38, 0]",3,lib/tests/builtin/host-runtime.zy,baseline
free-list-hints,release,0,622916,692,49,5011290,False,"[525, 160, 38, 0]",3,lib/tests/builtin/host-runtime.zy,free_list
free-list-hints,release,0,614503,692,49,4969082,False,"[525, 160, 38, 0]",3,lib/tests/builtin/host-runtime.zy,inline_hint
free-list-hints,release,0,585794,692,49,5026330,False,"[525, 160, 38, 0]",4,lib/tests/builtin/host-runtime.zy,baseline
free-list-hints,release,0,569042,692,49,5076418,False,"[525, 160, 38, 0]",4,lib/tests/builtin/host-runtime.zy,free_list
free-list-hints,release,0,562087,692,49,4983791,False,"[525, 160, 38, 0]",4,lib/tests/builtin/host-runtime.zy,inline_hint
free-list-hints,release,0,597829,692,49,5001329,False,"[525, 160, 38, 0]",4,lib/tests/builtin/host-runtime.zy,free_list_hint
free-list-hints,release,0,599503,692,49,5055875,False,"[525, 160, 38, 0]",5,lib/tests/builtin/host-runtime.zy,free_list
free-list-hints,release,0,619456,692,49,4933291,False,"[525, 160, 38, 0]",5,lib/tests/builtin/host-runtime.zy,inline_hint
free-list-hints,release,0,604626,692,49,4940585,False,"[525, 160, 38, 0]",5,lib/tests/builtin/host-runtime.zy,free_list_hint
free-list-hints,release,0,605709,692,49,4890498,False,"[525, 160, 38, 0]",5,lib/tests/builtin/host-runtime.zy,baseline
free-list-hints,release,0,572711,692,49,4969168,False,"[525, 160, 38, 0]",6,lib/tests/builtin/host-runtime.zy,inline_hint
free-list-hints,release,0,575580,692,49,4920503,False,"[525, 160, 38, 0]",6,lib/tests/builtin/host-runtime.zy,free_list_hint
free-list-hints,release,0,573082,692,49,4915043,False,"[525, 160, 38, 0]",6,lib/tests/builtin/host-runtime.zy,baseline
free-list-hints,release,0,593459,692,49,5031876,False,"[525, 160, 38, 0]",6,lib/tests/builtin/host-runtime.zy,free_list
free-list-hints,release,0,567421,692,49,4948879,False,"[525, 160, 38, 0]",7,lib/tests/builtin/host-runtime.zy,free_list_hint
free-list-hints,release,0,601380,692,49,4957704,False,"[525, 160, 38, 0]",7,lib/tests/builtin/host-runtime.zy,baseline
free-list-hints,release,0,605285,692,49,4940418,False,"[525, 160, 38, 0]",7,lib/tests/builtin/host-runtime.zy,free_list
free-list-hints,release,0,609498,692,49,4888414,False,"[525, 160, 38, 0]",7,lib/tests/builtin/host-runtime.zy,inline_hint
free-list-hints,release,0,606207,692,49,4922295,False,"[525, 160, 38, 0]",8,lib/tests/builtin/host-runtime.zy,baseline
free-list-hints,release,0,594458,692,49,4988372,False,"[525, 160, 38, 0]",8,lib/tests/builtin/host-runtime.zy,free_list
free-list-hints,release,0,581083,692,49,4866459,False,"[525, 160, 38, 0]",8,lib/tests/builtin/host-runtime.zy,inline_hint
free-list-hints,release,0,580463,692,49,4990461,False,"[525, 160, 38, 0]",8,lib/tests/builtin/host-runtime.zy,free_list_hint
free-list-hints,release,0,575297,692,49,5035203,False,"[525, 160, 38, 0]",9,lib/tests/builtin/host-runtime.zy,free_list
free-list-hints,release,0,588166,692,49,4929338,False,"[525, 160, 38, 0]",9,lib/tests/builtin/host-runtime.zy,inline_hint
free-list-hints,release,0,629669,692,49,5086297,False,"[525, 160, 38, 0]",9,lib/tests/builtin/host-runtime.zy,free_list_hint
free-list-hints,release,0,576794,692,49,4877502,False,"[525, 160, 38, 0]",9,lib/tests/builtin/host-runtime.zy,baseline
free-list-hints,release,0,587877,692,49,5038958,False,"[525, 160, 38, 0]",10,lib/tests/builtin/host-runtime.zy,inline_hint
free-list-hints,release,0,595003,692,49,5021455,False,"[525, 160, 38, 0]",10,lib/tests/builtin/host-runtime.zy,free_list_hint
free-list-hints,release,0,609962,692,49,4903997,False,"[525, 160, 38, 0]",10,lib/tests/builtin/host-runtime.zy,baseline
free-list-hints,release,0,569749,692,49,4949958,False,"[525, 160, 38, 0]",10,lib/tests/builtin/host-runtime.zy,free_list
free-list-hints,release,0,568625,692,49,4995288,False,"[525, 160, 38, 0]",11,lib/tests/builtin/host-runtime.zy,free_list_hint
free-list-hints,release,0,573877,692,49,4833418,False,"[525, 160, 38, 0]",11,lib/tests/builtin/host-runtime.zy,baseline
free-list-hints,release,0,586162,692,49,5042086,False,"[525, 160, 38, 0]",11,lib/tests/builtin/host-runtime.zy,free_list
free-list-hints,release,0,582833,692,49,4982411,False,"[525, 160, 38, 0]",11,lib/tests/builtin/host-runtime.zy,inline_hint
free-list-hints,release,0,584127,692,49,4920376,False,"[525, 160, 38, 0]",12,lib/tests/builtin/host-runtime.zy,baseline
free-list-hints,release,0,591500,692,49,4872628,False,"[525, 160, 38, 0]",12,lib/tests/builtin/host-runtime.zy,free_list
free-list-hints,release,0,602666,692,49,4909000,False,"[525, 160, 38, 0]",12,lib/tests/builtin/host-runtime.zy,inline_hint
free-list-hints,release,0,566331,692,49,4904500,False,"[525, 160, 38, 0]",12,lib/tests/builtin/host-runtime.zy,free_list_hint
free-list-hints,release,0,576041,692,49,4917542,False,"[525, 160, 38, 0]",13,lib/tests/builtin/host-runtime.zy,free_list
free-list-hints,release,0,573079,692,49,5058792,False,"[525, 160, 38, 0]",13,lib/tests/builtin/host-runtime.zy,inline_hint
free-list-hints,release,0,591455,692,49,4962625,False,"[525, 160, 38, 0]",13,lib/tests/builtin/host-runtime.zy,free_list_hint
free-list-hints,release,0,587880,692,49,4869046,False,"[525, 160, 38, 0]",13,lib/tests/builtin/host-runtime.zy,baseline
free-list-hints,release,0,594211,692,49,4955542,False,"[525, 160, 38, 0]",14,lib/tests/builtin/host-runtime.zy,inline_hint
free-list-hints,release,0,588080,692,49,5057002,False,"[525, 160, 38, 0]",14,lib/tests/builtin/host-runtime.zy,free_list_hint
free-list-hints,release,0,613584,692,49,4809831,False,"[525, 160, 38, 0]",14,lib/tests/builtin/host-runtime.zy,baseline
free-list-hints,release,0,609082,692,49,4959878,False,"[525, 160, 38, 0]",14,lib/tests/builtin/host-runtime.zy,free_list
free-list-hints,release,0,579251,692,49,4958127,False,"[525, 160, 38, 0]",15,lib/tests/builtin/host-runtime.zy,free_list_hint
free-list-hints,release,0,574206,692,49,4944455,False,"[525, 160, 38, 0]",15,lib/tests/builtin/host-runtime.zy,baseline
free-list-hints,release,0,570502,692,49,5032914,False,"[525, 160, 38, 0]",15,lib/tests/builtin/host-runtime.zy,free_list
free-list-hints,release,0,573627,692,49,4924957,False,"[525, 160, 38, 0]",15,lib/tests/builtin/host-runtime.zy,inline_hint
free-list-hints,release,0,598208,692,49,4858083,False,"[525, 160, 38, 0]",16,lib/tests/builtin/host-runtime.zy,baseline
free-list-hints,release,0,595170,692,49,4963036,False,"[525, 160, 38, 0]",16,lib/tests/builtin/host-runtime.zy,free_list
free-list-hints,release,0,576836,692,49,4856120,False,"[525, 160, 38, 0]",16,lib/tests/builtin/host-runtime.zy,inline_hint
free-list-hints,release,0,556543,692,49,4854292,False,"[525, 160, 38, 0]",16,lib/tests/builtin/host-runtime.zy,free_list_hint
free-list-hints,release,0,601498,692,49,5041165,False,"[525, 160, 38, 0]",17,lib/tests/builtin/host-runtime.zy,free_list
free-list-hints,release,0,584377,692,49,4977831,False,"[525, 160, 38, 0]",17,lib/tests/builtin/host-runtime.zy,inline_hint
free-list-hints,release,0,561704,692,49,4995874,False,"[525, 160, 38, 0]",17,lib/tests/builtin/host-runtime.zy,free_list_hint
free-list-hints,release,0,561250,692,49,4978795,False,"[525, 160, 38, 0]",17,lib/tests/builtin/host-runtime.zy,baseline
free-list-hints,release,0,571872,692,49,4894084,False,"[525, 160, 38, 0]",18,lib/tests/builtin/host-runtime.zy,inline_hint
free-list-hints,release,0,589788,692,49,4946709,False,"[525, 160, 38, 0]",18,lib/tests/builtin/host-runtime.zy,free_list_hint
free-list-hints,release,0,600796,692,49,4909959,False,"[525, 160, 38, 0]",18,lib/tests/builtin/host-runtime.zy,baseline
free-list-hints,release,0,567329,692,49,4879586,False,"[525, 160, 38, 0]",18,lib/tests/builtin/host-runtime.zy,free_list
free-list-hints,release,0,554124,692,49,4975000,False,"[525, 160, 38, 0]",19,lib/tests/builtin/host-runtime.zy,free_list_hint
free-list-hints,release,0,569754,692,49,4962252,False,"[525, 160, 38, 0]",19,lib/tests/builtin/host-runtime.zy,baseline
free-list-hints,release,0,615416,692,49,4941752,False,"[525, 160, 38, 0]",19,lib/tests/builtin/host-runtime.zy,free_list
free-list-hints,release,0,603208,692,49,4972119,False,"[525, 160, 38, 0]",19,lib/tests/builtin/host-runtime.zy,inline_hint
free-list-hints,release,0,588832,692,49,4976293,False,"[525, 160, 38, 0]",20,lib/tests/builtin/host-runtime.zy,baseline
free-list-hints,release,0,564084,692,49,4990586,False,"[525, 160, 38, 0]",20,lib/tests/builtin/host-runtime.zy,free_list
free-list-hints,release,0,613209,692,49,4839493,False,"[525, 160, 38, 0]",20,lib/tests/builtin/host-runtime.zy,inline_hint
free-list-hints,release,0,609202,692,49,5043501,False,"[525, 160, 38, 0]",20,lib/tests/builtin/host-runtime.zy,free_list_hint
free-list-hints,release,0,577502,692,49,4909459,False,"[525, 160, 38, 0]",21,lib/tests/builtin/host-runtime.zy,free_list
free-list-hints,release,0,554003,692,49,4912501,False,"[525, 160, 38, 0]",21,lib/tests/builtin/host-runtime.zy,inline_hint
free-list-hints,release,0,564419,692,49,5061376,False,"[525, 160, 38, 0]",21,lib/tests/builtin/host-runtime.zy,free_list_hint
free-list-hints,release,0,599918,692,49,4873832,False,"[525, 160, 38, 0]",21,lib/tests/builtin/host-runtime.zy,baseline
free-list-hints,release,0,577875,692,49,4969710,False,"[525, 160, 38, 0]",22,lib/tests/builtin/host-runtime.zy,inline_hint
free-list-hints,release,0,579999,692,49,5040166,False,"[525, 160, 38, 0]",22,lib/tests/builtin/host-runtime.zy,free_list_hint
free-list-hints,release,0,589749,692,49,4939832,False,"[525, 160, 38, 0]",22,lib/tests/builtin/host-runtime.zy,baseline
free-list-hints,release,0,590419,692,49,4916955,False,"[525, 160, 38, 0]",22,lib/tests/builtin/host-runtime.zy,free_list
free-list-hints,release,0,572047,692,49,4959293,False,"[525, 160, 38, 0]",23,lib/tests/builtin/host-runtime.zy,free_list_hint
free-list-hints,release,0,590329,692,49,4927499,False,"[525, 160, 38, 0]",23,lib/tests/builtin/host-runtime.zy,baseline
free-list-hints,release,0,577835,692,49,4932497,False,"[525, 160, 38, 0]",23,lib/tests/builtin/host-runtime.zy,free_list
free-list-hints,release,0,571086,692,49,4980250,False,"[525, 160, 38, 0]",23,lib/tests/builtin/host-runtime.zy,inline_hint
free-list-hints,release,0,588539,692,49,4883835,False,"[525, 160, 38, 0]",24,lib/tests/builtin/host-runtime.zy,baseline
free-list-hints,release,0,577251,692,49,4951668,False,"[525, 160, 38, 0]",24,lib/tests/builtin/host-runtime.zy,free_list
free-list-hints,release,0,585335,692,49,5016626,False,"[525, 160, 38, 0]",24,lib/tests/builtin/host-runtime.zy,inline_hint
free-list-hints,release,0,578415,692,49,5016832,False,"[525, 160, 38, 0]",24,lib/tests/builtin/host-runtime.zy,free_list_hint
free-list-hints,release,0,589335,692,49,4888374,False,"[525, 160, 38, 0]",25,lib/tests/builtin/host-runtime.zy,free_list
free-list-hints,release,0,594081,692,49,4910418,False,"[525, 160, 38, 0]",25,lib/tests/builtin/host-runtime.zy,inline_hint
free-list-hints,release,0,605668,692,49,4931120,False,"[525, 160, 38, 0]",25,lib/tests/builtin/host-runtime.zy,free_list_hint
free-list-hints,release,0,575454,692,49,4911920,False,"[525, 160, 38, 0]",25,lib/tests/builtin/host-runtime.zy,baseline
free-list-hints,release,0,570332,692,49,4961748,False,"[525, 160, 38, 0]",26,lib/tests/builtin/host-runtime.zy,inline_hint
free-list-hints,release,0,570337,692,49,5014954,False,"[525, 160, 38, 0]",26,lib/tests/builtin/host-runtime.zy,free_list_hint
free-list-hints,release,0,588705,692,49,4876707,False,"[525, 160, 38, 0]",26,lib/tests/builtin/host-runtime.zy,baseline
free-list-hints,release,0,607629,692,49,4969587,False,"[525, 160, 38, 0]",26,lib/tests/builtin/host-runtime.zy,free_list
free-list-hints,release,0,594077,692,49,5073955,False,"[525, 160, 38, 0]",27,lib/tests/builtin/host-runtime.zy,free_list_hint
free-list-hints,release,0,574787,692,49,4838878,False,"[525, 160, 38, 0]",27,lib/tests/builtin/host-runtime.zy,baseline
free-list-hints,release,0,574499,692,49,4952960,False,"[525, 160, 38, 0]",27,lib/tests/builtin/host-runtime.zy,free_list
free-list-hints,release,0,608207,692,49,4873085,False,"[525, 160, 38, 0]",27,lib/tests/builtin/host-runtime.zy,inline_hint
free-list-hints,release,0,576372,692,49,4849171,False,"[525, 160, 38, 0]",28,lib/tests/builtin/host-runtime.zy,baseline
free-list-hints,release,0,585959,692,49,5119044,False,"[525, 160, 38, 0]",28,lib/tests/builtin/host-runtime.zy,free_list
free-list-hints,release,0,579669,692,49,4930292,False,"[525, 160, 38, 0]",28,lib/tests/builtin/host-runtime.zy,inline_hint
free-list-hints,release,0,597708,692,49,4958874,False,"[525, 160, 38, 0]",28,lib/tests/builtin/host-runtime.zy,free_list_hint
free-list-hints,release,0,589961,692,49,4978330,False,"[525, 160, 38, 0]",29,lib/tests/builtin/host-runtime.zy,free_list
free-list-hints,release,0,594251,692,49,5002372,False,"[525, 160, 38, 0]",29,lib/tests/builtin/host-runtime.zy,inline_hint
free-list-hints,release,0,597375,692,49,4876750,False,"[525, 160, 38, 0]",29,lib/tests/builtin/host-runtime.zy,free_list_hint
free-list-hints,release,0,568751,692,49,4910458,False,"[525, 160, 38, 0]",29,lib/tests/builtin/host-runtime.zy,baseline
free-list-hints,release,0,562711,692,49,4970871,False,"[525, 160, 38, 0]",30,lib/tests/builtin/host-runtime.zy,inline_hint
free-list-hints,release,0,615170,692,49,5047664,False,"[525, 160, 38, 0]",30,lib/tests/builtin/host-runtime.zy,free_list_hint
free-list-hints,release,0,604126,692,49,4915588,False,"[525, 160, 38, 0]",30,lib/tests/builtin/host-runtime.zy,baseline
free-list-hints,release,0,584622,692,49,5009625,False,"[525, 160, 38, 0]",30,lib/tests/builtin/host-runtime.zy,free_list
free-list-hints,release,0,659331,692,49,4961923,False,"[525, 160, 38, 0]",31,lib/tests/builtin/host-runtime.zy,free_list_hint
free-list-hints,release,0,613334,692,49,4887999,False,"[525, 160, 38, 0]",31,lib/tests/builtin/host-runtime.zy,baseline
free-list-hints,release,0,569506,692,49,4889792,False,"[525, 160, 38, 0]",31,lib/tests/builtin/host-runtime.zy,free_list
free-list-hints,release,0,592251,692,49,4844542,False,"[525, 160, 38, 0]",31,lib/tests/builtin/host-runtime.zy,inline_hint
free-list-hints,release,0,638246,692,66,4805792,True,"[383, 160, 38, 39]",0,lib/tests/builtin/host-runtime.zy,baseline
free-list-hints,release,0,688498,692,66,4887918,True,"[383, 160, 38, 39]",0,lib/tests/builtin/host-runtime.zy,free_list
free-list-hints,release,0,674665,692,66,4851169,True,"[383, 160, 38, 39]",0,lib/tests/builtin/host-runtime.zy,inline_hint
free-list-hints,release,0,644087,692,66,4930037,True,"[383, 160, 38, 39]",0,lib/tests/builtin/host-runtime.zy,free_list_hint
free-list-hints,release,0,709207,692,66,4850708,True,"[383, 160, 38, 39]",1,lib/tests/builtin/host-runtime.zy,free_list
free-list-hints,release,0,693295,692,66,4776580,True,"[383, 160, 38, 39]",1,lib/tests/builtin/host-runtime.zy,inline_hint
free-list-hints,release,0,643914,692,66,4890670,True,"[383, 160, 38, 39]",1,lib/tests/builtin/host-runtime.zy,free_list_hint
free-list-hints,release,0,601417,692,66,4753997,True,"[383, 160, 38, 39]",1,lib/tests/builtin/host-runtime.zy,baseline
free-list-hints,release,0,669131,692,66,4741793,True,"[383, 160, 38, 39]",2,lib/tests/builtin/host-runtime.zy,inline_hint
free-list-hints,release,0,682164,692,66,4909208,True,"[383, 160, 38, 39]",2,lib/tests/builtin/host-runtime.zy,free_list_hint
free-list-hints,release,0,644747,692,66,4777965,True,"[383, 160, 38, 39]",2,lib/tests/builtin/host-runtime.zy,baseline
free-list-hints,release,0,633001,692,66,4848249,True,"[383, 160, 38, 39]",2,lib/tests/builtin/host-runtime.zy,free_list
free-list-hints,release,0,625410,692,66,4886164,True,"[383, 160, 38, 39]",3,lib/tests/builtin/host-runtime.zy,free_list_hint
free-list-hints,release,0,630914,692,66,4755373,True,"[383, 160, 38, 39]",3,lib/tests/builtin/host-runtime.zy,baseline
free-list-hints,release,0,669959,692,66,4838379,True,"[383, 160, 38, 39]",3,lib/tests/builtin/host-runtime.zy,free_list
free-list-hints,release,0,632457,692,66,4797252,True,"[383, 160, 38, 39]",3,lib/tests/builtin/host-runtime.zy,inline_hint
free-list-hints,release,0,627421,692,66,4853251,True,"[383, 160, 38, 39]",4,lib/tests/builtin/host-runtime.zy,baseline
free-list-hints,release,0,638420,692,66,4753915,True,"[383, 160, 38, 39]",4,lib/tests/builtin/host-runtime.zy,free_list
free-list-hints,release,0,623666,692,66,4802959,True,"[383, 160, 38, 39]",4,lib/tests/builtin/host-runtime.zy,inline_hint
free-list-hints,release,0,615835,692,66,4919712,True,"[383, 160, 38, 39]",4,lib/tests/builtin/host-runtime.zy,free_list_hint
free-list-hints,release,0,630955,692,66,4883295,True,"[383, 160, 38, 39]",5,lib/tests/builtin/host-runtime.zy,free_list
free-list-hints,release,0,618378,692,66,4716333,True,"[383, 160, 38, 39]",5,lib/tests/builtin/host-runtime.zy,inline_hint
free-list-hints,release,0,608619,692,66,4878628,True,"[383, 160, 38, 39]",5,lib/tests/builtin/host-runtime.zy,free_list_hint
free-list-hints,release,0,612878,692,66,4821541,True,"[383, 160, 38, 39]",5,lib/tests/builtin/host-runtime.zy,baseline
free-list-hints,release,0,633205,692,66,4690289,True,"[383, 160, 38, 39]",6,lib/tests/builtin/host-runtime.zy,inline_hint
free-list-hints,release,0,652168,692,66,4786872,True,"[383, 160, 38, 39]",6,lib/tests/builtin/host-runtime.zy,free_list_hint
free-list-hints,release,0,677505,692,66,4798336,True,"[383, 160, 38, 39]",6,lib/tests/builtin/host-runtime.zy,baseline
free-list-hints,release,0,613492,692,66,4856294,True,"[383, 160, 38, 39]",6,lib/tests/builtin/host-runtime.zy,free_list
free-list-hints,release,0,626584,692,66,4964456,True,"[383, 160, 38, 39]",7,lib/tests/builtin/host-runtime.zy,free_list_hint
free-list-hints,release,0,632836,692,66,4842296,True,"[383, 160, 38, 39]",7,lib/tests/builtin/host-runtime.zy,baseline
free-list-hints,release,0,608042,692,66,4788041,True,"[383, 160, 38, 39]",7,lib/tests/builtin/host-runtime.zy,free_list
free-list-hints,release,0,605422,692,66,4748958,True,"[383, 160, 38, 39]",7,lib/tests/builtin/host-runtime.zy,inline_hint
free-list-hints,release,0,632460,692,66,4801625,True,"[383, 160, 38, 39]",8,lib/tests/builtin/host-runtime.zy,baseline
free-list-hints,release,0,668666,692,66,4849167,True,"[383, 160, 38, 39]",8,lib/tests/builtin/host-runtime.zy,free_list
free-list-hints,release,0,650834,692,66,4782999,True,"[383, 160, 38, 39]",8,lib/tests/builtin/host-runtime.zy,inline_hint
free-list-hints,release,0,623412,692,66,4857591,True,"[383, 160, 38, 39]",8,lib/tests/builtin/host-runtime.zy,free_list_hint
free-list-hints,release,0,646126,692,66,4935629,True,"[383, 160, 38, 39]",9,lib/tests/builtin/host-runtime.zy,free_list
free-list-hints,release,0,598210,692,66,4634708,True,"[383, 160, 38, 39]",9,lib/tests/builtin/host-runtime.zy,inline_hint
free-list-hints,release,0,603999,692,66,4830542,True,"[383, 160, 38, 39]",9,lib/tests/builtin/host-runtime.zy,free_list_hint
free-list-hints,release,0,602708,692,66,4837709,True,"[383, 160, 38, 39]",9,lib/tests/builtin/host-runtime.zy,baseline
free-list-hints,release,0,623959,692,66,4784417,True,"[383, 160, 38, 39]",10,lib/tests/builtin/host-runtime.zy,inline_hint
free-list-hints,release,0,611540,692,66,4942795,True,"[383, 160, 38, 39]",10,lib/tests/builtin/host-runtime.zy,free_list_hint
free-list-hints,release,0,626999,692,66,4858668,True,"[383, 160, 38, 39]",10,lib/tests/builtin/host-runtime.zy,baseline
free-list-hints,release,0,664456,692,66,4856830,True,"[383, 160, 38, 39]",10,lib/tests/builtin/host-runtime.zy,free_list
free-list-hints,release,0,645497,692,66,4759417,True,"[383, 160, 38, 39]",11,lib/tests/builtin/host-runtime.zy,free_list_hint
free-list-hints,release,0,628627,692,66,4714959,True,"[383, 160, 38, 39]",11,lib/tests/builtin/host-runtime.zy,baseline
free-list-hints,release,0,607212,692,66,4837124,True,"[383, 160, 38, 39]",11,lib/tests/builtin/host-runtime.zy,free_list
free-list-hints,release,0,602956,692,66,4812791,True,"[383, 160, 38, 39]",11,lib/tests/builtin/host-runtime.zy,inline_hint
free-list-hints,release,0,610830,692,66,4801085,True,"[383, 160, 38, 39]",12,lib/tests/builtin/host-runtime.zy,baseline
free-list-hints,release,0,622211,692,66,4959333,True,"[383, 160, 38, 39]",12,lib/tests/builtin/host-runtime.zy,free_list
free-list-hints,release,0,603081,692,66,4774587,True,"[383, 160, 38, 39]",12,lib/tests/builtin/host-runtime.zy,inline_hint
free-list-hints,release,0,635587,692,66,4807252,True,"[383, 160, 38, 39]",12,lib/tests/builtin/host-runtime.zy,free_list_hint
free-list-hints,release,0,648665,692,66,4858498,True,"[383, 160, 38, 39]",13,lib/tests/builtin/host-runtime.zy,free_list
free-list-hints,release,0,666873,692,66,4778751,True,"[383, 160, 38, 39]",13,lib/tests/builtin/host-runtime.zy,inline_hint
free-list-hints,release,0,636213,692,66,4742708,True,"[383, 160, 38, 39]",13,lib/tests/builtin/host-runtime.zy,free_list_hint
free-list-hints,release,0,628412,692,66,4747547,True,"[383, 160, 38, 39]",13,lib/tests/builtin/host-runtime.zy,baseline
free-list-hints,release,0,618496,692,66,4838129,True,"[383, 160, 38, 39]",14,lib/tests/builtin/host-runtime.zy,inline_hint
free-list-hints,release,0,617416,692,66,4842207,True,"[383, 160, 38, 39]",14,lib/tests/builtin/host-runtime.zy,free_list_hint
free-list-hints,release,0,616415,692,66,4846918,True,"[383, 160, 38, 39]",14,lib/tests/builtin/host-runtime.zy,baseline
free-list-hints,release,0,617793,692,66,4949545,True,"[383, 160, 38, 39]",14,lib/tests/builtin/host-runtime.zy,free_list
free-list-hints,release,0,648002,692,66,4819086,True,"[383, 160, 38, 39]",15,lib/tests/builtin/host-runtime.zy,free_list_hint
free-list-hints,release,0,623204,692,66,4776421,True,"[383, 160, 38, 39]",15,lib/tests/builtin/host-runtime.zy,baseline
free-list-hints,release,0,655543,692,66,4859747,True,"[383, 160, 38, 39]",15,lib/tests/builtin/host-runtime.zy,free_list
free-list-hints,release,0,645041,692,66,4768417,True,"[383, 160, 38, 39]",15,lib/tests/builtin/host-runtime.zy,inline_hint
free-list-hints,release,0,659836,692,66,4748377,True,"[383, 160, 38, 39]",16,lib/tests/builtin/host-runtime.zy,baseline
free-list-hints,release,0,656375,692,66,4847919,True,"[383, 160, 38, 39]",16,lib/tests/builtin/host-runtime.zy,free_list
free-list-hints,release,0,660042,692,66,4793959,True,"[383, 160, 38, 39]",16,lib/tests/builtin/host-runtime.zy,inline_hint
free-list-hints,release,0,594208,692,66,4937839,True,"[383, 160, 38, 39]",16,lib/tests/builtin/host-runtime.zy,free_list_hint
free-list-hints,release,0,603870,692,66,4788627,True,"[383, 160, 38, 39]",17,lib/tests/builtin/host-runtime.zy,free_list
free-list-hints,release,0,626171,692,66,4747746,True,"[383, 160, 38, 39]",17,lib/tests/builtin/host-runtime.zy,inline_hint
free-list-hints,release,0,618044,692,66,4897125,True,"[383, 160, 38, 39]",17,lib/tests/builtin/host-runtime.zy,free_list_hint
free-list-hints,release,0,637252,692,66,4755417,True,"[383, 160, 38, 39]",17,lib/tests/builtin/host-runtime.zy,baseline
free-list-hints,release,0,647001,692,66,4836785,True,"[383, 160, 38, 39]",18,lib/tests/builtin/host-runtime.zy,inline_hint
free-list-hints,release,0,635415,692,66,4928710,True,"[383, 160, 38, 39]",18,lib/tests/builtin/host-runtime.zy,free_list_hint
free-list-hints,release,0,619124,692,66,4790161,True,"[383, 160, 38, 39]",18,lib/tests/builtin/host-runtime.zy,baseline
free-list-hints,release,0,607623,692,66,4887043,True,"[383, 160, 38, 39]",18,lib/tests/builtin/host-runtime.zy,free_list
free-list-hints,release,0,615332,692,66,4911707,True,"[383, 160, 38, 39]",19,lib/tests/builtin/host-runtime.zy,free_list_hint
free-list-hints,release,0,637959,692,66,4781665,True,"[383, 160, 38, 39]",19,lib/tests/builtin/host-runtime.zy,baseline
free-list-hints,release,0,642831,692,66,4852542,True,"[383, 160, 38, 39]",19,lib/tests/builtin/host-runtime.zy,free_list
free-list-hints,release,0,646081,692,66,4822667,True,"[383, 160, 38, 39]",19,lib/tests/builtin/host-runtime.zy,inline_hint
free-list-hints,release,0,603379,692,66,4630372,True,"[383, 160, 38, 39]",20,lib/tests/builtin/host-runtime.zy,baseline
free-list-hints,release,0,611293,692,66,4825539,True,"[383, 160, 38, 39]",20,lib/tests/builtin/host-runtime.zy,free_list
free-list-hints,release,0,610206,692,66,4903460,True,"[383, 160, 38, 39]",20,lib/tests/builtin/host-runtime.zy,inline_hint
free-list-hints,release,0,617210,692,66,4896786,True,"[383, 160, 38, 39]",20,lib/tests/builtin/host-runtime.zy,free_list_hint
free-list-hints,release,0,631413,692,66,4928709,True,"[383, 160, 38, 39]",21,lib/tests/builtin/host-runtime.zy,free_list
free-list-hints,release,0,607414,692,66,4816334,True,"[383, 160, 38, 39]",21,lib/tests/builtin/host-runtime.zy,inline_hint
free-list-hints,release,0,600458,692,66,4893505,True,"[383, 160, 38, 39]",21,lib/tests/builtin/host-runtime.zy,free_list_hint
free-list-hints,release,0,632132,692,66,4704202,True,"[383, 160, 38, 39]",21,lib/tests/builtin/host-runtime.zy,baseline
free-list-hints,release,0,639420,692,66,4722415,True,"[383, 160, 38, 39]",22,lib/tests/builtin/host-runtime.zy,inline_hint
free-list-hints,release,0,628832,692,66,4819711,True,"[383, 160, 38, 39]",22,lib/tests/builtin/host-runtime.zy,free_list_hint
free-list-hints,release,0,605328,692,66,4764918,True,"[383, 160, 38, 39]",22,lib/tests/builtin/host-runtime.zy,baseline
free-list-hints,release,0,620290,692,66,4878912,True,"[383, 160, 38, 39]",22,lib/tests/builtin/host-runtime.zy,free_list
free-list-hints,release,0,629749,692,66,4940129,True,"[383, 160, 38, 39]",23,lib/tests/builtin/host-runtime.zy,free_list_hint
free-list-hints,release,0,631132,692,66,4832249,True,"[383, 160, 38, 39]",23,lib/tests/builtin/host-runtime.zy,baseline
free-list-hints,release,0,640374,692,66,4805787,True,"[383, 160, 38, 39]",23,lib/tests/builtin/host-runtime.zy,free_list
free-list-hints,release,0,643334,692,66,4723379,True,"[383, 160, 38, 39]",23,lib/tests/builtin/host-runtime.zy,inline_hint
free-list-hints,release,0,612290,692,66,4723627,True,"[383, 160, 38, 39]",24,lib/tests/builtin/host-runtime.zy,baseline
free-list-hints,release,0,608248,692,66,4796460,True,"[383, 160, 38, 39]",24,lib/tests/builtin/host-runtime.zy,free_list
free-list-hints,release,0,623129,692,66,4763873,True,"[383, 160, 38, 39]",24,lib/tests/builtin/host-runtime.zy,inline_hint
free-list-hints,release,0,602710,692,66,4773382,True,"[383, 160, 38, 39]",24,lib/tests/builtin/host-runtime.zy,free_list_hint
free-list-hints,release,0,642667,692,66,4814457,True,"[383, 160, 38, 39]",25,lib/tests/builtin/host-runtime.zy,free_list
free-list-hints,release,0,640042,692,66,4713376,True,"[383, 160, 38, 39]",25,lib/tests/builtin/host-runtime.zy,inline_hint
free-list-hints,release,0,657749,692,66,4899378,True,"[383, 160, 38, 39]",25,lib/tests/builtin/host-runtime.zy,free_list_hint
free-list-hints,release,0,660499,692,66,4830330,True,"[383, 160, 38, 39]",25,lib/tests/builtin/host-runtime.zy,baseline
free-list-hints,release,0,636917,692,66,4843289,True,"[383, 160, 38, 39]",26,lib/tests/builtin/host-runtime.zy,inline_hint
free-list-hints,release,0,615791,692,66,4923832,True,"[383, 160, 38, 39]",26,lib/tests/builtin/host-runtime.zy,free_list_hint
free-list-hints,release,0,610250,692,66,4720586,True,"[383, 160, 38, 39]",26,lib/tests/builtin/host-runtime.zy,baseline
free-list-hints,release,0,618750,692,66,4801086,True,"[383, 160, 38, 39]",26,lib/tests/builtin/host-runtime.zy,free_list
free-list-hints,release,0,630832,692,66,4850419,True,"[383, 160, 38, 39]",27,lib/tests/builtin/host-runtime.zy,free_list_hint
free-list-hints,release,0,633457,692,66,4822049,True,"[383, 160, 38, 39]",27,lib/tests/builtin/host-runtime.zy,baseline
free-list-hints,release,0,640043,692,66,4852955,True,"[383, 160, 38, 39]",27,lib/tests/builtin/host-runtime.zy,free_list
free-list-hints,release,0,635373,692,66,4888544,True,"[383, 160, 38, 39]",27,lib/tests/builtin/host-runtime.zy,inline_hint
free-list-hints,release,0,607080,692,66,4849872,True,"[383, 160, 38, 39]",28,lib/tests/builtin/host-runtime.zy,baseline
free-list-hints,release,0,632461,692,66,4790411,True,"[383, 160, 38, 39]",28,lib/tests/builtin/host-runtime.zy,free_list
free-list-hints,release,0,657550,692,66,4745416,True,"[383, 160, 38, 39]",28,lib/tests/builtin/host-runtime.zy,inline_hint
free-list-hints,release,0,614080,692,66,4854288,True,"[383, 160, 38, 39]",28,lib/tests/builtin/host-runtime.zy,free_list_hint
free-list-hints,release,0,641253,692,66,4728955,True,"[383, 160, 38, 39]",29,lib/tests/builtin/host-runtime.zy,free_list
free-list-hints,release,0,618081,692,66,4730540,True,"[383, 160, 38, 39]",29,lib/tests/builtin/host-runtime.zy,inline_hint
free-list-hints,release,0,614495,692,66,5005086,True,"[383, 160, 38, 39]",29,lib/tests/builtin/host-runtime.zy,free_list_hint
free-list-hints,release,0,607247,692,66,4670039,True,"[383, 160, 38, 39]",29,lib/tests/builtin/host-runtime.zy,baseline
free-list-hints,release,0,620951,692,66,4680836,True,"[383, 160, 38, 39]",30,lib/tests/builtin/host-runtime.zy,inline_hint
free-list-hints,release,0,616586,692,66,4854959,True,"[383, 160, 38, 39]",30,lib/tests/builtin/host-runtime.zy,free_list_hint
free-list-hints,release,0,650414,692,66,4719580,True,"[383, 160, 38, 39]",30,lib/tests/builtin/host-runtime.zy,baseline
free-list-hints,release,0,643668,692,66,4824791,True,"[383, 160, 38, 39]",30,lib/tests/builtin/host-runtime.zy,free_list
free-list-hints,release,0,628996,692,66,4930379,True,"[383, 160, 38, 39]",31,lib/tests/builtin/host-runtime.zy,free_list_hint
free-list-hints,release,0,645663,692,66,4790379,True,"[383, 160, 38, 39]",31,lib/tests/builtin/host-runtime.zy,baseline
free-list-hints,release,0,611877,692,66,4891131,True,"[383, 160, 38, 39]",31,lib/tests/builtin/host-runtime.zy,free_list
free-list-hints,release,0,623917,692,66,4813876,True,"[383, 160, 38, 39]",31,lib/tests/builtin/host-runtime.zy,inline_hint
free-list-hints,release,0,687834,251,148,5035247,False,"[191, 52, 14, 0]",0,lib/tests/delimcc/reset-shift-k.zy,baseline
free-list-hints,release,0,620245,251,148,5161959,False,"[191, 52, 14, 0]",0,lib/tests/delimcc/reset-shift-k.zy,free_list
free-list-hints,release,0,592624,251,148,5023502,False,"[191, 52, 14, 0]",0,lib/tests/delimcc/reset-shift-k.zy,inline_hint
free-list-hints,release,0,580293,251,148,5187166,False,"[191, 52, 14, 0]",0,lib/tests/delimcc/reset-shift-k.zy,free_list_hint
free-list-hints,release,0,640587,251,148,5088041,False,"[191, 52, 14, 0]",1,lib/tests/delimcc/reset-shift-k.zy,free_list
free-list-hints,release,0,656994,251,148,5050000,False,"[191, 52, 14, 0]",1,lib/tests/delimcc/reset-shift-k.zy,inline_hint
free-list-hints,release,0,597873,251,148,5137577,False,"[191, 52, 14, 0]",1,lib/tests/delimcc/reset-shift-k.zy,free_list_hint
free-list-hints,release,0,604962,251,148,4921790,False,"[191, 52, 14, 0]",1,lib/tests/delimcc/reset-shift-k.zy,baseline
free-list-hints,release,0,606507,251,148,4986622,False,"[191, 52, 14, 0]",2,lib/tests/delimcc/reset-shift-k.zy,inline_hint
free-list-hints,release,0,617827,251,148,5049826,False,"[191, 52, 14, 0]",2,lib/tests/delimcc/reset-shift-k.zy,free_list_hint
free-list-hints,release,0,593804,251,148,4973877,False,"[191, 52, 14, 0]",2,lib/tests/delimcc/reset-shift-k.zy,baseline
free-list-hints,release,0,579087,251,148,5064337,False,"[191, 52, 14, 0]",2,lib/tests/delimcc/reset-shift-k.zy,free_list
free-list-hints,release,0,596128,251,148,5179790,False,"[191, 52, 14, 0]",3,lib/tests/delimcc/reset-shift-k.zy,free_list_hint
free-list-hints,release,0,558296,251,148,4866044,False,"[191, 52, 14, 0]",3,lib/tests/delimcc/reset-shift-k.zy,baseline
free-list-hints,release,0,605704,251,148,5050378,False,"[191, 52, 14, 0]",3,lib/tests/delimcc/reset-shift-k.zy,free_list
free-list-hints,release,0,616413,251,148,4960452,False,"[191, 52, 14, 0]",3,lib/tests/delimcc/reset-shift-k.zy,inline_hint
free-list-hints,release,0,615588,251,148,4957827,False,"[191, 52, 14, 0]",4,lib/tests/delimcc/reset-shift-k.zy,baseline
free-list-hints,release,0,580292,251,148,5051209,False,"[191, 52, 14, 0]",4,lib/tests/delimcc/reset-shift-k.zy,free_list
free-list-hints,release,0,587916,251,148,4992301,False,"[191, 52, 14, 0]",4,lib/tests/delimcc/reset-shift-k.zy,inline_hint
free-list-hints,release,0,580665,251,148,5094960,False,"[191, 52, 14, 0]",4,lib/tests/delimcc/reset-shift-k.zy,free_list_hint
free-list-hints,release,0,594045,251,148,5030622,False,"[191, 52, 14, 0]",5,lib/tests/delimcc/reset-shift-k.zy,free_list
free-list-hints,release,0,587197,251,148,4918755,False,"[191, 52, 14, 0]",5,lib/tests/delimcc/reset-shift-k.zy,inline_hint
free-list-hints,release,0,599501,251,148,5028008,False,"[191, 52, 14, 0]",5,lib/tests/delimcc/reset-shift-k.zy,free_list_hint
free-list-hints,release,0,606961,251,148,4945080,False,"[191, 52, 14, 0]",5,lib/tests/delimcc/reset-shift-k.zy,baseline
free-list-hints,release,0,623910,251,148,4873245,False,"[191, 52, 14, 0]",6,lib/tests/delimcc/reset-shift-k.zy,inline_hint
free-list-hints,release,0,617873,251,148,5141965,False,"[191, 52, 14, 0]",6,lib/tests/delimcc/reset-shift-k.zy,free_list_hint
free-list-hints,release,0,571661,251,148,5007293,False,"[191, 52, 14, 0]",6,lib/tests/delimcc/reset-shift-k.zy,baseline
free-list-hints,release,0,578457,251,148,5115996,False,"[191, 52, 14, 0]",6,lib/tests/delimcc/reset-shift-k.zy,free_list
free-list-hints,release,0,589038,251,148,5092703,False,"[191, 52, 14, 0]",7,lib/tests/delimcc/reset-shift-k.zy,free_list_hint
free-list-hints,release,0,584372,251,148,4980325,False,"[191, 52, 14, 0]",7,lib/tests/delimcc/reset-shift-k.zy,baseline
free-list-hints,release,0,576335,251,148,5062797,False,"[191, 52, 14, 0]",7,lib/tests/delimcc/reset-shift-k.zy,free_list
free-list-hints,release,0,609288,251,148,4848248,False,"[191, 52, 14, 0]",7,lib/tests/delimcc/reset-shift-k.zy,inline_hint
free-list-hints,release,0,630211,251,148,5069587,False,"[191, 52, 14, 0]",8,lib/tests/delimcc/reset-shift-k.zy,baseline
free-list-hints,release,0,576799,251,148,5085328,False,"[191, 52, 14, 0]",8,lib/tests/delimcc/reset-shift-k.zy,free_list
free-list-hints,release,0,598750,251,148,4974132,False,"[191, 52, 14, 0]",8,lib/tests/delimcc/reset-shift-k.zy,inline_hint
free-list-hints,release,0,599829,251,148,5094375,False,"[191, 52, 14, 0]",8,lib/tests/delimcc/reset-shift-k.zy,free_list_hint
free-list-hints,release,0,574365,251,148,5076744,False,"[191, 52, 14, 0]",9,lib/tests/delimcc/reset-shift-k.zy,free_list
free-list-hints,release,0,600372,251,148,4956758,False,"[191, 52, 14, 0]",9,lib/tests/delimcc/reset-shift-k.zy,inline_hint
free-list-hints,release,0,586998,251,148,5125462,False,"[191, 52, 14, 0]",9,lib/tests/delimcc/reset-shift-k.zy,free_list_hint
free-list-hints,release,0,575789,251,148,5007761,False,"[191, 52, 14, 0]",9,lib/tests/delimcc/reset-shift-k.zy,baseline
free-list-hints,release,0,613118,251,148,4853253,False,"[191, 52, 14, 0]",10,lib/tests/delimcc/reset-shift-k.zy,inline_hint
free-list-hints,release,0,604870,251,148,5006789,False,"[191, 52, 14, 0]",10,lib/tests/delimcc/reset-shift-k.zy,free_list_hint
free-list-hints,release,0,588174,251,148,5004675,False,"[191, 52, 14, 0]",10,lib/tests/delimcc/reset-shift-k.zy,baseline
free-list-hints,release,0,572038,251,148,5104334,False,"[191, 52, 14, 0]",10,lib/tests/delimcc/reset-shift-k.zy,free_list
free-list-hints,release,0,611961,251,148,5107121,False,"[191, 52, 14, 0]",11,lib/tests/delimcc/reset-shift-k.zy,free_list_hint
free-list-hints,release,0,614004,251,148,5006946,False,"[191, 52, 14, 0]",11,lib/tests/delimcc/reset-shift-k.zy,baseline
free-list-hints,release,0,588788,251,148,5105578,False,"[191, 52, 14, 0]",11,lib/tests/delimcc/reset-shift-k.zy,free_list
free-list-hints,release,0,592247,251,148,5091829,False,"[191, 52, 14, 0]",11,lib/tests/delimcc/reset-shift-k.zy,inline_hint
free-list-hints,release,0,620338,251,148,5249918,False,"[191, 52, 14, 0]",12,lib/tests/delimcc/reset-shift-k.zy,baseline
free-list-hints,release,0,669216,251,148,5281373,False,"[191, 52, 14, 0]",12,lib/tests/delimcc/reset-shift-k.zy,free_list
free-list-hints,release,0,635451,251,148,5095078,False,"[191, 52, 14, 0]",12,lib/tests/delimcc/reset-shift-k.zy,inline_hint
free-list-hints,release,0,608830,251,148,5104832,False,"[191, 52, 14, 0]",12,lib/tests/delimcc/reset-shift-k.zy,free_list_hint
free-list-hints,release,0,625173,251,148,5048536,False,"[191, 52, 14, 0]",13,lib/tests/delimcc/reset-shift-k.zy,free_list
free-list-hints,release,0,606039,251,148,4970377,False,"[191, 52, 14, 0]",13,lib/tests/delimcc/reset-shift-k.zy,inline_hint
free-list-hints,release,0,584835,251,148,5058630,False,"[191, 52, 14, 0]",13,lib/tests/delimcc/reset-shift-k.zy,free_list_hint
free-list-hints,release,0,601135,251,148,5209705,False,"[191, 52, 14, 0]",13,lib/tests/delimcc/reset-shift-k.zy,baseline
free-list-hints,release,0,609084,251,148,4934876,False,"[191, 52, 14, 0]",14,lib/tests/delimcc/reset-shift-k.zy,inline_hint
free-list-hints,release,0,607635,251,148,5146004,False,"[191, 52, 14, 0]",14,lib/tests/delimcc/reset-shift-k.zy,free_list_hint
free-list-hints,release,0,591257,251,148,4973994,False,"[191, 52, 14, 0]",14,lib/tests/delimcc/reset-shift-k.zy,baseline
free-list-hints,release,0,645540,251,148,4994541,False,"[191, 52, 14, 0]",14,lib/tests/delimcc/reset-shift-k.zy,free_list
free-list-hints,release,0,616456,251,148,5115846,False,"[191, 52, 14, 0]",15,lib/tests/delimcc/reset-shift-k.zy,free_list_hint
free-list-hints,release,0,591629,251,148,5025705,False,"[191, 52, 14, 0]",15,lib/tests/delimcc/reset-shift-k.zy,baseline
free-list-hints,release,0,625330,251,148,5023214,False,"[191, 52, 14, 0]",15,lib/tests/delimcc/reset-shift-k.zy,free_list
free-list-hints,release,0,578178,251,148,4876083,False,"[191, 52, 14, 0]",15,lib/tests/delimcc/reset-shift-k.zy,inline_hint
free-list-hints,release,0,583833,251,148,4992128,False,"[191, 52, 14, 0]",16,lib/tests/delimcc/reset-shift-k.zy,baseline
free-list-hints,release,0,569541,251,148,5137501,False,"[191, 52, 14, 0]",16,lib/tests/delimcc/reset-shift-k.zy,free_list
free-list-hints,release,0,589825,251,148,4958093,False,"[191, 52, 14, 0]",16,lib/tests/delimcc/reset-shift-k.zy,inline_hint
free-list-hints,release,0,601907,251,148,5145288,False,"[191, 52, 14, 0]",16,lib/tests/delimcc/reset-shift-k.zy,free_list_hint
free-list-hints,release,0,604630,251,148,5009007,False,"[191, 52, 14, 0]",17,lib/tests/delimcc/reset-shift-k.zy,free_list
free-list-hints,release,0,579668,251,148,4972047,False,"[191, 52, 14, 0]",17,lib/tests/delimcc/reset-shift-k.zy,inline_hint
free-list-hints,release,0,583295,251,148,5094917,False,"[191, 52, 14, 0]",17,lib/tests/delimcc/reset-shift-k.zy,free_list_hint
free-list-hints,release,0,601997,251,148,5047208,False,"[191, 52, 14, 0]",17,lib/tests/delimcc/reset-shift-k.zy,baseline
free-list-hints,release,0,568669,251,148,4885000,False,"[191, 52, 14, 0]",18,lib/tests/delimcc/reset-shift-k.zy,inline_hint
free-list-hints,release,0,577170,251,148,5051789,False,"[191, 52, 14, 0]",18,lib/tests/delimcc/reset-shift-k.zy,free_list_hint
free-list-hints,release,0,585126,251,148,5117164,False,"[191, 52, 14, 0]",18,lib/tests/delimcc/reset-shift-k.zy,baseline
free-list-hints,release,0,595745,251,148,5058299,False,"[191, 52, 14, 0]",18,lib/tests/delimcc/reset-shift-k.zy,free_list
free-list-hints,release,0,599131,251,148,5081913,False,"[191, 52, 14, 0]",19,lib/tests/delimcc/reset-shift-k.zy,free_list_hint
free-list-hints,release,0,603329,251,148,5004536,False,"[191, 52, 14, 0]",19,lib/tests/delimcc/reset-shift-k.zy,baseline
free-list-hints,release,0,615168,251,148,5039289,False,"[191, 52, 14, 0]",19,lib/tests/delimcc/reset-shift-k.zy,free_list
free-list-hints,release,0,621548,251,148,4981202,False,"[191, 52, 14, 0]",19,lib/tests/delimcc/reset-shift-k.zy,inline_hint
free-list-hints,release,0,587873,251,148,4967747,False,"[191, 52, 14, 0]",20,lib/tests/delimcc/reset-shift-k.zy,baseline
free-list-hints,release,0,577582,251,148,5103002,False,"[191, 52, 14, 0]",20,lib/tests/delimcc/reset-shift-k.zy,free_list
free-list-hints,release,0,566624,251,148,4983581,False,"[191, 52, 14, 0]",20,lib/tests/delimcc/reset-shift-k.zy,inline_hint
free-list-hints,release,0,577124,251,148,5026417,False,"[191, 52, 14, 0]",20,lib/tests/delimcc/reset-shift-k.zy,free_list_hint
free-list-hints,release,0,585375,251,148,5118243,False,"[191, 52, 14, 0]",21,lib/tests/delimcc/reset-shift-k.zy,free_list
free-list-hints,release,0,578585,251,148,4956837,False,"[191, 52, 14, 0]",21,lib/tests/delimcc/reset-shift-k.zy,inline_hint
free-list-hints,release,0,608372,251,148,5054715,False,"[191, 52, 14, 0]",21,lib/tests/delimcc/reset-shift-k.zy,free_list_hint
free-list-hints,release,0,607371,251,148,4963621,False,"[191, 52, 14, 0]",21,lib/tests/delimcc/reset-shift-k.zy,baseline
free-list-hints,release,0,614796,251,148,4979374,False,"[191, 52, 14, 0]",22,lib/tests/delimcc/reset-shift-k.zy,inline_hint
free-list-hints,release,0,596002,251,148,5014955,False,"[191, 52, 14, 0]",22,lib/tests/delimcc/reset-shift-k.zy,free_list_hint
free-list-hints,release,0,579708,251,148,5013963,False,"[191, 52, 14, 0]",22,lib/tests/delimcc/reset-shift-k.zy,baseline
free-list-hints,release,0,583373,251,148,5198417,False,"[191, 52, 14, 0]",22,lib/tests/delimcc/reset-shift-k.zy,free_list
free-list-hints,release,0,593161,251,148,4975793,False,"[191, 52, 14, 0]",23,lib/tests/delimcc/reset-shift-k.zy,free_list_hint
free-list-hints,release,0,581336,251,148,4930456,False,"[191, 52, 14, 0]",23,lib/tests/delimcc/reset-shift-k.zy,baseline
free-list-hints,release,0,594131,251,148,5107083,False,"[191, 52, 14, 0]",23,lib/tests/delimcc/reset-shift-k.zy,free_list
free-list-hints,release,0,632754,251,148,4909045,False,"[191, 52, 14, 0]",23,lib/tests/delimcc/reset-shift-k.zy,inline_hint
free-list-hints,release,0,591254,251,148,4909492,False,"[191, 52, 14, 0]",24,lib/tests/delimcc/reset-shift-k.zy,baseline
free-list-hints,release,0,581336,251,148,5042501,False,"[191, 52, 14, 0]",24,lib/tests/delimcc/reset-shift-k.zy,free_list
free-list-hints,release,0,567790,251,148,5040874,False,"[191, 52, 14, 0]",24,lib/tests/delimcc/reset-shift-k.zy,inline_hint
free-list-hints,release,0,583219,251,148,5049913,False,"[191, 52, 14, 0]",24,lib/tests/delimcc/reset-shift-k.zy,free_list_hint
free-list-hints,release,0,581791,251,148,5018252,False,"[191, 52, 14, 0]",25,lib/tests/delimcc/reset-shift-k.zy,free_list
free-list-hints,release,0,599627,251,148,5074379,False,"[191, 52, 14, 0]",25,lib/tests/delimcc/reset-shift-k.zy,inline_hint
free-list-hints,release,0,587795,251,148,5011789,False,"[191, 52, 14, 0]",25,lib/tests/delimcc/reset-shift-k.zy,free_list_hint
free-list-hints,release,0,638628,251,148,4973078,False,"[191, 52, 14, 0]",25,lib/tests/delimcc/reset-shift-k.zy,baseline
free-list-hints,release,0,614372,251,148,5023377,False,"[191, 52, 14, 0]",26,lib/tests/delimcc/reset-shift-k.zy,inline_hint
free-list-hints,release,0,576128,251,148,5006993,False,"[191, 52, 14, 0]",26,lib/tests/delimcc/reset-shift-k.zy,free_list_hint
free-list-hints,release,0,568499,251,148,4928918,False,"[191, 52, 14, 0]",26,lib/tests/delimcc/reset-shift-k.zy,baseline
free-list-hints,release,0,579625,251,148,5106082,False,"[191, 52, 14, 0]",26,lib/tests/delimcc/reset-shift-k.zy,free_list
free-list-hints,release,0,579585,251,148,5091917,False,"[191, 52, 14, 0]",27,lib/tests/delimcc/reset-shift-k.zy,free_list_hint
free-list-hints,release,0,628453,251,148,5156793,False,"[191, 52, 14, 0]",27,lib/tests/delimcc/reset-shift-k.zy,baseline
free-list-hints,release,0,609336,251,148,5164034,False,"[191, 52, 14, 0]",27,lib/tests/delimcc/reset-shift-k.zy,free_list
free-list-hints,release,0,620788,251,148,5036747,False,"[191, 52, 14, 0]",27,lib/tests/delimcc/reset-shift-k.zy,inline_hint
free-list-hints,release,0,627970,251,148,5048963,False,"[191, 52, 14, 0]",28,lib/tests/delimcc/reset-shift-k.zy,baseline
free-list-hints,release,0,585334,251,148,5218788,False,"[191, 52, 14, 0]",28,lib/tests/delimcc/reset-shift-k.zy,free_list
free-list-hints,release,0,633289,251,148,4931495,False,"[191, 52, 14, 0]",28,lib/tests/delimcc/reset-shift-k.zy,inline_hint
free-list-hints,release,0,588159,251,148,5036457,False,"[191, 52, 14, 0]",28,lib/tests/delimcc/reset-shift-k.zy,free_list_hint
free-list-hints,release,0,648708,251,148,5270879,False,"[191, 52, 14, 0]",29,lib/tests/delimcc/reset-shift-k.zy,free_list
free-list-hints,release,0,616884,251,148,5061742,False,"[191, 52, 14, 0]",29,lib/tests/delimcc/reset-shift-k.zy,inline_hint
free-list-hints,release,0,611834,251,148,5246336,False,"[191, 52, 14, 0]",29,lib/tests/delimcc/reset-shift-k.zy,free_list_hint
free-list-hints,release,0,631956,251,148,5150493,False,"[191, 52, 14, 0]",29,lib/tests/delimcc/reset-shift-k.zy,baseline
free-list-hints,release,0,631004,251,148,4991198,False,"[191, 52, 14, 0]",30,lib/tests/delimcc/reset-shift-k.zy,inline_hint
free-list-hints,release,0,640537,251,148,5242664,False,"[191, 52, 14, 0]",30,lib/tests/delimcc/reset-shift-k.zy,free_list_hint
free-list-hints,release,0,627844,251,148,5036876,False,"[191, 52, 14, 0]",30,lib/tests/delimcc/reset-shift-k.zy,baseline
free-list-hints,release,0,596665,251,148,5141118,False,"[191, 52, 14, 0]",30,lib/tests/delimcc/reset-shift-k.zy,free_list
free-list-hints,release,0,608295,251,148,5247249,False,"[191, 52, 14, 0]",31,lib/tests/delimcc/reset-shift-k.zy,free_list_hint
free-list-hints,release,0,590324,251,148,5061252,False,"[191, 52, 14, 0]",31,lib/tests/delimcc/reset-shift-k.zy,baseline
free-list-hints,release,0,622331,251,148,5236661,False,"[191, 52, 14, 0]",31,lib/tests/delimcc/reset-shift-k.zy,free_list
free-list-hints,release,0,611002,251,148,5139789,False,"[191, 52, 14, 0]",31,lib/tests/delimcc/reset-shift-k.zy,inline_hint
free-list-hints,release,0,701790,251,155,5043421,True,"[184, 51, 14, 13]",0,lib/tests/delimcc/reset-shift-k.zy,baseline
free-list-hints,release,0,738342,251,155,5256535,True,"[184, 51, 14, 13]",0,lib/tests/delimcc/reset-shift-k.zy,free_list
free-list-hints,release,0,639629,251,155,5103792,True,"[184, 51, 14, 13]",0,lib/tests/delimcc/reset-shift-k.zy,inline_hint
free-list-hints,release,0,656622,251,155,5317040,True,"[184, 51, 14, 13]",0,lib/tests/delimcc/reset-shift-k.zy,free_list_hint
free-list-hints,release,0,642339,251,155,5306321,True,"[184, 51, 14, 13]",1,lib/tests/delimcc/reset-shift-k.zy,free_list
free-list-hints,release,0,675699,251,155,5137916,True,"[184, 51, 14, 13]",1,lib/tests/delimcc/reset-shift-k.zy,inline_hint
free-list-hints,release,0,645952,251,155,5239296,True,"[184, 51, 14, 13]",1,lib/tests/delimcc/reset-shift-k.zy,free_list_hint
free-list-hints,release,0,657737,251,155,5231175,True,"[184, 51, 14, 13]",1,lib/tests/delimcc/reset-shift-k.zy,baseline
free-list-hints,release,0,619167,251,155,5183545,True,"[184, 51, 14, 13]",2,lib/tests/delimcc/reset-shift-k.zy,inline_hint
free-list-hints,release,0,631414,251,155,5254501,True,"[184, 51, 14, 13]",2,lib/tests/delimcc/reset-shift-k.zy,free_list_hint
free-list-hints,release,0,637164,251,155,5190758,True,"[184, 51, 14, 13]",2,lib/tests/delimcc/reset-shift-k.zy,baseline
free-list-hints,release,0,640160,251,155,5210873,True,"[184, 51, 14, 13]",2,lib/tests/delimcc/reset-shift-k.zy,free_list
free-list-hints,release,0,640454,251,155,5310087,True,"[184, 51, 14, 13]",3,lib/tests/delimcc/reset-shift-k.zy,free_list_hint
free-list-hints,release,0,623332,251,155,5110370,True,"[184, 51, 14, 13]",3,lib/tests/delimcc/reset-shift-k.zy,baseline
free-list-hints,release,0,622338,251,155,5183164,True,"[184, 51, 14, 13]",3,lib/tests/delimcc/reset-shift-k.zy,free_list
free-list-hints,release,0,627289,251,155,5212504,True,"[184, 51, 14, 13]",3,lib/tests/delimcc/reset-shift-k.zy,inline_hint
free-list-hints,release,0,639419,251,155,5119456,True,"[184, 51, 14, 13]",4,lib/tests/delimcc/reset-shift-k.zy,baseline
free-list-hints,release,0,651171,251,155,5246166,True,"[184, 51, 14, 13]",4,lib/tests/delimcc/reset-shift-k.zy,free_list
free-list-hints,release,0,618299,251,155,5200542,True,"[184, 51, 14, 13]",4,lib/tests/delimcc/reset-shift-k.zy,inline_hint
free-list-hints,release,0,606874,251,155,5179711,True,"[184, 51, 14, 13]",4,lib/tests/delimcc/reset-shift-k.zy,free_list_hint
free-list-hints,release,0,618787,251,155,5172334,True,"[184, 51, 14, 13]",5,lib/tests/delimcc/reset-shift-k.zy,free_list
free-list-hints,release,0,618466,251,155,5190288,True,"[184, 51, 14, 13]",5,lib/tests/delimcc/reset-shift-k.zy,inline_hint
free-list-hints,release,0,675628,251,155,5230673,True,"[184, 51, 14, 13]",5,lib/tests/delimcc/reset-shift-k.zy,free_list_hint
free-list-hints,release,0,622953,251,155,5161916,True,"[184, 51, 14, 13]",5,lib/tests/delimcc/reset-shift-k.zy,baseline
free-list-hints,release,0,660372,251,155,5173413,True,"[184, 51, 14, 13]",6,lib/tests/delimcc/reset-shift-k.zy,inline_hint
free-list-hints,release,0,624754,251,155,5180625,True,"[184, 51, 14, 13]",6,lib/tests/delimcc/reset-shift-k.zy,free_list_hint
free-list-hints,release,0,598454,251,155,5167083,True,"[184, 51, 14, 13]",6,lib/tests/delimcc/reset-shift-k.zy,baseline
free-list-hints,release,0,600160,251,155,5093420,True,"[184, 51, 14, 13]",6,lib/tests/delimcc/reset-shift-k.zy,free_list
free-list-hints,release,0,623253,251,155,5280836,True,"[184, 51, 14, 13]",7,lib/tests/delimcc/reset-shift-k.zy,free_list_hint
free-list-hints,release,0,596794,251,155,5137968,True,"[184, 51, 14, 13]",7,lib/tests/delimcc/reset-shift-k.zy,baseline
free-list-hints,release,0,615834,251,155,5109128,True,"[184, 51, 14, 13]",7,lib/tests/delimcc/reset-shift-k.zy,free_list
free-list-hints,release,0,627538,251,155,5086748,True,"[184, 51, 14, 13]",7,lib/tests/delimcc/reset-shift-k.zy,inline_hint
free-list-hints,release,0,619677,251,155,5068456,True,"[184, 51, 14, 13]",8,lib/tests/delimcc/reset-shift-k.zy,baseline
free-list-hints,release,0,630834,251,155,5386454,True,"[184, 51, 14, 13]",8,lib/tests/delimcc/reset-shift-k.zy,free_list
free-list-hints,release,0,655124,251,155,5310164,True,"[184, 51, 14, 13]",8,lib/tests/delimcc/reset-shift-k.zy,inline_hint
free-list-hints,release,0,637877,251,155,5481250,True,"[184, 51, 14, 13]",8,lib/tests/delimcc/reset-shift-k.zy,free_list_hint
free-list-hints,release,0,605035,251,155,5156457,True,"[184, 51, 14, 13]",9,lib/tests/delimcc/reset-shift-k.zy,free_list
free-list-hints,release,0,663962,251,155,5147076,True,"[184, 51, 14, 13]",9,lib/tests/delimcc/reset-shift-k.zy,inline_hint
free-list-hints,release,0,629287,251,155,5327710,True,"[184, 51, 14, 13]",9,lib/tests/delimcc/reset-shift-k.zy,free_list_hint
free-list-hints,release,0,655338,251,155,5264464,True,"[184, 51, 14, 13]",9,lib/tests/delimcc/reset-shift-k.zy,baseline
free-list-hints,release,0,664119,251,155,5347378,True,"[184, 51, 14, 13]",10,lib/tests/delimcc/reset-shift-k.zy,inline_hint
free-list-hints,release,0,622414,251,155,5259753,True,"[184, 51, 14, 13]",10,lib/tests/delimcc/reset-shift-k.zy,free_list_hint
free-list-hints,release,0,690955,251,155,5206874,True,"[184, 51, 14, 13]",10,lib/tests/delimcc/reset-shift-k.zy,baseline
free-list-hints,release,0,612841,251,155,5450909,True,"[184, 51, 14, 13]",10,lib/tests/delimcc/reset-shift-k.zy,free_list
free-list-hints,release,0,610132,251,155,5179210,True,"[184, 51, 14, 13]",11,lib/tests/delimcc/reset-shift-k.zy,free_list_hint
free-list-hints,release,0,647375,251,155,5172877,True,"[184, 51, 14, 13]",11,lib/tests/delimcc/reset-shift-k.zy,baseline
free-list-hints,release,0,662668,251,155,5316291,True,"[184, 51, 14, 13]",11,lib/tests/delimcc/reset-shift-k.zy,free_list
free-list-hints,release,0,644126,251,155,5233748,True,"[184, 51, 14, 13]",11,lib/tests/delimcc/reset-shift-k.zy,inline_hint
free-list-hints,release,0,659622,251,155,5392212,True,"[184, 51, 14, 13]",12,lib/tests/delimcc/reset-shift-k.zy,baseline
free-list-hints,release,0,643585,251,155,5220752,True,"[184, 51, 14, 13]",12,lib/tests/delimcc/reset-shift-k.zy,free_list
free-list-hints,release,0,628843,251,155,5065409,True,"[184, 51, 14, 13]",12,lib/tests/delimcc/reset-shift-k.zy,inline_hint
free-list-hints,release,0,623664,251,155,5189676,True,"[184, 51, 14, 13]",12,lib/tests/delimcc/reset-shift-k.zy,free_list_hint
free-list-hints,release,0,615625,251,155,5288790,True,"[184, 51, 14, 13]",13,lib/tests/delimcc/reset-shift-k.zy,free_list
free-list-hints,release,0,604295,251,155,4962327,True,"[184, 51, 14, 13]",13,lib/tests/delimcc/reset-shift-k.zy,inline_hint
free-list-hints,release,0,596749,251,155,5048548,True,"[184, 51, 14, 13]",13,lib/tests/delimcc/reset-shift-k.zy,free_list_hint
free-list-hints,release,0,637053,251,155,5330328,True,"[184, 51, 14, 13]",13,lib/tests/delimcc/reset-shift-k.zy,baseline
free-list-hints,release,0,620000,251,155,5245920,True,"[184, 51, 14, 13]",14,lib/tests/delimcc/reset-shift-k.zy,inline_hint
free-list-hints,release,0,622412,251,155,5264543,True,"[184, 51, 14, 13]",14,lib/tests/delimcc/reset-shift-k.zy,free_list_hint
free-list-hints,release,0,622959,251,155,5177505,True,"[184, 51, 14, 13]",14,lib/tests/delimcc/reset-shift-k.zy,baseline
free-list-hints,release,0,607874,251,155,5020455,True,"[184, 51, 14, 13]",14,lib/tests/delimcc/reset-shift-k.zy,free_list
free-list-hints,release,0,607243,251,155,5138453,True,"[184, 51, 14, 13]",15,lib/tests/delimcc/reset-shift-k.zy,free_list_hint
free-list-hints,release,0,609249,251,155,5059962,True,"[184, 51, 14, 13]",15,lib/tests/delimcc/reset-shift-k.zy,baseline
free-list-hints,release,0,608126,251,155,5168001,True,"[184, 51, 14, 13]",15,lib/tests/delimcc/reset-shift-k.zy,free_list
free-list-hints,release,0,640255,251,155,5046371,True,"[184, 51, 14, 13]",15,lib/tests/delimcc/reset-shift-k.zy,inline_hint
free-list-hints,release,0,632870,251,155,5063544,True,"[184, 51, 14, 13]",16,lib/tests/delimcc/reset-shift-k.zy,baseline
free-list-hints,release,0,621201,251,155,5120797,True,"[184, 51, 14, 13]",16,lib/tests/delimcc/reset-shift-k.zy,free_list
free-list-hints,release,0,608667,251,155,5073125,True,"[184, 51, 14, 13]",16,lib/tests/delimcc/reset-shift-k.zy,inline_hint
free-list-hints,release,0,615160,251,155,5160209,True,"[184, 51, 14, 13]",16,lib/tests/delimcc/reset-shift-k.zy,free_list_hint
free-list-hints,release,0,615713,251,155,5071783,True,"[184, 51, 14, 13]",17,lib/tests/delimcc/reset-shift-k.zy,free_list
free-list-hints,release,0,626798,251,155,5023995,True,"[184, 51, 14, 13]",17,lib/tests/delimcc/reset-shift-k.zy,inline_hint
free-list-hints,release,0,622870,251,155,5252164,True,"[184, 51, 14, 13]",17,lib/tests/delimcc/reset-shift-k.zy,free_list_hint
free-list-hints,release,0,616208,251,155,5068119,True,"[184, 51, 14, 13]",17,lib/tests/delimcc/reset-shift-k.zy,baseline
free-list-hints,release,0,632122,251,155,5071001,True,"[184, 51, 14, 13]",18,lib/tests/delimcc/reset-shift-k.zy,inline_hint
free-list-hints,release,0,621495,251,155,5161287,True,"[184, 51, 14, 13]",18,lib/tests/delimcc/reset-shift-k.zy,free_list_hint
free-list-hints,release,0,623957,251,155,5149918,True,"[184, 51, 14, 13]",18,lib/tests/delimcc/reset-shift-k.zy,baseline
free-list-hints,release,0,629203,251,155,5211668,True,"[184, 51, 14, 13]",18,lib/tests/delimcc/reset-shift-k.zy,free_list
free-list-hints,release,0,593204,251,155,5078876,True,"[184, 51, 14, 13]",19,lib/tests/delimcc/reset-shift-k.zy,free_list_hint
free-list-hints,release,0,597582,251,155,5049630,True,"[184, 51, 14, 13]",19,lib/tests/delimcc/reset-shift-k.zy,baseline
free-list-hints,release,0,609792,251,155,5106622,True,"[184, 51, 14, 13]",19,lib/tests/delimcc/reset-shift-k.zy,free_list
free-list-hints,release,0,635999,251,155,5079918,True,"[184, 51, 14, 13]",19,lib/tests/delimcc/reset-shift-k.zy,inline_hint
free-list-hints,release,0,633787,251,155,5112418,True,"[184, 51, 14, 13]",20,lib/tests/delimcc/reset-shift-k.zy,baseline
free-list-hints,release,0,618540,251,155,5189748,True,"[184, 51, 14, 13]",20,lib/tests/delimcc/reset-shift-k.zy,free_list
free-list-hints,release,0,607209,251,155,5152876,True,"[184, 51, 14, 13]",20,lib/tests/delimcc/reset-shift-k.zy,inline_hint
free-list-hints,release,0,610372,251,155,5278663,True,"[184, 51, 14, 13]",20,lib/tests/delimcc/reset-shift-k.zy,free_list_hint
free-list-hints,release,0,596919,251,155,4981708,True,"[184, 51, 14, 13]",21,lib/tests/delimcc/reset-shift-k.zy,free_list
free-list-hints,release,0,632378,251,155,4981255,True,"[184, 51, 14, 13]",21,lib/tests/delimcc/reset-shift-k.zy,inline_hint
free-list-hints,release,0,608749,251,155,5120204,True,"[184, 51, 14, 13]",21,lib/tests/delimcc/reset-shift-k.zy,free_list_hint
free-list-hints,release,0,603713,251,155,4968255,True,"[184, 51, 14, 13]",21,lib/tests/delimcc/reset-shift-k.zy,baseline
free-list-hints,release,0,601082,251,155,5076245,True,"[184, 51, 14, 13]",22,lib/tests/delimcc/reset-shift-k.zy,inline_hint
free-list-hints,release,0,597835,251,155,5194461,True,"[184, 51, 14, 13]",22,lib/tests/delimcc/reset-shift-k.zy,free_list_hint
free-list-hints,release,0,599873,251,155,4998369,True,"[184, 51, 14, 13]",22,lib/tests/delimcc/reset-shift-k.zy,baseline
free-list-hints,release,0,572631,251,155,5001669,True,"[184, 51, 14, 13]",22,lib/tests/delimcc/reset-shift-k.zy,free_list
free-list-hints,release,0,611751,251,155,5123954,True,"[184, 51, 14, 13]",23,lib/tests/delimcc/reset-shift-k.zy,free_list_hint
free-list-hints,release,0,629758,251,155,5131207,True,"[184, 51, 14, 13]",23,lib/tests/delimcc/reset-shift-k.zy,baseline
free-list-hints,release,0,604762,251,155,5083543,True,"[184, 51, 14, 13]",23,lib/tests/delimcc/reset-shift-k.zy,free_list
free-list-hints,release,0,612799,251,155,5053624,True,"[184, 51, 14, 13]",23,lib/tests/delimcc/reset-shift-k.zy,inline_hint
free-list-hints,release,0,626073,251,155,5139916,True,"[184, 51, 14, 13]",24,lib/tests/delimcc/reset-shift-k.zy,baseline
free-list-hints,release,0,620455,251,155,5290328,True,"[184, 51, 14, 13]",24,lib/tests/delimcc/reset-shift-k.zy,free_list
free-list-hints,release,0,605382,251,155,4891963,True,"[184, 51, 14, 13]",24,lib/tests/delimcc/reset-shift-k.zy,inline_hint
free-list-hints,release,0,603255,251,155,5086369,True,"[184, 51, 14, 13]",24,lib/tests/delimcc/reset-shift-k.zy,free_list_hint
free-list-hints,release,0,605585,251,155,5161916,True,"[184, 51, 14, 13]",25,lib/tests/delimcc/reset-shift-k.zy,free_list
free-list-hints,release,0,594751,251,155,4955541,True,"[184, 51, 14, 13]",25,lib/tests/delimcc/reset-shift-k.zy,inline_hint
free-list-hints,release,0,629362,251,155,5193794,True,"[184, 51, 14, 13]",25,lib/tests/delimcc/reset-shift-k.zy,free_list_hint
free-list-hints,release,0,622632,251,155,5084288,True,"[184, 51, 14, 13]",25,lib/tests/delimcc/reset-shift-k.zy,baseline
free-list-hints,release,0,606505,251,155,5022540,True,"[184, 51, 14, 13]",26,lib/tests/delimcc/reset-shift-k.zy,inline_hint
free-list-hints,release,0,586658,251,155,5003002,True,"[184, 51, 14, 13]",26,lib/tests/delimcc/reset-shift-k.zy,free_list_hint
free-list-hints,release,0,602243,251,155,4985179,True,"[184, 51, 14, 13]",26,lib/tests/delimcc/reset-shift-k.zy,baseline
free-list-hints,release,0,609746,251,155,5212915,True,"[184, 51, 14, 13]",26,lib/tests/delimcc/reset-shift-k.zy,free_list
free-list-hints,release,0,587743,251,155,5053968,True,"[184, 51, 14, 13]",27,lib/tests/delimcc/reset-shift-k.zy,free_list_hint
free-list-hints,release,0,623670,251,155,5072135,True,"[184, 51, 14, 13]",27,lib/tests/delimcc/reset-shift-k.zy,baseline
free-list-hints,release,0,615795,251,155,5112379,True,"[184, 51, 14, 13]",27,lib/tests/delimcc/reset-shift-k.zy,free_list
free-list-hints,release,0,624745,251,155,5032466,True,"[184, 51, 14, 13]",27,lib/tests/delimcc/reset-shift-k.zy,inline_hint
free-list-hints,release,0,629840,251,155,5092075,True,"[184, 51, 14, 13]",28,lib/tests/delimcc/reset-shift-k.zy,baseline
free-list-hints,release,0,619005,251,155,5032958,True,"[184, 51, 14, 13]",28,lib/tests/delimcc/reset-shift-k.zy,free_list
free-list-hints,release,0,609871,251,155,4988497,True,"[184, 51, 14, 13]",28,lib/tests/delimcc/reset-shift-k.zy,inline_hint
free-list-hints,release,0,582127,251,155,5070589,True,"[184, 51, 14, 13]",28,lib/tests/delimcc/reset-shift-k.zy,free_list_hint
free-list-hints,release,0,603463,251,155,5135040,True,"[184, 51, 14, 13]",29,lib/tests/delimcc/reset-shift-k.zy,free_list
free-list-hints,release,0,628455,251,155,5066826,True,"[184, 51, 14, 13]",29,lib/tests/delimcc/reset-shift-k.zy,inline_hint
free-list-hints,release,0,641788,251,155,5408299,True,"[184, 51, 14, 13]",29,lib/tests/delimcc/reset-shift-k.zy,free_list_hint
free-list-hints,release,0,637961,251,155,5042655,True,"[184, 51, 14, 13]",29,lib/tests/delimcc/reset-shift-k.zy,baseline
free-list-hints,release,0,627792,251,155,5189795,True,"[184, 51, 14, 13]",30,lib/tests/delimcc/reset-shift-k.zy,inline_hint
free-list-hints,release,0,665833,251,155,5291131,True,"[184, 51, 14, 13]",30,lib/tests/delimcc/reset-shift-k.zy,free_list_hint
free-list-hints,release,0,649889,251,155,5190247,True,"[184, 51, 14, 13]",30,lib/tests/delimcc/reset-shift-k.zy,baseline
free-list-hints,release,0,632793,251,155,5150081,True,"[184, 51, 14, 13]",30,lib/tests/delimcc/reset-shift-k.zy,free_list
free-list-hints,release,0,639633,251,155,5187258,True,"[184, 51, 14, 13]",31,lib/tests/delimcc/reset-shift-k.zy,free_list_hint
free-list-hints,release,0,646958,251,155,5165871,True,"[184, 51, 14, 13]",31,lib/tests/delimcc/reset-shift-k.zy,baseline
free-list-hints,release,0,623083,251,155,5406875,True,"[184, 51, 14, 13]",31,lib/tests/delimcc/reset-shift-k.zy,free_list
free-list-hints,release,0,622793,251,155,5152955,True,"[184, 51, 14, 13]",31,lib/tests/delimcc/reset-shift-k.zy,inline_hint
free-list-hints,release,0,640668,516,64,4901246,False,"[439, 163, 16, 0]",0,lib/tests/core/gc-stress.zy,baseline
free-list-hints,release,0,667206,516,64,5056881,False,"[439, 163, 16, 0]",0,lib/tests/core/gc-stress.zy,free_list
free-list-hints,release,0,693541,516,64,5087538,False,"[439, 163, 16, 0]",0,lib/tests/core/gc-stress.zy,inline_hint
free-list-hints,release,0,649501,516,64,4973749,False,"[439, 163, 16, 0]",0,lib/tests/core/gc-stress.zy,free_list_hint
free-list-hints,release,0,685124,516,64,4951911,False,"[439, 163, 16, 0]",1,lib/tests/core/gc-stress.zy,free_list
free-list-hints,release,0,673421,516,64,4934453,False,"[439, 163, 16, 0]",1,lib/tests/core/gc-stress.zy,inline_hint
free-list-hints,release,0,653084,516,64,5025587,False,"[439, 163, 16, 0]",1,lib/tests/core/gc-stress.zy,free_list_hint
free-list-hints,release,0,685913,516,64,4982704,False,"[439, 163, 16, 0]",1,lib/tests/core/gc-stress.zy,baseline
free-list-hints,release,0,647673,516,64,4928876,False,"[439, 163, 16, 0]",2,lib/tests/core/gc-stress.zy,inline_hint
free-list-hints,release,0,645253,516,64,5063666,False,"[439, 163, 16, 0]",2,lib/tests/core/gc-stress.zy,free_list_hint
free-list-hints,release,0,613337,516,64,4885623,False,"[439, 163, 16, 0]",2,lib/tests/core/gc-stress.zy,baseline
free-list-hints,release,0,633878,516,64,4970751,False,"[439, 163, 16, 0]",2,lib/tests/core/gc-stress.zy,free_list
free-list-hints,release,0,620126,516,64,5032669,False,"[439, 163, 16, 0]",3,lib/tests/core/gc-stress.zy,free_list_hint
free-list-hints,release,0,614916,516,64,4986083,False,"[439, 163, 16, 0]",3,lib/tests/core/gc-stress.zy,baseline
free-list-hints,release,0,630081,516,64,4945585,False,"[439, 163, 16, 0]",3,lib/tests/core/gc-stress.zy,free_list
free-list-hints,release,0,632005,516,64,4826916,False,"[439, 163, 16, 0]",3,lib/tests/core/gc-stress.zy,inline_hint
free-list-hints,release,0,646624,516,64,4956501,False,"[439, 163, 16, 0]",4,lib/tests/core/gc-stress.zy,baseline
free-list-hints,release,0,668746,516,64,4998082,False,"[439, 163, 16, 0]",4,lib/tests/core/gc-stress.zy,free_list
free-list-hints,release,0,634165,516,64,4818832,False,"[439, 163, 16, 0]",4,lib/tests/core/gc-stress.zy,inline_hint
free-list-hints,release,0,625123,516,64,5004418,False,"[439, 163, 16, 0]",4,lib/tests/core/gc-stress.zy,free_list_hint
free-list-hints,release,0,617792,516,64,5007711,False,"[439, 163, 16, 0]",5,lib/tests/core/gc-stress.zy,free_list
free-list-hints,release,0,618835,516,64,4947046,False,"[439, 163, 16, 0]",5,lib/tests/core/gc-stress.zy,inline_hint
free-list-hints,release,0,617083,516,64,4986456,False,"[439, 163, 16, 0]",5,lib/tests/core/gc-stress.zy,free_list_hint
free-list-hints,release,0,638749,516,64,5018590,False,"[439, 163, 16, 0]",5,lib/tests/core/gc-stress.zy,baseline
free-list-hints,release,0,620540,516,64,4933624,False,"[439, 163, 16, 0]",6,lib/tests/core/gc-stress.zy,inline_hint
free-list-hints,release,0,614415,516,64,4961003,False,"[439, 163, 16, 0]",6,lib/tests/core/gc-stress.zy,free_list_hint
free-list-hints,release,0,619875,516,64,4999957,False,"[439, 163, 16, 0]",6,lib/tests/core/gc-stress.zy,baseline
free-list-hints,release,0,624338,516,64,4989582,False,"[439, 163, 16, 0]",6,lib/tests/core/gc-stress.zy,free_list
free-list-hints,release,0,636212,516,64,4909622,False,"[439, 163, 16, 0]",7,lib/tests/core/gc-stress.zy,free_list_hint
free-list-hints,release,0,618838,516,64,4914582,False,"[439, 163, 16, 0]",7,lib/tests/core/gc-stress.zy,baseline
free-list-hints,release,0,615585,516,64,5017083,False,"[439, 163, 16, 0]",7,lib/tests/core/gc-stress.zy,free_list
free-list-hints,release,0,662539,516,64,5078328,False,"[439, 163, 16, 0]",7,lib/tests/core/gc-stress.zy,inline_hint
free-list-hints,release,0,640413,516,64,4879501,False,"[439, 163, 16, 0]",8,lib/tests/core/gc-stress.zy,baseline
free-list-hints,release,0,645169,516,64,5061000,False,"[439, 163, 16, 0]",8,lib/tests/core/gc-stress.zy,free_list
free-list-hints,release,0,645667,516,64,4984165,False,"[439, 163, 16, 0]",8,lib/tests/core/gc-stress.zy,inline_hint
free-list-hints,release,0,638164,516,64,5063336,False,"[439, 163, 16, 0]",8,lib/tests/core/gc-stress.zy,free_list_hint
free-list-hints,release,0,591128,516,64,4910125,False,"[439, 163, 16, 0]",9,lib/tests/core/gc-stress.zy,free_list
free-list-hints,release,0,635077,516,64,4895834,False,"[439, 163, 16, 0]",9,lib/tests/core/gc-stress.zy,inline_hint
free-list-hints,release,0,650504,516,64,5016790,False,"[439, 163, 16, 0]",9,lib/tests/core/gc-stress.zy,free_list_hint
free-list-hints,release,0,614376,516,64,4827961,False,"[439, 163, 16, 0]",9,lib/tests/core/gc-stress.zy,baseline
free-list-hints,release,0,624466,516,64,4824413,False,"[439, 163, 16, 0]",10,lib/tests/core/gc-stress.zy,inline_hint
free-list-hints,release,0,612460,516,64,4972537,False,"[439, 163, 16, 0]",10,lib/tests/core/gc-stress.zy,free_list_hint
free-list-hints,release,0,620874,516,64,4985665,False,"[439, 163, 16, 0]",10,lib/tests/core/gc-stress.zy,baseline
free-list-hints,release,0,619251,516,64,5050124,False,"[439, 163, 16, 0]",10,lib/tests/core/gc-stress.zy,free_list
free-list-hints,release,0,605000,516,64,4932122,False,"[439, 163, 16, 0]",11,lib/tests/core/gc-stress.zy,free_list_hint
free-list-hints,release,0,603415,516,64,4922128,False,"[439, 163, 16, 0]",11,lib/tests/core/gc-stress.zy,baseline
free-list-hints,release,0,648750,516,64,5013582,False,"[439, 163, 16, 0]",11,lib/tests/core/gc-stress.zy,free_list
free-list-hints,release,0,631497,516,64,4961837,False,"[439, 163, 16, 0]",11,lib/tests/core/gc-stress.zy,inline_hint
free-list-hints,release,0,625670,516,64,4909494,False,"[439, 163, 16, 0]",12,lib/tests/core/gc-stress.zy,baseline
free-list-hints,release,0,611999,516,64,4988791,False,"[439, 163, 16, 0]",12,lib/tests/core/gc-stress.zy,free_list
free-list-hints,release,0,594213,516,64,4762579,False,"[439, 163, 16, 0]",12,lib/tests/core/gc-stress.zy,inline_hint
free-list-hints,release,0,615124,516,64,4919042,False,"[439, 163, 16, 0]",12,lib/tests/core/gc-stress.zy,free_list_hint
free-list-hints,release,0,655832,516,64,5019623,False,"[439, 163, 16, 0]",13,lib/tests/core/gc-stress.zy,free_list
free-list-hints,release,0,632121,516,64,4966333,False,"[439, 163, 16, 0]",13,lib/tests/core/gc-stress.zy,inline_hint
free-list-hints,release,0,634246,516,64,5124291,False,"[439, 163, 16, 0]",13,lib/tests/core/gc-stress.zy,free_list_hint
free-list-hints,release,0,611039,516,64,4923917,False,"[439, 163, 16, 0]",13,lib/tests/core/gc-stress.zy,baseline
free-list-hints,release,0,601291,516,64,4931792,False,"[439, 163, 16, 0]",14,lib/tests/core/gc-stress.zy,inline_hint
free-list-hints,release,0,623459,516,64,4907209,False,"[439, 163, 16, 0]",14,lib/tests/core/gc-stress.zy,free_list_hint
free-list-hints,release,0,633417,516,64,4914669,False,"[439, 163, 16, 0]",14,lib/tests/core/gc-stress.zy,baseline
free-list-hints,release,0,626998,516,64,5001916,False,"[439, 163, 16, 0]",14,lib/tests/core/gc-stress.zy,free_list
free-list-hints,release,0,613877,516,64,4983418,False,"[439, 163, 16, 0]",15,lib/tests/core/gc-stress.zy,free_list_hint
free-list-hints,release,0,630588,516,64,4860376,False,"[439, 163, 16, 0]",15,lib/tests/core/gc-stress.zy,baseline
free-list-hints,release,0,614584,516,64,4938875,False,"[439, 163, 16, 0]",15,lib/tests/core/gc-stress.zy,free_list
free-list-hints,release,0,619004,516,64,4956456,False,"[439, 163, 16, 0]",15,lib/tests/core/gc-stress.zy,inline_hint
free-list-hints,release,0,603710,516,64,4841455,False,"[439, 163, 16, 0]",16,lib/tests/core/gc-stress.zy,baseline
free-list-hints,release,0,611333,516,64,4937462,False,"[439, 163, 16, 0]",16,lib/tests/core/gc-stress.zy,free_list
free-list-hints,release,0,635125,516,64,4985082,False,"[439, 163, 16, 0]",16,lib/tests/core/gc-stress.zy,inline_hint
free-list-hints,release,0,613461,516,64,4953918,False,"[439, 163, 16, 0]",16,lib/tests/core/gc-stress.zy,free_list_hint
free-list-hints,release,0,625003,516,64,5002708,False,"[439, 163, 16, 0]",17,lib/tests/core/gc-stress.zy,free_list
free-list-hints,release,0,612464,516,64,4914206,False,"[439, 163, 16, 0]",17,lib/tests/core/gc-stress.zy,inline_hint
free-list-hints,release,0,626417,516,64,5057375,False,"[439, 163, 16, 0]",17,lib/tests/core/gc-stress.zy,free_list_hint
free-list-hints,release,0,643041,516,64,4836710,False,"[439, 163, 16, 0]",17,lib/tests/core/gc-stress.zy,baseline
free-list-hints,release,0,615122,516,64,4822295,False,"[439, 163, 16, 0]",18,lib/tests/core/gc-stress.zy,inline_hint
free-list-hints,release,0,620498,516,64,5029003,False,"[439, 163, 16, 0]",18,lib/tests/core/gc-stress.zy,free_list_hint
free-list-hints,release,0,624457,516,64,4886377,False,"[439, 163, 16, 0]",18,lib/tests/core/gc-stress.zy,baseline
free-list-hints,release,0,614002,516,64,5026293,False,"[439, 163, 16, 0]",18,lib/tests/core/gc-stress.zy,free_list
free-list-hints,release,0,608501,516,64,4955205,False,"[439, 163, 16, 0]",19,lib/tests/core/gc-stress.zy,free_list_hint
free-list-hints,release,0,624206,516,64,5003959,False,"[439, 163, 16, 0]",19,lib/tests/core/gc-stress.zy,baseline
free-list-hints,release,0,628086,516,64,4970125,False,"[439, 163, 16, 0]",19,lib/tests/core/gc-stress.zy,free_list
free-list-hints,release,0,610165,516,64,4898330,False,"[439, 163, 16, 0]",19,lib/tests/core/gc-stress.zy,inline_hint
free-list-hints,release,0,611792,516,64,4989752,False,"[439, 163, 16, 0]",20,lib/tests/core/gc-stress.zy,baseline
free-list-hints,release,0,621791,516,64,4991168,False,"[439, 163, 16, 0]",20,lib/tests/core/gc-stress.zy,free_list
free-list-hints,release,0,639457,516,64,4881373,False,"[439, 163, 16, 0]",20,lib/tests/core/gc-stress.zy,inline_hint
free-list-hints,release,0,661501,516,64,4996622,False,"[439, 163, 16, 0]",20,lib/tests/core/gc-stress.zy,free_list_hint
free-list-hints,release,0,644833,516,64,5036086,False,"[439, 163, 16, 0]",21,lib/tests/core/gc-stress.zy,free_list
free-list-hints,release,0,623335,516,64,4843292,False,"[439, 163, 16, 0]",21,lib/tests/core/gc-stress.zy,inline_hint
free-list-hints,release,0,626250,516,64,5020583,False,"[439, 163, 16, 0]",21,lib/tests/core/gc-stress.zy,free_list_hint
free-list-hints,release,0,617457,516,64,4957370,False,"[439, 163, 16, 0]",21,lib/tests/core/gc-stress.zy,baseline
free-list-hints,release,0,603915,516,64,4904542,False,"[439, 163, 16, 0]",22,lib/tests/core/gc-stress.zy,inline_hint
free-list-hints,release,0,636413,516,64,4962545,False,"[439, 163, 16, 0]",22,lib/tests/core/gc-stress.zy,free_list_hint
free-list-hints,release,0,614002,516,64,4941540,False,"[439, 163, 16, 0]",22,lib/tests/core/gc-stress.zy,baseline
free-list-hints,release,0,608035,516,64,4972250,False,"[439, 163, 16, 0]",22,lib/tests/core/gc-stress.zy,free_list
free-list-hints,release,0,637212,516,64,4915287,False,"[439, 163, 16, 0]",23,lib/tests/core/gc-stress.zy,free_list_hint
free-list-hints,release,0,649748,516,64,4908542,False,"[439, 163, 16, 0]",23,lib/tests/core/gc-stress.zy,baseline
free-list-hints,release,0,640292,516,64,5026085,False,"[439, 163, 16, 0]",23,lib/tests/core/gc-stress.zy,free_list
free-list-hints,release,0,635294,516,64,5022660,False,"[439, 163, 16, 0]",23,lib/tests/core/gc-stress.zy,inline_hint
free-list-hints,release,0,601999,516,64,4803209,False,"[439, 163, 16, 0]",24,lib/tests/core/gc-stress.zy,baseline
free-list-hints,release,0,616459,516,64,4905248,False,"[439, 163, 16, 0]",24,lib/tests/core/gc-stress.zy,free_list
free-list-hints,release,0,648499,516,64,5074994,False,"[439, 163, 16, 0]",24,lib/tests/core/gc-stress.zy,inline_hint
free-list-hints,release,0,642959,516,64,5150958,False,"[439, 163, 16, 0]",24,lib/tests/core/gc-stress.zy,free_list_hint
free-list-hints,release,0,673206,516,64,5226412,False,"[439, 163, 16, 0]",25,lib/tests/core/gc-stress.zy,free_list
free-list-hints,release,0,653790,516,64,4993421,False,"[439, 163, 16, 0]",25,lib/tests/core/gc-stress.zy,inline_hint
free-list-hints,release,0,653244,516,64,5203501,False,"[439, 163, 16, 0]",25,lib/tests/core/gc-stress.zy,free_list_hint
free-list-hints,release,0,734048,516,64,5442656,False,"[439, 163, 16, 0]",25,lib/tests/core/gc-stress.zy,baseline
free-list-hints,release,0,661372,516,64,5192001,False,"[439, 163, 16, 0]",26,lib/tests/core/gc-stress.zy,inline_hint
free-list-hints,release,0,615745,516,64,5085756,False,"[439, 163, 16, 0]",26,lib/tests/core/gc-stress.zy,free_list_hint
free-list-hints,release,0,685004,516,64,4961499,False,"[439, 163, 16, 0]",26,lib/tests/core/gc-stress.zy,baseline
free-list-hints,release,0,686331,516,64,5097379,False,"[439, 163, 16, 0]",26,lib/tests/core/gc-stress.zy,free_list
free-list-hints,release,0,663375,516,64,5070415,False,"[439, 163, 16, 0]",27,lib/tests/core/gc-stress.zy,free_list_hint
free-list-hints,release,0,631994,516,64,4905835,False,"[439, 163, 16, 0]",27,lib/tests/core/gc-stress.zy,baseline
free-list-hints,release,0,650082,516,64,4990460,False,"[439, 163, 16, 0]",27,lib/tests/core/gc-stress.zy,free_list
free-list-hints,release,0,638251,516,64,4997329,False,"[439, 163, 16, 0]",27,lib/tests/core/gc-stress.zy,inline_hint
free-list-hints,release,0,650669,516,64,5009166,False,"[439, 163, 16, 0]",28,lib/tests/core/gc-stress.zy,baseline
free-list-hints,release,0,643125,516,64,5136001,False,"[439, 163, 16, 0]",28,lib/tests/core/gc-stress.zy,free_list
free-list-hints,release,0,630541,516,64,4841001,False,"[439, 163, 16, 0]",28,lib/tests/core/gc-stress.zy,inline_hint
free-list-hints,release,0,609037,516,64,4982249,False,"[439, 163, 16, 0]",28,lib/tests/core/gc-stress.zy,free_list_hint
free-list-hints,release,0,613252,516,64,5024875,False,"[439, 163, 16, 0]",29,lib/tests/core/gc-stress.zy,free_list
free-list-hints,release,0,625622,516,64,4832542,False,"[439, 163, 16, 0]",29,lib/tests/core/gc-stress.zy,inline_hint
free-list-hints,release,0,626083,516,64,4994373,False,"[439, 163, 16, 0]",29,lib/tests/core/gc-stress.zy,free_list_hint
free-list-hints,release,0,617292,516,64,4942963,False,"[439, 163, 16, 0]",29,lib/tests/core/gc-stress.zy,baseline
free-list-hints,release,0,644830,516,64,4992086,False,"[439, 163, 16, 0]",30,lib/tests/core/gc-stress.zy,inline_hint
free-list-hints,release,0,608581,516,64,4955165,False,"[439, 163, 16, 0]",30,lib/tests/core/gc-stress.zy,free_list_hint
free-list-hints,release,0,634340,516,64,4912498,False,"[439, 163, 16, 0]",30,lib/tests/core/gc-stress.zy,baseline
free-list-hints,release,0,629917,516,64,5016503,False,"[439, 163, 16, 0]",30,lib/tests/core/gc-stress.zy,free_list
free-list-hints,release,0,606039,516,64,4913538,False,"[439, 163, 16, 0]",31,lib/tests/core/gc-stress.zy,free_list_hint
free-list-hints,release,0,632789,516,64,4926997,False,"[439, 163, 16, 0]",31,lib/tests/core/gc-stress.zy,baseline
free-list-hints,release,0,607714,516,64,5030455,False,"[439, 163, 16, 0]",31,lib/tests/core/gc-stress.zy,free_list
free-list-hints,release,0,605788,516,64,4951000,False,"[439, 163, 16, 0]",31,lib/tests/core/gc-stress.zy,inline_hint
free-list-hints,release,0,666959,516,64,4768206,True,"[422, 163, 16, 15]",0,lib/tests/core/gc-stress.zy,baseline
free-list-hints,release,0,667038,516,64,4925459,True,"[422, 163, 16, 15]",0,lib/tests/core/gc-stress.zy,free_list
free-list-hints,release,0,651332,516,64,4608957,True,"[422, 163, 16, 15]",0,lib/tests/core/gc-stress.zy,inline_hint
free-list-hints,release,0,658583,516,64,4783914,True,"[422, 163, 16, 15]",0,lib/tests/core/gc-stress.zy,free_list_hint
free-list-hints,release,0,629708,516,64,4833333,True,"[422, 163, 16, 15]",1,lib/tests/core/gc-stress.zy,free_list
free-list-hints,release,0,618916,516,64,4737462,True,"[422, 163, 16, 15]",1,lib/tests/core/gc-stress.zy,inline_hint
free-list-hints,release,0,659248,516,64,4768462,True,"[422, 163, 16, 15]",1,lib/tests/core/gc-stress.zy,free_list_hint
free-list-hints,release,0,627420,516,64,4669575,True,"[422, 163, 16, 15]",1,lib/tests/core/gc-stress.zy,baseline
free-list-hints,release,0,621961,516,64,4736793,True,"[422, 163, 16, 15]",2,lib/tests/core/gc-stress.zy,inline_hint
free-list-hints,release,0,624165,516,64,4810000,True,"[422, 163, 16, 15]",2,lib/tests/core/gc-stress.zy,free_list_hint
free-list-hints,release,0,615582,516,64,4705587,True,"[422, 163, 16, 15]",2,lib/tests/core/gc-stress.zy,baseline
free-list-hints,release,0,632126,516,64,4862628,True,"[422, 163, 16, 15]",2,lib/tests/core/gc-stress.zy,free_list
free-list-hints,release,0,624250,516,64,4760708,True,"[422, 163, 16, 15]",3,lib/tests/core/gc-stress.zy,free_list_hint
free-list-hints,release,0,632377,516,64,4631503,True,"[422, 163, 16, 15]",3,lib/tests/core/gc-stress.zy,baseline
free-list-hints,release,0,609586,516,64,4795458,True,"[422, 163, 16, 15]",3,lib/tests/core/gc-stress.zy,free_list
free-list-hints,release,0,619629,516,64,4731329,True,"[422, 163, 16, 15]",3,lib/tests/core/gc-stress.zy,inline_hint
free-list-hints,release,0,629123,516,64,4731294,True,"[422, 163, 16, 15]",4,lib/tests/core/gc-stress.zy,baseline
free-list-hints,release,0,624001,516,64,4816287,True,"[422, 163, 16, 15]",4,lib/tests/core/gc-stress.zy,free_list
free-list-hints,release,0,607414,516,64,4656418,True,"[422, 163, 16, 15]",4,lib/tests/core/gc-stress.zy,inline_hint
free-list-hints,release,0,589336,516,64,4707502,True,"[422, 163, 16, 15]",4,lib/tests/core/gc-stress.zy,free_list_hint
free-list-hints,release,0,600333,516,64,4765790,True,"[422, 163, 16, 15]",5,lib/tests/core/gc-stress.zy,free_list
free-list-hints,release,0,614129,516,64,4736839,True,"[422, 163, 16, 15]",5,lib/tests/core/gc-stress.zy,inline_hint
free-list-hints,release,0,618246,516,64,4767084,True,"[422, 163, 16, 15]",5,lib/tests/core/gc-stress.zy,free_list_hint
free-list-hints,release,0,609334,516,64,4728001,True,"[422, 163, 16, 15]",5,lib/tests/core/gc-stress.zy,baseline
free-list-hints,release,0,613959,516,64,4722001,True,"[422, 163, 16, 15]",6,lib/tests/core/gc-stress.zy,inline_hint
free-list-hints,release,0,593500,516,64,4733417,True,"[422, 163, 16, 15]",6,lib/tests/core/gc-stress.zy,free_list_hint
free-list-hints,release,0,622875,516,64,4612375,True,"[422, 163, 16, 15]",6,lib/tests/core/gc-stress.zy,baseline
free-list-hints,release,0,625214,516,64,4749995,True,"[422, 163, 16, 15]",6,lib/tests/core/gc-stress.zy,free_list
free-list-hints,release,0,619410,516,64,4890045,True,"[422, 163, 16, 15]",7,lib/tests/core/gc-stress.zy,free_list_hint
free-list-hints,release,0,606004,516,64,4683788,True,"[422, 163, 16, 15]",7,lib/tests/core/gc-stress.zy,baseline
free-list-hints,release,0,607289,516,64,4840998,True,"[422, 163, 16, 15]",7,lib/tests/core/gc-stress.zy,free_list
free-list-hints,release,0,607206,516,64,4758462,True,"[422, 163, 16, 15]",7,lib/tests/core/gc-stress.zy,inline_hint
free-list-hints,release,0,584042,516,64,4624758,True,"[422, 163, 16, 15]",8,lib/tests/core/gc-stress.zy,baseline
free-list-hints,release,0,600670,516,64,4797791,True,"[422, 163, 16, 15]",8,lib/tests/core/gc-stress.zy,free_list
free-list-hints,release,0,631749,516,64,4639917,True,"[422, 163, 16, 15]",8,lib/tests/core/gc-stress.zy,inline_hint
free-list-hints,release,0,607335,516,64,4773877,True,"[422, 163, 16, 15]",8,lib/tests/core/gc-stress.zy,free_list_hint
free-list-hints,release,0,597668,516,64,4721957,True,"[422, 163, 16, 15]",9,lib/tests/core/gc-stress.zy,free_list
free-list-hints,release,0,601371,516,64,4670999,True,"[422, 163, 16, 15]",9,lib/tests/core/gc-stress.zy,inline_hint
free-list-hints,release,0,626791,516,64,4838827,True,"[422, 163, 16, 15]",9,lib/tests/core/gc-stress.zy,free_list_hint
free-list-hints,release,0,630167,516,64,4747376,True,"[422, 163, 16, 15]",9,lib/tests/core/gc-stress.zy,baseline
free-list-hints,release,0,625661,516,64,4814000,True,"[422, 163, 16, 15]",10,lib/tests/core/gc-stress.zy,inline_hint
free-list-hints,release,0,634123,516,64,4933043,True,"[422, 163, 16, 15]",10,lib/tests/core/gc-stress.zy,free_list_hint
free-list-hints,release,0,592417,516,64,4623584,True,"[422, 163, 16, 15]",10,lib/tests/core/gc-stress.zy,baseline
free-list-hints,release,0,600872,516,64,4700251,True,"[422, 163, 16, 15]",10,lib/tests/core/gc-stress.zy,free_list
free-list-hints,release,0,613750,516,64,4782792,True,"[422, 163, 16, 15]",11,lib/tests/core/gc-stress.zy,free_list_hint
free-list-hints,release,0,594582,516,64,4680374,True,"[422, 163, 16, 15]",11,lib/tests/core/gc-stress.zy,baseline
free-list-hints,release,0,588162,516,64,4744293,True,"[422, 163, 16, 15]",11,lib/tests/core/gc-stress.zy,free_list
free-list-hints,release,0,596247,516,64,4741373,True,"[422, 163, 16, 15]",11,lib/tests/core/gc-stress.zy,inline_hint
free-list-hints,release,0,612418,516,64,4740209,True,"[422, 163, 16, 15]",12,lib/tests/core/gc-stress.zy,baseline
free-list-hints,release,0,635709,516,64,4839250,True,"[422, 163, 16, 15]",12,lib/tests/core/gc-stress.zy,free_list
free-list-hints,release,0,606582,516,64,4683876,True,"[422, 163, 16, 15]",12,lib/tests/core/gc-stress.zy,inline_hint
free-list-hints,release,0,587879,516,64,4817874,True,"[422, 163, 16, 15]",12,lib/tests/core/gc-stress.zy,free_list_hint
free-list-hints,release,0,622876,516,64,4753003,True,"[422, 163, 16, 15]",13,lib/tests/core/gc-stress.zy,free_list
free-list-hints,release,0,605832,516,64,4704791,True,"[422, 163, 16, 15]",13,lib/tests/core/gc-stress.zy,inline_hint
free-list-hints,release,0,618870,516,64,4865124,True,"[422, 163, 16, 15]",13,lib/tests/core/gc-stress.zy,free_list_hint
free-list-hints,release,0,600788,516,64,4605252,True,"[422, 163, 16, 15]",13,lib/tests/core/gc-stress.zy,baseline
free-list-hints,release,0,620713,516,64,4710374,True,"[422, 163, 16, 15]",14,lib/tests/core/gc-stress.zy,inline_hint
free-list-hints,release,0,635795,516,64,4887043,True,"[422, 163, 16, 15]",14,lib/tests/core/gc-stress.zy,free_list_hint
free-list-hints,release,0,624919,516,64,4648458,True,"[422, 163, 16, 15]",14,lib/tests/core/gc-stress.zy,baseline
free-list-hints,release,0,591709,516,64,4815797,True,"[422, 163, 16, 15]",14,lib/tests/core/gc-stress.zy,free_list
free-list-hints,release,0,593499,516,64,4815457,True,"[422, 163, 16, 15]",15,lib/tests/core/gc-stress.zy,free_list_hint
free-list-hints,release,0,600126,516,64,4668793,True,"[422, 163, 16, 15]",15,lib/tests/core/gc-stress.zy,baseline
free-list-hints,release,0,605751,516,64,4752500,True,"[422, 163, 16, 15]",15,lib/tests/core/gc-stress.zy,free_list
free-list-hints,release,0,598375,516,64,4674665,True,"[422, 163, 16, 15]",15,lib/tests/core/gc-stress.zy,inline_hint
free-list-hints,release,0,621503,516,64,4790624,True,"[422, 163, 16, 15]",16,lib/tests/core/gc-stress.zy,baseline
free-list-hints,release,0,611290,516,64,4685630,True,"[422, 163, 16, 15]",16,lib/tests/core/gc-stress.zy,free_list
free-list-hints,release,0,619254,516,64,4703037,True,"[422, 163, 16, 15]",16,lib/tests/core/gc-stress.zy,inline_hint
free-list-hints,release,0,618005,516,64,4904166,True,"[422, 163, 16, 15]",16,lib/tests/core/gc-stress.zy,free_list_hint
free-list-hints,release,0,601579,516,64,4712544,True,"[422, 163, 16, 15]",17,lib/tests/core/gc-stress.zy,free_list
free-list-hints,release,0,608948,516,64,4673542,True,"[422, 163, 16, 15]",17,lib/tests/core/gc-stress.zy,inline_hint
free-list-hints,release,0,605581,516,64,4774335,True,"[422, 163, 16, 15]",17,lib/tests/core/gc-stress.zy,free_list_hint
free-list-hints,release,0,604171,516,64,4720754,True,"[422, 163, 16, 15]",17,lib/tests/core/gc-stress.zy,baseline
free-list-hints,release,0,599369,516,64,4662333,True,"[422, 163, 16, 15]",18,lib/tests/core/gc-stress.zy,inline_hint
free-list-hints,release,0,611123,516,64,4790500,True,"[422, 163, 16, 15]",18,lib/tests/core/gc-stress.zy,free_list_hint
free-list-hints,release,0,608203,516,64,4671419,True,"[422, 163, 16, 15]",18,lib/tests/core/gc-stress.zy,baseline
free-list-hints,release,0,595210,516,64,4747712,True,"[422, 163, 16, 15]",18,lib/tests/core/gc-stress.zy,free_list
free-list-hints,release,0,592960,516,64,4766416,True,"[422, 163, 16, 15]",19,lib/tests/core/gc-stress.zy,free_list_hint
free-list-hints,release,0,617042,516,64,4767588,True,"[422, 163, 16, 15]",19,lib/tests/core/gc-stress.zy,baseline
free-list-hints,release,0,607206,516,64,4743957,True,"[422, 163, 16, 15]",19,lib/tests/core/gc-stress.zy,free_list
free-list-hints,release,0,599332,516,64,4619040,True,"[422, 163, 16, 15]",19,lib/tests/core/gc-stress.zy,inline_hint
free-list-hints,release,0,618833,516,64,4790039,True,"[422, 163, 16, 15]",20,lib/tests/core/gc-stress.zy,baseline
free-list-hints,release,0,638916,516,64,4939080,True,"[422, 163, 16, 15]",20,lib/tests/core/gc-stress.zy,free_list
free-list-hints,release,0,616997,516,64,4674921,True,"[422, 163, 16, 15]",20,lib/tests/core/gc-stress.zy,inline_hint
free-list-hints,release,0,605707,516,64,4783956,True,"[422, 163, 16, 15]",20,lib/tests/core/gc-stress.zy,free_list_hint
free-list-hints,release,0,588456,516,64,4761586,True,"[422, 163, 16, 15]",21,lib/tests/core/gc-stress.zy,free_list
free-list-hints,release,0,603796,516,64,4644542,True,"[422, 163, 16, 15]",21,lib/tests/core/gc-stress.zy,inline_hint
free-list-hints,release,0,603245,516,64,4795958,True,"[422, 163, 16, 15]",21,lib/tests/core/gc-stress.zy,free_list_hint
free-list-hints,release,0,608258,516,64,4781243,True,"[422, 163, 16, 15]",21,lib/tests/core/gc-stress.zy,baseline
free-list-hints,release,0,599501,516,64,4631127,True,"[422, 163, 16, 15]",22,lib/tests/core/gc-stress.zy,inline_hint
free-list-hints,release,0,629124,516,64,4856082,True,"[422, 163, 16, 15]",22,lib/tests/core/gc-stress.zy,free_list_hint
free-list-hints,release,0,659783,516,64,4847252,True,"[422, 163, 16, 15]",22,lib/tests/core/gc-stress.zy,baseline
free-list-hints,release,0,616957,516,64,4726037,True,"[422, 163, 16, 15]",22,lib/tests/core/gc-stress.zy,free_list
free-list-hints,release,0,581871,516,64,4744498,True,"[422, 163, 16, 15]",23,lib/tests/core/gc-stress.zy,free_list_hint
free-list-hints,release,0,605086,516,64,4701795,True,"[422, 163, 16, 15]",23,lib/tests/core/gc-stress.zy,baseline
free-list-hints,release,0,630543,516,64,4836875,True,"[422, 163, 16, 15]",23,lib/tests/core/gc-stress.zy,free_list
free-list-hints,release,0,603665,516,64,4774495,True,"[422, 163, 16, 15]",23,lib/tests/core/gc-stress.zy,inline_hint
free-list-hints,release,0,600499,516,64,4787457,True,"[422, 163, 16, 15]",24,lib/tests/core/gc-stress.zy,baseline
free-list-hints,release,0,603167,516,64,4888295,True,"[422, 163, 16, 15]",24,lib/tests/core/gc-stress.zy,free_list
free-list-hints,release,0,593295,516,64,4538041,True,"[422, 163, 16, 15]",24,lib/tests/core/gc-stress.zy,inline_hint
free-list-hints,release,0,586086,516,64,4701749,True,"[422, 163, 16, 15]",24,lib/tests/core/gc-stress.zy,free_list_hint
free-list-hints,release,0,615292,516,64,4850711,True,"[422, 163, 16, 15]",25,lib/tests/core/gc-stress.zy,free_list
free-list-hints,release,0,631794,516,64,4710833,True,"[422, 163, 16, 15]",25,lib/tests/core/gc-stress.zy,inline_hint
free-list-hints,release,0,605790,516,64,4845456,True,"[422, 163, 16, 15]",25,lib/tests/core/gc-stress.zy,free_list_hint
free-list-hints,release,0,610747,516,64,4775461,True,"[422, 163, 16, 15]",25,lib/tests/core/gc-stress.zy,baseline
free-list-hints,release,0,605668,516,64,4737910,True,"[422, 163, 16, 15]",26,lib/tests/core/gc-stress.zy,inline_hint
free-list-hints,release,0,644752,516,64,4756291,True,"[422, 163, 16, 15]",26,lib/tests/core/gc-stress.zy,free_list_hint
free-list-hints,release,0,602293,516,64,4671714,True,"[422, 163, 16, 15]",26,lib/tests/core/gc-stress.zy,baseline
free-list-hints,release,0,603209,516,64,4844834,True,"[422, 163, 16, 15]",26,lib/tests/core/gc-stress.zy,free_list
free-list-hints,release,0,602875,516,64,4696538,True,"[422, 163, 16, 15]",27,lib/tests/core/gc-stress.zy,free_list_hint
free-list-hints,release,0,598456,516,64,4691829,True,"[422, 163, 16, 15]",27,lib/tests/core/gc-stress.zy,baseline
free-list-hints,release,0,603208,516,64,4875960,True,"[422, 163, 16, 15]",27,lib/tests/core/gc-stress.zy,free_list
free-list-hints,release,0,633622,516,64,4725628,True,"[422, 163, 16, 15]",27,lib/tests/core/gc-stress.zy,inline_hint
free-list-hints,release,0,604583,516,64,4690710,True,"[422, 163, 16, 15]",28,lib/tests/core/gc-stress.zy,baseline
free-list-hints,release,0,598207,516,64,4874290,True,"[422, 163, 16, 15]",28,lib/tests/core/gc-stress.zy,free_list
free-list-hints,release,0,610457,516,64,4687834,True,"[422, 163, 16, 15]",28,lib/tests/core/gc-stress.zy,inline_hint
free-list-hints,release,0,612750,516,64,4777003,True,"[422, 163, 16, 15]",28,lib/tests/core/gc-stress.zy,free_list_hint
free-list-hints,release,0,607758,516,64,4764290,True,"[422, 163, 16, 15]",29,lib/tests/core/gc-stress.zy,free_list
free-list-hints,release,0,600918,516,64,4666877,True,"[422, 163, 16, 15]",29,lib/tests/core/gc-stress.zy,inline_hint
free-list-hints,release,0,610295,516,64,4787208,True,"[422, 163, 16, 15]",29,lib/tests/core/gc-stress.zy,free_list_hint
free-list-hints,release,0,617589,516,64,4761374,True,"[422, 163, 16, 15]",29,lib/tests/core/gc-stress.zy,baseline
free-list-hints,release,0,610084,516,64,4815630,True,"[422, 163, 16, 15]",30,lib/tests/core/gc-stress.zy,inline_hint
free-list-hints,release,0,600123,516,64,4755370,True,"[422, 163, 16, 15]",30,lib/tests/core/gc-stress.zy,free_list_hint
free-list-hints,release,0,602334,516,64,4652171,True,"[422, 163, 16, 15]",30,lib/tests/core/gc-stress.zy,baseline
free-list-hints,release,0,609794,516,64,4780042,True,"[422, 163, 16, 15]",30,lib/tests/core/gc-stress.zy,free_list
free-list-hints,release,0,611500,516,64,4806419,True,"[422, 163, 16, 15]",31,lib/tests/core/gc-stress.zy,free_list_hint
free-list-hints,release,0,612372,516,64,4705465,True,"[422, 163, 16, 15]",31,lib/tests/core/gc-stress.zy,baseline
free-list-hints,release,0,607201,516,64,4802916,True,"[422, 163, 16, 15]",31,lib/tests/core/gc-stress.zy,free_list
free-list-hints,release,0,615661,516,64,4709708,True,"[422, 163, 16, 15]",31,lib/tests/core/gc-stress.zy,inline_hint
trim-always-inline,release,0,563080,343,99,4961040,False,"[276, 90, 14, 0]",0,lib/tests/core/fact.zy,baseline
trim-always-inline,release,0,565538,343,99,4915334,False,"[276, 90, 14, 0]",0,lib/tests/core/fact.zy,trim
trim-always-inline,release,0,595082,343,99,5044961,False,"[276, 90, 14, 0]",0,lib/tests/core/fact.zy,always_inline
trim-always-inline,release,0,604874,343,99,5105793,False,"[276, 90, 14, 0]",0,lib/tests/core/fact.zy,trim_always_inline
trim-always-inline,release,0,594578,343,99,4913752,False,"[276, 90, 14, 0]",1,lib/tests/core/fact.zy,trim
trim-always-inline,release,0,620466,343,99,5035747,False,"[276, 90, 14, 0]",1,lib/tests/core/fact.zy,always_inline
trim-always-inline,release,0,561294,343,99,4942420,False,"[276, 90, 14, 0]",1,lib/tests/core/fact.zy,trim_always_inline
trim-always-inline,release,0,535171,343,99,4978911,False,"[276, 90, 14, 0]",1,lib/tests/core/fact.zy,baseline
trim-always-inline,release,0,563162,343,99,4920876,False,"[276, 90, 14, 0]",2,lib/tests/core/fact.zy,always_inline
trim-always-inline,release,0,570000,343,99,4966533,False,"[276, 90, 14, 0]",2,lib/tests/core/fact.zy,trim_always_inline
trim-always-inline,release,0,557877,343,99,4993158,False,"[276, 90, 14, 0]",2,lib/tests/core/fact.zy,baseline
trim-always-inline,release,0,515753,343,99,4857791,False,"[276, 90, 14, 0]",2,lib/tests/core/fact.zy,trim
trim-always-inline,release,0,521838,343,99,4894665,False,"[276, 90, 14, 0]",3,lib/tests/core/fact.zy,trim_always_inline
trim-always-inline,release,0,542380,343,99,5096338,False,"[276, 90, 14, 0]",3,lib/tests/core/fact.zy,baseline
trim-always-inline,release,0,543210,343,99,4841540,False,"[276, 90, 14, 0]",3,lib/tests/core/fact.zy,trim
trim-always-inline,release,0,560671,343,99,5027912,False,"[276, 90, 14, 0]",3,lib/tests/core/fact.zy,always_inline
trim-always-inline,release,0,548038,343,99,4937416,False,"[276, 90, 14, 0]",4,lib/tests/core/fact.zy,baseline
trim-always-inline,release,0,533036,343,99,4941120,False,"[276, 90, 14, 0]",4,lib/tests/core/fact.zy,trim
trim-always-inline,release,0,580333,343,99,5179372,False,"[276, 90, 14, 0]",4,lib/tests/core/fact.zy,always_inline
trim-always-inline,release,0,585046,343,99,5179707,False,"[276, 90, 14, 0]",4,lib/tests/core/fact.zy,trim_always_inline
trim-always-inline,release,0,572793,343,99,4944875,False,"[276, 90, 14, 0]",5,lib/tests/core/fact.zy,trim
trim-always-inline,release,0,528418,343,99,5094086,False,"[276, 90, 14, 0]",5,lib/tests/core/fact.zy,always_inline
trim-always-inline,release,0,549875,343,99,5121537,False,"[276, 90, 14, 0]",5,lib/tests/core/fact.zy,trim_always_inline
trim-always-inline,release,0,591082,343,99,5127167,False,"[276, 90, 14, 0]",5,lib/tests/core/fact.zy,baseline
trim-always-inline,release,0,560920,343,99,5116038,False,"[276, 90, 14, 0]",6,lib/tests/core/fact.zy,always_inline
trim-always-inline,release,0,565879,343,99,4986875,False,"[276, 90, 14, 0]",6,lib/tests/core/fact.zy,trim_always_inline
trim-always-inline,release,0,568842,343,99,5097084,False,"[276, 90, 14, 0]",6,lib/tests/core/fact.zy,baseline
trim-always-inline,release,0,585830,343,99,5145046,False,"[276, 90, 14, 0]",6,lib/tests/core/fact.zy,trim
trim-always-inline,release,0,571584,343,99,5053946,False,"[276, 90, 14, 0]",7,lib/tests/core/fact.zy,trim_always_inline
trim-always-inline,release,0,569870,343,99,5068292,False,"[276, 90, 14, 0]",7,lib/tests/core/fact.zy,baseline
trim-always-inline,release,0,562006,343,99,4921211,False,"[276, 90, 14, 0]",7,lib/tests/core/fact.zy,trim
trim-always-inline,release,0,554418,343,99,4904253,False,"[276, 90, 14, 0]",7,lib/tests/core/fact.zy,always_inline
trim-always-inline,release,0,578169,343,99,5250968,False,"[276, 90, 14, 0]",8,lib/tests/core/fact.zy,baseline
trim-always-inline,release,0,552411,343,99,5123706,False,"[276, 90, 14, 0]",8,lib/tests/core/fact.zy,trim
trim-always-inline,release,0,570542,343,99,5349624,False,"[276, 90, 14, 0]",8,lib/tests/core/fact.zy,always_inline
trim-always-inline,release,0,583087,343,99,5125124,False,"[276, 90, 14, 0]",8,lib/tests/core/fact.zy,trim_always_inline
trim-always-inline,release,0,636418,343,99,5103288,False,"[276, 90, 14, 0]",9,lib/tests/core/fact.zy,trim
trim-always-inline,release,0,657300,343,99,5201577,False,"[276, 90, 14, 0]",9,lib/tests/core/fact.zy,always_inline
trim-always-inline,release,0,655417,343,99,5173789,False,"[276, 90, 14, 0]",9,lib/tests/core/fact.zy,trim_always_inline
trim-always-inline,release,0,668953,343,99,5226168,False,"[276, 90, 14, 0]",9,lib/tests/core/fact.zy,baseline
trim-always-inline,release,0,662206,343,99,5189458,False,"[276, 90, 14, 0]",10,lib/tests/core/fact.zy,always_inline
trim-always-inline,release,0,673962,343,99,5229373,False,"[276, 90, 14, 0]",10,lib/tests/core/fact.zy,trim_always_inline
trim-always-inline,release,0,663001,343,99,5212961,False,"[276, 90, 14, 0]",10,lib/tests/core/fact.zy,baseline
trim-always-inline,release,0,697632,343,99,5241001,False,"[276, 90, 14, 0]",10,lib/tests/core/fact.zy,trim
trim-always-inline,release,0,782824,343,99,5575544,False,"[276, 90, 14, 0]",11,lib/tests/core/fact.zy,trim_always_inline
trim-always-inline,release,0,636209,343,99,5370586,False,"[276, 90, 14, 0]",11,lib/tests/core/fact.zy,baseline
trim-always-inline,release,0,603086,343,99,5284084,False,"[276, 90, 14, 0]",11,lib/tests/core/fact.zy,trim
trim-always-inline,release,0,629755,343,99,5334996,False,"[276, 90, 14, 0]",11,lib/tests/core/fact.zy,always_inline
trim-always-inline,release,0,608955,343,99,5262292,False,"[276, 90, 14, 0]",12,lib/tests/core/fact.zy,baseline
trim-always-inline,release,0,587078,343,99,5024000,False,"[276, 90, 14, 0]",12,lib/tests/core/fact.zy,trim
trim-always-inline,release,0,646220,343,99,5139624,False,"[276, 90, 14, 0]",12,lib/tests/core/fact.zy,always_inline
trim-always-inline,release,0,606867,343,99,5327502,False,"[276, 90, 14, 0]",12,lib/tests/core/fact.zy,trim_always_inline
trim-always-inline,release,0,571996,343,99,5405758,False,"[276, 90, 14, 0]",13,lib/tests/core/fact.zy,trim
trim-always-inline,release,0,615171,343,99,5378124,False,"[276, 90, 14, 0]",13,lib/tests/core/fact.zy,always_inline
trim-always-inline,release,0,580202,343,99,5383627,False,"[276, 90, 14, 0]",13,lib/tests/core/fact.zy,trim_always_inline
trim-always-inline,release,0,569842,343,99,5313704,False,"[276, 90, 14, 0]",13,lib/tests/core/fact.zy,baseline
trim-always-inline,release,0,608035,343,99,5344049,False,"[276, 90, 14, 0]",14,lib/tests/core/fact.zy,always_inline
trim-always-inline,release,0,587041,343,99,5066330,False,"[276, 90, 14, 0]",14,lib/tests/core/fact.zy,trim_always_inline
trim-always-inline,release,0,546173,343,99,5010335,False,"[276, 90, 14, 0]",14,lib/tests/core/fact.zy,baseline
trim-always-inline,release,0,573580,343,99,5081870,False,"[276, 90, 14, 0]",14,lib/tests/core/fact.zy,trim
trim-always-inline,release,0,541451,343,99,4976666,False,"[276, 90, 14, 0]",15,lib/tests/core/fact.zy,trim_always_inline
trim-always-inline,release,0,561371,343,99,5091790,False,"[276, 90, 14, 0]",15,lib/tests/core/fact.zy,baseline
trim-always-inline,release,0,558544,343,99,5008162,False,"[276, 90, 14, 0]",15,lib/tests/core/fact.zy,trim
trim-always-inline,release,0,595292,343,99,5255413,False,"[276, 90, 14, 0]",15,lib/tests/core/fact.zy,always_inline
trim-always-inline,release,0,547258,343,99,5015122,False,"[276, 90, 14, 0]",16,lib/tests/core/fact.zy,baseline
trim-always-inline,release,0,587296,343,99,5074708,False,"[276, 90, 14, 0]",16,lib/tests/core/fact.zy,trim
trim-always-inline,release,0,535585,343,99,5043916,False,"[276, 90, 14, 0]",16,lib/tests/core/fact.zy,always_inline
trim-always-inline,release,0,595626,343,99,5037962,False,"[276, 90, 14, 0]",16,lib/tests/core/fact.zy,trim_always_inline
trim-always-inline,release,0,602709,343,99,5126502,False,"[276, 90, 14, 0]",17,lib/tests/core/fact.zy,trim
trim-always-inline,release,0,607918,343,99,5449291,False,"[276, 90, 14, 0]",17,lib/tests/core/fact.zy,always_inline
trim-always-inline,release,0,561958,343,99,5221743,False,"[276, 90, 14, 0]",17,lib/tests/core/fact.zy,trim_always_inline
trim-always-inline,release,0,576876,343,99,5205491,False,"[276, 90, 14, 0]",17,lib/tests/core/fact.zy,baseline
trim-always-inline,release,0,546921,343,99,5135082,False,"[276, 90, 14, 0]",18,lib/tests/core/fact.zy,always_inline
trim-always-inline,release,0,563914,343,99,5252044,False,"[276, 90, 14, 0]",18,lib/tests/core/fact.zy,trim_always_inline
trim-always-inline,release,0,577334,343,99,5091579,False,"[276, 90, 14, 0]",18,lib/tests/core/fact.zy,baseline
trim-always-inline,release,0,533129,343,99,5064163,False,"[276, 90, 14, 0]",18,lib/tests/core/fact.zy,trim
trim-always-inline,release,0,555916,343,99,5079041,False,"[276, 90, 14, 0]",19,lib/tests/core/fact.zy,trim_always_inline
trim-always-inline,release,0,588408,343,99,5193866,False,"[276, 90, 14, 0]",19,lib/tests/core/fact.zy,baseline
trim-always-inline,release,0,559294,343,99,4986111,False,"[276, 90, 14, 0]",19,lib/tests/core/fact.zy,trim
trim-always-inline,release,0,538246,343,99,5071542,False,"[276, 90, 14, 0]",19,lib/tests/core/fact.zy,always_inline
trim-always-inline,release,0,568625,343,99,5195504,False,"[276, 90, 14, 0]",20,lib/tests/core/fact.zy,baseline
trim-always-inline,release,0,537751,343,99,4872833,False,"[276, 90, 14, 0]",20,lib/tests/core/fact.zy,trim
trim-always-inline,release,0,567537,343,99,5074332,False,"[276, 90, 14, 0]",20,lib/tests/core/fact.zy,always_inline
trim-always-inline,release,0,530335,343,99,4930459,False,"[276, 90, 14, 0]",20,lib/tests/core/fact.zy,trim_always_inline
trim-always-inline,release,0,533873,343,99,4999079,False,"[276, 90, 14, 0]",21,lib/tests/core/fact.zy,trim
trim-always-inline,release,0,552799,343,99,4953922,False,"[276, 90, 14, 0]",21,lib/tests/core/fact.zy,always_inline
trim-always-inline,release,0,543124,343,99,4952542,False,"[276, 90, 14, 0]",21,lib/tests/core/fact.zy,trim_always_inline
trim-always-inline,release,0,558586,343,99,5076047,False,"[276, 90, 14, 0]",21,lib/tests/core/fact.zy,baseline
trim-always-inline,release,0,548465,343,99,4960666,False,"[276, 90, 14, 0]",22,lib/tests/core/fact.zy,always_inline
trim-always-inline,release,0,531873,343,99,4959009,False,"[276, 90, 14, 0]",22,lib/tests/core/fact.zy,trim_always_inline
trim-always-inline,release,0,527999,343,99,4972282,False,"[276, 90, 14, 0]",22,lib/tests/core/fact.zy,baseline
trim-always-inline,release,0,520916,343,99,4797334,False,"[276, 90, 14, 0]",22,lib/tests/core/fact.zy,trim
trim-always-inline,release,0,529793,343,99,4898420,False,"[276, 90, 14, 0]",23,lib/tests/core/fact.zy,trim_always_inline
trim-always-inline,release,0,549339,343,99,5141871,False,"[276, 90, 14, 0]",23,lib/tests/core/fact.zy,baseline
trim-always-inline,release,0,550414,343,99,5058712,False,"[276, 90, 14, 0]",23,lib/tests/core/fact.zy,trim
trim-always-inline,release,0,569008,343,99,5277998,False,"[276, 90, 14, 0]",23,lib/tests/core/fact.zy,always_inline
trim-always-inline,release,0,605415,343,99,5178452,False,"[276, 90, 14, 0]",24,lib/tests/core/fact.zy,baseline
trim-always-inline,release,0,572794,343,99,5226037,False,"[276, 90, 14, 0]",24,lib/tests/core/fact.zy,trim
trim-always-inline,release,0,539841,343,99,5071995,False,"[276, 90, 14, 0]",24,lib/tests/core/fact.zy,always_inline
trim-always-inline,release,0,563543,343,99,5225454,False,"[276, 90, 14, 0]",24,lib/tests/core/fact.zy,trim_always_inline
trim-always-inline,release,0,556047,343,99,5125292,False,"[276, 90, 14, 0]",25,lib/tests/core/fact.zy,trim
trim-always-inline,release,0,562001,343,99,5237920,False,"[276, 90, 14, 0]",25,lib/tests/core/fact.zy,always_inline
trim-always-inline,release,0,555499,343,99,5016751,False,"[276, 90, 14, 0]",25,lib/tests/core/fact.zy,trim_always_inline
trim-always-inline,release,0,560371,343,99,5075834,False,"[276, 90, 14, 0]",25,lib/tests/core/fact.zy,baseline
trim-always-inline,release,0,544920,343,99,4969868,False,"[276, 90, 14, 0]",26,lib/tests/core/fact.zy,always_inline
trim-always-inline,release,0,580458,343,99,5044002,False,"[276, 90, 14, 0]",26,lib/tests/core/fact.zy,trim_always_inline
trim-always-inline,release,0,560250,343,99,5133627,False,"[276, 90, 14, 0]",26,lib/tests/core/fact.zy,baseline
trim-always-inline,release,0,542665,343,99,4861838,False,"[276, 90, 14, 0]",26,lib/tests/core/fact.zy,trim
trim-always-inline,release,0,518414,343,99,4860539,False,"[276, 90, 14, 0]",27,lib/tests/core/fact.zy,trim_always_inline
trim-always-inline,release,0,547582,343,99,4902040,False,"[276, 90, 14, 0]",27,lib/tests/core/fact.zy,baseline
trim-always-inline,release,0,545324,343,99,4908422,False,"[276, 90, 14, 0]",27,lib/tests/core/fact.zy,trim
trim-always-inline,release,0,526753,343,99,4964669,False,"[276, 90, 14, 0]",27,lib/tests/core/fact.zy,always_inline
trim-always-inline,release,0,546251,343,99,5036331,False,"[276, 90, 14, 0]",28,lib/tests/core/fact.zy,baseline
trim-always-inline,release,0,540576,343,99,4914120,False,"[276, 90, 14, 0]",28,lib/tests/core/fact.zy,trim
trim-always-inline,release,0,539465,343,99,4906497,False,"[276, 90, 14, 0]",28,lib/tests/core/fact.zy,always_inline
trim-always-inline,release,0,520287,343,99,4807209,False,"[276, 90, 14, 0]",28,lib/tests/core/fact.zy,trim_always_inline
trim-always-inline,release,0,545789,343,99,4872210,False,"[276, 90, 14, 0]",29,lib/tests/core/fact.zy,trim
trim-always-inline,release,0,570498,343,99,4981628,False,"[276, 90, 14, 0]",29,lib/tests/core/fact.zy,always_inline
trim-always-inline,release,0,580709,343,99,5002750,False,"[276, 90, 14, 0]",29,lib/tests/core/fact.zy,trim_always_inline
trim-always-inline,release,0,551960,343,99,4914577,False,"[276, 90, 14, 0]",29,lib/tests/core/fact.zy,baseline
trim-always-inline,release,0,548542,343,99,4994788,False,"[276, 90, 14, 0]",30,lib/tests/core/fact.zy,always_inline
trim-always-inline,release,0,575953,343,99,5125333,False,"[276, 90, 14, 0]",30,lib/tests/core/fact.zy,trim_always_inline
trim-always-inline,release,0,622958,343,99,5374916,False,"[276, 90, 14, 0]",30,lib/tests/core/fact.zy,baseline
trim-always-inline,release,0,587405,343,99,5236965,False,"[276, 90, 14, 0]",30,lib/tests/core/fact.zy,trim
trim-always-inline,release,0,593461,343,99,5244831,False,"[276, 90, 14, 0]",31,lib/tests/core/fact.zy,trim_always_inline
trim-always-inline,release,0,555876,343,99,5175464,False,"[276, 90, 14, 0]",31,lib/tests/core/fact.zy,baseline
trim-always-inline,release,0,546621,343,99,5076753,False,"[276, 90, 14, 0]",31,lib/tests/core/fact.zy,trim
trim-always-inline,release,0,558541,343,99,5156544,False,"[276, 90, 14, 0]",31,lib/tests/core/fact.zy,always_inline
trim-always-inline,release,0,642046,343,106,5226667,True,"[265, 89, 14, 13]",0,lib/tests/core/fact.zy,baseline
trim-always-inline,release,0,620998,343,106,5278543,True,"[265, 89, 14, 13]",0,lib/tests/core/fact.zy,trim
trim-always-inline,release,0,613459,343,106,5145629,True,"[265, 89, 14, 13]",0,lib/tests/core/fact.zy,always_inline
trim-always-inline,release,0,592871,343,106,5172333,True,"[265, 89, 14, 13]",0,lib/tests/core/fact.zy,trim_always_inline
trim-always-inline,release,0,605255,343,106,5124918,True,"[265, 89, 14, 13]",1,lib/tests/core/fact.zy,trim
trim-always-inline,release,0,606539,343,106,5184668,True,"[265, 89, 14, 13]",1,lib/tests/core/fact.zy,always_inline
trim-always-inline,release,0,614790,343,106,5219333,True,"[265, 89, 14, 13]",1,lib/tests/core/fact.zy,trim_always_inline
trim-always-inline,release,0,557459,343,106,5182877,True,"[265, 89, 14, 13]",1,lib/tests/core/fact.zy,baseline
trim-always-inline,release,0,566210,343,106,5204418,True,"[265, 89, 14, 13]",2,lib/tests/core/fact.zy,always_inline
trim-always-inline,release,0,583086,343,106,5159040,True,"[265, 89, 14, 13]",2,lib/tests/core/fact.zy,trim_always_inline
trim-always-inline,release,0,589462,343,106,5205869,True,"[265, 89, 14, 13]",2,lib/tests/core/fact.zy,baseline
trim-always-inline,release,0,586955,343,106,5109699,True,"[265, 89, 14, 13]",2,lib/tests/core/fact.zy,trim
trim-always-inline,release,0,593629,343,106,5243286,True,"[265, 89, 14, 13]",3,lib/tests/core/fact.zy,trim_always_inline
trim-always-inline,release,0,553212,343,106,5104871,True,"[265, 89, 14, 13]",3,lib/tests/core/fact.zy,baseline
trim-always-inline,release,0,577753,343,106,5073085,True,"[265, 89, 14, 13]",3,lib/tests/core/fact.zy,trim
trim-always-inline,release,0,582787,343,106,5273417,True,"[265, 89, 14, 13]",3,lib/tests/core/fact.zy,always_inline
trim-always-inline,release,0,586620,343,106,5327330,True,"[265, 89, 14, 13]",4,lib/tests/core/fact.zy,baseline
trim-always-inline,release,0,573122,343,106,5166291,True,"[265, 89, 14, 13]",4,lib/tests/core/fact.zy,trim
trim-always-inline,release,0,588206,343,106,5347205,True,"[265, 89, 14, 13]",4,lib/tests/core/fact.zy,always_inline
trim-always-inline,release,0,628085,343,106,5439459,True,"[265, 89, 14, 13]",4,lib/tests/core/fact.zy,trim_always_inline
trim-always-inline,release,0,631077,343,106,5254626,True,"[265, 89, 14, 13]",5,lib/tests/core/fact.zy,trim
trim-always-inline,release,0,580206,343,106,5262419,True,"[265, 89, 14, 13]",5,lib/tests/core/fact.zy,always_inline
trim-always-inline,release,0,575494,343,106,5349877,True,"[265, 89, 14, 13]",5,lib/tests/core/fact.zy,trim_always_inline
trim-always-inline,release,0,582706,343,106,5401213,True,"[265, 89, 14, 13]",5,lib/tests/core/fact.zy,baseline
trim-always-inline,release,0,633499,343,106,5563286,True,"[265, 89, 14, 13]",6,lib/tests/core/fact.zy,always_inline
trim-always-inline,release,0,592665,343,106,5245665,True,"[265, 89, 14, 13]",6,lib/tests/core/fact.zy,trim_always_inline
trim-always-inline,release,0,582039,343,106,5283252,True,"[265, 89, 14, 13]",6,lib/tests/core/fact.zy,baseline
trim-always-inline,release,0,586420,343,106,5373084,True,"[265, 89, 14, 13]",6,lib/tests/core/fact.zy,trim
trim-always-inline,release,0,572923,343,106,5281583,True,"[265, 89, 14, 13]",7,lib/tests/core/fact.zy,trim_always_inline
trim-always-inline,release,0,566292,343,106,5149454,True,"[265, 89, 14, 13]",7,lib/tests/core/fact.zy,baseline
trim-always-inline,release,0,580755,343,106,5173330,True,"[265, 89, 14, 13]",7,lib/tests/core/fact.zy,trim
trim-always-inline,release,0,589546,343,106,5269750,True,"[265, 89, 14, 13]",7,lib/tests/core/fact.zy,always_inline
trim-always-inline,release,0,585251,343,106,5151008,True,"[265, 89, 14, 13]",8,lib/tests/core/fact.zy,baseline
trim-always-inline,release,0,573578,343,106,5077288,True,"[265, 89, 14, 13]",8,lib/tests/core/fact.zy,trim
trim-always-inline,release,0,572375,343,106,5180252,True,"[265, 89, 14, 13]",8,lib/tests/core/fact.zy,always_inline
trim-always-inline,release,0,590462,343,106,5227329,True,"[265, 89, 14, 13]",8,lib/tests/core/fact.zy,trim_always_inline
trim-always-inline,release,0,549493,343,106,5101838,True,"[265, 89, 14, 13]",9,lib/tests/core/fact.zy,trim
trim-always-inline,release,0,569039,343,106,5246799,True,"[265, 89, 14, 13]",9,lib/tests/core/fact.zy,always_inline
trim-always-inline,release,0,575003,343,106,5215876,True,"[265, 89, 14, 13]",9,lib/tests/core/fact.zy,trim_always_inline
trim-always-inline,release,0,583458,343,106,5136666,True,"[265, 89, 14, 13]",9,lib/tests/core/fact.zy,baseline
trim-always-inline,release,0,590702,343,106,5187003,True,"[265, 89, 14, 13]",10,lib/tests/core/fact.zy,always_inline
trim-always-inline,release,0,567418,343,106,5061956,True,"[265, 89, 14, 13]",10,lib/tests/core/fact.zy,trim_always_inline
trim-always-inline,release,0,575627,343,106,5149708,True,"[265, 89, 14, 13]",10,lib/tests/core/fact.zy,baseline
trim-always-inline,release,0,584411,343,106,5253204,True,"[265, 89, 14, 13]",10,lib/tests/core/fact.zy,trim
trim-always-inline,release,0,620962,343,106,5383920,True,"[265, 89, 14, 13]",11,lib/tests/core/fact.zy,trim_always_inline
trim-always-inline,release,0,588628,343,106,5392327,True,"[265, 89, 14, 13]",11,lib/tests/core/fact.zy,baseline
trim-always-inline,release,0,639130,343,106,5329128,True,"[265, 89, 14, 13]",11,lib/tests/core/fact.zy,trim
trim-always-inline,release,0,587630,343,106,5238129,True,"[265, 89, 14, 13]",11,lib/tests/core/fact.zy,always_inline
trim-always-inline,release,0,589497,343,106,5315207,True,"[265, 89, 14, 13]",12,lib/tests/core/fact.zy,baseline
trim-always-inline,release,0,569496,343,106,5216755,True,"[265, 89, 14, 13]",12,lib/tests/core/fact.zy,trim
trim-always-inline,release,0,648077,343,106,5619499,True,"[265, 89, 14, 13]",12,lib/tests/core/fact.zy,always_inline
trim-always-inline,release,0,603924,343,106,5241959,True,"[265, 89, 14, 13]",12,lib/tests/core/fact.zy,trim_always_inline
trim-always-inline,release,0,591877,343,106,5342625,True,"[265, 89, 14, 13]",13,lib/tests/core/fact.zy,trim
trim-always-inline,release,0,561450,343,106,5244465,True,"[265, 89, 14, 13]",13,lib/tests/core/fact.zy,always_inline
trim-always-inline,release,0,562209,343,106,5340624,True,"[265, 89, 14, 13]",13,lib/tests/core/fact.zy,trim_always_inline
trim-always-inline,release,0,580949,343,106,5246046,True,"[265, 89, 14, 13]",13,lib/tests/core/fact.zy,baseline
trim-always-inline,release,0,589662,343,106,5196127,True,"[265, 89, 14, 13]",14,lib/tests/core/fact.zy,always_inline
trim-always-inline,release,0,588075,343,106,5133257,True,"[265, 89, 14, 13]",14,lib/tests/core/fact.zy,trim_always_inline
trim-always-inline,release,0,598129,343,106,5275999,True,"[265, 89, 14, 13]",14,lib/tests/core/fact.zy,baseline
trim-always-inline,release,0,580707,343,106,5192092,True,"[265, 89, 14, 13]",14,lib/tests/core/fact.zy,trim
trim-always-inline,release,0,548663,343,106,5114164,True,"[265, 89, 14, 13]",15,lib/tests/core/fact.zy,trim_always_inline
trim-always-inline,release,0,550754,343,106,5117201,True,"[265, 89, 14, 13]",15,lib/tests/core/fact.zy,baseline
trim-always-inline,release,0,569668,343,106,5196290,True,"[265, 89, 14, 13]",15,lib/tests/core/fact.zy,trim
trim-always-inline,release,0,583741,343,106,5299211,True,"[265, 89, 14, 13]",15,lib/tests/core/fact.zy,always_inline
trim-always-inline,release,0,561370,343,106,5139580,True,"[265, 89, 14, 13]",16,lib/tests/core/fact.zy,baseline
trim-always-inline,release,0,555170,343,106,5038750,True,"[265, 89, 14, 13]",16,lib/tests/core/fact.zy,trim
trim-always-inline,release,0,572417,343,106,5122500,True,"[265, 89, 14, 13]",16,lib/tests/core/fact.zy,always_inline
trim-always-inline,release,0,609832,343,106,5210670,True,"[265, 89, 14, 13]",16,lib/tests/core/fact.zy,trim_always_inline
trim-always-inline,release,0,624504,343,106,5542417,True,"[265, 89, 14, 13]",17,lib/tests/core/fact.zy,trim
trim-always-inline,release,0,611629,343,106,5618208,True,"[265, 89, 14, 13]",17,lib/tests/core/fact.zy,always_inline
trim-always-inline,release,0,578168,343,106,5273463,True,"[265, 89, 14, 13]",17,lib/tests/core/fact.zy,trim_always_inline
trim-always-inline,release,0,562836,343,106,5148419,True,"[265, 89, 14, 13]",17,lib/tests/core/fact.zy,baseline
trim-always-inline,release,0,567492,343,106,5228211,True,"[265, 89, 14, 13]",18,lib/tests/core/fact.zy,always_inline
trim-always-inline,release,0,606292,343,106,5347753,True,"[265, 89, 14, 13]",18,lib/tests/core/fact.zy,trim_always_inline
trim-always-inline,release,0,612997,343,106,5351335,True,"[265, 89, 14, 13]",18,lib/tests/core/fact.zy,baseline
trim-always-inline,release,0,572879,343,106,5162175,True,"[265, 89, 14, 13]",18,lib/tests/core/fact.zy,trim
trim-always-inline,release,0,581045,343,106,5206172,True,"[265, 89, 14, 13]",19,lib/tests/core/fact.zy,trim_always_inline
trim-always-inline,release,0,609377,343,106,5266750,True,"[265, 89, 14, 13]",19,lib/tests/core/fact.zy,baseline
trim-always-inline,release,0,587716,343,106,5269877,True,"[265, 89, 14, 13]",19,lib/tests/core/fact.zy,trim
trim-always-inline,release,0,583751,343,106,5248006,True,"[265, 89, 14, 13]",19,lib/tests/core/fact.zy,always_inline
trim-always-inline,release,0,581788,343,106,5203421,True,"[265, 89, 14, 13]",20,lib/tests/core/fact.zy,baseline
trim-always-inline,release,0,580290,343,106,5141287,True,"[265, 89, 14, 13]",20,lib/tests/core/fact.zy,trim
trim-always-inline,release,0,555375,343,106,5181831,True,"[265, 89, 14, 13]",20,lib/tests/core/fact.zy,always_inline
trim-always-inline,release,0,565252,343,106,5313078,True,"[265, 89, 14, 13]",20,lib/tests/core/fact.zy,trim_always_inline
trim-always-inline,release,0,579542,343,106,5153087,True,"[265, 89, 14, 13]",21,lib/tests/core/fact.zy,trim
trim-always-inline,release,0,573495,343,106,5229337,True,"[265, 89, 14, 13]",21,lib/tests/core/fact.zy,always_inline
trim-always-inline,release,0,580087,343,106,5370083,True,"[265, 89, 14, 13]",21,lib/tests/core/fact.zy,trim_always_inline
trim-always-inline,release,0,610962,343,106,5346087,True,"[265, 89, 14, 13]",21,lib/tests/core/fact.zy,baseline
trim-always-inline,release,0,579366,343,106,5218585,True,"[265, 89, 14, 13]",22,lib/tests/core/fact.zy,always_inline
trim-always-inline,release,0,567377,343,106,5202747,True,"[265, 89, 14, 13]",22,lib/tests/core/fact.zy,trim_always_inline
trim-always-inline,release,0,578423,343,106,5175793,True,"[265, 89, 14, 13]",22,lib/tests/core/fact.zy,baseline
trim-always-inline,release,0,593294,343,106,5055286,True,"[265, 89, 14, 13]",22,lib/tests/core/fact.zy,trim
trim-always-inline,release,0,572663,343,106,5139961,True,"[265, 89, 14, 13]",23,lib/tests/core/fact.zy,trim_always_inline
trim-always-inline,release,0,580203,343,106,5265837,True,"[265, 89, 14, 13]",23,lib/tests/core/fact.zy,baseline
trim-always-inline,release,0,585498,343,106,5289714,True,"[265, 89, 14, 13]",23,lib/tests/core/fact.zy,trim
trim-always-inline,release,0,582332,343,106,5340453,True,"[265, 89, 14, 13]",23,lib/tests/core/fact.zy,always_inline
trim-always-inline,release,0,571459,343,106,5306172,True,"[265, 89, 14, 13]",24,lib/tests/core/fact.zy,baseline
trim-always-inline,release,0,564249,343,106,5147587,True,"[265, 89, 14, 13]",24,lib/tests/core/fact.zy,trim
trim-always-inline,release,0,628786,343,106,5227341,True,"[265, 89, 14, 13]",24,lib/tests/core/fact.zy,always_inline
trim-always-inline,release,0,566709,343,106,5247999,True,"[265, 89, 14, 13]",24,lib/tests/core/fact.zy,trim_always_inline
trim-always-inline,release,0,571620,343,106,5242582,True,"[265, 89, 14, 13]",25,lib/tests/core/fact.zy,trim
trim-always-inline,release,0,600752,343,106,5278588,True,"[265, 89, 14, 13]",25,lib/tests/core/fact.zy,always_inline
trim-always-inline,release,0,565325,343,106,5167460,True,"[265, 89, 14, 13]",25,lib/tests/core/fact.zy,trim_always_inline
trim-always-inline,release,0,603002,343,106,5245961,True,"[265, 89, 14, 13]",25,lib/tests/core/fact.zy,baseline
trim-always-inline,release,0,576633,343,106,5235038,True,"[265, 89, 14, 13]",26,lib/tests/core/fact.zy,always_inline
trim-always-inline,release,0,566791,343,106,5222549,True,"[265, 89, 14, 13]",26,lib/tests/core/fact.zy,trim_always_inline
trim-always-inline,release,0,557583,343,106,5137798,True,"[265, 89, 14, 13]",26,lib/tests/core/fact.zy,baseline
trim-always-inline,release,0,566996,343,106,5059914,True,"[265, 89, 14, 13]",26,lib/tests/core/fact.zy,trim
trim-always-inline,release,0,579789,343,106,5247583,True,"[265, 89, 14, 13]",27,lib/tests/core/fact.zy,trim_always_inline
trim-always-inline,release,0,582540,343,106,5296580,True,"[265, 89, 14, 13]",27,lib/tests/core/fact.zy,baseline
trim-always-inline,release,0,573788,343,106,5171249,True,"[265, 89, 14, 13]",27,lib/tests/core/fact.zy,trim
trim-always-inline,release,0,568998,343,106,5104838,True,"[265, 89, 14, 13]",27,lib/tests/core/fact.zy,always_inline
trim-always-inline,release,0,577506,343,106,5258920,True,"[265, 89, 14, 13]",28,lib/tests/core/fact.zy,baseline
trim-always-inline,release,0,569547,343,106,5113163,True,"[265, 89, 14, 13]",28,lib/tests/core/fact.zy,trim
trim-always-inline,release,0,578832,343,106,5143665,True,"[265, 89, 14, 13]",28,lib/tests/core/fact.zy,always_inline
trim-always-inline,release,0,569339,343,106,5216412,True,"[265, 89, 14, 13]",28,lib/tests/core/fact.zy,trim_always_inline
trim-always-inline,release,0,563375,343,106,5103455,True,"[265, 89, 14, 13]",29,lib/tests/core/fact.zy,trim
trim-always-inline,release,0,559042,343,106,5069531,True,"[265, 89, 14, 13]",29,lib/tests/core/fact.zy,always_inline
trim-always-inline,release,0,623083,343,106,5263296,True,"[265, 89, 14, 13]",29,lib/tests/core/fact.zy,trim_always_inline
trim-always-inline,release,0,592584,343,106,5515369,True,"[265, 89, 14, 13]",29,lib/tests/core/fact.zy,baseline
trim-always-inline,release,0,698376,343,106,5549040,True,"[265, 89, 14, 13]",30,lib/tests/core/fact.zy,always_inline
trim-always-inline,release,0,616038,343,106,5299167,True,"[265, 89, 14, 13]",30,lib/tests/core/fact.zy,trim_always_inline
trim-always-inline,release,0,577291,343,106,5217835,True,"[265, 89, 14, 13]",30,lib/tests/core/fact.zy,baseline
trim-always-inline,release,0,607050,343,106,5378127,True,"[265, 89, 14, 13]",30,lib/tests/core/fact.zy,trim
trim-always-inline,release,0,595958,343,106,5210994,True,"[265, 89, 14, 13]",31,lib/tests/core/fact.zy,trim_always_inline
trim-always-inline,release,0,598371,343,106,5230413,True,"[265, 89, 14, 13]",31,lib/tests/core/fact.zy,baseline
trim-always-inline,release,0,601950,343,106,5187790,True,"[265, 89, 14, 13]",31,lib/tests/core/fact.zy,trim
trim-always-inline,release,0,581916,343,106,5257043,True,"[265, 89, 14, 13]",31,lib/tests/core/fact.zy,always_inline
trim-always-inline,release,0,59123,4,1024,294293,False,"[2, 0, 0, 0]",0,lib/tests/core/pattern-alias.zy,baseline
trim-always-inline,release,0,57617,4,1024,310130,False,"[2, 0, 0, 0]",0,lib/tests/core/pattern-alias.zy,trim
trim-always-inline,release,0,62449,4,1024,334545,False,"[2, 0, 0, 0]",0,lib/tests/core/pattern-alias.zy,always_inline
trim-always-inline,release,0,61866,4,1024,329862,False,"[2, 0, 0, 0]",0,lib/tests/core/pattern-alias.zy,trim_always_inline
trim-always-inline,release,0,58904,4,1024,316666,False,"[2, 0, 0, 0]",1,lib/tests/core/pattern-alias.zy,trim
trim-always-inline,release,0,61457,4,1024,340876,False,"[2, 0, 0, 0]",1,lib/tests/core/pattern-alias.zy,always_inline
trim-always-inline,release,0,57299,4,1024,309000,False,"[2, 0, 0, 0]",1,lib/tests/core/pattern-alias.zy,trim_always_inline
trim-always-inline,release,0,59701,4,1024,319417,False,"[2, 0, 0, 0]",1,lib/tests/core/pattern-alias.zy,baseline
trim-always-inline,release,0,66111,4,1024,348446,False,"[2, 0, 0, 0]",2,lib/tests/core/pattern-alias.zy,always_inline
trim-always-inline,release,0,63791,4,1024,303419,False,"[2, 0, 0, 0]",2,lib/tests/core/pattern-alias.zy,trim_always_inline
trim-always-inline,release,0,55057,4,1024,289374,False,"[2, 0, 0, 0]",2,lib/tests/core/pattern-alias.zy,baseline
trim-always-inline,release,0,54664,4,1024,301324,False,"[2, 0, 0, 0]",2,lib/tests/core/pattern-alias.zy,trim
trim-always-inline,release,0,58754,4,1024,309714,False,"[2, 0, 0, 0]",3,lib/tests/core/pattern-alias.zy,trim_always_inline
trim-always-inline,release,0,62839,4,1024,313040,False,"[2, 0, 0, 0]",3,lib/tests/core/pattern-alias.zy,baseline
trim-always-inline,release,0,58789,4,1024,315201,False,"[2, 0, 0, 0]",3,lib/tests/core/pattern-alias.zy,trim
trim-always-inline,release,0,58223,4,1024,317269,False,"[2, 0, 0, 0]",3,lib/tests/core/pattern-alias.zy,always_inline
trim-always-inline,release,0,58616,4,1024,314502,False,"[2, 0, 0, 0]",4,lib/tests/core/pattern-alias.zy,baseline
trim-always-inline,release,0,57377,4,1024,310594,False,"[2, 0, 0, 0]",4,lib/tests/core/pattern-alias.zy,trim
trim-always-inline,release,0,61326,4,1024,325196,False,"[2, 0, 0, 0]",4,lib/tests/core/pattern-alias.zy,always_inline
trim-always-inline,release,0,59095,4,1024,328293,False,"[2, 0, 0, 0]",4,lib/tests/core/pattern-alias.zy,trim_always_inline
trim-always-inline,release,0,57881,4,1024,318666,False,"[2, 0, 0, 0]",5,lib/tests/core/pattern-alias.zy,trim
trim-always-inline,release,0,62333,4,1024,330574,False,"[2, 0, 0, 0]",5,lib/tests/core/pattern-alias.zy,always_inline
trim-always-inline,release,0,58960,4,1024,338682,False,"[2, 0, 0, 0]",5,lib/tests/core/pattern-alias.zy,trim_always_inline
trim-always-inline,release,0,54763,4,1024,291733,False,"[2, 0, 0, 0]",5,lib/tests/core/pattern-alias.zy,baseline
trim-always-inline,release,0,57024,4,1024,307911,False,"[2, 0, 0, 0]",6,lib/tests/core/pattern-alias.zy,always_inline
trim-always-inline,release,0,54694,4,1024,305249,False,"[2, 0, 0, 0]",6,lib/tests/core/pattern-alias.zy,trim_always_inline
trim-always-inline,release,0,57013,4,1024,297378,False,"[2, 0, 0, 0]",6,lib/tests/core/pattern-alias.zy,baseline
trim-always-inline,release,0,55040,4,1024,307380,False,"[2, 0, 0, 0]",6,lib/tests/core/pattern-alias.zy,trim
trim-always-inline,release,0,56547,4,1024,315616,False,"[2, 0, 0, 0]",7,lib/tests/core/pattern-alias.zy,trim_always_inline
trim-always-inline,release,0,55954,4,1024,302623,False,"[2, 0, 0, 0]",7,lib/tests/core/pattern-alias.zy,baseline
trim-always-inline,release,0,55543,4,1024,309500,False,"[2, 0, 0, 0]",7,lib/tests/core/pattern-alias.zy,trim
trim-always-inline,release,0,61652,4,1024,330499,False,"[2, 0, 0, 0]",7,lib/tests/core/pattern-alias.zy,always_inline
trim-always-inline,release,0,66519,4,1024,318742,False,"[2, 0, 0, 0]",8,lib/tests/core/pattern-alias.zy,baseline
trim-always-inline,release,0,61921,4,1024,323037,False,"[2, 0, 0, 0]",8,lib/tests/core/pattern-alias.zy,trim
trim-always-inline,release,0,58198,4,1024,316290,False,"[2, 0, 0, 0]",8,lib/tests/core/pattern-alias.zy,always_inline
trim-always-inline,release,0,59368,4,1024,331916,False,"[2, 0, 0, 0]",8,lib/tests/core/pattern-alias.zy,trim_always_inline
trim-always-inline,release,0,56925,4,1024,319634,False,"[2, 0, 0, 0]",9,lib/tests/core/pattern-alias.zy,trim
trim-always-inline,release,0,60007,4,1024,334423,False,"[2, 0, 0, 0]",9,lib/tests/core/pattern-alias.zy,always_inline
trim-always-inline,release,0,64107,4,1024,340727,False,"[2, 0, 0, 0]",9,lib/tests/core/pattern-alias.zy,trim_always_inline
trim-always-inline,release,0,59488,4,1024,327944,False,"[2, 0, 0, 0]",9,lib/tests/core/pattern-alias.zy,baseline
trim-always-inline,release,0,61685,4,1024,327626,False,"[2, 0, 0, 0]",10,lib/tests/core/pattern-alias.zy,always_inline
trim-always-inline,release,0,63073,4,1024,333263,False,"[2, 0, 0, 0]",10,lib/tests/core/pattern-alias.zy,trim_always_inline
trim-always-inline,release,0,60555,4,1024,309997,False,"[2, 0, 0, 0]",10,lib/tests/core/pattern-alias.zy,baseline
trim-always-inline,release,0,57459,4,1024,329372,False,"[2, 0, 0, 0]",10,lib/tests/core/pattern-alias.zy,trim
trim-always-inline,release,0,61633,4,1024,329711,False,"[2, 0, 0, 0]",11,lib/tests/core/pattern-alias.zy,trim_always_inline
trim-always-inline,release,0,60955,4,1024,310954,False,"[2, 0, 0, 0]",11,lib/tests/core/pattern-alias.zy,baseline
trim-always-inline,release,0,60035,4,1024,319343,False,"[2, 0, 0, 0]",11,lib/tests/core/pattern-alias.zy,trim
trim-always-inline,release,0,61459,4,1024,325749,False,"[2, 0, 0, 0]",11,lib/tests/core/pattern-alias.zy,always_inline
trim-always-inline,release,0,63288,4,1024,314001,False,"[2, 0, 0, 0]",12,lib/tests/core/pattern-alias.zy,baseline
trim-always-inline,release,0,60741,4,1024,324354,False,"[2, 0, 0, 0]",12,lib/tests/core/pattern-alias.zy,trim
trim-always-inline,release,0,62108,4,1024,332508,False,"[2, 0, 0, 0]",12,lib/tests/core/pattern-alias.zy,always_inline
trim-always-inline,release,0,60763,4,1024,325171,False,"[2, 0, 0, 0]",12,lib/tests/core/pattern-alias.zy,trim_always_inline
trim-always-inline,release,0,64571,4,1024,331376,False,"[2, 0, 0, 0]",13,lib/tests/core/pattern-alias.zy,trim
trim-always-inline,release,0,61835,4,1024,328907,False,"[2, 0, 0, 0]",13,lib/tests/core/pattern-alias.zy,always_inline
trim-always-inline,release,0,61463,4,1024,323120,False,"[2, 0, 0, 0]",13,lib/tests/core/pattern-alias.zy,trim_always_inline
trim-always-inline,release,0,74957,4,1024,322121,False,"[2, 0, 0, 0]",13,lib/tests/core/pattern-alias.zy,baseline
trim-always-inline,release,0,56894,4,1024,309493,False,"[2, 0, 0, 0]",14,lib/tests/core/pattern-alias.zy,always_inline
trim-always-inline,release,0,55789,4,1024,304544,False,"[2, 0, 0, 0]",14,lib/tests/core/pattern-alias.zy,trim_always_inline
trim-always-inline,release,0,60418,4,1024,318598,False,"[2, 0, 0, 0]",14,lib/tests/core/pattern-alias.zy,baseline
trim-always-inline,release,0,54911,4,1024,302293,False,"[2, 0, 0, 0]",14,lib/tests/core/pattern-alias.zy,trim
trim-always-inline,release,0,54215,4,1024,304414,False,"[2, 0, 0, 0]",15,lib/tests/core/pattern-alias.zy,trim_always_inline
trim-always-inline,release,0,56541,4,1024,296545,False,"[2, 0, 0, 0]",15,lib/tests/core/pattern-alias.zy,baseline
trim-always-inline,release,0,60838,4,1024,310504,False,"[2, 0, 0, 0]",15,lib/tests/core/pattern-alias.zy,trim
trim-always-inline,release,0,61821,4,1024,331279,False,"[2, 0, 0, 0]",15,lib/tests/core/pattern-alias.zy,always_inline
trim-always-inline,release,0,58263,4,1024,299453,False,"[2, 0, 0, 0]",16,lib/tests/core/pattern-alias.zy,baseline
trim-always-inline,release,0,58128,4,1024,312037,False,"[2, 0, 0, 0]",16,lib/tests/core/pattern-alias.zy,trim
trim-always-inline,release,0,58925,4,1024,317971,False,"[2, 0, 0, 0]",16,lib/tests/core/pattern-alias.zy,always_inline
trim-always-inline,release,0,57492,4,1024,325208,False,"[2, 0, 0, 0]",16,lib/tests/core/pattern-alias.zy,trim_always_inline
trim-always-inline,release,0,58108,4,1024,314451,False,"[2, 0, 0, 0]",17,lib/tests/core/pattern-alias.zy,trim
trim-always-inline,release,0,60971,4,1024,328511,False,"[2, 0, 0, 0]",17,lib/tests/core/pattern-alias.zy,always_inline
trim-always-inline,release,0,59372,4,1024,320749,False,"[2, 0, 0, 0]",17,lib/tests/core/pattern-alias.zy,trim_always_inline
trim-always-inline,release,0,60325,4,1024,315787,False,"[2, 0, 0, 0]",17,lib/tests/core/pattern-alias.zy,baseline
trim-always-inline,release,0,66196,4,1024,339882,False,"[2, 0, 0, 0]",18,lib/tests/core/pattern-alias.zy,always_inline
trim-always-inline,release,0,59070,4,1024,323909,False,"[2, 0, 0, 0]",18,lib/tests/core/pattern-alias.zy,trim_always_inline
trim-always-inline,release,0,57025,4,1024,313875,False,"[2, 0, 0, 0]",18,lib/tests/core/pattern-alias.zy,baseline
trim-always-inline,release,0,56423,4,1024,319221,False,"[2, 0, 0, 0]",18,lib/tests/core/pattern-alias.zy,trim
trim-always-inline,release,0,59867,4,1024,325122,False,"[2, 0, 0, 0]",19,lib/tests/core/pattern-alias.zy,trim_always_inline
trim-always-inline,release,0,60010,4,1024,326371,False,"[2, 0, 0, 0]",19,lib/tests/core/pattern-alias.zy,baseline
trim-always-inline,release,0,64660,4,1024,330713,False,"[2, 0, 0, 0]",19,lib/tests/core/pattern-alias.zy,trim
trim-always-inline,release,0,60202,4,1024,325292,False,"[2, 0, 0, 0]",19,lib/tests/core/pattern-alias.zy,always_inline
trim-always-inline,release,0,60248,4,1024,338290,False,"[2, 0, 0, 0]",20,lib/tests/core/pattern-alias.zy,baseline
trim-always-inline,release,0,58915,4,1024,316550,False,"[2, 0, 0, 0]",20,lib/tests/core/pattern-alias.zy,trim
trim-always-inline,release,0,58917,4,1024,330135,False,"[2, 0, 0, 0]",20,lib/tests/core/pattern-alias.zy,always_inline
trim-always-inline,release,0,59822,4,1024,320244,False,"[2, 0, 0, 0]",20,lib/tests/core/pattern-alias.zy,trim_always_inline
trim-always-inline,release,0,59051,4,1024,316846,False,"[2, 0, 0, 0]",21,lib/tests/core/pattern-alias.zy,trim
trim-always-inline,release,0,59487,4,1024,324290,False,"[2, 0, 0, 0]",21,lib/tests/core/pattern-alias.zy,always_inline
trim-always-inline,release,0,61199,4,1024,326030,False,"[2, 0, 0, 0]",21,lib/tests/core/pattern-alias.zy,trim_always_inline
trim-always-inline,release,0,58787,4,1024,314718,False,"[2, 0, 0, 0]",21,lib/tests/core/pattern-alias.zy,baseline
trim-always-inline,release,0,61804,4,1024,336663,False,"[2, 0, 0, 0]",22,lib/tests/core/pattern-alias.zy,always_inline
trim-always-inline,release,0,59833,4,1024,333080,False,"[2, 0, 0, 0]",22,lib/tests/core/pattern-alias.zy,trim_always_inline
trim-always-inline,release,0,60004,4,1024,309956,False,"[2, 0, 0, 0]",22,lib/tests/core/pattern-alias.zy,baseline
trim-always-inline,release,0,59635,4,1024,313530,False,"[2, 0, 0, 0]",22,lib/tests/core/pattern-alias.zy,trim
trim-always-inline,release,0,57165,4,1024,305319,False,"[2, 0, 0, 0]",23,lib/tests/core/pattern-alias.zy,trim_always_inline
trim-always-inline,release,0,56912,4,1024,295041,False,"[2, 0, 0, 0]",23,lib/tests/core/pattern-alias.zy,baseline
trim-always-inline,release,0,55457,4,1024,301209,False,"[2, 0, 0, 0]",23,lib/tests/core/pattern-alias.zy,trim
trim-always-inline,release,0,60463,4,1024,321385,False,"[2, 0, 0, 0]",23,lib/tests/core/pattern-alias.zy,always_inline
trim-always-inline,release,0,57454,4,1024,310579,False,"[2, 0, 0, 0]",24,lib/tests/core/pattern-alias.zy,baseline
trim-always-inline,release,0,57378,4,1024,319004,False,"[2, 0, 0, 0]",24,lib/tests/core/pattern-alias.zy,trim
trim-always-inline,release,0,62683,4,1024,320671,False,"[2, 0, 0, 0]",24,lib/tests/core/pattern-alias.zy,always_inline
trim-always-inline,release,0,57121,4,1024,323995,False,"[2, 0, 0, 0]",24,lib/tests/core/pattern-alias.zy,trim_always_inline
trim-always-inline,release,0,59207,4,1024,329127,False,"[2, 0, 0, 0]",25,lib/tests/core/pattern-alias.zy,trim
trim-always-inline,release,0,61285,4,1024,319882,False,"[2, 0, 0, 0]",25,lib/tests/core/pattern-alias.zy,always_inline
trim-always-inline,release,0,60863,4,1024,319843,False,"[2, 0, 0, 0]",25,lib/tests/core/pattern-alias.zy,trim_always_inline
trim-always-inline,release,0,59495,4,1024,313047,False,"[2, 0, 0, 0]",25,lib/tests/core/pattern-alias.zy,baseline
trim-always-inline,release,0,62625,4,1024,331834,False,"[2, 0, 0, 0]",26,lib/tests/core/pattern-alias.zy,always_inline
trim-always-inline,release,0,62283,4,1024,341420,False,"[2, 0, 0, 0]",26,lib/tests/core/pattern-alias.zy,trim_always_inline
trim-always-inline,release,0,60418,4,1024,301462,False,"[2, 0, 0, 0]",26,lib/tests/core/pattern-alias.zy,baseline
trim-always-inline,release,0,60924,4,1024,318094,False,"[2, 0, 0, 0]",26,lib/tests/core/pattern-alias.zy,trim
trim-always-inline,release,0,65046,4,1024,333543,False,"[2, 0, 0, 0]",27,lib/tests/core/pattern-alias.zy,trim_always_inline
trim-always-inline,release,0,59261,4,1024,300459,False,"[2, 0, 0, 0]",27,lib/tests/core/pattern-alias.zy,baseline
trim-always-inline,release,0,58080,4,1024,317177,False,"[2, 0, 0, 0]",27,lib/tests/core/pattern-alias.zy,trim
trim-always-inline,release,0,64323,4,1024,330672,False,"[2, 0, 0, 0]",27,lib/tests/core/pattern-alias.zy,always_inline
trim-always-inline,release,0,61863,4,1024,314583,False,"[2, 0, 0, 0]",28,lib/tests/core/pattern-alias.zy,baseline
trim-always-inline,release,0,59287,4,1024,325173,False,"[2, 0, 0, 0]",28,lib/tests/core/pattern-alias.zy,trim
trim-always-inline,release,0,63451,4,1024,333062,False,"[2, 0, 0, 0]",28,lib/tests/core/pattern-alias.zy,always_inline
trim-always-inline,release,0,63086,4,1024,327246,False,"[2, 0, 0, 0]",28,lib/tests/core/pattern-alias.zy,trim_always_inline
trim-always-inline,release,0,61076,4,1024,326408,False,"[2, 0, 0, 0]",29,lib/tests/core/pattern-alias.zy,trim
trim-always-inline,release,0,61948,4,1024,329001,False,"[2, 0, 0, 0]",29,lib/tests/core/pattern-alias.zy,always_inline
trim-always-inline,release,0,62763,4,1024,330464,False,"[2, 0, 0, 0]",29,lib/tests/core/pattern-alias.zy,trim_always_inline
trim-always-inline,release,0,61046,4,1024,313038,False,"[2, 0, 0, 0]",29,lib/tests/core/pattern-alias.zy,baseline
trim-always-inline,release,0,62861,4,1024,329243,False,"[2, 0, 0, 0]",30,lib/tests/core/pattern-alias.zy,always_inline
trim-always-inline,release,0,61291,4,1024,325912,False,"[2, 0, 0, 0]",30,lib/tests/core/pattern-alias.zy,trim_always_inline
trim-always-inline,release,0,63003,4,1024,336326,False,"[2, 0, 0, 0]",30,lib/tests/core/pattern-alias.zy,baseline
trim-always-inline,release,0,61510,4,1024,332062,False,"[2, 0, 0, 0]",30,lib/tests/core/pattern-alias.zy,trim
trim-always-inline,release,0,94041,4,1024,422274,False,"[2, 0, 0, 0]",31,lib/tests/core/pattern-alias.zy,trim_always_inline
trim-always-inline,release,0,61745,4,1024,314852,False,"[2, 0, 0, 0]",31,lib/tests/core/pattern-alias.zy,baseline
trim-always-inline,release,0,64205,4,1024,320378,False,"[2, 0, 0, 0]",31,lib/tests/core/pattern-alias.zy,trim
trim-always-inline,release,0,62415,4,1024,332822,False,"[2, 0, 0, 0]",31,lib/tests/core/pattern-alias.zy,always_inline
trim-always-inline,release,0,83335,4,1024,318543,True,"[2, 0, 0, 1]",0,lib/tests/core/pattern-alias.zy,baseline
trim-always-inline,release,0,82835,4,1024,326490,True,"[2, 0, 0, 1]",0,lib/tests/core/pattern-alias.zy,trim
trim-always-inline,release,0,82974,4,1024,335876,True,"[2, 0, 0, 1]",0,lib/tests/core/pattern-alias.zy,always_inline
trim-always-inline,release,0,77421,4,1024,335085,True,"[2, 0, 0, 1]",0,lib/tests/core/pattern-alias.zy,trim_always_inline
trim-always-inline,release,0,81278,4,1024,330901,True,"[2, 0, 0, 1]",1,lib/tests/core/pattern-alias.zy,trim
trim-always-inline,release,0,82419,4,1024,338753,True,"[2, 0, 0, 1]",1,lib/tests/core/pattern-alias.zy,always_inline
trim-always-inline,release,0,98348,4,1024,411956,True,"[2, 0, 0, 1]",1,lib/tests/core/pattern-alias.zy,trim_always_inline
trim-always-inline,release,0,91646,4,1024,318038,True,"[2, 0, 0, 1]",1,lib/tests/core/pattern-alias.zy,baseline
trim-always-inline,release,0,79030,4,1024,330461,True,"[2, 0, 0, 1]",2,lib/tests/core/pattern-alias.zy,always_inline
trim-always-inline,release,0,80121,4,1024,331915,True,"[2, 0, 0, 1]",2,lib/tests/core/pattern-alias.zy,trim_always_inline
trim-always-inline,release,0,78253,4,1024,314451,True,"[2, 0, 0, 1]",2,lib/tests/core/pattern-alias.zy,baseline
trim-always-inline,release,0,78546,4,1024,325490,True,"[2, 0, 0, 1]",2,lib/tests/core/pattern-alias.zy,trim
trim-always-inline,release,0,82286,4,1024,335864,True,"[2, 0, 0, 1]",3,lib/tests/core/pattern-alias.zy,trim_always_inline
trim-always-inline,release,0,85506,4,1024,322452,True,"[2, 0, 0, 1]",3,lib/tests/core/pattern-alias.zy,baseline
trim-always-inline,release,0,83416,4,1024,332363,True,"[2, 0, 0, 1]",3,lib/tests/core/pattern-alias.zy,trim
trim-always-inline,release,0,84010,4,1024,343852,True,"[2, 0, 0, 1]",3,lib/tests/core/pattern-alias.zy,always_inline
trim-always-inline,release,0,82695,4,1024,325624,True,"[2, 0, 0, 1]",4,lib/tests/core/pattern-alias.zy,baseline
trim-always-inline,release,0,82390,4,1024,339579,True,"[2, 0, 0, 1]",4,lib/tests/core/pattern-alias.zy,trim
trim-always-inline,release,0,83663,4,1024,344666,True,"[2, 0, 0, 1]",4,lib/tests/core/pattern-alias.zy,always_inline
trim-always-inline,release,0,77438,4,1024,333503,True,"[2, 0, 0, 1]",4,lib/tests/core/pattern-alias.zy,trim_always_inline
trim-always-inline,release,0,79551,4,1024,318839,True,"[2, 0, 0, 1]",5,lib/tests/core/pattern-alias.zy,trim
trim-always-inline,release,0,87767,4,1024,325694,True,"[2, 0, 0, 1]",5,lib/tests/core/pattern-alias.zy,always_inline
trim-always-inline,release,0,77822,4,1024,318896,True,"[2, 0, 0, 1]",5,lib/tests/core/pattern-alias.zy,trim_always_inline
trim-always-inline,release,0,79840,4,1024,311341,True,"[2, 0, 0, 1]",5,lib/tests/core/pattern-alias.zy,baseline
trim-always-inline,release,0,81853,4,1024,336134,True,"[2, 0, 0, 1]",6,lib/tests/core/pattern-alias.zy,always_inline
trim-always-inline,release,0,76408,4,1024,341480,True,"[2, 0, 0, 1]",6,lib/tests/core/pattern-alias.zy,trim_always_inline
trim-always-inline,release,0,78736,4,1024,309840,True,"[2, 0, 0, 1]",6,lib/tests/core/pattern-alias.zy,baseline
trim-always-inline,release,0,80768,4,1024,322689,True,"[2, 0, 0, 1]",6,lib/tests/core/pattern-alias.zy,trim
trim-always-inline,release,0,80282,4,1024,324013,True,"[2, 0, 0, 1]",7,lib/tests/core/pattern-alias.zy,trim_always_inline
trim-always-inline,release,0,82771,4,1024,322040,True,"[2, 0, 0, 1]",7,lib/tests/core/pattern-alias.zy,baseline
trim-always-inline,release,0,82838,4,1024,338541,True,"[2, 0, 0, 1]",7,lib/tests/core/pattern-alias.zy,trim
trim-always-inline,release,0,80695,4,1024,336662,True,"[2, 0, 0, 1]",7,lib/tests/core/pattern-alias.zy,always_inline
trim-always-inline,release,0,81708,4,1024,315719,True,"[2, 0, 0, 1]",8,lib/tests/core/pattern-alias.zy,baseline
trim-always-inline,release,0,79325,4,1024,328357,True,"[2, 0, 0, 1]",8,lib/tests/core/pattern-alias.zy,trim
trim-always-inline,release,0,80489,4,1024,333949,True,"[2, 0, 0, 1]",8,lib/tests/core/pattern-alias.zy,always_inline
trim-always-inline,release,0,77144,4,1024,332066,True,"[2, 0, 0, 1]",8,lib/tests/core/pattern-alias.zy,trim_always_inline
trim-always-inline,release,0,78580,4,1024,325816,True,"[2, 0, 0, 1]",9,lib/tests/core/pattern-alias.zy,trim
trim-always-inline,release,0,81632,4,1024,334898,True,"[2, 0, 0, 1]",9,lib/tests/core/pattern-alias.zy,always_inline
trim-always-inline,release,0,78854,4,1024,334089,True,"[2, 0, 0, 1]",9,lib/tests/core/pattern-alias.zy,trim_always_inline
trim-always-inline,release,0,80596,4,1024,320465,True,"[2, 0, 0, 1]",9,lib/tests/core/pattern-alias.zy,baseline
trim-always-inline,release,0,81806,4,1024,340804,True,"[2, 0, 0, 1]",10,lib/tests/core/pattern-alias.zy,always_inline
trim-always-inline,release,0,79761,4,1024,345332,True,"[2, 0, 0, 1]",10,lib/tests/core/pattern-alias.zy,trim_always_inline
trim-always-inline,release,0,82647,4,1024,326048,True,"[2, 0, 0, 1]",10,lib/tests/core/pattern-alias.zy,baseline
trim-always-inline,release,0,78588,4,1024,340115,True,"[2, 0, 0, 1]",10,lib/tests/core/pattern-alias.zy,trim
trim-always-inline,release,0,74805,4,1024,321068,True,"[2, 0, 0, 1]",11,lib/tests/core/pattern-alias.zy,trim_always_inline
trim-always-inline,release,0,79008,4,1024,316002,True,"[2, 0, 0, 1]",11,lib/tests/core/pattern-alias.zy,baseline
trim-always-inline,release,0,80638,4,1024,328583,True,"[2, 0, 0, 1]",11,lib/tests/core/pattern-alias.zy,trim
trim-always-inline,release,0,82682,4,1024,340517,True,"[2, 0, 0, 1]",11,lib/tests/core/pattern-alias.zy,always_inline
trim-always-inline,release,0,81341,4,1024,322193,True,"[2, 0, 0, 1]",12,lib/tests/core/pattern-alias.zy,baseline
trim-always-inline,release,0,80202,4,1024,327249,True,"[2, 0, 0, 1]",12,lib/tests/core/pattern-alias.zy,trim
trim-always-inline,release,0,83574,4,1024,336645,True,"[2, 0, 0, 1]",12,lib/tests/core/pattern-alias.zy,always_inline
trim-always-inline,release,0,76954,4,1024,336668,True,"[2, 0, 0, 1]",12,lib/tests/core/pattern-alias.zy,trim_always_inline
trim-always-inline,release,0,80931,4,1024,328934,True,"[2, 0, 0, 1]",13,lib/tests/core/pattern-alias.zy,trim
trim-always-inline,release,0,82134,4,1024,339047,True,"[2, 0, 0, 1]",13,lib/tests/core/pattern-alias.zy,always_inline
trim-always-inline,release,0,80094,4,1024,337304,True,"[2, 0, 0, 1]",13,lib/tests/core/pattern-alias.zy,trim_always_inline
trim-always-inline,release,0,83206,4,1024,323639,True,"[2, 0, 0, 1]",13,lib/tests/core/pattern-alias.zy,baseline
trim-always-inline,release,0,83677,4,1024,338708,True,"[2, 0, 0, 1]",14,lib/tests/core/pattern-alias.zy,always_inline
trim-always-inline,release,0,78235,4,1024,351157,True,"[2, 0, 0, 1]",14,lib/tests/core/pattern-alias.zy,trim_always_inline
trim-always-inline,release,0,77934,4,1024,313546,True,"[2, 0, 0, 1]",14,lib/tests/core/pattern-alias.zy,baseline
trim-always-inline,release,0,76972,4,1024,322332,True,"[2, 0, 0, 1]",14,lib/tests/core/pattern-alias.zy,trim
trim-always-inline,release,0,79241,4,1024,321071,True,"[2, 0, 0, 1]",15,lib/tests/core/pattern-alias.zy,trim_always_inline
trim-always-inline,release,0,89487,4,1024,359496,True,"[2, 0, 0, 1]",15,lib/tests/core/pattern-alias.zy,baseline
trim-always-inline,release,0,87453,4,1024,342758,True,"[2, 0, 0, 1]",15,lib/tests/core/pattern-alias.zy,trim
trim-always-inline,release,0,88824,4,1024,340375,True,"[2, 0, 0, 1]",15,lib/tests/core/pattern-alias.zy,always_inline
trim-always-inline,release,0,75270,4,1024,300863,True,"[2, 0, 0, 1]",16,lib/tests/core/pattern-alias.zy,baseline
trim-always-inline,release,0,83341,4,1024,339045,True,"[2, 0, 0, 1]",16,lib/tests/core/pattern-alias.zy,trim
trim-always-inline,release,0,76139,4,1024,316017,True,"[2, 0, 0, 1]",16,lib/tests/core/pattern-alias.zy,always_inline
trim-always-inline,release,0,89108,4,1024,332225,True,"[2, 0, 0, 1]",16,lib/tests/core/pattern-alias.zy,trim_always_inline
trim-always-inline,release,0,81630,4,1024,333008,True,"[2, 0, 0, 1]",17,lib/tests/core/pattern-alias.zy,trim
trim-always-inline,release,0,77947,4,1024,324626,True,"[2, 0, 0, 1]",17,lib/tests/core/pattern-alias.zy,always_inline
trim-always-inline,release,0,76022,4,1024,344274,True,"[2, 0, 0, 1]",17,lib/tests/core/pattern-alias.zy,trim_always_inline
trim-always-inline,release,0,78775,4,1024,307755,True,"[2, 0, 0, 1]",17,lib/tests/core/pattern-alias.zy,baseline
trim-always-inline,release,0,78929,4,1024,326716,True,"[2, 0, 0, 1]",18,lib/tests/core/pattern-alias.zy,always_inline
trim-always-inline,release,0,78444,4,1024,334597,True,"[2, 0, 0, 1]",18,lib/tests/core/pattern-alias.zy,trim_always_inline
trim-always-inline,release,0,93876,4,1024,322876,True,"[2, 0, 0, 1]",18,lib/tests/core/pattern-alias.zy,baseline
trim-always-inline,release,0,82587,4,1024,335067,True,"[2, 0, 0, 1]",18,lib/tests/core/pattern-alias.zy,trim
trim-always-inline,release,0,79892,4,1024,335673,True,"[2, 0, 0, 1]",19,lib/tests/core/pattern-alias.zy,trim_always_inline
trim-always-inline,release,0,81669,4,1024,318324,True,"[2, 0, 0, 1]",19,lib/tests/core/pattern-alias.zy,baseline
trim-always-inline,release,0,82351,4,1024,386638,True,"[2, 0, 0, 1]",19,lib/tests/core/pattern-alias.zy,trim
trim-always-inline,release,0,79372,4,1024,325906,True,"[2, 0, 0, 1]",19,lib/tests/core/pattern-alias.zy,always_inline
trim-always-inline,release,0,94121,4,1024,329637,True,"[2, 0, 0, 1]",20,lib/tests/core/pattern-alias.zy,baseline
trim-always-inline,release,0,78326,4,1024,327202,True,"[2, 0, 0, 1]",20,lib/tests/core/pattern-alias.zy,trim
trim-always-inline,release,0,80588,4,1024,333418,True,"[2, 0, 0, 1]",20,lib/tests/core/pattern-alias.zy,always_inline
trim-always-inline,release,0,73050,4,1024,328794,True,"[2, 0, 0, 1]",20,lib/tests/core/pattern-alias.zy,trim_always_inline
trim-always-inline,release,0,79573,4,1024,318334,True,"[2, 0, 0, 1]",21,lib/tests/core/pattern-alias.zy,trim
trim-always-inline,release,0,78666,4,1024,316621,True,"[2, 0, 0, 1]",21,lib/tests/core/pattern-alias.zy,always_inline
trim-always-inline,release,0,72503,4,1024,328409,True,"[2, 0, 0, 1]",21,lib/tests/core/pattern-alias.zy,trim_always_inline
trim-always-inline,release,0,79593,4,1024,311678,True,"[2, 0, 0, 1]",21,lib/tests/core/pattern-alias.zy,baseline
trim-always-inline,release,0,81449,4,1024,336044,True,"[2, 0, 0, 1]",22,lib/tests/core/pattern-alias.zy,always_inline
trim-always-inline,release,0,72605,4,1024,333336,True,"[2, 0, 0, 1]",22,lib/tests/core/pattern-alias.zy,trim_always_inline
trim-always-inline,release,0,71322,4,1024,295421,True,"[2, 0, 0, 1]",22,lib/tests/core/pattern-alias.zy,baseline
trim-always-inline,release,0,72736,4,1024,327200,True,"[2, 0, 0, 1]",22,lib/tests/core/pattern-alias.zy,trim
trim-always-inline,release,0,83870,4,1024,330110,True,"[2, 0, 0, 1]",23,lib/tests/core/pattern-alias.zy,trim_always_inline
trim-always-inline,release,0,80595,4,1024,320335,True,"[2, 0, 0, 1]",23,lib/tests/core/pattern-alias.zy,baseline
trim-always-inline,release,0,83628,4,1024,322007,True,"[2, 0, 0, 1]",23,lib/tests/core/pattern-alias.zy,trim
trim-always-inline,release,0,85541,4,1024,344251,True,"[2, 0, 0, 1]",23,lib/tests/core/pattern-alias.zy,always_inline
trim-always-inline,release,0,83425,4,1024,316492,True,"[2, 0, 0, 1]",24,lib/tests/core/pattern-alias.zy,baseline
trim-always-inline,release,0,80043,4,1024,322328,True,"[2, 0, 0, 1]",24,lib/tests/core/pattern-alias.zy,trim
trim-always-inline,release,0,77778,4,1024,315565,True,"[2, 0, 0, 1]",24,lib/tests/core/pattern-alias.zy,always_inline
trim-always-inline,release,0,73592,4,1024,320408,True,"[2, 0, 0, 1]",24,lib/tests/core/pattern-alias.zy,trim_always_inline
trim-always-inline,release,0,77166,4,1024,316542,True,"[2, 0, 0, 1]",25,lib/tests/core/pattern-alias.zy,trim
trim-always-inline,release,0,77215,4,1024,331784,True,"[2, 0, 0, 1]",25,lib/tests/core/pattern-alias.zy,always_inline
trim-always-inline,release,0,72592,4,1024,321291,True,"[2, 0, 0, 1]",25,lib/tests/core/pattern-alias.zy,trim_always_inline
trim-always-inline,release,0,77803,4,1024,322208,True,"[2, 0, 0, 1]",25,lib/tests/core/pattern-alias.zy,baseline
trim-always-inline,release,0,84712,4,1024,332480,True,"[2, 0, 0, 1]",26,lib/tests/core/pattern-alias.zy,always_inline
trim-always-inline,release,0,75370,4,1024,339780,True,"[2, 0, 0, 1]",26,lib/tests/core/pattern-alias.zy,trim_always_inline
trim-always-inline,release,0,78144,4,1024,338251,True,"[2, 0, 0, 1]",26,lib/tests/core/pattern-alias.zy,baseline
trim-always-inline,release,0,72955,4,1024,310663,True,"[2, 0, 0, 1]",26,lib/tests/core/pattern-alias.zy,trim
trim-always-inline,release,0,72876,4,1024,314957,True,"[2, 0, 0, 1]",27,lib/tests/core/pattern-alias.zy,trim_always_inline
trim-always-inline,release,0,75822,4,1024,328617,True,"[2, 0, 0, 1]",27,lib/tests/core/pattern-alias.zy,baseline
trim-always-inline,release,0,70304,4,1024,323256,True,"[2, 0, 0, 1]",27,lib/tests/core/pattern-alias.zy,trim
trim-always-inline,release,0,72125,4,1024,315528,True,"[2, 0, 0, 1]",27,lib/tests/core/pattern-alias.zy,always_inline
trim-always-inline,release,0,77499,4,1024,324005,True,"[2, 0, 0, 1]",28,lib/tests/core/pattern-alias.zy,baseline
trim-always-inline,release,0,74251,4,1024,314993,True,"[2, 0, 0, 1]",28,lib/tests/core/pattern-alias.zy,trim
trim-always-inline,release,0,75794,4,1024,333822,True,"[2, 0, 0, 1]",28,lib/tests/core/pattern-alias.zy,always_inline
trim-always-inline,release,0,71355,4,1024,325536,True,"[2, 0, 0, 1]",28,lib/tests/core/pattern-alias.zy,trim_always_inline
trim-always-inline,release,0,75359,4,1024,322641,True,"[2, 0, 0, 1]",29,lib/tests/core/pattern-alias.zy,trim
trim-always-inline,release,0,72430,4,1024,330274,True,"[2, 0, 0, 1]",29,lib/tests/core/pattern-alias.zy,always_inline
trim-always-inline,release,0,87415,4,1024,339316,True,"[2, 0, 0, 1]",29,lib/tests/core/pattern-alias.zy,trim_always_inline
trim-always-inline,release,0,78710,4,1024,308988,True,"[2, 0, 0, 1]",29,lib/tests/core/pattern-alias.zy,baseline
trim-always-inline,release,0,76328,4,1024,314886,True,"[2, 0, 0, 1]",30,lib/tests/core/pattern-alias.zy,always_inline
trim-always-inline,release,0,73503,4,1024,315876,True,"[2, 0, 0, 1]",30,lib/tests/core/pattern-alias.zy,trim_always_inline
trim-always-inline,release,0,84250,4,1024,320883,True,"[2, 0, 0, 1]",30,lib/tests/core/pattern-alias.zy,baseline
trim-always-inline,release,0,80079,4,1024,334018,True,"[2, 0, 0, 1]",30,lib/tests/core/pattern-alias.zy,trim
trim-always-inline,release,0,81926,4,1024,323905,True,"[2, 0, 0, 1]",31,lib/tests/core/pattern-alias.zy,trim_always_inline
trim-always-inline,release,0,79179,4,1024,303853,True,"[2, 0, 0, 1]",31,lib/tests/core/pattern-alias.zy,baseline
trim-always-inline,release,0,80446,4,1024,326673,True,"[2, 0, 0, 1]",31,lib/tests/core/pattern-alias.zy,trim
trim-always-inline,release,0,80643,4,1024,328805,True,"[2, 0, 0, 1]",31,lib/tests/core/pattern-alias.zy,always_inline
trim-always-inline,release,0,638784,135,289,5133335,False,"[104, 26, 8, 0]",0,lib/tests/core/native-frames.zy,baseline
trim-always-inline,release,0,573873,135,289,4913919,False,"[104, 26, 8, 0]",0,lib/tests/core/native-frames.zy,trim
trim-always-inline,release,0,577659,135,289,5080962,False,"[104, 26, 8, 0]",0,lib/tests/core/native-frames.zy,always_inline
trim-always-inline,release,0,595621,135,289,4930532,False,"[104, 26, 8, 0]",0,lib/tests/core/native-frames.zy,trim_always_inline
trim-always-inline,release,0,615327,135,289,4917917,False,"[104, 26, 8, 0]",1,lib/tests/core/native-frames.zy,trim
trim-always-inline,release,0,630384,135,289,4991625,False,"[104, 26, 8, 0]",1,lib/tests/core/native-frames.zy,always_inline
trim-always-inline,release,0,559879,135,289,4754299,False,"[104, 26, 8, 0]",1,lib/tests/core/native-frames.zy,trim_always_inline
trim-always-inline,release,0,559912,135,289,5096582,False,"[104, 26, 8, 0]",1,lib/tests/core/native-frames.zy,baseline
trim-always-inline,release,0,627623,135,289,5000620,False,"[104, 26, 8, 0]",2,lib/tests/core/native-frames.zy,always_inline
trim-always-inline,release,0,636713,135,289,5073573,False,"[104, 26, 8, 0]",2,lib/tests/core/native-frames.zy,trim_always_inline
trim-always-inline,release,0,603738,135,289,5258242,False,"[104, 26, 8, 0]",2,lib/tests/core/native-frames.zy,baseline
trim-always-inline,release,0,570255,135,289,4848171,False,"[104, 26, 8, 0]",2,lib/tests/core/native-frames.zy,trim
trim-always-inline,release,0,616417,135,289,4930047,False,"[104, 26, 8, 0]",3,lib/tests/core/native-frames.zy,trim_always_inline
trim-always-inline,release,0,590180,135,289,5100838,False,"[104, 26, 8, 0]",3,lib/tests/core/native-frames.zy,baseline
trim-always-inline,release,0,574484,135,289,4793837,False,"[104, 26, 8, 0]",3,lib/tests/core/native-frames.zy,trim
trim-always-inline,release,0,571706,135,289,5124623,False,"[104, 26, 8, 0]",3,lib/tests/core/native-frames.zy,always_inline
trim-always-inline,release,0,615873,135,289,5231369,False,"[104, 26, 8, 0]",4,lib/tests/core/native-frames.zy,baseline
trim-always-inline,release,0,643414,135,289,5180163,False,"[104, 26, 8, 0]",4,lib/tests/core/native-frames.zy,trim
trim-always-inline,release,0,648297,135,289,5233283,False,"[104, 26, 8, 0]",4,lib/tests/core/native-frames.zy,always_inline
trim-always-inline,release,0,587715,135,289,4945871,False,"[104, 26, 8, 0]",4,lib/tests/core/native-frames.zy,trim_always_inline
trim-always-inline,release,0,613873,135,289,5000421,False,"[104, 26, 8, 0]",5,lib/tests/core/native-frames.zy,trim
trim-always-inline,release,0,608536,135,289,5247756,False,"[104, 26, 8, 0]",5,lib/tests/core/native-frames.zy,always_inline
trim-always-inline,release,0,582415,135,289,4941704,False,"[104, 26, 8, 0]",5,lib/tests/core/native-frames.zy,trim_always_inline
trim-always-inline,release,0,598123,135,289,5262552,False,"[104, 26, 8, 0]",5,lib/tests/core/native-frames.zy,baseline
trim-always-inline,release,0,626630,135,289,5241251,False,"[104, 26, 8, 0]",6,lib/tests/core/native-frames.zy,always_inline
trim-always-inline,release,0,617253,135,289,5110469,False,"[104, 26, 8, 0]",6,lib/tests/core/native-frames.zy,trim_always_inline
trim-always-inline,release,0,581088,135,289,5138033,False,"[104, 26, 8, 0]",6,lib/tests/core/native-frames.zy,baseline
trim-always-inline,release,0,579798,135,289,4966293,False,"[104, 26, 8, 0]",6,lib/tests/core/native-frames.zy,trim
trim-always-inline,release,0,565618,135,289,4844831,False,"[104, 26, 8, 0]",7,lib/tests/core/native-frames.zy,trim_always_inline
trim-always-inline,release,0,581159,135,289,5141955,False,"[104, 26, 8, 0]",7,lib/tests/core/native-frames.zy,baseline
trim-always-inline,release,0,571339,135,289,4923786,False,"[104, 26, 8, 0]",7,lib/tests/core/native-frames.zy,trim
trim-always-inline,release,0,580283,135,289,5119413,False,"[104, 26, 8, 0]",7,lib/tests/core/native-frames.zy,always_inline
trim-always-inline,release,0,560495,135,289,5011581,False,"[104, 26, 8, 0]",8,lib/tests/core/native-frames.zy,baseline
trim-always-inline,release,0,584035,135,289,4831177,False,"[104, 26, 8, 0]",8,lib/tests/core/native-frames.zy,trim
trim-always-inline,release,0,586110,135,289,5017456,False,"[104, 26, 8, 0]",8,lib/tests/core/native-frames.zy,always_inline
trim-always-inline,release,0,633455,135,289,4959504,False,"[104, 26, 8, 0]",8,lib/tests/core/native-frames.zy,trim_always_inline
trim-always-inline,release,0,565008,135,289,4892490,False,"[104, 26, 8, 0]",9,lib/tests/core/native-frames.zy,trim
trim-always-inline,release,0,591650,135,289,5041052,False,"[104, 26, 8, 0]",9,lib/tests/core/native-frames.zy,always_inline
trim-always-inline,release,0,594002,135,289,5009673,False,"[104, 26, 8, 0]",9,lib/tests/core/native-frames.zy,trim_always_inline
trim-always-inline,release,0,566986,135,289,5042037,False,"[104, 26, 8, 0]",9,lib/tests/core/native-frames.zy,baseline
trim-always-inline,release,0,587155,135,289,4992177,False,"[104, 26, 8, 0]",10,lib/tests/core/native-frames.zy,always_inline
trim-always-inline,release,0,577874,135,289,4884705,False,"[104, 26, 8, 0]",10,lib/tests/core/native-frames.zy,trim_always_inline
trim-always-inline,release,0,601378,135,289,5327616,False,"[104, 26, 8, 0]",10,lib/tests/core/native-frames.zy,baseline
trim-always-inline,release,0,593543,135,289,5167379,False,"[104, 26, 8, 0]",10,lib/tests/core/native-frames.zy,trim
trim-always-inline,release,0,598919,135,289,5071880,False,"[104, 26, 8, 0]",11,lib/tests/core/native-frames.zy,trim_always_inline
trim-always-inline,release,0,603454,135,289,5161579,False,"[104, 26, 8, 0]",11,lib/tests/core/native-frames.zy,baseline
trim-always-inline,release,0,630792,135,289,5295327,False,"[104, 26, 8, 0]",11,lib/tests/core/native-frames.zy,trim
trim-always-inline,release,0,632255,135,289,5460296,False,"[104, 26, 8, 0]",11,lib/tests/core/native-frames.zy,always_inline
trim-always-inline,release,0,589696,135,289,5162208,False,"[104, 26, 8, 0]",12,lib/tests/core/native-frames.zy,baseline
trim-always-inline,release,0,595964,135,289,5129493,False,"[104, 26, 8, 0]",12,lib/tests/core/native-frames.zy,trim
trim-always-inline,release,0,615159,135,289,5321378,False,"[104, 26, 8, 0]",12,lib/tests/core/native-frames.zy,always_inline
trim-always-inline,release,0,592338,135,289,4898754,False,"[104, 26, 8, 0]",12,lib/tests/core/native-frames.zy,trim_always_inline
trim-always-inline,release,0,586787,135,289,4941198,False,"[104, 26, 8, 0]",13,lib/tests/core/native-frames.zy,trim
trim-always-inline,release,0,574363,135,289,5049549,False,"[104, 26, 8, 0]",13,lib/tests/core/native-frames.zy,always_inline
trim-always-inline,release,0,571543,135,289,4929463,False,"[104, 26, 8, 0]",13,lib/tests/core/native-frames.zy,trim_always_inline
trim-always-inline,release,0,644967,135,289,5087507,False,"[104, 26, 8, 0]",13,lib/tests/core/native-frames.zy,baseline
trim-always-inline,release,0,605958,135,289,5063628,False,"[104, 26, 8, 0]",14,lib/tests/core/native-frames.zy,always_inline
trim-always-inline,release,0,572624,135,289,4931927,False,"[104, 26, 8, 0]",14,lib/tests/core/native-frames.zy,trim_always_inline
trim-always-inline,release,0,601961,135,289,5087160,False,"[104, 26, 8, 0]",14,lib/tests/core/native-frames.zy,baseline
trim-always-inline,release,0,573463,135,289,4889861,False,"[104, 26, 8, 0]",14,lib/tests/core/native-frames.zy,trim
trim-always-inline,release,0,576287,135,289,4991176,False,"[104, 26, 8, 0]",15,lib/tests/core/native-frames.zy,trim_always_inline
trim-always-inline,release,0,612081,135,289,5051425,False,"[104, 26, 8, 0]",15,lib/tests/core/native-frames.zy,baseline
trim-always-inline,release,0,567497,135,289,4915296,False,"[104, 26, 8, 0]",15,lib/tests/core/native-frames.zy,trim
trim-always-inline,release,0,569738,135,289,5032003,False,"[104, 26, 8, 0]",15,lib/tests/core/native-frames.zy,always_inline
trim-always-inline,release,0,589326,135,289,5129124,False,"[104, 26, 8, 0]",16,lib/tests/core/native-frames.zy,baseline
trim-always-inline,release,0,563136,135,289,4874252,False,"[104, 26, 8, 0]",16,lib/tests/core/native-frames.zy,trim
trim-always-inline,release,0,569578,135,289,5015670,False,"[104, 26, 8, 0]",16,lib/tests/core/native-frames.zy,always_inline
trim-always-inline,release,0,562362,135,289,4896835,False,"[104, 26, 8, 0]",16,lib/tests/core/native-frames.zy,trim_always_inline
trim-always-inline,release,0,605001,135,289,4955575,False,"[104, 26, 8, 0]",17,lib/tests/core/native-frames.zy,trim
trim-always-inline,release,0,618000,135,289,5315918,False,"[104, 26, 8, 0]",17,lib/tests/core/native-frames.zy,always_inline
trim-always-inline,release,0,638919,135,289,5133412,False,"[104, 26, 8, 0]",17,lib/tests/core/native-frames.zy,trim_always_inline
trim-always-inline,release,0,603995,135,289,5255381,False,"[104, 26, 8, 0]",17,lib/tests/core/native-frames.zy,baseline
trim-always-inline,release,0,601088,135,289,5208797,False,"[104, 26, 8, 0]",18,lib/tests/core/native-frames.zy,always_inline
trim-always-inline,release,0,596825,135,289,5178913,False,"[104, 26, 8, 0]",18,lib/tests/core/native-frames.zy,trim_always_inline
trim-always-inline,release,0,594871,135,289,5124966,False,"[104, 26, 8, 0]",18,lib/tests/core/native-frames.zy,baseline
trim-always-inline,release,0,632916,135,289,5175465,False,"[104, 26, 8, 0]",18,lib/tests/core/native-frames.zy,trim
trim-always-inline,release,0,624340,135,289,5168550,False,"[104, 26, 8, 0]",19,lib/tests/core/native-frames.zy,trim_always_inline
trim-always-inline,release,0,615830,135,289,5217834,False,"[104, 26, 8, 0]",19,lib/tests/core/native-frames.zy,baseline
trim-always-inline,release,0,576298,135,289,4885202,False,"[104, 26, 8, 0]",19,lib/tests/core/native-frames.zy,trim
trim-always-inline,release,0,587709,135,289,5063208,False,"[104, 26, 8, 0]",19,lib/tests/core/native-frames.zy,always_inline
trim-always-inline,release,0,600254,135,289,5157859,False,"[104, 26, 8, 0]",20,lib/tests/core/native-frames.zy,baseline
trim-always-inline,release,0,602459,135,289,4894999,False,"[104, 26, 8, 0]",20,lib/tests/core/native-frames.zy,trim
trim-always-inline,release,0,574502,135,289,5136455,False,"[104, 26, 8, 0]",20,lib/tests/core/native-frames.zy,always_inline
trim-always-inline,release,0,574918,135,289,4882039,False,"[104, 26, 8, 0]",20,lib/tests/core/native-frames.zy,trim_always_inline
trim-always-inline,release,0,574053,135,289,4928586,False,"[104, 26, 8, 0]",21,lib/tests/core/native-frames.zy,trim
trim-always-inline,release,0,565888,135,289,4968037,False,"[104, 26, 8, 0]",21,lib/tests/core/native-frames.zy,always_inline
trim-always-inline,release,0,579914,135,289,4898170,False,"[104, 26, 8, 0]",21,lib/tests/core/native-frames.zy,trim_always_inline
trim-always-inline,release,0,596161,135,289,5169221,False,"[104, 26, 8, 0]",21,lib/tests/core/native-frames.zy,baseline
trim-always-inline,release,0,599456,135,289,5083706,False,"[104, 26, 8, 0]",22,lib/tests/core/native-frames.zy,always_inline
trim-always-inline,release,0,571294,135,289,4910074,False,"[104, 26, 8, 0]",22,lib/tests/core/native-frames.zy,trim_always_inline
trim-always-inline,release,0,584579,135,289,5062613,False,"[104, 26, 8, 0]",22,lib/tests/core/native-frames.zy,baseline
trim-always-inline,release,0,596040,135,289,5002528,False,"[104, 26, 8, 0]",22,lib/tests/core/native-frames.zy,trim
trim-always-inline,release,0,577790,135,289,4742167,False,"[104, 26, 8, 0]",23,lib/tests/core/native-frames.zy,trim_always_inline
trim-always-inline,release,0,569876,135,289,5004620,False,"[104, 26, 8, 0]",23,lib/tests/core/native-frames.zy,baseline
trim-always-inline,release,0,603716,135,289,5139281,False,"[104, 26, 8, 0]",23,lib/tests/core/native-frames.zy,trim
trim-always-inline,release,0,607243,135,289,5260671,False,"[104, 26, 8, 0]",23,lib/tests/core/native-frames.zy,always_inline
trim-always-inline,release,0,573915,135,289,5117796,False,"[104, 26, 8, 0]",24,lib/tests/core/native-frames.zy,baseline
trim-always-inline,release,0,580244,135,289,5026917,False,"[104, 26, 8, 0]",24,lib/tests/core/native-frames.zy,trim
trim-always-inline,release,0,590875,135,289,5240706,False,"[104, 26, 8, 0]",24,lib/tests/core/native-frames.zy,always_inline
trim-always-inline,release,0,582392,135,289,5060789,False,"[104, 26, 8, 0]",24,lib/tests/core/native-frames.zy,trim_always_inline
trim-always-inline,release,0,602821,135,289,5008748,False,"[104, 26, 8, 0]",25,lib/tests/core/native-frames.zy,trim
trim-always-inline,release,0,588002,135,289,5044591,False,"[104, 26, 8, 0]",25,lib/tests/core/native-frames.zy,always_inline
trim-always-inline,release,0,592752,135,289,4957750,False,"[104, 26, 8, 0]",25,lib/tests/core/native-frames.zy,trim_always_inline
trim-always-inline,release,0,600173,135,289,5141195,False,"[104, 26, 8, 0]",25,lib/tests/core/native-frames.zy,baseline
trim-always-inline,release,0,593832,135,289,5076166,False,"[104, 26, 8, 0]",26,lib/tests/core/native-frames.zy,always_inline
trim-always-inline,release,0,584820,135,289,4928322,False,"[104, 26, 8, 0]",26,lib/tests/core/native-frames.zy,trim_always_inline
trim-always-inline,release,0,599333,135,289,5141626,False,"[104, 26, 8, 0]",26,lib/tests/core/native-frames.zy,baseline
trim-always-inline,release,0,591245,135,289,4922171,False,"[104, 26, 8, 0]",26,lib/tests/core/native-frames.zy,trim
trim-always-inline,release,0,571624,135,289,4910503,False,"[104, 26, 8, 0]",27,lib/tests/core/native-frames.zy,trim_always_inline
trim-always-inline,release,0,594075,135,289,5104787,False,"[104, 26, 8, 0]",27,lib/tests/core/native-frames.zy,baseline
trim-always-inline,release,0,595710,135,289,4955658,False,"[104, 26, 8, 0]",27,lib/tests/core/native-frames.zy,trim
trim-always-inline,release,0,577203,135,289,4986459,False,"[104, 26, 8, 0]",27,lib/tests/core/native-frames.zy,always_inline
trim-always-inline,release,0,562677,135,289,5010667,False,"[104, 26, 8, 0]",28,lib/tests/core/native-frames.zy,baseline
trim-always-inline,release,0,566200,135,289,4896749,False,"[104, 26, 8, 0]",28,lib/tests/core/native-frames.zy,trim
trim-always-inline,release,0,576201,135,289,5091590,False,"[104, 26, 8, 0]",28,lib/tests/core/native-frames.zy,always_inline
trim-always-inline,release,0,585704,135,289,4882661,False,"[104, 26, 8, 0]",28,lib/tests/core/native-frames.zy,trim_always_inline
trim-always-inline,release,0,593888,135,289,4970340,False,"[104, 26, 8, 0]",29,lib/tests/core/native-frames.zy,trim
trim-always-inline,release,0,589119,135,289,5033849,False,"[104, 26, 8, 0]",29,lib/tests/core/native-frames.zy,always_inline
trim-always-inline,release,0,590578,135,289,4922709,False,"[104, 26, 8, 0]",29,lib/tests/core/native-frames.zy,trim_always_inline
trim-always-inline,release,0,598098,135,289,5168949,False,"[104, 26, 8, 0]",29,lib/tests/core/native-frames.zy,baseline
trim-always-inline,release,0,625295,135,289,5449861,False,"[104, 26, 8, 0]",30,lib/tests/core/native-frames.zy,always_inline
trim-always-inline,release,0,603713,135,289,5173260,False,"[104, 26, 8, 0]",30,lib/tests/core/native-frames.zy,trim_always_inline
trim-always-inline,release,0,607243,135,289,5248378,False,"[104, 26, 8, 0]",30,lib/tests/core/native-frames.zy,baseline
trim-always-inline,release,0,617079,135,289,5127625,False,"[104, 26, 8, 0]",30,lib/tests/core/native-frames.zy,trim
trim-always-inline,release,0,650125,135,289,5277375,False,"[104, 26, 8, 0]",31,lib/tests/core/native-frames.zy,trim_always_inline
trim-always-inline,release,0,676239,135,289,5336718,False,"[104, 26, 8, 0]",31,lib/tests/core/native-frames.zy,baseline
trim-always-inline,release,0,649959,135,289,5158752,False,"[104, 26, 8, 0]",31,lib/tests/core/native-frames.zy,trim
trim-always-inline,release,0,664368,135,289,5541499,False,"[104, 26, 8, 0]",31,lib/tests/core/native-frames.zy,always_inline
trim-always-inline,release,0,667869,135,312,5301828,True,"[97, 25, 8, 9]",0,lib/tests/core/native-frames.zy,baseline
trim-always-inline,release,0,662488,135,312,5086421,True,"[97, 25, 8, 9]",0,lib/tests/core/native-frames.zy,trim
trim-always-inline,release,0,649915,135,312,5129826,True,"[97, 25, 8, 9]",0,lib/tests/core/native-frames.zy,always_inline
trim-always-inline,release,0,615292,135,312,4985264,True,"[97, 25, 8, 9]",0,lib/tests/core/native-frames.zy,trim_always_inline
trim-always-inline,release,0,643416,135,312,5008364,True,"[97, 25, 8, 9]",1,lib/tests/core/native-frames.zy,trim
trim-always-inline,release,0,659041,135,312,5158994,True,"[97, 25, 8, 9]",1,lib/tests/core/native-frames.zy,always_inline
trim-always-inline,release,0,616908,135,312,5068588,True,"[97, 25, 8, 9]",1,lib/tests/core/native-frames.zy,trim_always_inline
trim-always-inline,release,0,621417,135,312,5109331,True,"[97, 25, 8, 9]",1,lib/tests/core/native-frames.zy,baseline
trim-always-inline,release,0,624287,135,312,5025489,True,"[97, 25, 8, 9]",2,lib/tests/core/native-frames.zy,always_inline
trim-always-inline,release,0,641748,135,312,4895262,True,"[97, 25, 8, 9]",2,lib/tests/core/native-frames.zy,trim_always_inline
trim-always-inline,release,0,605916,135,312,5099624,True,"[97, 25, 8, 9]",2,lib/tests/core/native-frames.zy,baseline
trim-always-inline,release,0,609663,135,312,4954132,True,"[97, 25, 8, 9]",2,lib/tests/core/native-frames.zy,trim
trim-always-inline,release,0,631454,135,312,5068174,True,"[97, 25, 8, 9]",3,lib/tests/core/native-frames.zy,trim_always_inline
trim-always-inline,release,0,600474,135,312,5084928,True,"[97, 25, 8, 9]",3,lib/tests/core/native-frames.zy,baseline
trim-always-inline,release,0,602953,135,312,4829240,True,"[97, 25, 8, 9]",3,lib/tests/core/native-frames.zy,trim
trim-always-inline,release,0,590840,135,312,5019709,True,"[97, 25, 8, 9]",3,lib/tests/core/native-frames.zy,always_inline
trim-always-inline,release,0,595172,135,312,5050206,True,"[97, 25, 8, 9]",4,lib/tests/core/native-frames.zy,baseline
trim-always-inline,release,0,608003,135,312,5045331,True,"[97, 25, 8, 9]",4,lib/tests/core/native-frames.zy,trim
trim-always-inline,release,0,637334,135,312,5326546,True,"[97, 25, 8, 9]",4,lib/tests/core/native-frames.zy,always_inline
trim-always-inline,release,0,617824,135,312,5031465,True,"[97, 25, 8, 9]",4,lib/tests/core/native-frames.zy,trim_always_inline
trim-always-inline,release,0,613015,135,312,4964461,True,"[97, 25, 8, 9]",5,lib/tests/core/native-frames.zy,trim
trim-always-inline,release,0,626658,135,312,5184337,True,"[97, 25, 8, 9]",5,lib/tests/core/native-frames.zy,always_inline
trim-always-inline,release,0,603421,135,312,4983877,True,"[97, 25, 8, 9]",5,lib/tests/core/native-frames.zy,trim_always_inline
trim-always-inline,release,0,626536,135,312,5223879,True,"[97, 25, 8, 9]",5,lib/tests/core/native-frames.zy,baseline
trim-always-inline,release,0,646621,135,312,5176960,True,"[97, 25, 8, 9]",6,lib/tests/core/native-frames.zy,always_inline
trim-always-inline,release,0,635011,135,312,5174465,True,"[97, 25, 8, 9]",6,lib/tests/core/native-frames.zy,trim_always_inline
trim-always-inline,release,0,670289,135,312,5220490,True,"[97, 25, 8, 9]",6,lib/tests/core/native-frames.zy,baseline
trim-always-inline,release,0,615663,135,312,4990423,True,"[97, 25, 8, 9]",6,lib/tests/core/native-frames.zy,trim
trim-always-inline,release,0,613836,135,312,5027786,True,"[97, 25, 8, 9]",7,lib/tests/core/native-frames.zy,trim_always_inline
trim-always-inline,release,0,611877,135,312,4990929,True,"[97, 25, 8, 9]",7,lib/tests/core/native-frames.zy,baseline
trim-always-inline,release,0,619297,135,312,5039672,True,"[97, 25, 8, 9]",7,lib/tests/core/native-frames.zy,trim
trim-always-inline,release,0,615451,135,312,5090627,True,"[97, 25, 8, 9]",7,lib/tests/core/native-frames.zy,always_inline
trim-always-inline,release,0,622669,135,312,5185879,True,"[97, 25, 8, 9]",8,lib/tests/core/native-frames.zy,baseline
trim-always-inline,release,0,621990,135,312,4915797,True,"[97, 25, 8, 9]",8,lib/tests/core/native-frames.zy,trim
trim-always-inline,release,0,612503,135,312,5050458,True,"[97, 25, 8, 9]",8,lib/tests/core/native-frames.zy,always_inline
trim-always-inline,release,0,609570,135,312,5024465,True,"[97, 25, 8, 9]",8,lib/tests/core/native-frames.zy,trim_always_inline
trim-always-inline,release,0,591378,135,312,4918292,True,"[97, 25, 8, 9]",9,lib/tests/core/native-frames.zy,trim
trim-always-inline,release,0,623785,135,312,5030839,True,"[97, 25, 8, 9]",9,lib/tests/core/native-frames.zy,always_inline
trim-always-inline,release,0,603466,135,312,5004622,True,"[97, 25, 8, 9]",9,lib/tests/core/native-frames.zy,trim_always_inline
trim-always-inline,release,0,606828,135,312,5056677,True,"[97, 25, 8, 9]",9,lib/tests/core/native-frames.zy,baseline
trim-always-inline,release,0,618462,135,312,5033570,True,"[97, 25, 8, 9]",10,lib/tests/core/native-frames.zy,always_inline
trim-always-inline,release,0,612883,135,312,5026960,True,"[97, 25, 8, 9]",10,lib/tests/core/native-frames.zy,trim_always_inline
trim-always-inline,release,0,640291,135,312,5273169,True,"[97, 25, 8, 9]",10,lib/tests/core/native-frames.zy,baseline
trim-always-inline,release,0,638008,135,312,5114712,True,"[97, 25, 8, 9]",10,lib/tests/core/native-frames.zy,trim
trim-always-inline,release,0,737491,135,312,5228583,True,"[97, 25, 8, 9]",11,lib/tests/core/native-frames.zy,trim_always_inline
trim-always-inline,release,0,642988,135,312,5146704,True,"[97, 25, 8, 9]",11,lib/tests/core/native-frames.zy,baseline
trim-always-inline,release,0,626368,135,312,5089888,True,"[97, 25, 8, 9]",11,lib/tests/core/native-frames.zy,trim
trim-always-inline,release,0,599454,135,312,5037743,True,"[97, 25, 8, 9]",11,lib/tests/core/native-frames.zy,always_inline
trim-always-inline,release,0,607821,135,312,5030681,True,"[97, 25, 8, 9]",12,lib/tests/core/native-frames.zy,baseline
trim-always-inline,release,0,707206,135,312,5190179,True,"[97, 25, 8, 9]",12,lib/tests/core/native-frames.zy,trim
trim-always-inline,release,0,641609,135,312,5115286,True,"[97, 25, 8, 9]",12,lib/tests/core/native-frames.zy,always_inline
trim-always-inline,release,0,652458,135,312,5105417,True,"[97, 25, 8, 9]",12,lib/tests/core/native-frames.zy,trim_always_inline
trim-always-inline,release,0,646914,135,312,5089905,True,"[97, 25, 8, 9]",13,lib/tests/core/native-frames.zy,trim
trim-always-inline,release,0,612877,135,312,5087260,True,"[97, 25, 8, 9]",13,lib/tests/core/native-frames.zy,always_inline
trim-always-inline,release,0,626127,135,312,4997168,True,"[97, 25, 8, 9]",13,lib/tests/core/native-frames.zy,trim_always_inline
trim-always-inline,release,0,619705,135,312,5088921,True,"[97, 25, 8, 9]",13,lib/tests/core/native-frames.zy,baseline
trim-always-inline,release,0,618827,135,312,5078875,True,"[97, 25, 8, 9]",14,lib/tests/core/native-frames.zy,always_inline
trim-always-inline,release,0,606879,135,312,4966663,True,"[97, 25, 8, 9]",14,lib/tests/core/native-frames.zy,trim_always_inline
trim-always-inline,release,0,626333,135,312,5067157,True,"[97, 25, 8, 9]",14,lib/tests/core/native-frames.zy,baseline
trim-always-inline,release,0,626328,135,312,5014714,True,"[97, 25, 8, 9]",14,lib/tests/core/native-frames.zy,trim
trim-always-inline,release,0,615538,135,312,4987591,True,"[97, 25, 8, 9]",15,lib/tests/core/native-frames.zy,trim_always_inline
trim-always-inline,release,0,612754,135,312,5046883,True,"[97, 25, 8, 9]",15,lib/tests/core/native-frames.zy,baseline
trim-always-inline,release,0,612636,135,312,4977750,True,"[97, 25, 8, 9]",15,lib/tests/core/native-frames.zy,trim
trim-always-inline,release,0,602462,135,312,5057627,True,"[97, 25, 8, 9]",15,lib/tests/core/native-frames.zy,always_inline
trim-always-inline,release,0,588544,135,312,5076623,True,"[97, 25, 8, 9]",16,lib/tests/core/native-frames.zy,baseline
trim-always-inline,release,0,601214,135,312,4958545,True,"[97, 25, 8, 9]",16,lib/tests/core/native-frames.zy,trim
trim-always-inline,release,0,612951,135,312,5042573,True,"[97, 25, 8, 9]",16,lib/tests/core/native-frames.zy,always_inline
trim-always-inline,release,0,612918,135,312,5031460,True,"[97, 25, 8, 9]",16,lib/tests/core/native-frames.zy,trim_always_inline
trim-always-inline,release,0,646125,135,312,5241281,True,"[97, 25, 8, 9]",17,lib/tests/core/native-frames.zy,trim
trim-always-inline,release,0,634580,135,312,5198760,True,"[97, 25, 8, 9]",17,lib/tests/core/native-frames.zy,always_inline
trim-always-inline,release,0,610164,135,312,5004838,True,"[97, 25, 8, 9]",17,lib/tests/core/native-frames.zy,trim_always_inline
trim-always-inline,release,0,613701,135,312,5102660,True,"[97, 25, 8, 9]",17,lib/tests/core/native-frames.zy,baseline
trim-always-inline,release,0,606496,135,312,5070038,True,"[97, 25, 8, 9]",18,lib/tests/core/native-frames.zy,always_inline
trim-always-inline,release,0,627502,135,312,5092744,True,"[97, 25, 8, 9]",18,lib/tests/core/native-frames.zy,trim_always_inline
trim-always-inline,release,0,630793,135,312,5178865,True,"[97, 25, 8, 9]",18,lib/tests/core/native-frames.zy,baseline
trim-always-inline,release,0,597711,135,312,5031413,True,"[97, 25, 8, 9]",18,lib/tests/core/native-frames.zy,trim
trim-always-inline,release,0,617254,135,312,5080830,True,"[97, 25, 8, 9]",19,lib/tests/core/native-frames.zy,trim_always_inline
trim-always-inline,release,0,617245,135,312,5104960,True,"[97, 25, 8, 9]",19,lib/tests/core/native-frames.zy,baseline
trim-always-inline,release,0,610415,135,312,5009964,True,"[97, 25, 8, 9]",19,lib/tests/core/native-frames.zy,trim
trim-always-inline,release,0,621090,135,312,5083662,True,"[97, 25, 8, 9]",19,lib/tests/core/native-frames.zy,always_inline
trim-always-inline,release,0,618125,135,312,5067660,True,"[97, 25, 8, 9]",20,lib/tests/core/native-frames.zy,baseline
trim-always-inline,release,0,607001,135,312,4982330,True,"[97, 25, 8, 9]",20,lib/tests/core/native-frames.zy,trim
trim-always-inline,release,0,613587,135,312,5028620,True,"[97, 25, 8, 9]",20,lib/tests/core/native-frames.zy,always_inline
trim-always-inline,release,0,618715,135,312,4982116,True,"[97, 25, 8, 9]",20,lib/tests/core/native-frames.zy,trim_always_inline
trim-always-inline,release,0,611295,135,312,5018454,True,"[97, 25, 8, 9]",21,lib/tests/core/native-frames.zy,trim
trim-always-inline,release,0,626465,135,312,5148411,True,"[97, 25, 8, 9]",21,lib/tests/core/native-frames.zy,always_inline
trim-always-inline,release,0,611173,135,312,5006629,True,"[97, 25, 8, 9]",21,lib/tests/core/native-frames.zy,trim_always_inline
trim-always-inline,release,0,600546,135,312,5036755,True,"[97, 25, 8, 9]",21,lib/tests/core/native-frames.zy,baseline
trim-always-inline,release,0,631115,135,312,5034712,True,"[97, 25, 8, 9]",22,lib/tests/core/native-frames.zy,always_inline
trim-always-inline,release,0,620329,135,312,5048115,True,"[97, 25, 8, 9]",22,lib/tests/core/native-frames.zy,trim_always_inline
trim-always-inline,release,0,604461,135,312,5010612,True,"[97, 25, 8, 9]",22,lib/tests/core/native-frames.zy,baseline
trim-always-inline,release,0,615876,135,312,4966075,True,"[97, 25, 8, 9]",22,lib/tests/core/native-frames.zy,trim
trim-always-inline,release,0,612295,135,312,5030925,True,"[97, 25, 8, 9]",23,lib/tests/core/native-frames.zy,trim_always_inline
trim-always-inline,release,0,644001,135,312,5293585,True,"[97, 25, 8, 9]",23,lib/tests/core/native-frames.zy,baseline
trim-always-inline,release,0,646804,135,312,5222080,True,"[97, 25, 8, 9]",23,lib/tests/core/native-frames.zy,trim
trim-always-inline,release,0,638244,135,312,5244588,True,"[97, 25, 8, 9]",23,lib/tests/core/native-frames.zy,always_inline
trim-always-inline,release,0,643128,135,312,5111722,True,"[97, 25, 8, 9]",24,lib/tests/core/native-frames.zy,baseline
trim-always-inline,release,0,634873,135,312,5059407,True,"[97, 25, 8, 9]",24,lib/tests/core/native-frames.zy,trim
trim-always-inline,release,0,626128,135,312,5111248,True,"[97, 25, 8, 9]",24,lib/tests/core/native-frames.zy,always_inline
trim-always-inline,release,0,625789,135,312,5213091,True,"[97, 25, 8, 9]",24,lib/tests/core/native-frames.zy,trim_always_inline
trim-always-inline,release,0,626574,135,312,5238046,True,"[97, 25, 8, 9]",25,lib/tests/core/native-frames.zy,trim
trim-always-inline,release,0,636847,135,312,5285626,True,"[97, 25, 8, 9]",25,lib/tests/core/native-frames.zy,always_inline
trim-always-inline,release,0,639955,135,312,5042246,True,"[97, 25, 8, 9]",25,lib/tests/core/native-frames.zy,trim_always_inline
trim-always-inline,release,0,633984,135,312,5182382,True,"[97, 25, 8, 9]",25,lib/tests/core/native-frames.zy,baseline
trim-always-inline,release,0,625041,135,312,5131691,True,"[97, 25, 8, 9]",26,lib/tests/core/native-frames.zy,always_inline
trim-always-inline,release,0,621997,135,312,5071039,True,"[97, 25, 8, 9]",26,lib/tests/core/native-frames.zy,trim_always_inline
trim-always-inline,release,0,618912,135,312,5142423,True,"[97, 25, 8, 9]",26,lib/tests/core/native-frames.zy,baseline
trim-always-inline,release,0,602415,135,312,4959175,True,"[97, 25, 8, 9]",26,lib/tests/core/native-frames.zy,trim
trim-always-inline,release,0,605168,135,312,5006952,True,"[97, 25, 8, 9]",27,lib/tests/core/native-frames.zy,trim_always_inline
trim-always-inline,release,0,604293,135,312,5058582,True,"[97, 25, 8, 9]",27,lib/tests/core/native-frames.zy,baseline
trim-always-inline,release,0,612328,135,312,4995000,True,"[97, 25, 8, 9]",27,lib/tests/core/native-frames.zy,trim
trim-always-inline,release,0,621921,135,312,5070389,True,"[97, 25, 8, 9]",27,lib/tests/core/native-frames.zy,always_inline
trim-always-inline,release,0,609755,135,312,5097423,True,"[97, 25, 8, 9]",28,lib/tests/core/native-frames.zy,baseline
trim-always-inline,release,0,619495,135,312,5054748,True,"[97, 25, 8, 9]",28,lib/tests/core/native-frames.zy,trim
trim-always-inline,release,0,637960,135,312,5058288,True,"[97, 25, 8, 9]",28,lib/tests/core/native-frames.zy,always_inline
trim-always-inline,release,0,634368,135,312,5164299,True,"[97, 25, 8, 9]",28,lib/tests/core/native-frames.zy,trim_always_inline
trim-always-inline,release,0,607330,135,312,4949923,True,"[97, 25, 8, 9]",29,lib/tests/core/native-frames.zy,trim
trim-always-inline,release,0,647335,135,312,5191450,True,"[97, 25, 8, 9]",29,lib/tests/core/native-frames.zy,always_inline
trim-always-inline,release,0,663330,135,312,5289618,True,"[97, 25, 8, 9]",29,lib/tests/core/native-frames.zy,trim_always_inline
trim-always-inline,release,0,637457,135,312,5280652,True,"[97, 25, 8, 9]",29,lib/tests/core/native-frames.zy,baseline
trim-always-inline,release,0,616091,135,312,5172200,True,"[97, 25, 8, 9]",30,lib/tests/core/native-frames.zy,always_inline
trim-always-inline,release,0,620913,135,312,5074794,True,"[97, 25, 8, 9]",30,lib/tests/core/native-frames.zy,trim_always_inline
trim-always-inline,release,0,623368,135,312,5333667,True,"[97, 25, 8, 9]",30,lib/tests/core/native-frames.zy,baseline
trim-always-inline,release,0,627668,135,312,5110664,True,"[97, 25, 8, 9]",30,lib/tests/core/native-frames.zy,trim
trim-always-inline,release,0,633741,135,312,4934791,True,"[97, 25, 8, 9]",31,lib/tests/core/native-frames.zy,trim_always_inline
trim-always-inline,release,0,625246,135,312,5245841,True,"[97, 25, 8, 9]",31,lib/tests/core/native-frames.zy,baseline
trim-always-inline,release,0,632216,135,312,5094045,True,"[97, 25, 8, 9]",31,lib/tests/core/native-frames.zy,trim
trim-always-inline,release,0,625373,135,312,5082535,True,"[97, 25, 8, 9]",31,lib/tests/core/native-frames.zy,always_inline
trim-always-inline,release,0,638712,131,303,5177627,False,"[93, 26, 7, 0]",0,lib/tests/builtin/host-return.zy,baseline
trim-always-inline,release,0,597122,131,303,5082744,False,"[93, 26, 7, 0]",0,lib/tests/builtin/host-return.zy,trim
trim-always-inline,release,0,643248,131,303,5155367,False,"[93, 26, 7, 0]",0,lib/tests/builtin/host-return.zy,always_inline
trim-always-inline,release,0,635872,131,303,4962341,False,"[93, 26, 7, 0]",0,lib/tests/builtin/host-return.zy,trim_always_inline
trim-always-inline,release,0,607211,131,303,4906450,False,"[93, 26, 7, 0]",1,lib/tests/builtin/host-return.zy,trim
trim-always-inline,release,0,622584,131,303,5019587,False,"[93, 26, 7, 0]",1,lib/tests/builtin/host-return.zy,always_inline
trim-always-inline,release,0,670963,131,303,4967917,False,"[93, 26, 7, 0]",1,lib/tests/builtin/host-return.zy,trim_always_inline
trim-always-inline,release,0,609250,131,303,5107092,False,"[93, 26, 7, 0]",1,lib/tests/builtin/host-return.zy,baseline
trim-always-inline,release,0,612749,131,303,5118954,False,"[93, 26, 7, 0]",2,lib/tests/builtin/host-return.zy,always_inline
trim-always-inline,release,0,619039,131,303,5036921,False,"[93, 26, 7, 0]",2,lib/tests/builtin/host-return.zy,trim_always_inline
trim-always-inline,release,0,596799,131,303,5085623,False,"[93, 26, 7, 0]",2,lib/tests/builtin/host-return.zy,baseline
trim-always-inline,release,0,598587,131,303,4899838,False,"[93, 26, 7, 0]",2,lib/tests/builtin/host-return.zy,trim
trim-always-inline,release,0,599664,131,303,4952626,False,"[93, 26, 7, 0]",3,lib/tests/builtin/host-return.zy,trim_always_inline
trim-always-inline,release,0,641873,131,303,5321082,False,"[93, 26, 7, 0]",3,lib/tests/builtin/host-return.zy,baseline
trim-always-inline,release,0,622079,131,303,5203880,False,"[93, 26, 7, 0]",3,lib/tests/builtin/host-return.zy,trim
trim-always-inline,release,0,670166,131,303,5244092,False,"[93, 26, 7, 0]",3,lib/tests/builtin/host-return.zy,always_inline
trim-always-inline,release,0,647878,131,303,5543388,False,"[93, 26, 7, 0]",4,lib/tests/builtin/host-return.zy,baseline
trim-always-inline,release,0,646871,131,303,5289996,False,"[93, 26, 7, 0]",4,lib/tests/builtin/host-return.zy,trim
trim-always-inline,release,0,633498,131,303,5296043,False,"[93, 26, 7, 0]",4,lib/tests/builtin/host-return.zy,always_inline
trim-always-inline,release,0,627579,131,303,5001027,False,"[93, 26, 7, 0]",4,lib/tests/builtin/host-return.zy,trim_always_inline
trim-always-inline,release,0,661454,131,303,5175246,False,"[93, 26, 7, 0]",5,lib/tests/builtin/host-return.zy,trim
trim-always-inline,release,0,642503,131,303,5173707,False,"[93, 26, 7, 0]",5,lib/tests/builtin/host-return.zy,always_inline
trim-always-inline,release,0,670035,131,303,5207713,False,"[93, 26, 7, 0]",5,lib/tests/builtin/host-return.zy,trim_always_inline
trim-always-inline,release,0,661382,131,303,5351794,False,"[93, 26, 7, 0]",5,lib/tests/builtin/host-return.zy,baseline
trim-always-inline,release,0,622744,131,303,5238794,False,"[93, 26, 7, 0]",6,lib/tests/builtin/host-return.zy,always_inline
trim-always-inline,release,0,607878,131,303,4992789,False,"[93, 26, 7, 0]",6,lib/tests/builtin/host-return.zy,trim_always_inline
trim-always-inline,release,0,601965,131,303,5100966,False,"[93, 26, 7, 0]",6,lib/tests/builtin/host-return.zy,baseline
trim-always-inline,release,0,630880,131,303,5001412,False,"[93, 26, 7, 0]",6,lib/tests/builtin/host-return.zy,trim
trim-always-inline,release,0,645919,131,303,5123948,False,"[93, 26, 7, 0]",7,lib/tests/builtin/host-return.zy,trim_always_inline
trim-always-inline,release,0,594239,131,303,5129302,False,"[93, 26, 7, 0]",7,lib/tests/builtin/host-return.zy,baseline
trim-always-inline,release,0,605003,131,303,5067365,False,"[93, 26, 7, 0]",7,lib/tests/builtin/host-return.zy,trim
trim-always-inline,release,0,611296,131,303,5076627,False,"[93, 26, 7, 0]",7,lib/tests/builtin/host-return.zy,always_inline
trim-always-inline,release,0,605551,131,303,5060751,False,"[93, 26, 7, 0]",8,lib/tests/builtin/host-return.zy,baseline
trim-always-inline,release,0,601924,131,303,4899788,False,"[93, 26, 7, 0]",8,lib/tests/builtin/host-return.zy,trim
trim-always-inline,release,0,612547,131,303,5162922,False,"[93, 26, 7, 0]",8,lib/tests/builtin/host-return.zy,always_inline
trim-always-inline,release,0,588455,131,303,4988046,False,"[93, 26, 7, 0]",8,lib/tests/builtin/host-return.zy,trim_always_inline
trim-always-inline,release,0,629132,131,303,5034113,False,"[93, 26, 7, 0]",9,lib/tests/builtin/host-return.zy,trim
trim-always-inline,release,0,615338,131,303,5177121,False,"[93, 26, 7, 0]",9,lib/tests/builtin/host-return.zy,always_inline
trim-always-inline,release,0,611667,131,303,5060386,False,"[93, 26, 7, 0]",9,lib/tests/builtin/host-return.zy,trim_always_inline
trim-always-inline,release,0,635829,131,303,5403580,False,"[93, 26, 7, 0]",9,lib/tests/builtin/host-return.zy,baseline
trim-always-inline,release,0,632285,131,303,5300748,False,"[93, 26, 7, 0]",10,lib/tests/builtin/host-return.zy,always_inline
trim-always-inline,release,0,607707,131,303,5079418,False,"[93, 26, 7, 0]",10,lib/tests/builtin/host-return.zy,trim_always_inline
trim-always-inline,release,0,619671,131,303,5303576,False,"[93, 26, 7, 0]",10,lib/tests/builtin/host-return.zy,baseline
trim-always-inline,release,0,691456,131,303,5222296,False,"[93, 26, 7, 0]",10,lib/tests/builtin/host-return.zy,trim
trim-always-inline,release,0,615348,131,303,5023586,False,"[93, 26, 7, 0]",11,lib/tests/builtin/host-return.zy,trim_always_inline
trim-always-inline,release,0,631626,131,303,5342170,False,"[93, 26, 7, 0]",11,lib/tests/builtin/host-return.zy,baseline
trim-always-inline,release,0,606960,131,303,5058375,False,"[93, 26, 7, 0]",11,lib/tests/builtin/host-return.zy,trim
trim-always-inline,release,0,644871,131,303,5273178,False,"[93, 26, 7, 0]",11,lib/tests/builtin/host-return.zy,always_inline
trim-always-inline,release,0,637846,131,303,5253745,False,"[93, 26, 7, 0]",12,lib/tests/builtin/host-return.zy,baseline
trim-always-inline,release,0,606511,131,303,5040132,False,"[93, 26, 7, 0]",12,lib/tests/builtin/host-return.zy,trim
trim-always-inline,release,0,607304,131,303,5105238,False,"[93, 26, 7, 0]",12,lib/tests/builtin/host-return.zy,always_inline
trim-always-inline,release,0,606118,131,303,5006365,False,"[93, 26, 7, 0]",12,lib/tests/builtin/host-return.zy,trim_always_inline
trim-always-inline,release,0,595115,131,303,4980094,False,"[93, 26, 7, 0]",13,lib/tests/builtin/host-return.zy,trim
trim-always-inline,release,0,601924,131,303,5068948,False,"[93, 26, 7, 0]",13,lib/tests/builtin/host-return.zy,always_inline
trim-always-inline,release,0,604008,131,303,5000503,False,"[93, 26, 7, 0]",13,lib/tests/builtin/host-return.zy,trim_always_inline
trim-always-inline,release,0,609913,131,303,5163048,False,"[93, 26, 7, 0]",13,lib/tests/builtin/host-return.zy,baseline
trim-always-inline,release,0,592202,131,303,5035597,False,"[93, 26, 7, 0]",14,lib/tests/builtin/host-return.zy,always_inline
trim-always-inline,release,0,595724,131,303,5004375,False,"[93, 26, 7, 0]",14,lib/tests/builtin/host-return.zy,trim_always_inline
trim-always-inline,release,0,595333,131,303,5148638,False,"[93, 26, 7, 0]",14,lib/tests/builtin/host-return.zy,baseline
trim-always-inline,release,0,586548,131,303,4930376,False,"[93, 26, 7, 0]",14,lib/tests/builtin/host-return.zy,trim
trim-always-inline,release,0,607741,131,303,5025742,False,"[93, 26, 7, 0]",15,lib/tests/builtin/host-return.zy,trim_always_inline
trim-always-inline,release,0,633912,131,303,5116749,False,"[93, 26, 7, 0]",15,lib/tests/builtin/host-return.zy,baseline
trim-always-inline,release,0,641078,131,303,5043551,False,"[93, 26, 7, 0]",15,lib/tests/builtin/host-return.zy,trim
trim-always-inline,release,0,597493,131,303,5072977,False,"[93, 26, 7, 0]",15,lib/tests/builtin/host-return.zy,always_inline
trim-always-inline,release,0,615549,131,303,5240008,False,"[93, 26, 7, 0]",16,lib/tests/builtin/host-return.zy,baseline
trim-always-inline,release,0,663466,131,303,5300119,False,"[93, 26, 7, 0]",16,lib/tests/builtin/host-return.zy,trim
trim-always-inline,release,0,643927,131,303,5419820,False,"[93, 26, 7, 0]",16,lib/tests/builtin/host-return.zy,always_inline
trim-always-inline,release,0,634422,131,303,5066872,False,"[93, 26, 7, 0]",16,lib/tests/builtin/host-return.zy,trim_always_inline
trim-always-inline,release,0,623173,131,303,5287799,False,"[93, 26, 7, 0]",17,lib/tests/builtin/host-return.zy,trim
trim-always-inline,release,0,615339,131,303,5232530,False,"[93, 26, 7, 0]",17,lib/tests/builtin/host-return.zy,always_inline
trim-always-inline,release,0,635621,131,303,5049368,False,"[93, 26, 7, 0]",17,lib/tests/builtin/host-return.zy,trim_always_inline
trim-always-inline,release,0,625537,131,303,5206743,False,"[93, 26, 7, 0]",17,lib/tests/builtin/host-return.zy,baseline
trim-always-inline,release,0,635636,131,303,5127869,False,"[93, 26, 7, 0]",18,lib/tests/builtin/host-return.zy,always_inline
trim-always-inline,release,0,805796,131,303,7448581,False,"[93, 26, 7, 0]",18,lib/tests/builtin/host-return.zy,trim_always_inline
trim-always-inline,release,0,1029176,131,303,7675710,False,"[93, 26, 7, 0]",18,lib/tests/builtin/host-return.zy,baseline
trim-always-inline,release,0,772094,131,303,6129046,False,"[93, 26, 7, 0]",18,lib/tests/builtin/host-return.zy,trim
trim-always-inline,release,0,670450,131,303,5430995,False,"[93, 26, 7, 0]",19,lib/tests/builtin/host-return.zy,trim_always_inline
trim-always-inline,release,0,645038,131,303,5494052,False,"[93, 26, 7, 0]",19,lib/tests/builtin/host-return.zy,baseline
trim-always-inline,release,0,637408,131,303,5188267,False,"[93, 26, 7, 0]",19,lib/tests/builtin/host-return.zy,trim
trim-always-inline,release,0,678579,131,303,5412492,False,"[93, 26, 7, 0]",19,lib/tests/builtin/host-return.zy,always_inline
trim-always-inline,release,0,613124,131,303,5199577,False,"[93, 26, 7, 0]",20,lib/tests/builtin/host-return.zy,baseline
trim-always-inline,release,0,621292,131,303,5169800,False,"[93, 26, 7, 0]",20,lib/tests/builtin/host-return.zy,trim
trim-always-inline,release,0,609998,131,303,5187122,False,"[93, 26, 7, 0]",20,lib/tests/builtin/host-return.zy,always_inline
trim-always-inline,release,0,624625,131,303,5020455,False,"[93, 26, 7, 0]",20,lib/tests/builtin/host-return.zy,trim_always_inline
trim-always-inline,release,0,616867,131,303,5176002,False,"[93, 26, 7, 0]",21,lib/tests/builtin/host-return.zy,trim
trim-always-inline,release,0,596042,131,303,5157412,False,"[93, 26, 7, 0]",21,lib/tests/builtin/host-return.zy,always_inline
trim-always-inline,release,0,624952,131,303,5040123,False,"[93, 26, 7, 0]",21,lib/tests/builtin/host-return.zy,trim_always_inline
trim-always-inline,release,0,644210,131,303,5220415,False,"[93, 26, 7, 0]",21,lib/tests/builtin/host-return.zy,baseline
trim-always-inline,release,0,638784,131,303,5311218,False,"[93, 26, 7, 0]",22,lib/tests/builtin/host-return.zy,always_inline
trim-always-inline,release,0,623879,131,303,5268126,False,"[93, 26, 7, 0]",22,lib/tests/builtin/host-return.zy,trim_always_inline
trim-always-inline,release,0,652845,131,303,5288949,False,"[93, 26, 7, 0]",22,lib/tests/builtin/host-return.zy,baseline
trim-always-inline,release,0,628327,131,303,5161371,False,"[93, 26, 7, 0]",22,lib/tests/builtin/host-return.zy,trim
trim-always-inline,release,0,636323,131,303,5169214,False,"[93, 26, 7, 0]",23,lib/tests/builtin/host-return.zy,trim_always_inline
trim-always-inline,release,0,615166,131,303,5380793,False,"[93, 26, 7, 0]",23,lib/tests/builtin/host-return.zy,baseline
trim-always-inline,release,0,593958,131,303,5093255,False,"[93, 26, 7, 0]",23,lib/tests/builtin/host-return.zy,trim
trim-always-inline,release,0,630704,131,303,5172659,False,"[93, 26, 7, 0]",23,lib/tests/builtin/host-return.zy,always_inline
trim-always-inline,release,0,623619,131,303,5234822,False,"[93, 26, 7, 0]",24,lib/tests/builtin/host-return.zy,baseline
trim-always-inline,release,0,631759,131,303,5256743,False,"[93, 26, 7, 0]",24,lib/tests/builtin/host-return.zy,trim
trim-always-inline,release,0,595836,131,303,5091372,False,"[93, 26, 7, 0]",24,lib/tests/builtin/host-return.zy,always_inline
trim-always-inline,release,0,617446,131,303,5010170,False,"[93, 26, 7, 0]",24,lib/tests/builtin/host-return.zy,trim_always_inline
trim-always-inline,release,0,617923,131,303,5023996,False,"[93, 26, 7, 0]",25,lib/tests/builtin/host-return.zy,trim
trim-always-inline,release,0,584128,131,303,5091701,False,"[93, 26, 7, 0]",25,lib/tests/builtin/host-return.zy,always_inline
trim-always-inline,release,0,610581,131,303,5135379,False,"[93, 26, 7, 0]",25,lib/tests/builtin/host-return.zy,trim_always_inline
trim-always-inline,release,0,617531,131,303,5235468,False,"[93, 26, 7, 0]",25,lib/tests/builtin/host-return.zy,baseline
trim-always-inline,release,0,626048,131,303,5287496,False,"[93, 26, 7, 0]",26,lib/tests/builtin/host-return.zy,always_inline
trim-always-inline,release,0,644618,131,303,5115124,False,"[93, 26, 7, 0]",26,lib/tests/builtin/host-return.zy,trim_always_inline
trim-always-inline,release,0,613300,131,303,5199995,False,"[93, 26, 7, 0]",26,lib/tests/builtin/host-return.zy,baseline
trim-always-inline,release,0,614506,131,303,5047088,False,"[93, 26, 7, 0]",26,lib/tests/builtin/host-return.zy,trim
trim-always-inline,release,0,636499,131,303,5173707,False,"[93, 26, 7, 0]",27,lib/tests/builtin/host-return.zy,trim_always_inline
trim-always-inline,release,0,597381,131,303,5228958,False,"[93, 26, 7, 0]",27,lib/tests/builtin/host-return.zy,baseline
trim-always-inline,release,0,579705,131,303,4960515,False,"[93, 26, 7, 0]",27,lib/tests/builtin/host-return.zy,trim
trim-always-inline,release,0,596417,131,303,5198157,False,"[93, 26, 7, 0]",27,lib/tests/builtin/host-return.zy,always_inline
trim-always-inline,release,0,607462,131,303,5046549,False,"[93, 26, 7, 0]",28,lib/tests/builtin/host-return.zy,baseline
trim-always-inline,release,0,607906,131,303,5013214,False,"[93, 26, 7, 0]",28,lib/tests/builtin/host-return.zy,trim
trim-always-inline,release,0,605408,131,303,5120881,False,"[93, 26, 7, 0]",28,lib/tests/builtin/host-return.zy,always_inline
trim-always-inline,release,0,618826,131,303,5167290,False,"[93, 26, 7, 0]",28,lib/tests/builtin/host-return.zy,trim_always_inline
trim-always-inline,release,0,657757,131,303,5496851,False,"[93, 26, 7, 0]",29,lib/tests/builtin/host-return.zy,trim
trim-always-inline,release,0,608824,131,303,5111496,False,"[93, 26, 7, 0]",29,lib/tests/builtin/host-return.zy,always_inline
trim-always-inline,release,0,621171,131,303,5048079,False,"[93, 26, 7, 0]",29,lib/tests/builtin/host-return.zy,trim_always_inline
trim-always-inline,release,0,631416,131,303,5229753,False,"[93, 26, 7, 0]",29,lib/tests/builtin/host-return.zy,baseline
trim-always-inline,release,0,649250,131,303,5235668,False,"[93, 26, 7, 0]",30,lib/tests/builtin/host-return.zy,always_inline
trim-always-inline,release,0,622249,131,303,5174837,False,"[93, 26, 7, 0]",30,lib/tests/builtin/host-return.zy,trim_always_inline
trim-always-inline,release,0,621661,131,303,5262503,False,"[93, 26, 7, 0]",30,lib/tests/builtin/host-return.zy,baseline
trim-always-inline,release,0,632963,131,303,5230172,False,"[93, 26, 7, 0]",30,lib/tests/builtin/host-return.zy,trim
trim-always-inline,release,0,638291,131,303,5275203,False,"[93, 26, 7, 0]",31,lib/tests/builtin/host-return.zy,trim_always_inline
trim-always-inline,release,0,619581,131,303,5205293,False,"[93, 26, 7, 0]",31,lib/tests/builtin/host-return.zy,baseline
trim-always-inline,release,0,627624,131,303,5056202,False,"[93, 26, 7, 0]",31,lib/tests/builtin/host-return.zy,trim
trim-always-inline,release,0,600867,131,303,4976723,False,"[93, 26, 7, 0]",31,lib/tests/builtin/host-return.zy,always_inline
trim-always-inline,release,0,651499,131,392,4831658,True,"[66, 24, 7, 8]",0,lib/tests/builtin/host-return.zy,baseline
trim-always-inline,release,0,651535,131,392,4755005,True,"[66, 24, 7, 8]",0,lib/tests/builtin/host-return.zy,trim
trim-always-inline,release,0,649830,131,392,5010747,True,"[66, 24, 7, 8]",0,lib/tests/builtin/host-return.zy,always_inline
trim-always-inline,release,0,646420,131,392,4943505,True,"[66, 24, 7, 8]",0,lib/tests/builtin/host-return.zy,trim_always_inline
trim-always-inline,release,0,663153,131,392,4797037,True,"[66, 24, 7, 8]",1,lib/tests/builtin/host-return.zy,trim
trim-always-inline,release,0,641779,131,392,4954380,True,"[66, 24, 7, 8]",1,lib/tests/builtin/host-return.zy,always_inline
trim-always-inline,release,0,633663,131,392,4826946,True,"[66, 24, 7, 8]",1,lib/tests/builtin/host-return.zy,trim_always_inline
trim-always-inline,release,0,634636,131,392,4936838,True,"[66, 24, 7, 8]",1,lib/tests/builtin/host-return.zy,baseline
trim-always-inline,release,0,669752,131,392,4919167,True,"[66, 24, 7, 8]",2,lib/tests/builtin/host-return.zy,always_inline
trim-always-inline,release,0,657087,131,392,4789412,True,"[66, 24, 7, 8]",2,lib/tests/builtin/host-return.zy,trim_always_inline
trim-always-inline,release,0,625485,131,392,4947789,True,"[66, 24, 7, 8]",2,lib/tests/builtin/host-return.zy,baseline
trim-always-inline,release,0,625964,131,392,4762255,True,"[66, 24, 7, 8]",2,lib/tests/builtin/host-return.zy,trim
trim-always-inline,release,0,678669,131,392,4974411,True,"[66, 24, 7, 8]",3,lib/tests/builtin/host-return.zy,trim_always_inline
trim-always-inline,release,0,692304,131,392,5136963,True,"[66, 24, 7, 8]",3,lib/tests/builtin/host-return.zy,baseline
trim-always-inline,release,0,673129,131,392,4940281,True,"[66, 24, 7, 8]",3,lib/tests/builtin/host-return.zy,trim
trim-always-inline,release,0,661329,131,392,5301668,True,"[66, 24, 7, 8]",3,lib/tests/builtin/host-return.zy,always_inline
trim-always-inline,release,0,686878,131,392,5031672,True,"[66, 24, 7, 8]",4,lib/tests/builtin/host-return.zy,baseline
trim-always-inline,release,0,661061,131,392,4827538,True,"[66, 24, 7, 8]",4,lib/tests/builtin/host-return.zy,trim
trim-always-inline,release,0,632348,131,392,4938754,True,"[66, 24, 7, 8]",4,lib/tests/builtin/host-return.zy,always_inline
trim-always-inline,release,0,641606,131,392,4865284,True,"[66, 24, 7, 8]",4,lib/tests/builtin/host-return.zy,trim_always_inline
trim-always-inline,release,0,628824,131,392,4725308,True,"[66, 24, 7, 8]",5,lib/tests/builtin/host-return.zy,trim
trim-always-inline,release,0,643786,131,392,5119741,True,"[66, 24, 7, 8]",5,lib/tests/builtin/host-return.zy,always_inline
trim-always-inline,release,0,658169,131,392,4990206,True,"[66, 24, 7, 8]",5,lib/tests/builtin/host-return.zy,trim_always_inline
trim-always-inline,release,0,641130,131,392,5021830,True,"[66, 24, 7, 8]",5,lib/tests/builtin/host-return.zy,baseline
trim-always-inline,release,0,667277,131,392,5057123,True,"[66, 24, 7, 8]",6,lib/tests/builtin/host-return.zy,always_inline
trim-always-inline,release,0,645796,131,392,4712461,True,"[66, 24, 7, 8]",6,lib/tests/builtin/host-return.zy,trim_always_inline
trim-always-inline,release,0,665508,131,392,5107829,True,"[66, 24, 7, 8]",6,lib/tests/builtin/host-return.zy,baseline
trim-always-inline,release,0,678867,131,392,4943412,True,"[66, 24, 7, 8]",6,lib/tests/builtin/host-return.zy,trim
trim-always-inline,release,0,668830,131,392,4918085,True,"[66, 24, 7, 8]",7,lib/tests/builtin/host-return.zy,trim_always_inline
trim-always-inline,release,0,665751,131,392,5028963,True,"[66, 24, 7, 8]",7,lib/tests/builtin/host-return.zy,baseline
trim-always-inline,release,0,632672,131,392,4721907,True,"[66, 24, 7, 8]",7,lib/tests/builtin/host-return.zy,trim
trim-always-inline,release,0,652301,131,392,5063030,True,"[66, 24, 7, 8]",7,lib/tests/builtin/host-return.zy,always_inline
trim-always-inline,release,0,652757,131,392,5025363,True,"[66, 24, 7, 8]",8,lib/tests/builtin/host-return.zy,baseline
trim-always-inline,release,0,634168,131,392,4746419,True,"[66, 24, 7, 8]",8,lib/tests/builtin/host-return.zy,trim
trim-always-inline,release,0,653797,131,392,4888132,True,"[66, 24, 7, 8]",8,lib/tests/builtin/host-return.zy,always_inline
trim-always-inline,release,0,635287,131,392,4717750,True,"[66, 24, 7, 8]",8,lib/tests/builtin/host-return.zy,trim_always_inline
trim-always-inline,release,0,626764,131,392,4772076,True,"[66, 24, 7, 8]",9,lib/tests/builtin/host-return.zy,trim
trim-always-inline,release,0,662758,131,392,5158787,True,"[66, 24, 7, 8]",9,lib/tests/builtin/host-return.zy,always_inline
trim-always-inline,release,0,668345,131,392,4927627,True,"[66, 24, 7, 8]",9,lib/tests/builtin/host-return.zy,trim_always_inline
trim-always-inline,release,0,635737,131,392,5002292,True,"[66, 24, 7, 8]",9,lib/tests/builtin/host-return.zy,baseline
trim-always-inline,release,0,633332,131,392,5031622,True,"[66, 24, 7, 8]",10,lib/tests/builtin/host-return.zy,always_inline
trim-always-inline,release,0,635210,131,392,4829956,True,"[66, 24, 7, 8]",10,lib/tests/builtin/host-return.zy,trim_always_inline
trim-always-inline,release,0,690879,131,392,5146495,True,"[66, 24, 7, 8]",10,lib/tests/builtin/host-return.zy,baseline
trim-always-inline,release,0,634359,131,392,4788836,True,"[66, 24, 7, 8]",10,lib/tests/builtin/host-return.zy,trim
trim-always-inline,release,0,655962,131,392,4914659,True,"[66, 24, 7, 8]",11,lib/tests/builtin/host-return.zy,trim_always_inline
trim-always-inline,release,0,638595,131,392,4952044,True,"[66, 24, 7, 8]",11,lib/tests/builtin/host-return.zy,baseline
trim-always-inline,release,0,636335,131,392,4798383,True,"[66, 24, 7, 8]",11,lib/tests/builtin/host-return.zy,trim
trim-always-inline,release,0,648623,131,392,5054790,True,"[66, 24, 7, 8]",11,lib/tests/builtin/host-return.zy,always_inline
trim-always-inline,release,0,640375,131,392,5048710,True,"[66, 24, 7, 8]",12,lib/tests/builtin/host-return.zy,baseline
trim-always-inline,release,0,617004,131,392,4731924,True,"[66, 24, 7, 8]",12,lib/tests/builtin/host-return.zy,trim
trim-always-inline,release,0,642733,131,392,4887632,True,"[66, 24, 7, 8]",12,lib/tests/builtin/host-return.zy,always_inline
trim-always-inline,release,0,629865,131,392,4784093,True,"[66, 24, 7, 8]",12,lib/tests/builtin/host-return.zy,trim_always_inline
trim-always-inline,release,0,619533,131,392,4706501,True,"[66, 24, 7, 8]",13,lib/tests/builtin/host-return.zy,trim
trim-always-inline,release,0,650192,131,392,4950595,True,"[66, 24, 7, 8]",13,lib/tests/builtin/host-return.zy,always_inline
trim-always-inline,release,0,640833,131,392,4752451,True,"[66, 24, 7, 8]",13,lib/tests/builtin/host-return.zy,trim_always_inline
trim-always-inline,release,0,637068,131,392,4945480,True,"[66, 24, 7, 8]",13,lib/tests/builtin/host-return.zy,baseline
trim-always-inline,release,0,627270,131,392,4951788,True,"[66, 24, 7, 8]",14,lib/tests/builtin/host-return.zy,always_inline
trim-always-inline,release,0,624909,131,392,4688371,True,"[66, 24, 7, 8]",14,lib/tests/builtin/host-return.zy,trim_always_inline
trim-always-inline,release,0,643738,131,392,4908093,True,"[66, 24, 7, 8]",14,lib/tests/builtin/host-return.zy,baseline
trim-always-inline,release,0,614047,131,392,4736416,True,"[66, 24, 7, 8]",14,lib/tests/builtin/host-return.zy,trim
trim-always-inline,release,0,646399,131,392,4759585,True,"[66, 24, 7, 8]",15,lib/tests/builtin/host-return.zy,trim_always_inline
trim-always-inline,release,0,644755,131,392,4889462,True,"[66, 24, 7, 8]",15,lib/tests/builtin/host-return.zy,baseline
trim-always-inline,release,0,655046,131,392,4924543,True,"[66, 24, 7, 8]",15,lib/tests/builtin/host-return.zy,trim
trim-always-inline,release,0,656917,131,392,5106154,True,"[66, 24, 7, 8]",15,lib/tests/builtin/host-return.zy,always_inline
trim-always-inline,release,0,673572,131,392,5009921,True,"[66, 24, 7, 8]",16,lib/tests/builtin/host-return.zy,baseline
trim-always-inline,release,0,647509,131,392,4782332,True,"[66, 24, 7, 8]",16,lib/tests/builtin/host-return.zy,trim
trim-always-inline,release,0,654047,131,392,4956834,True,"[66, 24, 7, 8]",16,lib/tests/builtin/host-return.zy,always_inline
trim-always-inline,release,0,653533,131,392,4857489,True,"[66, 24, 7, 8]",16,lib/tests/builtin/host-return.zy,trim_always_inline
trim-always-inline,release,0,647576,131,392,4894624,True,"[66, 24, 7, 8]",17,lib/tests/builtin/host-return.zy,trim
trim-always-inline,release,0,667292,131,392,5001029,True,"[66, 24, 7, 8]",17,lib/tests/builtin/host-return.zy,always_inline
trim-always-inline,release,0,663577,131,392,4970879,True,"[66, 24, 7, 8]",17,lib/tests/builtin/host-return.zy,trim_always_inline
trim-always-inline,release,0,626211,131,392,4886215,True,"[66, 24, 7, 8]",17,lib/tests/builtin/host-return.zy,baseline
trim-always-inline,release,0,651957,131,392,4931344,True,"[66, 24, 7, 8]",18,lib/tests/builtin/host-return.zy,always_inline
trim-always-inline,release,0,662580,131,392,4827086,True,"[66, 24, 7, 8]",18,lib/tests/builtin/host-return.zy,trim_always_inline
trim-always-inline,release,0,615944,131,392,4889760,True,"[66, 24, 7, 8]",18,lib/tests/builtin/host-return.zy,baseline
trim-always-inline,release,0,647547,131,392,4774255,True,"[66, 24, 7, 8]",18,lib/tests/builtin/host-return.zy,trim
trim-always-inline,release,0,632582,131,392,4777408,True,"[66, 24, 7, 8]",19,lib/tests/builtin/host-return.zy,trim_always_inline
trim-always-inline,release,0,639663,131,392,4851755,True,"[66, 24, 7, 8]",19,lib/tests/builtin/host-return.zy,baseline
trim-always-inline,release,0,653086,131,392,4714003,True,"[66, 24, 7, 8]",19,lib/tests/builtin/host-return.zy,trim
trim-always-inline,release,0,628962,131,392,4901356,True,"[66, 24, 7, 8]",19,lib/tests/builtin/host-return.zy,always_inline
trim-always-inline,release,0,627541,131,392,4901708,True,"[66, 24, 7, 8]",20,lib/tests/builtin/host-return.zy,baseline
trim-always-inline,release,0,645260,131,392,4755134,True,"[66, 24, 7, 8]",20,lib/tests/builtin/host-return.zy,trim
trim-always-inline,release,0,627738,131,392,4966671,True,"[66, 24, 7, 8]",20,lib/tests/builtin/host-return.zy,always_inline
trim-always-inline,release,0,639302,131,392,4764667,True,"[66, 24, 7, 8]",20,lib/tests/builtin/host-return.zy,trim_always_inline
trim-always-inline,release,0,652571,131,392,4784336,True,"[66, 24, 7, 8]",21,lib/tests/builtin/host-return.zy,trim
trim-always-inline,release,0,637262,131,392,4912415,True,"[66, 24, 7, 8]",21,lib/tests/builtin/host-return.zy,always_inline
trim-always-inline,release,0,621496,131,392,4756787,True,"[66, 24, 7, 8]",21,lib/tests/builtin/host-return.zy,trim_always_inline
trim-always-inline,release,0,651741,131,392,5076721,True,"[66, 24, 7, 8]",21,lib/tests/builtin/host-return.zy,baseline
trim-always-inline,release,0,658624,131,392,5250206,True,"[66, 24, 7, 8]",22,lib/tests/builtin/host-return.zy,always_inline
trim-always-inline,release,0,662088,131,392,4950468,True,"[66, 24, 7, 8]",22,lib/tests/builtin/host-return.zy,trim_always_inline
trim-always-inline,release,0,657544,131,392,5068121,True,"[66, 24, 7, 8]",22,lib/tests/builtin/host-return.zy,baseline
trim-always-inline,release,0,663078,131,392,4970025,True,"[66, 24, 7, 8]",22,lib/tests/builtin/host-return.zy,trim
trim-always-inline,release,0,637077,131,392,4821588,True,"[66, 24, 7, 8]",23,lib/tests/builtin/host-return.zy,trim_always_inline
trim-always-inline,release,0,674836,131,392,5025685,True,"[66, 24, 7, 8]",23,lib/tests/builtin/host-return.zy,baseline
trim-always-inline,release,0,635793,131,392,4797875,True,"[66, 24, 7, 8]",23,lib/tests/builtin/host-return.zy,trim
trim-always-inline,release,0,638918,131,392,5031203,True,"[66, 24, 7, 8]",23,lib/tests/builtin/host-return.zy,always_inline
trim-always-inline,release,0,628825,131,392,4928172,True,"[66, 24, 7, 8]",24,lib/tests/builtin/host-return.zy,baseline
trim-always-inline,release,0,665670,131,392,5032891,True,"[66, 24, 7, 8]",24,lib/tests/builtin/host-return.zy,trim
trim-always-inline,release,0,667499,131,392,4952922,True,"[66, 24, 7, 8]",24,lib/tests/builtin/host-return.zy,always_inline
trim-always-inline,release,0,644535,131,392,4765534,True,"[66, 24, 7, 8]",24,lib/tests/builtin/host-return.zy,trim_always_inline
trim-always-inline,release,0,627532,131,392,4760010,True,"[66, 24, 7, 8]",25,lib/tests/builtin/host-return.zy,trim
trim-always-inline,release,0,639662,131,392,4943998,True,"[66, 24, 7, 8]",25,lib/tests/builtin/host-return.zy,always_inline
trim-always-inline,release,0,631889,131,392,4883801,True,"[66, 24, 7, 8]",25,lib/tests/builtin/host-return.zy,trim_always_inline
trim-always-inline,release,0,617651,131,392,4866389,True,"[66, 24, 7, 8]",25,lib/tests/builtin/host-return.zy,baseline
trim-always-inline,release,0,639664,131,392,4980323,True,"[66, 24, 7, 8]",26,lib/tests/builtin/host-return.zy,always_inline
trim-always-inline,release,0,637258,131,392,4817983,True,"[66, 24, 7, 8]",26,lib/tests/builtin/host-return.zy,trim_always_inline
trim-always-inline,release,0,646243,131,392,4990545,True,"[66, 24, 7, 8]",26,lib/tests/builtin/host-return.zy,baseline
trim-always-inline,release,0,632296,131,392,4729241,True,"[66, 24, 7, 8]",26,lib/tests/builtin/host-return.zy,trim
trim-always-inline,release,0,632634,131,392,4762872,True,"[66, 24, 7, 8]",27,lib/tests/builtin/host-return.zy,trim_always_inline
trim-always-inline,release,0,627583,131,392,4916887,True,"[66, 24, 7, 8]",27,lib/tests/builtin/host-return.zy,baseline
trim-always-inline,release,0,616577,131,392,4718043,True,"[66, 24, 7, 8]",27,lib/tests/builtin/host-return.zy,trim
trim-always-inline,release,0,622785,131,392,4847534,True,"[66, 24, 7, 8]",27,lib/tests/builtin/host-return.zy,always_inline
trim-always-inline,release,0,651612,131,392,5080638,True,"[66, 24, 7, 8]",28,lib/tests/builtin/host-return.zy,baseline
trim-always-inline,release,0,645457,131,392,4953276,True,"[66, 24, 7, 8]",28,lib/tests/builtin/host-return.zy,trim
trim-always-inline,release,0,646629,131,392,5032328,True,"[66, 24, 7, 8]",28,lib/tests/builtin/host-return.zy,always_inline
trim-always-inline,release,0,664454,131,392,5052534,True,"[66, 24, 7, 8]",28,lib/tests/builtin/host-return.zy,trim_always_inline
trim-always-inline,release,0,648368,131,392,4861091,True,"[66, 24, 7, 8]",29,lib/tests/builtin/host-return.zy,trim
trim-always-inline,release,0,669246,131,392,4991749,True,"[66, 24, 7, 8]",29,lib/tests/builtin/host-return.zy,always_inline
trim-always-inline,release,0,634010,131,392,4794249,True,"[66, 24, 7, 8]",29,lib/tests/builtin/host-return.zy,trim_always_inline
trim-always-inline,release,0,695263,131,392,5036327,True,"[66, 24, 7, 8]",29,lib/tests/builtin/host-return.zy,baseline
trim-always-inline,release,0,676299,131,392,5097305,True,"[66, 24, 7, 8]",30,lib/tests/builtin/host-return.zy,always_inline
trim-always-inline,release,0,648175,131,392,4953739,True,"[66, 24, 7, 8]",30,lib/tests/builtin/host-return.zy,trim_always_inline
trim-always-inline,release,0,634053,131,392,5021041,True,"[66, 24, 7, 8]",30,lib/tests/builtin/host-return.zy,baseline
trim-always-inline,release,0,638283,131,392,4849112,True,"[66, 24, 7, 8]",30,lib/tests/builtin/host-return.zy,trim
trim-always-inline,release,0,616842,131,392,4717952,True,"[66, 24, 7, 8]",31,lib/tests/builtin/host-return.zy,trim_always_inline
trim-always-inline,release,0,620921,131,392,4861963,True,"[66, 24, 7, 8]",31,lib/tests/builtin/host-return.zy,baseline
trim-always-inline,release,0,669250,131,392,4700465,True,"[66, 24, 7, 8]",31,lib/tests/builtin/host-return.zy,trim
trim-always-inline,release,0,662243,131,392,4982114,True,"[66, 24, 7, 8]",31,lib/tests/builtin/host-return.zy,always_inline
trim-always-inline,release,0,656710,692,51,5151961,False,"[525, 160, 38, 0]",0,lib/tests/builtin/host-runtime.zy,baseline
trim-always-inline,release,0,665998,692,51,5214669,False,"[525, 160, 38, 0]",0,lib/tests/builtin/host-runtime.zy,trim
trim-always-inline,release,0,668713,692,51,5252920,False,"[525, 160, 38, 0]",0,lib/tests/builtin/host-runtime.zy,always_inline
trim-always-inline,release,0,666917,692,51,5198789,False,"[525, 160, 38, 0]",0,lib/tests/builtin/host-runtime.zy,trim_always_inline
trim-always-inline,release,0,660126,692,51,5157626,False,"[525, 160, 38, 0]",1,lib/tests/builtin/host-runtime.zy,trim
trim-always-inline,release,0,676626,692,51,5456501,False,"[525, 160, 38, 0]",1,lib/tests/builtin/host-runtime.zy,always_inline
trim-always-inline,release,0,659793,692,51,5348998,False,"[525, 160, 38, 0]",1,lib/tests/builtin/host-runtime.zy,trim_always_inline
trim-always-inline,release,0,646040,692,51,5154832,False,"[525, 160, 38, 0]",1,lib/tests/builtin/host-runtime.zy,baseline
trim-always-inline,release,0,620884,692,51,5296167,False,"[525, 160, 38, 0]",2,lib/tests/builtin/host-runtime.zy,always_inline
trim-always-inline,release,0,650707,692,51,5452378,False,"[525, 160, 38, 0]",2,lib/tests/builtin/host-runtime.zy,trim_always_inline
trim-always-inline,release,0,685541,692,51,5613212,False,"[525, 160, 38, 0]",2,lib/tests/builtin/host-runtime.zy,baseline
trim-always-inline,release,0,690040,692,51,5623250,False,"[525, 160, 38, 0]",2,lib/tests/builtin/host-runtime.zy,trim
trim-always-inline,release,0,626836,692,51,5573793,False,"[525, 160, 38, 0]",3,lib/tests/builtin/host-runtime.zy,trim_always_inline
trim-always-inline,release,0,610541,692,51,5399084,False,"[525, 160, 38, 0]",3,lib/tests/builtin/host-runtime.zy,baseline
trim-always-inline,release,0,610791,692,51,5273332,False,"[525, 160, 38, 0]",3,lib/tests/builtin/host-runtime.zy,trim
trim-always-inline,release,0,610290,692,51,5086167,False,"[525, 160, 38, 0]",3,lib/tests/builtin/host-runtime.zy,always_inline
trim-always-inline,release,0,661417,692,51,5395380,False,"[525, 160, 38, 0]",4,lib/tests/builtin/host-runtime.zy,baseline
trim-always-inline,release,0,633003,692,51,5264209,False,"[525, 160, 38, 0]",4,lib/tests/builtin/host-runtime.zy,trim
trim-always-inline,release,0,648250,692,51,4986873,False,"[525, 160, 38, 0]",4,lib/tests/builtin/host-runtime.zy,always_inline
trim-always-inline,release,0,593335,692,51,5096076,False,"[525, 160, 38, 0]",4,lib/tests/builtin/host-runtime.zy,trim_always_inline
trim-always-inline,release,0,581964,692,51,5122122,False,"[525, 160, 38, 0]",5,lib/tests/builtin/host-runtime.zy,trim
trim-always-inline,release,0,606330,692,51,5319502,False,"[525, 160, 38, 0]",5,lib/tests/builtin/host-runtime.zy,always_inline
trim-always-inline,release,0,588458,692,51,5268789,False,"[525, 160, 38, 0]",5,lib/tests/builtin/host-runtime.zy,trim_always_inline
trim-always-inline,release,0,641001,692,51,5411211,False,"[525, 160, 38, 0]",5,lib/tests/builtin/host-runtime.zy,baseline
trim-always-inline,release,0,615878,692,51,5257917,False,"[525, 160, 38, 0]",6,lib/tests/builtin/host-runtime.zy,always_inline
trim-always-inline,release,0,606497,692,51,5010337,False,"[525, 160, 38, 0]",6,lib/tests/builtin/host-runtime.zy,trim_always_inline
trim-always-inline,release,0,627460,692,51,5144332,False,"[525, 160, 38, 0]",6,lib/tests/builtin/host-runtime.zy,baseline
trim-always-inline,release,0,597291,692,51,4984585,False,"[525, 160, 38, 0]",6,lib/tests/builtin/host-runtime.zy,trim
trim-always-inline,release,0,589919,692,51,5126877,False,"[525, 160, 38, 0]",7,lib/tests/builtin/host-runtime.zy,trim_always_inline
trim-always-inline,release,0,615747,692,51,5146249,False,"[525, 160, 38, 0]",7,lib/tests/builtin/host-runtime.zy,baseline
trim-always-inline,release,0,629247,692,51,5131209,False,"[525, 160, 38, 0]",7,lib/tests/builtin/host-runtime.zy,trim
trim-always-inline,release,0,610082,692,51,5231748,False,"[525, 160, 38, 0]",7,lib/tests/builtin/host-runtime.zy,always_inline
trim-always-inline,release,0,606747,692,51,5346295,False,"[525, 160, 38, 0]",8,lib/tests/builtin/host-runtime.zy,baseline
trim-always-inline,release,0,654079,692,51,5151998,False,"[525, 160, 38, 0]",8,lib/tests/builtin/host-runtime.zy,trim
trim-always-inline,release,0,646126,692,51,5238586,False,"[525, 160, 38, 0]",8,lib/tests/builtin/host-runtime.zy,always_inline
trim-always-inline,release,0,633209,692,51,5229123,False,"[525, 160, 38, 0]",8,lib/tests/builtin/host-runtime.zy,trim_always_inline
trim-always-inline,release,0,581337,692,51,4921373,False,"[525, 160, 38, 0]",9,lib/tests/builtin/host-runtime.zy,trim
trim-always-inline,release,0,638292,692,51,5107834,False,"[525, 160, 38, 0]",9,lib/tests/builtin/host-runtime.zy,always_inline
trim-always-inline,release,0,638830,692,51,5310417,False,"[525, 160, 38, 0]",9,lib/tests/builtin/host-runtime.zy,trim_always_inline
trim-always-inline,release,0,633542,692,51,5328419,False,"[525, 160, 38, 0]",9,lib/tests/builtin/host-runtime.zy,baseline
trim-always-inline,release,0,606623,692,51,5128623,False,"[525, 160, 38, 0]",10,lib/tests/builtin/host-runtime.zy,always_inline
trim-always-inline,release,0,609501,692,51,5134047,False,"[525, 160, 38, 0]",10,lib/tests/builtin/host-runtime.zy,trim_always_inline
trim-always-inline,release,0,613120,692,51,5174498,False,"[525, 160, 38, 0]",10,lib/tests/builtin/host-runtime.zy,baseline
trim-always-inline,release,0,576379,692,51,4984334,False,"[525, 160, 38, 0]",10,lib/tests/builtin/host-runtime.zy,trim
trim-always-inline,release,0,588253,692,51,5155835,False,"[525, 160, 38, 0]",11,lib/tests/builtin/host-runtime.zy,trim_always_inline
trim-always-inline,release,0,607706,692,51,5217213,False,"[525, 160, 38, 0]",11,lib/tests/builtin/host-runtime.zy,baseline
trim-always-inline,release,0,587506,692,51,4988709,False,"[525, 160, 38, 0]",11,lib/tests/builtin/host-runtime.zy,trim
trim-always-inline,release,0,611294,692,51,5123000,False,"[525, 160, 38, 0]",11,lib/tests/builtin/host-runtime.zy,always_inline
trim-always-inline,release,0,618330,692,51,5109956,False,"[525, 160, 38, 0]",12,lib/tests/builtin/host-runtime.zy,baseline
trim-always-inline,release,0,616999,692,51,5035621,False,"[525, 160, 38, 0]",12,lib/tests/builtin/host-runtime.zy,trim
trim-always-inline,release,0,605624,692,51,5170501,False,"[525, 160, 38, 0]",12,lib/tests/builtin/host-runtime.zy,always_inline
trim-always-inline,release,0,595586,692,51,5122171,False,"[525, 160, 38, 0]",12,lib/tests/builtin/host-runtime.zy,trim_always_inline
trim-always-inline,release,0,598623,692,51,4974210,False,"[525, 160, 38, 0]",13,lib/tests/builtin/host-runtime.zy,trim
trim-always-inline,release,0,609830,692,51,5222287,False,"[525, 160, 38, 0]",13,lib/tests/builtin/host-runtime.zy,always_inline
trim-always-inline,release,0,575959,692,51,5110375,False,"[525, 160, 38, 0]",13,lib/tests/builtin/host-runtime.zy,trim_always_inline
trim-always-inline,release,0,583505,692,51,5068419,False,"[525, 160, 38, 0]",13,lib/tests/builtin/host-runtime.zy,baseline
trim-always-inline,release,0,598998,692,51,5052167,False,"[525, 160, 38, 0]",14,lib/tests/builtin/host-runtime.zy,always_inline
trim-always-inline,release,0,627959,692,51,5270707,False,"[525, 160, 38, 0]",14,lib/tests/builtin/host-runtime.zy,trim_always_inline
trim-always-inline,release,0,659123,692,51,5576000,False,"[525, 160, 38, 0]",14,lib/tests/builtin/host-runtime.zy,baseline
trim-always-inline,release,0,620665,692,51,5140043,False,"[525, 160, 38, 0]",14,lib/tests/builtin/host-runtime.zy,trim
trim-always-inline,release,0,574164,692,51,5064419,False,"[525, 160, 38, 0]",15,lib/tests/builtin/host-runtime.zy,trim_always_inline
trim-always-inline,release,0,609915,692,51,5192459,False,"[525, 160, 38, 0]",15,lib/tests/builtin/host-runtime.zy,baseline
trim-always-inline,release,0,601210,692,51,5079792,False,"[525, 160, 38, 0]",15,lib/tests/builtin/host-runtime.zy,trim
trim-always-inline,release,0,616421,692,51,5295375,False,"[525, 160, 38, 0]",15,lib/tests/builtin/host-runtime.zy,always_inline
trim-always-inline,release,0,612379,692,51,5254752,False,"[525, 160, 38, 0]",16,lib/tests/builtin/host-runtime.zy,baseline
trim-always-inline,release,0,682959,692,51,5112166,False,"[525, 160, 38, 0]",16,lib/tests/builtin/host-runtime.zy,trim
trim-always-inline,release,0,637000,692,51,5263456,False,"[525, 160, 38, 0]",16,lib/tests/builtin/host-runtime.zy,always_inline
trim-always-inline,release,0,582455,692,51,5028836,False,"[525, 160, 38, 0]",16,lib/tests/builtin/host-runtime.zy,trim_always_inline
trim-always-inline,release,0,604376,692,51,5222003,False,"[525, 160, 38, 0]",17,lib/tests/builtin/host-runtime.zy,trim
trim-always-inline,release,0,604711,692,51,5179793,False,"[525, 160, 38, 0]",17,lib/tests/builtin/host-runtime.zy,always_inline
trim-always-inline,release,0,595371,692,51,5105831,False,"[525, 160, 38, 0]",17,lib/tests/builtin/host-runtime.zy,trim_always_inline
trim-always-inline,release,0,608087,692,51,5201999,False,"[525, 160, 38, 0]",17,lib/tests/builtin/host-runtime.zy,baseline
trim-always-inline,release,0,582045,692,51,5128788,False,"[525, 160, 38, 0]",18,lib/tests/builtin/host-runtime.zy,always_inline
trim-always-inline,release,0,590790,692,51,5286001,False,"[525, 160, 38, 0]",18,lib/tests/builtin/host-runtime.zy,trim_always_inline
trim-always-inline,release,0,609329,692,51,5071043,False,"[525, 160, 38, 0]",18,lib/tests/builtin/host-runtime.zy,baseline
trim-always-inline,release,0,597708,692,51,5209374,False,"[525, 160, 38, 0]",18,lib/tests/builtin/host-runtime.zy,trim
trim-always-inline,release,0,630881,692,51,5221002,False,"[525, 160, 38, 0]",19,lib/tests/builtin/host-runtime.zy,trim_always_inline
trim-always-inline,release,0,597127,692,51,5088792,False,"[525, 160, 38, 0]",19,lib/tests/builtin/host-runtime.zy,baseline
trim-always-inline,release,0,587835,692,51,5082498,False,"[525, 160, 38, 0]",19,lib/tests/builtin/host-runtime.zy,trim
trim-always-inline,release,0,589042,692,51,5115999,False,"[525, 160, 38, 0]",19,lib/tests/builtin/host-runtime.zy,always_inline
trim-always-inline,release,0,594293,692,51,5270628,False,"[525, 160, 38, 0]",20,lib/tests/builtin/host-runtime.zy,baseline
trim-always-inline,release,0,634251,692,51,5082997,False,"[525, 160, 38, 0]",20,lib/tests/builtin/host-runtime.zy,trim
trim-always-inline,release,0,613417,692,51,5153827,False,"[525, 160, 38, 0]",20,lib/tests/builtin/host-runtime.zy,always_inline
trim-always-inline,release,0,577955,692,51,5080790,False,"[525, 160, 38, 0]",20,lib/tests/builtin/host-runtime.zy,trim_always_inline
trim-always-inline,release,0,659212,692,51,5333750,False,"[525, 160, 38, 0]",21,lib/tests/builtin/host-runtime.zy,trim
trim-always-inline,release,0,607541,692,51,5339751,False,"[525, 160, 38, 0]",21,lib/tests/builtin/host-runtime.zy,always_inline
trim-always-inline,release,0,592371,692,51,5224083,False,"[525, 160, 38, 0]",21,lib/tests/builtin/host-runtime.zy,trim_always_inline
trim-always-inline,release,0,658458,692,51,5259588,False,"[525, 160, 38, 0]",21,lib/tests/builtin/host-runtime.zy,baseline
trim-always-inline,release,0,645247,692,51,5302415,False,"[525, 160, 38, 0]",22,lib/tests/builtin/host-runtime.zy,always_inline
trim-always-inline,release,0,605832,692,51,5146582,False,"[525, 160, 38, 0]",22,lib/tests/builtin/host-runtime.zy,trim_always_inline
trim-always-inline,release,0,602004,692,51,5103208,False,"[525, 160, 38, 0]",22,lib/tests/builtin/host-runtime.zy,baseline
trim-always-inline,release,0,627955,692,51,5195796,False,"[525, 160, 38, 0]",22,lib/tests/builtin/host-runtime.zy,trim
trim-always-inline,release,0,608670,692,51,5196413,False,"[525, 160, 38, 0]",23,lib/tests/builtin/host-runtime.zy,trim_always_inline
trim-always-inline,release,0,628999,692,51,5164331,False,"[525, 160, 38, 0]",23,lib/tests/builtin/host-runtime.zy,baseline
trim-always-inline,release,0,609624,692,51,5242959,False,"[525, 160, 38, 0]",23,lib/tests/builtin/host-runtime.zy,trim
trim-always-inline,release,0,618584,692,51,5267542,False,"[525, 160, 38, 0]",23,lib/tests/builtin/host-runtime.zy,always_inline
trim-always-inline,release,0,607416,692,51,5201792,False,"[525, 160, 38, 0]",24,lib/tests/builtin/host-runtime.zy,baseline
trim-always-inline,release,0,605750,692,51,5029832,False,"[525, 160, 38, 0]",24,lib/tests/builtin/host-runtime.zy,trim
trim-always-inline,release,0,620704,692,51,5282125,False,"[525, 160, 38, 0]",24,lib/tests/builtin/host-runtime.zy,always_inline
trim-always-inline,release,0,620789,692,51,5166791,False,"[525, 160, 38, 0]",24,lib/tests/builtin/host-runtime.zy,trim_always_inline
trim-always-inline,release,0,616879,692,51,5034088,False,"[525, 160, 38, 0]",25,lib/tests/builtin/host-runtime.zy,trim
trim-always-inline,release,0,608123,692,51,5028623,False,"[525, 160, 38, 0]",25,lib/tests/builtin/host-runtime.zy,always_inline
trim-always-inline,release,0,589912,692,51,5080208,False,"[525, 160, 38, 0]",25,lib/tests/builtin/host-runtime.zy,trim_always_inline
trim-always-inline,release,0,598127,692,51,5246667,False,"[525, 160, 38, 0]",25,lib/tests/builtin/host-runtime.zy,baseline
trim-always-inline,release,0,576583,692,51,5039167,False,"[525, 160, 38, 0]",26,lib/tests/builtin/host-runtime.zy,always_inline
trim-always-inline,release,0,589333,692,51,5152917,False,"[525, 160, 38, 0]",26,lib/tests/builtin/host-runtime.zy,trim_always_inline
trim-always-inline,release,0,602877,692,51,5257248,False,"[525, 160, 38, 0]",26,lib/tests/builtin/host-runtime.zy,baseline
trim-always-inline,release,0,574752,692,51,4982540,False,"[525, 160, 38, 0]",26,lib/tests/builtin/host-runtime.zy,trim
trim-always-inline,release,0,595457,692,51,5058460,False,"[525, 160, 38, 0]",27,lib/tests/builtin/host-runtime.zy,trim_always_inline
trim-always-inline,release,0,606794,692,51,5106416,False,"[525, 160, 38, 0]",27,lib/tests/builtin/host-runtime.zy,baseline
trim-always-inline,release,0,632374,692,51,5183745,False,"[525, 160, 38, 0]",27,lib/tests/builtin/host-runtime.zy,trim
trim-always-inline,release,0,608547,692,51,5366499,False,"[525, 160, 38, 0]",27,lib/tests/builtin/host-runtime.zy,always_inline
trim-always-inline,release,0,668499,692,51,5546705,False,"[525, 160, 38, 0]",28,lib/tests/builtin/host-runtime.zy,baseline
trim-always-inline,release,0,613291,692,51,5124000,False,"[525, 160, 38, 0]",28,lib/tests/builtin/host-runtime.zy,trim
trim-always-inline,release,0,592042,692,51,5148417,False,"[525, 160, 38, 0]",28,lib/tests/builtin/host-runtime.zy,always_inline
trim-always-inline,release,0,685703,692,51,5201751,False,"[525, 160, 38, 0]",28,lib/tests/builtin/host-runtime.zy,trim_always_inline
trim-always-inline,release,0,633704,692,51,5229463,False,"[525, 160, 38, 0]",29,lib/tests/builtin/host-runtime.zy,trim
trim-always-inline,release,0,566998,692,51,5048499,False,"[525, 160, 38, 0]",29,lib/tests/builtin/host-runtime.zy,always_inline
trim-always-inline,release,0,600838,692,51,5095835,False,"[525, 160, 38, 0]",29,lib/tests/builtin/host-runtime.zy,trim_always_inline
trim-always-inline,release,0,593165,692,51,5243044,False,"[525, 160, 38, 0]",29,lib/tests/builtin/host-runtime.zy,baseline
trim-always-inline,release,0,639791,692,51,5295084,False,"[525, 160, 38, 0]",30,lib/tests/builtin/host-runtime.zy,always_inline
trim-always-inline,release,0,595748,692,51,5043540,False,"[525, 160, 38, 0]",30,lib/tests/builtin/host-runtime.zy,trim_always_inline
trim-always-inline,release,0,614542,692,51,5150292,False,"[525, 160, 38, 0]",30,lib/tests/builtin/host-runtime.zy,baseline
trim-always-inline,release,0,617249,692,51,5060208,False,"[525, 160, 38, 0]",30,lib/tests/builtin/host-runtime.zy,trim
trim-always-inline,release,0,611790,692,51,4936293,False,"[525, 160, 38, 0]",31,lib/tests/builtin/host-runtime.zy,trim_always_inline
trim-always-inline,release,0,576622,692,51,5080046,False,"[525, 160, 38, 0]",31,lib/tests/builtin/host-runtime.zy,baseline
trim-always-inline,release,0,594413,692,51,5062880,False,"[525, 160, 38, 0]",31,lib/tests/builtin/host-runtime.zy,trim
trim-always-inline,release,0,612916,692,51,5116960,False,"[525, 160, 38, 0]",31,lib/tests/builtin/host-runtime.zy,always_inline
trim-always-inline,release,0,684542,692,67,4969130,True,"[383, 160, 38, 39]",0,lib/tests/builtin/host-runtime.zy,baseline
trim-always-inline,release,0,643084,692,67,4757414,True,"[383, 160, 38, 39]",0,lib/tests/builtin/host-runtime.zy,trim
trim-always-inline,release,0,685668,692,67,4826580,True,"[383, 160, 38, 39]",0,lib/tests/builtin/host-runtime.zy,always_inline
trim-always-inline,release,0,650871,692,67,4804252,True,"[383, 160, 38, 39]",0,lib/tests/builtin/host-runtime.zy,trim_always_inline
trim-always-inline,release,0,633085,692,67,4774246,True,"[383, 160, 38, 39]",1,lib/tests/builtin/host-runtime.zy,trim
trim-always-inline,release,0,666876,692,67,4759546,True,"[383, 160, 38, 39]",1,lib/tests/builtin/host-runtime.zy,always_inline
trim-always-inline,release,0,623003,692,67,4891252,True,"[383, 160, 38, 39]",1,lib/tests/builtin/host-runtime.zy,trim_always_inline
trim-always-inline,release,0,642416,692,67,4986958,True,"[383, 160, 38, 39]",1,lib/tests/builtin/host-runtime.zy,baseline
trim-always-inline,release,0,668667,692,67,4854085,True,"[383, 160, 38, 39]",2,lib/tests/builtin/host-runtime.zy,always_inline
trim-always-inline,release,0,650251,692,67,4991291,True,"[383, 160, 38, 39]",2,lib/tests/builtin/host-runtime.zy,trim_always_inline
trim-always-inline,release,0,650629,692,67,5036454,True,"[383, 160, 38, 39]",2,lib/tests/builtin/host-runtime.zy,baseline
trim-always-inline,release,0,622792,692,67,4747667,True,"[383, 160, 38, 39]",2,lib/tests/builtin/host-runtime.zy,trim
trim-always-inline,release,0,634251,692,67,4876331,True,"[383, 160, 38, 39]",3,lib/tests/builtin/host-runtime.zy,trim_always_inline
trim-always-inline,release,0,633747,692,67,4909130,True,"[383, 160, 38, 39]",3,lib/tests/builtin/host-runtime.zy,baseline
trim-always-inline,release,0,661502,692,67,4793747,True,"[383, 160, 38, 39]",3,lib/tests/builtin/host-runtime.zy,trim
trim-always-inline,release,0,653127,692,67,5039292,True,"[383, 160, 38, 39]",3,lib/tests/builtin/host-runtime.zy,always_inline
trim-always-inline,release,0,640086,692,67,5067212,True,"[383, 160, 38, 39]",4,lib/tests/builtin/host-runtime.zy,baseline
trim-always-inline,release,0,639161,692,67,4926378,True,"[383, 160, 38, 39]",4,lib/tests/builtin/host-runtime.zy,trim
trim-always-inline,release,0,632084,692,67,4874667,True,"[383, 160, 38, 39]",4,lib/tests/builtin/host-runtime.zy,always_inline
trim-always-inline,release,0,678791,692,67,4824163,True,"[383, 160, 38, 39]",4,lib/tests/builtin/host-runtime.zy,trim_always_inline
trim-always-inline,release,0,621752,692,67,4756371,True,"[383, 160, 38, 39]",5,lib/tests/builtin/host-runtime.zy,trim
trim-always-inline,release,0,617670,692,67,4835620,True,"[383, 160, 38, 39]",5,lib/tests/builtin/host-runtime.zy,always_inline
trim-always-inline,release,0,612371,692,67,4730620,True,"[383, 160, 38, 39]",5,lib/tests/builtin/host-runtime.zy,trim_always_inline
trim-always-inline,release,0,628130,692,67,4821086,True,"[383, 160, 38, 39]",5,lib/tests/builtin/host-runtime.zy,baseline
trim-always-inline,release,0,602748,692,67,4831837,True,"[383, 160, 38, 39]",6,lib/tests/builtin/host-runtime.zy,always_inline
trim-always-inline,release,0,606244,692,67,4903623,True,"[383, 160, 38, 39]",6,lib/tests/builtin/host-runtime.zy,trim_always_inline
trim-always-inline,release,0,616288,692,67,4939537,True,"[383, 160, 38, 39]",6,lib/tests/builtin/host-runtime.zy,baseline
trim-always-inline,release,0,615083,692,67,4714956,True,"[383, 160, 38, 39]",6,lib/tests/builtin/host-runtime.zy,trim
trim-always-inline,release,0,606792,692,67,4676204,True,"[383, 160, 38, 39]",7,lib/tests/builtin/host-runtime.zy,trim_always_inline
trim-always-inline,release,0,632538,692,67,4872709,True,"[383, 160, 38, 39]",7,lib/tests/builtin/host-runtime.zy,baseline
trim-always-inline,release,0,648413,692,67,4887921,True,"[383, 160, 38, 39]",7,lib/tests/builtin/host-runtime.zy,trim
trim-always-inline,release,0,603377,692,67,4825044,True,"[383, 160, 38, 39]",7,lib/tests/builtin/host-runtime.zy,always_inline
trim-always-inline,release,0,632381,692,67,4840133,True,"[383, 160, 38, 39]",8,lib/tests/builtin/host-runtime.zy,baseline
trim-always-inline,release,0,619120,692,67,4746453,True,"[383, 160, 38, 39]",8,lib/tests/builtin/host-runtime.zy,trim
trim-always-inline,release,0,641839,692,67,4934334,True,"[383, 160, 38, 39]",8,lib/tests/builtin/host-runtime.zy,always_inline
trim-always-inline,release,0,647332,692,67,5193794,True,"[383, 160, 38, 39]",8,lib/tests/builtin/host-runtime.zy,trim_always_inline
trim-always-inline,release,0,648706,692,67,5046871,True,"[383, 160, 38, 39]",9,lib/tests/builtin/host-runtime.zy,trim
trim-always-inline,release,0,615786,692,67,4894382,True,"[383, 160, 38, 39]",9,lib/tests/builtin/host-runtime.zy,always_inline
trim-always-inline,release,0,635416,692,67,4764256,True,"[383, 160, 38, 39]",9,lib/tests/builtin/host-runtime.zy,trim_always_inline
trim-always-inline,release,0,649333,692,67,4933668,True,"[383, 160, 38, 39]",9,lib/tests/builtin/host-runtime.zy,baseline
trim-always-inline,release,0,634836,692,67,4812956,True,"[383, 160, 38, 39]",10,lib/tests/builtin/host-runtime.zy,always_inline
trim-always-inline,release,0,674166,692,67,4928995,True,"[383, 160, 38, 39]",10,lib/tests/builtin/host-runtime.zy,trim_always_inline
trim-always-inline,release,0,638664,692,67,4907208,True,"[383, 160, 38, 39]",10,lib/tests/builtin/host-runtime.zy,baseline
trim-always-inline,release,0,624083,692,67,4875292,True,"[383, 160, 38, 39]",10,lib/tests/builtin/host-runtime.zy,trim
trim-always-inline,release,0,602252,692,67,4825086,True,"[383, 160, 38, 39]",11,lib/tests/builtin/host-runtime.zy,trim_always_inline
trim-always-inline,release,0,629547,692,67,4877628,True,"[383, 160, 38, 39]",11,lib/tests/builtin/host-runtime.zy,baseline
trim-always-inline,release,0,632330,692,67,4855248,True,"[383, 160, 38, 39]",11,lib/tests/builtin/host-runtime.zy,trim
trim-always-inline,release,0,621837,692,67,4823335,True,"[383, 160, 38, 39]",11,lib/tests/builtin/host-runtime.zy,always_inline
trim-always-inline,release,0,609920,692,67,4819332,True,"[383, 160, 38, 39]",12,lib/tests/builtin/host-runtime.zy,baseline
trim-always-inline,release,0,629001,692,67,4785455,True,"[383, 160, 38, 39]",12,lib/tests/builtin/host-runtime.zy,trim
trim-always-inline,release,0,590382,692,67,4703795,True,"[383, 160, 38, 39]",12,lib/tests/builtin/host-runtime.zy,always_inline
trim-always-inline,release,0,584330,692,67,4733373,True,"[383, 160, 38, 39]",12,lib/tests/builtin/host-runtime.zy,trim_always_inline
trim-always-inline,release,0,599123,692,67,4817668,True,"[383, 160, 38, 39]",13,lib/tests/builtin/host-runtime.zy,trim
trim-always-inline,release,0,601585,692,67,4720212,True,"[383, 160, 38, 39]",13,lib/tests/builtin/host-runtime.zy,always_inline
trim-always-inline,release,0,604791,692,67,4760298,True,"[383, 160, 38, 39]",13,lib/tests/builtin/host-runtime.zy,trim_always_inline
trim-always-inline,release,0,622707,692,67,4853417,True,"[383, 160, 38, 39]",13,lib/tests/builtin/host-runtime.zy,baseline
trim-always-inline,release,0,608335,692,67,4667876,True,"[383, 160, 38, 39]",14,lib/tests/builtin/host-runtime.zy,always_inline
trim-always-inline,release,0,632627,692,67,4802707,True,"[383, 160, 38, 39]",14,lib/tests/builtin/host-runtime.zy,trim_always_inline
trim-always-inline,release,0,648168,692,67,4914873,True,"[383, 160, 38, 39]",14,lib/tests/builtin/host-runtime.zy,baseline
trim-always-inline,release,0,634503,692,67,4948086,True,"[383, 160, 38, 39]",14,lib/tests/builtin/host-runtime.zy,trim
trim-always-inline,release,0,590746,692,67,4744460,True,"[383, 160, 38, 39]",15,lib/tests/builtin/host-runtime.zy,trim_always_inline
trim-always-inline,release,0,620290,692,67,4798716,True,"[383, 160, 38, 39]",15,lib/tests/builtin/host-runtime.zy,baseline
trim-always-inline,release,0,633915,692,67,4879164,True,"[383, 160, 38, 39]",15,lib/tests/builtin/host-runtime.zy,trim
trim-always-inline,release,0,674245,692,67,5340419,True,"[383, 160, 38, 39]",15,lib/tests/builtin/host-runtime.zy,always_inline
trim-always-inline,release,0,599543,692,67,4818495,True,"[383, 160, 38, 39]",16,lib/tests/builtin/host-runtime.zy,baseline
trim-always-inline,release,0,608584,692,67,4857795,True,"[383, 160, 38, 39]",16,lib/tests/builtin/host-runtime.zy,trim
trim-always-inline,release,0,615912,692,67,4818166,True,"[383, 160, 38, 39]",16,lib/tests/builtin/host-runtime.zy,always_inline
trim-always-inline,release,0,653038,692,67,4921086,True,"[383, 160, 38, 39]",16,lib/tests/builtin/host-runtime.zy,trim_always_inline
trim-always-inline,release,0,637502,692,67,4937957,True,"[383, 160, 38, 39]",17,lib/tests/builtin/host-runtime.zy,trim
trim-always-inline,release,0,607829,692,67,4860083,True,"[383, 160, 38, 39]",17,lib/tests/builtin/host-runtime.zy,always_inline
trim-always-inline,release,0,609498,692,67,4803165,True,"[383, 160, 38, 39]",17,lib/tests/builtin/host-runtime.zy,trim_always_inline
trim-always-inline,release,0,624247,692,67,4878876,True,"[383, 160, 38, 39]",17,lib/tests/builtin/host-runtime.zy,baseline
trim-always-inline,release,0,632625,692,67,4904082,True,"[383, 160, 38, 39]",18,lib/tests/builtin/host-runtime.zy,always_inline
trim-always-inline,release,0,596713,692,67,4694128,True,"[383, 160, 38, 39]",18,lib/tests/builtin/host-runtime.zy,trim_always_inline
trim-always-inline,release,0,590377,692,67,4809001,True,"[383, 160, 38, 39]",18,lib/tests/builtin/host-runtime.zy,baseline
trim-always-inline,release,0,603666,692,67,4852705,True,"[383, 160, 38, 39]",18,lib/tests/builtin/host-runtime.zy,trim
trim-always-inline,release,0,625458,692,67,4950997,True,"[383, 160, 38, 39]",19,lib/tests/builtin/host-runtime.zy,trim_always_inline
trim-always-inline,release,0,604081,692,67,4768167,True,"[383, 160, 38, 39]",19,lib/tests/builtin/host-runtime.zy,baseline
trim-always-inline,release,0,596958,692,67,4741749,True,"[383, 160, 38, 39]",19,lib/tests/builtin/host-runtime.zy,trim
trim-always-inline,release,0,612372,692,67,4760872,True,"[383, 160, 38, 39]",19,lib/tests/builtin/host-runtime.zy,always_inline
trim-always-inline,release,0,619665,692,67,4776999,True,"[383, 160, 38, 39]",20,lib/tests/builtin/host-runtime.zy,baseline
trim-always-inline,release,0,621163,692,67,4783543,True,"[383, 160, 38, 39]",20,lib/tests/builtin/host-runtime.zy,trim
trim-always-inline,release,0,653916,692,67,4879119,True,"[383, 160, 38, 39]",20,lib/tests/builtin/host-runtime.zy,always_inline
trim-always-inline,release,0,649956,692,67,4845666,True,"[383, 160, 38, 39]",20,lib/tests/builtin/host-runtime.zy,trim_always_inline
trim-always-inline,release,0,623832,692,67,4763961,True,"[383, 160, 38, 39]",21,lib/tests/builtin/host-runtime.zy,trim
trim-always-inline,release,0,612546,692,67,4834963,True,"[383, 160, 38, 39]",21,lib/tests/builtin/host-runtime.zy,always_inline
trim-always-inline,release,0,598254,692,67,4705458,True,"[383, 160, 38, 39]",21,lib/tests/builtin/host-runtime.zy,trim_always_inline
trim-always-inline,release,0,611169,692,67,4742379,True,"[383, 160, 38, 39]",21,lib/tests/builtin/host-runtime.zy,baseline
trim-always-inline,release,0,634829,692,67,4918623,True,"[383, 160, 38, 39]",22,lib/tests/builtin/host-runtime.zy,always_inline
trim-always-inline,release,0,633748,692,67,4986080,True,"[383, 160, 38, 39]",22,lib/tests/builtin/host-runtime.zy,trim_always_inline
trim-always-inline,release,0,643000,692,67,5097127,True,"[383, 160, 38, 39]",22,lib/tests/builtin/host-runtime.zy,baseline
trim-always-inline,release,0,617286,692,67,4804668,True,"[383, 160, 38, 39]",22,lib/tests/builtin/host-runtime.zy,trim
trim-always-inline,release,0,636542,692,67,4960170,True,"[383, 160, 38, 39]",23,lib/tests/builtin/host-runtime.zy,trim_always_inline
trim-always-inline,release,0,629718,692,67,4948291,True,"[383, 160, 38, 39]",23,lib/tests/builtin/host-runtime.zy,baseline
trim-always-inline,release,0,617043,692,67,4868545,True,"[383, 160, 38, 39]",23,lib/tests/builtin/host-runtime.zy,trim
trim-always-inline,release,0,656915,692,67,4908294,True,"[383, 160, 38, 39]",23,lib/tests/builtin/host-runtime.zy,always_inline
trim-always-inline,release,0,653162,692,67,4869003,True,"[383, 160, 38, 39]",24,lib/tests/builtin/host-runtime.zy,baseline
trim-always-inline,release,0,615670,692,67,4830584,True,"[383, 160, 38, 39]",24,lib/tests/builtin/host-runtime.zy,trim
trim-always-inline,release,0,694298,692,67,4964795,True,"[383, 160, 38, 39]",24,lib/tests/builtin/host-runtime.zy,always_inline
trim-always-inline,release,0,613870,692,67,4853086,True,"[383, 160, 38, 39]",24,lib/tests/builtin/host-runtime.zy,trim_always_inline
trim-always-inline,release,0,650331,692,67,4853957,True,"[383, 160, 38, 39]",25,lib/tests/builtin/host-runtime.zy,trim
trim-always-inline,release,0,622666,692,67,4891921,True,"[383, 160, 38, 39]",25,lib/tests/builtin/host-runtime.zy,always_inline
trim-always-inline,release,0,604501,692,67,4914168,True,"[383, 160, 38, 39]",25,lib/tests/builtin/host-runtime.zy,trim_always_inline
trim-always-inline,release,0,595953,692,67,4742876,True,"[383, 160, 38, 39]",25,lib/tests/builtin/host-runtime.zy,baseline
trim-always-inline,release,0,635665,692,67,4714544,True,"[383, 160, 38, 39]",26,lib/tests/builtin/host-runtime.zy,always_inline
trim-always-inline,release,0,626462,692,67,4808500,True,"[383, 160, 38, 39]",26,lib/tests/builtin/host-runtime.zy,trim_always_inline
trim-always-inline,release,0,645996,692,67,4831374,True,"[383, 160, 38, 39]",26,lib/tests/builtin/host-runtime.zy,baseline
trim-always-inline,release,0,606169,692,67,4765331,True,"[383, 160, 38, 39]",26,lib/tests/builtin/host-runtime.zy,trim
trim-always-inline,release,0,600291,692,67,4796247,True,"[383, 160, 38, 39]",27,lib/tests/builtin/host-runtime.zy,trim_always_inline
trim-always-inline,release,0,605329,692,67,4800917,True,"[383, 160, 38, 39]",27,lib/tests/builtin/host-runtime.zy,baseline
trim-always-inline,release,0,591959,692,67,4680665,True,"[383, 160, 38, 39]",27,lib/tests/builtin/host-runtime.zy,trim
trim-always-inline,release,0,605164,692,67,4791705,True,"[383, 160, 38, 39]",27,lib/tests/builtin/host-runtime.zy,always_inline
trim-always-inline,release,0,622166,692,67,4944083,True,"[383, 160, 38, 39]",28,lib/tests/builtin/host-runtime.zy,baseline
trim-always-inline,release,0,599047,692,67,4676582,True,"[383, 160, 38, 39]",28,lib/tests/builtin/host-runtime.zy,trim
trim-always-inline,release,0,635247,692,67,4954082,True,"[383, 160, 38, 39]",28,lib/tests/builtin/host-runtime.zy,always_inline
trim-always-inline,release,0,654579,692,67,5026498,True,"[383, 160, 38, 39]",28,lib/tests/builtin/host-runtime.zy,trim_always_inline
trim-always-inline,release,0,640167,692,67,4942751,True,"[383, 160, 38, 39]",29,lib/tests/builtin/host-runtime.zy,trim
trim-always-inline,release,0,639959,692,67,4763709,True,"[383, 160, 38, 39]",29,lib/tests/builtin/host-runtime.zy,always_inline
trim-always-inline,release,0,618875,692,67,4770079,True,"[383, 160, 38, 39]",29,lib/tests/builtin/host-runtime.zy,trim_always_inline
trim-always-inline,release,0,621707,692,67,4891081,True,"[383, 160, 38, 39]",29,lib/tests/builtin/host-runtime.zy,baseline
trim-always-inline,release,0,628584,692,67,5078125,True,"[383, 160, 38, 39]",30,lib/tests/builtin/host-runtime.zy,always_inline
trim-always-inline,release,0,624713,692,67,4921461,True,"[383, 160, 38, 39]",30,lib/tests/builtin/host-runtime.zy,trim_always_inline
trim-always-inline,release,0,603205,692,67,4837670,True,"[383, 160, 38, 39]",30,lib/tests/builtin/host-runtime.zy,baseline
trim-always-inline,release,0,607579,692,67,4717374,True,"[383, 160, 38, 39]",30,lib/tests/builtin/host-runtime.zy,trim
trim-always-inline,release,0,603206,692,67,4722378,True,"[383, 160, 38, 39]",31,lib/tests/builtin/host-runtime.zy,trim_always_inline
trim-always-inline,release,0,626211,692,67,4826546,True,"[383, 160, 38, 39]",31,lib/tests/builtin/host-runtime.zy,baseline
trim-always-inline,release,0,600083,692,67,4745336,True,"[383, 160, 38, 39]",31,lib/tests/builtin/host-runtime.zy,trim
trim-always-inline,release,0,677957,692,67,4843995,True,"[383, 160, 38, 39]",31,lib/tests/builtin/host-runtime.zy,always_inline
trim-always-inline,release,0,569744,251,141,4553621,False,"[191, 52, 14, 0]",0,lib/tests/delimcc/reset-shift-k.zy,baseline
trim-always-inline,release,0,571418,251,141,4653042,False,"[191, 52, 14, 0]",0,lib/tests/delimcc/reset-shift-k.zy,trim
trim-always-inline,release,0,555289,251,141,4670333,False,"[191, 52, 14, 0]",0,lib/tests/delimcc/reset-shift-k.zy,always_inline
trim-always-inline,release,0,578674,251,141,4594583,False,"[191, 52, 14, 0]",0,lib/tests/delimcc/reset-shift-k.zy,trim_always_inline
trim-always-inline,release,0,587051,251,141,4694870,False,"[191, 52, 14, 0]",1,lib/tests/delimcc/reset-shift-k.zy,trim
trim-always-inline,release,0,563203,251,141,4679664,False,"[191, 52, 14, 0]",1,lib/tests/delimcc/reset-shift-k.zy,always_inline
trim-always-inline,release,0,585129,251,141,4715540,False,"[191, 52, 14, 0]",1,lib/tests/delimcc/reset-shift-k.zy,trim_always_inline
trim-always-inline,release,0,580919,251,141,4808785,False,"[191, 52, 14, 0]",1,lib/tests/delimcc/reset-shift-k.zy,baseline
trim-always-inline,release,0,564122,251,141,4799753,False,"[191, 52, 14, 0]",2,lib/tests/delimcc/reset-shift-k.zy,always_inline
trim-always-inline,release,0,568205,251,141,4848707,False,"[191, 52, 14, 0]",2,lib/tests/delimcc/reset-shift-k.zy,trim_always_inline
trim-always-inline,release,0,603915,251,141,4927587,False,"[191, 52, 14, 0]",2,lib/tests/delimcc/reset-shift-k.zy,baseline
trim-always-inline,release,0,567036,251,141,4774803,False,"[191, 52, 14, 0]",2,lib/tests/delimcc/reset-shift-k.zy,trim
trim-always-inline,release,0,565958,251,141,4782205,False,"[191, 52, 14, 0]",3,lib/tests/delimcc/reset-shift-k.zy,trim_always_inline
trim-always-inline,release,0,588797,251,141,4811003,False,"[191, 52, 14, 0]",3,lib/tests/delimcc/reset-shift-k.zy,baseline
trim-always-inline,release,0,566502,251,141,4729337,False,"[191, 52, 14, 0]",3,lib/tests/delimcc/reset-shift-k.zy,trim
trim-always-inline,release,0,532710,251,141,4647381,False,"[191, 52, 14, 0]",3,lib/tests/delimcc/reset-shift-k.zy,always_inline
trim-always-inline,release,0,561704,251,141,4690712,False,"[191, 52, 14, 0]",4,lib/tests/delimcc/reset-shift-k.zy,baseline
trim-always-inline,release,0,544790,251,141,4748629,False,"[191, 52, 14, 0]",4,lib/tests/delimcc/reset-shift-k.zy,trim
trim-always-inline,release,0,542121,251,141,4747044,False,"[191, 52, 14, 0]",4,lib/tests/delimcc/reset-shift-k.zy,always_inline
trim-always-inline,release,0,543787,251,141,4671163,False,"[191, 52, 14, 0]",4,lib/tests/delimcc/reset-shift-k.zy,trim_always_inline
trim-always-inline,release,0,538500,251,141,4646420,False,"[191, 52, 14, 0]",5,lib/tests/delimcc/reset-shift-k.zy,trim
trim-always-inline,release,0,536251,251,141,4633085,False,"[191, 52, 14, 0]",5,lib/tests/delimcc/reset-shift-k.zy,always_inline
trim-always-inline,release,0,541250,251,141,4692583,False,"[191, 52, 14, 0]",5,lib/tests/delimcc/reset-shift-k.zy,trim_always_inline
trim-always-inline,release,0,537458,251,141,4646243,False,"[191, 52, 14, 0]",5,lib/tests/delimcc/reset-shift-k.zy,baseline
trim-always-inline,release,0,529830,251,141,4682994,False,"[191, 52, 14, 0]",6,lib/tests/delimcc/reset-shift-k.zy,always_inline
trim-always-inline,release,0,560996,251,141,4787415,False,"[191, 52, 14, 0]",6,lib/tests/delimcc/reset-shift-k.zy,trim_always_inline
trim-always-inline,release,0,550956,251,141,4671749,False,"[191, 52, 14, 0]",6,lib/tests/delimcc/reset-shift-k.zy,baseline
trim-always-inline,release,0,538743,251,141,4658379,False,"[191, 52, 14, 0]",6,lib/tests/delimcc/reset-shift-k.zy,trim
trim-always-inline,release,0,547300,251,141,4666194,False,"[191, 52, 14, 0]",7,lib/tests/delimcc/reset-shift-k.zy,trim_always_inline
trim-always-inline,release,0,542047,251,141,4561044,False,"[191, 52, 14, 0]",7,lib/tests/delimcc/reset-shift-k.zy,baseline
trim-always-inline,release,0,526164,251,141,4570085,False,"[191, 52, 14, 0]",7,lib/tests/delimcc/reset-shift-k.zy,trim
trim-always-inline,release,0,532957,251,141,4690585,False,"[191, 52, 14, 0]",7,lib/tests/delimcc/reset-shift-k.zy,always_inline
trim-always-inline,release,0,546707,251,141,4683090,False,"[191, 52, 14, 0]",8,lib/tests/delimcc/reset-shift-k.zy,baseline
trim-always-inline,release,0,555422,251,141,4650456,False,"[191, 52, 14, 0]",8,lib/tests/delimcc/reset-shift-k.zy,trim
trim-always-inline,release,0,555417,251,141,4842660,False,"[191, 52, 14, 0]",8,lib/tests/delimcc/reset-shift-k.zy,always_inline
trim-always-inline,release,0,563164,251,141,4620073,False,"[191, 52, 14, 0]",8,lib/tests/delimcc/reset-shift-k.zy,trim_always_inline
trim-always-inline,release,0,561041,251,141,4662787,False,"[191, 52, 14, 0]",9,lib/tests/delimcc/reset-shift-k.zy,trim
trim-always-inline,release,0,551960,251,141,4661503,False,"[191, 52, 14, 0]",9,lib/tests/delimcc/reset-shift-k.zy,always_inline
trim-always-inline,release,0,582582,251,141,4988497,False,"[191, 52, 14, 0]",9,lib/tests/delimcc/reset-shift-k.zy,trim_always_inline
trim-always-inline,release,0,634158,251,141,5133796,False,"[191, 52, 14, 0]",9,lib/tests/delimcc/reset-shift-k.zy,baseline
trim-always-inline,release,0,533374,251,141,4672711,False,"[191, 52, 14, 0]",10,lib/tests/delimcc/reset-shift-k.zy,always_inline
trim-always-inline,release,0,554876,251,141,4817838,False,"[191, 52, 14, 0]",10,lib/tests/delimcc/reset-shift-k.zy,trim_always_inline
trim-always-inline,release,0,590207,251,141,4817790,False,"[191, 52, 14, 0]",10,lib/tests/delimcc/reset-shift-k.zy,baseline
trim-always-inline,release,0,565121,251,141,4626793,False,"[191, 52, 14, 0]",10,lib/tests/delimcc/reset-shift-k.zy,trim
trim-always-inline,release,0,562713,251,141,4794583,False,"[191, 52, 14, 0]",11,lib/tests/delimcc/reset-shift-k.zy,trim_always_inline
trim-always-inline,release,0,558209,251,141,4869836,False,"[191, 52, 14, 0]",11,lib/tests/delimcc/reset-shift-k.zy,baseline
trim-always-inline,release,0,530048,251,141,4676210,False,"[191, 52, 14, 0]",11,lib/tests/delimcc/reset-shift-k.zy,trim
trim-always-inline,release,0,543957,251,141,4717993,False,"[191, 52, 14, 0]",11,lib/tests/delimcc/reset-shift-k.zy,always_inline
trim-always-inline,release,0,586586,251,141,4895581,False,"[191, 52, 14, 0]",12,lib/tests/delimcc/reset-shift-k.zy,baseline
trim-always-inline,release,0,564172,251,141,4749206,False,"[191, 52, 14, 0]",12,lib/tests/delimcc/reset-shift-k.zy,trim
trim-always-inline,release,0,545584,251,141,4698500,False,"[191, 52, 14, 0]",12,lib/tests/delimcc/reset-shift-k.zy,always_inline
trim-always-inline,release,0,560629,251,141,4699741,False,"[191, 52, 14, 0]",12,lib/tests/delimcc/reset-shift-k.zy,trim_always_inline
trim-always-inline,release,0,579294,251,141,4784756,False,"[191, 52, 14, 0]",13,lib/tests/delimcc/reset-shift-k.zy,trim
trim-always-inline,release,0,521556,251,141,4522663,False,"[191, 52, 14, 0]",13,lib/tests/delimcc/reset-shift-k.zy,always_inline
trim-always-inline,release,0,567330,251,141,4694452,False,"[191, 52, 14, 0]",13,lib/tests/delimcc/reset-shift-k.zy,trim_always_inline
trim-always-inline,release,0,550755,251,141,4731833,False,"[191, 52, 14, 0]",13,lib/tests/delimcc/reset-shift-k.zy,baseline
trim-always-inline,release,0,554507,251,141,4744382,False,"[191, 52, 14, 0]",14,lib/tests/delimcc/reset-shift-k.zy,always_inline
trim-always-inline,release,0,575461,251,141,4809293,False,"[191, 52, 14, 0]",14,lib/tests/delimcc/reset-shift-k.zy,trim_always_inline
trim-always-inline,release,0,561213,251,141,4880049,False,"[191, 52, 14, 0]",14,lib/tests/delimcc/reset-shift-k.zy,baseline
trim-always-inline,release,0,547916,251,141,4655577,False,"[191, 52, 14, 0]",14,lib/tests/delimcc/reset-shift-k.zy,trim
trim-always-inline,release,0,537750,251,141,4681502,False,"[191, 52, 14, 0]",15,lib/tests/delimcc/reset-shift-k.zy,trim_always_inline
trim-always-inline,release,0,566995,251,141,4835294,False,"[191, 52, 14, 0]",15,lib/tests/delimcc/reset-shift-k.zy,baseline
trim-always-inline,release,0,613701,251,141,4609122,False,"[191, 52, 14, 0]",15,lib/tests/delimcc/reset-shift-k.zy,trim
trim-always-inline,release,0,592334,251,141,4751494,False,"[191, 52, 14, 0]",15,lib/tests/delimcc/reset-shift-k.zy,always_inline
trim-always-inline,release,0,529955,251,141,4598617,False,"[191, 52, 14, 0]",16,lib/tests/delimcc/reset-shift-k.zy,baseline
trim-always-inline,release,0,513469,251,141,4585046,False,"[191, 52, 14, 0]",16,lib/tests/delimcc/reset-shift-k.zy,trim
trim-always-inline,release,0,541045,251,141,4728249,False,"[191, 52, 14, 0]",16,lib/tests/delimcc/reset-shift-k.zy,always_inline
trim-always-inline,release,0,555628,251,141,4801626,False,"[191, 52, 14, 0]",16,lib/tests/delimcc/reset-shift-k.zy,trim_always_inline
trim-always-inline,release,0,570129,251,141,4967885,False,"[191, 52, 14, 0]",17,lib/tests/delimcc/reset-shift-k.zy,trim
trim-always-inline,release,0,571204,251,141,4858121,False,"[191, 52, 14, 0]",17,lib/tests/delimcc/reset-shift-k.zy,always_inline
trim-always-inline,release,0,573003,251,141,4705918,False,"[191, 52, 14, 0]",17,lib/tests/delimcc/reset-shift-k.zy,trim_always_inline
trim-always-inline,release,0,543283,251,141,4693501,False,"[191, 52, 14, 0]",17,lib/tests/delimcc/reset-shift-k.zy,baseline
trim-always-inline,release,0,557788,251,141,4703919,False,"[191, 52, 14, 0]",18,lib/tests/delimcc/reset-shift-k.zy,always_inline
trim-always-inline,release,0,558794,251,141,4859545,False,"[191, 52, 14, 0]",18,lib/tests/delimcc/reset-shift-k.zy,trim_always_inline
trim-always-inline,release,0,583129,251,141,4722961,False,"[191, 52, 14, 0]",18,lib/tests/delimcc/reset-shift-k.zy,baseline
trim-always-inline,release,0,553130,251,141,4708800,False,"[191, 52, 14, 0]",18,lib/tests/delimcc/reset-shift-k.zy,trim
trim-always-inline,release,0,548625,251,141,4604248,False,"[191, 52, 14, 0]",19,lib/tests/delimcc/reset-shift-k.zy,trim_always_inline
trim-always-inline,release,0,531252,251,141,4629373,False,"[191, 52, 14, 0]",19,lib/tests/delimcc/reset-shift-k.zy,baseline
trim-always-inline,release,0,544872,251,141,4638044,False,"[191, 52, 14, 0]",19,lib/tests/delimcc/reset-shift-k.zy,trim
trim-always-inline,release,0,566210,251,141,4712501,False,"[191, 52, 14, 0]",19,lib/tests/delimcc/reset-shift-k.zy,always_inline
trim-always-inline,release,0,539042,251,141,4535047,False,"[191, 52, 14, 0]",20,lib/tests/delimcc/reset-shift-k.zy,baseline
trim-always-inline,release,0,543629,251,141,4585499,False,"[191, 52, 14, 0]",20,lib/tests/delimcc/reset-shift-k.zy,trim
trim-always-inline,release,0,546576,251,141,4725503,False,"[191, 52, 14, 0]",20,lib/tests/delimcc/reset-shift-k.zy,always_inline
trim-always-inline,release,0,551213,251,141,4637456,False,"[191, 52, 14, 0]",20,lib/tests/delimcc/reset-shift-k.zy,trim_always_inline
trim-always-inline,release,0,564165,251,141,4805048,False,"[191, 52, 14, 0]",21,lib/tests/delimcc/reset-shift-k.zy,trim
trim-always-inline,release,0,549505,251,141,4658452,False,"[191, 52, 14, 0]",21,lib/tests/delimcc/reset-shift-k.zy,always_inline
trim-always-inline,release,0,540081,251,141,4613789,False,"[191, 52, 14, 0]",21,lib/tests/delimcc/reset-shift-k.zy,trim_always_inline
trim-always-inline,release,0,554597,251,141,4715199,False,"[191, 52, 14, 0]",21,lib/tests/delimcc/reset-shift-k.zy,baseline
trim-always-inline,release,0,537211,251,141,4525668,False,"[191, 52, 14, 0]",22,lib/tests/delimcc/reset-shift-k.zy,always_inline
trim-always-inline,release,0,543960,251,141,4630374,False,"[191, 52, 14, 0]",22,lib/tests/delimcc/reset-shift-k.zy,trim_always_inline
trim-always-inline,release,0,554498,251,141,4742795,False,"[191, 52, 14, 0]",22,lib/tests/delimcc/reset-shift-k.zy,baseline
trim-always-inline,release,0,539459,251,141,4641378,False,"[191, 52, 14, 0]",22,lib/tests/delimcc/reset-shift-k.zy,trim
trim-always-inline,release,0,525835,251,141,4617300,False,"[191, 52, 14, 0]",23,lib/tests/delimcc/reset-shift-k.zy,trim_always_inline
trim-always-inline,release,0,546628,251,141,4773918,False,"[191, 52, 14, 0]",23,lib/tests/delimcc/reset-shift-k.zy,baseline
trim-always-inline,release,0,572123,251,141,4666664,False,"[191, 52, 14, 0]",23,lib/tests/delimcc/reset-shift-k.zy,trim
trim-always-inline,release,0,583624,251,141,4948203,False,"[191, 52, 14, 0]",23,lib/tests/delimcc/reset-shift-k.zy,always_inline
trim-always-inline,release,0,588875,251,141,4854075,False,"[191, 52, 14, 0]",24,lib/tests/delimcc/reset-shift-k.zy,baseline
trim-always-inline,release,0,541705,251,141,4641626,False,"[191, 52, 14, 0]",24,lib/tests/delimcc/reset-shift-k.zy,trim
trim-always-inline,release,0,560714,251,141,4721542,False,"[191, 52, 14, 0]",24,lib/tests/delimcc/reset-shift-k.zy,always_inline
trim-always-inline,release,0,576836,251,141,4790503,False,"[191, 52, 14, 0]",24,lib/tests/delimcc/reset-shift-k.zy,trim_always_inline
trim-always-inline,release,0,538418,251,141,4667122,False,"[191, 52, 14, 0]",25,lib/tests/delimcc/reset-shift-k.zy,trim
trim-always-inline,release,0,540912,251,141,4690787,False,"[191, 52, 14, 0]",25,lib/tests/delimcc/reset-shift-k.zy,always_inline
trim-always-inline,release,0,538704,251,141,4742460,False,"[191, 52, 14, 0]",25,lib/tests/delimcc/reset-shift-k.zy,trim_always_inline
trim-always-inline,release,0,574461,251,141,4695089,False,"[191, 52, 14, 0]",25,lib/tests/delimcc/reset-shift-k.zy,baseline
trim-always-inline,release,0,568339,251,141,4774706,False,"[191, 52, 14, 0]",26,lib/tests/delimcc/reset-shift-k.zy,always_inline
trim-always-inline,release,0,549869,251,141,4666126,False,"[191, 52, 14, 0]",26,lib/tests/delimcc/reset-shift-k.zy,trim_always_inline
trim-always-inline,release,0,539844,251,141,4656383,False,"[191, 52, 14, 0]",26,lib/tests/delimcc/reset-shift-k.zy,baseline
trim-always-inline,release,0,553261,251,141,4796296,False,"[191, 52, 14, 0]",26,lib/tests/delimcc/reset-shift-k.zy,trim
trim-always-inline,release,0,561498,251,141,4876916,False,"[191, 52, 14, 0]",27,lib/tests/delimcc/reset-shift-k.zy,trim_always_inline
trim-always-inline,release,0,525212,251,141,4618335,False,"[191, 52, 14, 0]",27,lib/tests/delimcc/reset-shift-k.zy,baseline
trim-always-inline,release,0,524912,251,141,4570457,False,"[191, 52, 14, 0]",27,lib/tests/delimcc/reset-shift-k.zy,trim
trim-always-inline,release,0,523370,251,141,4629340,False,"[191, 52, 14, 0]",27,lib/tests/delimcc/reset-shift-k.zy,always_inline
trim-always-inline,release,0,540087,251,141,4792507,False,"[191, 52, 14, 0]",28,lib/tests/delimcc/reset-shift-k.zy,baseline
trim-always-inline,release,0,555830,251,141,4749832,False,"[191, 52, 14, 0]",28,lib/tests/delimcc/reset-shift-k.zy,trim
trim-always-inline,release,0,533625,251,141,4502165,False,"[191, 52, 14, 0]",28,lib/tests/delimcc/reset-shift-k.zy,always_inline
trim-always-inline,release,0,541998,251,141,4616832,False,"[191, 52, 14, 0]",28,lib/tests/delimcc/reset-shift-k.zy,trim_always_inline
trim-always-inline,release,0,555876,251,141,4682586,False,"[191, 52, 14, 0]",29,lib/tests/delimcc/reset-shift-k.zy,trim
trim-always-inline,release,0,520504,251,141,4572661,False,"[191, 52, 14, 0]",29,lib/tests/delimcc/reset-shift-k.zy,always_inline
trim-always-inline,release,0,553123,251,141,4621827,False,"[191, 52, 14, 0]",29,lib/tests/delimcc/reset-shift-k.zy,trim_always_inline
trim-always-inline,release,0,559333,251,141,4734593,False,"[191, 52, 14, 0]",29,lib/tests/delimcc/reset-shift-k.zy,baseline
trim-always-inline,release,0,530965,251,141,4527955,False,"[191, 52, 14, 0]",30,lib/tests/delimcc/reset-shift-k.zy,always_inline
trim-always-inline,release,0,526205,251,141,4580504,False,"[191, 52, 14, 0]",30,lib/tests/delimcc/reset-shift-k.zy,trim_always_inline
trim-always-inline,release,0,548543,251,141,4881624,False,"[191, 52, 14, 0]",30,lib/tests/delimcc/reset-shift-k.zy,baseline
trim-always-inline,release,0,570006,251,141,4772962,False,"[191, 52, 14, 0]",30,lib/tests/delimcc/reset-shift-k.zy,trim
trim-always-inline,release,0,558587,251,141,4769497,False,"[191, 52, 14, 0]",31,lib/tests/delimcc/reset-shift-k.zy,trim_always_inline
trim-always-inline,release,0,539829,251,141,4771419,False,"[191, 52, 14, 0]",31,lib/tests/delimcc/reset-shift-k.zy,baseline
trim-always-inline,release,0,559755,251,141,4786664,False,"[191, 52, 14, 0]",31,lib/tests/delimcc/reset-shift-k.zy,trim
trim-always-inline,release,0,545248,251,141,4774794,False,"[191, 52, 14, 0]",31,lib/tests/delimcc/reset-shift-k.zy,always_inline
trim-always-inline,release,0,634662,251,152,5053668,True,"[184, 51, 14, 13]",0,lib/tests/delimcc/reset-shift-k.zy,baseline
trim-always-inline,release,0,641543,251,152,5004584,True,"[184, 51, 14, 13]",0,lib/tests/delimcc/reset-shift-k.zy,trim
trim-always-inline,release,0,642630,251,152,4918467,True,"[184, 51, 14, 13]",0,lib/tests/delimcc/reset-shift-k.zy,always_inline
trim-always-inline,release,0,614712,251,152,4939917,True,"[184, 51, 14, 13]",0,lib/tests/delimcc/reset-shift-k.zy,trim_always_inline
trim-always-inline,release,0,595832,251,152,4990748,True,"[184, 51, 14, 13]",1,lib/tests/delimcc/reset-shift-k.zy,trim
trim-always-inline,release,0,582452,251,152,4839209,True,"[184, 51, 14, 13]",1,lib/tests/delimcc/reset-shift-k.zy,always_inline
trim-always-inline,release,0,598665,251,152,4938617,True,"[184, 51, 14, 13]",1,lib/tests/delimcc/reset-shift-k.zy,trim_always_inline
trim-always-inline,release,0,558085,251,152,4760158,True,"[184, 51, 14, 13]",1,lib/tests/delimcc/reset-shift-k.zy,baseline
trim-always-inline,release,0,609421,251,152,4727453,True,"[184, 51, 14, 13]",2,lib/tests/delimcc/reset-shift-k.zy,always_inline
trim-always-inline,release,0,575166,251,152,4774428,True,"[184, 51, 14, 13]",2,lib/tests/delimcc/reset-shift-k.zy,trim_always_inline
trim-always-inline,release,0,570510,251,152,4939009,True,"[184, 51, 14, 13]",2,lib/tests/delimcc/reset-shift-k.zy,baseline
trim-always-inline,release,0,554832,251,152,4719874,True,"[184, 51, 14, 13]",2,lib/tests/delimcc/reset-shift-k.zy,trim
trim-always-inline,release,0,562079,251,152,4836328,True,"[184, 51, 14, 13]",3,lib/tests/delimcc/reset-shift-k.zy,trim_always_inline
trim-always-inline,release,0,569116,251,152,4976290,True,"[184, 51, 14, 13]",3,lib/tests/delimcc/reset-shift-k.zy,baseline
trim-always-inline,release,0,551954,251,152,4680084,True,"[184, 51, 14, 13]",3,lib/tests/delimcc/reset-shift-k.zy,trim
trim-always-inline,release,0,568250,251,152,4814583,True,"[184, 51, 14, 13]",3,lib/tests/delimcc/reset-shift-k.zy,always_inline
trim-always-inline,release,0,586904,251,152,5001541,True,"[184, 51, 14, 13]",4,lib/tests/delimcc/reset-shift-k.zy,baseline
trim-always-inline,release,0,589041,251,152,4837422,True,"[184, 51, 14, 13]",4,lib/tests/delimcc/reset-shift-k.zy,trim
trim-always-inline,release,0,567546,251,152,4825373,True,"[184, 51, 14, 13]",4,lib/tests/delimcc/reset-shift-k.zy,always_inline
trim-always-inline,release,0,553954,251,152,4736461,True,"[184, 51, 14, 13]",4,lib/tests/delimcc/reset-shift-k.zy,trim_always_inline
trim-always-inline,release,0,562413,251,152,4830664,True,"[184, 51, 14, 13]",5,lib/tests/delimcc/reset-shift-k.zy,trim
trim-always-inline,release,0,612293,251,152,5118127,True,"[184, 51, 14, 13]",5,lib/tests/delimcc/reset-shift-k.zy,always_inline
trim-always-inline,release,0,599666,251,152,5096170,True,"[184, 51, 14, 13]",5,lib/tests/delimcc/reset-shift-k.zy,trim_always_inline
trim-always-inline,release,0,576040,251,152,4898868,True,"[184, 51, 14, 13]",5,lib/tests/delimcc/reset-shift-k.zy,baseline
trim-always-inline,release,0,573372,251,152,4916376,True,"[184, 51, 14, 13]",6,lib/tests/delimcc/reset-shift-k.zy,always_inline
trim-always-inline,release,0,588836,251,152,5049708,True,"[184, 51, 14, 13]",6,lib/tests/delimcc/reset-shift-k.zy,trim_always_inline
trim-always-inline,release,0,574028,251,152,5012255,True,"[184, 51, 14, 13]",6,lib/tests/delimcc/reset-shift-k.zy,baseline
trim-always-inline,release,0,567414,251,152,4825127,True,"[184, 51, 14, 13]",6,lib/tests/delimcc/reset-shift-k.zy,trim
trim-always-inline,release,0,575172,251,152,4918984,True,"[184, 51, 14, 13]",7,lib/tests/delimcc/reset-shift-k.zy,trim_always_inline
trim-always-inline,release,0,585584,251,152,4959384,True,"[184, 51, 14, 13]",7,lib/tests/delimcc/reset-shift-k.zy,baseline
trim-always-inline,release,0,601133,251,152,4989255,True,"[184, 51, 14, 13]",7,lib/tests/delimcc/reset-shift-k.zy,trim
trim-always-inline,release,0,562670,251,152,4892125,True,"[184, 51, 14, 13]",7,lib/tests/delimcc/reset-shift-k.zy,always_inline
trim-always-inline,release,0,578630,251,152,4985175,True,"[184, 51, 14, 13]",8,lib/tests/delimcc/reset-shift-k.zy,baseline
trim-always-inline,release,0,567128,251,152,4864243,True,"[184, 51, 14, 13]",8,lib/tests/delimcc/reset-shift-k.zy,trim
trim-always-inline,release,0,613039,251,152,4844327,True,"[184, 51, 14, 13]",8,lib/tests/delimcc/reset-shift-k.zy,always_inline
trim-always-inline,release,0,572420,251,152,4748791,True,"[184, 51, 14, 13]",8,lib/tests/delimcc/reset-shift-k.zy,trim_always_inline
trim-always-inline,release,0,567174,251,152,4803376,True,"[184, 51, 14, 13]",9,lib/tests/delimcc/reset-shift-k.zy,trim
trim-always-inline,release,0,562621,251,152,4831219,True,"[184, 51, 14, 13]",9,lib/tests/delimcc/reset-shift-k.zy,always_inline
trim-always-inline,release,0,627417,251,152,4889834,True,"[184, 51, 14, 13]",9,lib/tests/delimcc/reset-shift-k.zy,trim_always_inline
trim-always-inline,release,0,604833,251,152,4883657,True,"[184, 51, 14, 13]",9,lib/tests/delimcc/reset-shift-k.zy,baseline
trim-always-inline,release,0,568831,251,152,4881425,True,"[184, 51, 14, 13]",10,lib/tests/delimcc/reset-shift-k.zy,always_inline
trim-always-inline,release,0,576665,251,152,4878665,True,"[184, 51, 14, 13]",10,lib/tests/delimcc/reset-shift-k.zy,trim_always_inline
trim-always-inline,release,0,596544,251,152,4993423,True,"[184, 51, 14, 13]",10,lib/tests/delimcc/reset-shift-k.zy,baseline
trim-always-inline,release,0,564245,251,152,4628834,True,"[184, 51, 14, 13]",10,lib/tests/delimcc/reset-shift-k.zy,trim
trim-always-inline,release,0,561209,251,152,4727795,True,"[184, 51, 14, 13]",11,lib/tests/delimcc/reset-shift-k.zy,trim_always_inline
trim-always-inline,release,0,603955,251,152,4940699,True,"[184, 51, 14, 13]",11,lib/tests/delimcc/reset-shift-k.zy,baseline
trim-always-inline,release,0,596046,251,152,4928795,True,"[184, 51, 14, 13]",11,lib/tests/delimcc/reset-shift-k.zy,trim
trim-always-inline,release,0,595212,251,152,5018533,True,"[184, 51, 14, 13]",11,lib/tests/delimcc/reset-shift-k.zy,always_inline
trim-always-inline,release,0,582748,251,152,5080375,True,"[184, 51, 14, 13]",12,lib/tests/delimcc/reset-shift-k.zy,baseline
trim-always-inline,release,0,624578,251,152,5038295,True,"[184, 51, 14, 13]",12,lib/tests/delimcc/reset-shift-k.zy,trim
trim-always-inline,release,0,586961,251,152,4776627,True,"[184, 51, 14, 13]",12,lib/tests/delimcc/reset-shift-k.zy,always_inline
trim-always-inline,release,0,640080,251,152,4874624,True,"[184, 51, 14, 13]",12,lib/tests/delimcc/reset-shift-k.zy,trim_always_inline
trim-always-inline,release,0,572039,251,152,4921577,True,"[184, 51, 14, 13]",13,lib/tests/delimcc/reset-shift-k.zy,trim
trim-always-inline,release,0,609414,251,152,4927625,True,"[184, 51, 14, 13]",13,lib/tests/delimcc/reset-shift-k.zy,always_inline
trim-always-inline,release,0,588584,251,152,4999503,True,"[184, 51, 14, 13]",13,lib/tests/delimcc/reset-shift-k.zy,trim_always_inline
trim-always-inline,release,0,600555,251,152,5080750,True,"[184, 51, 14, 13]",13,lib/tests/delimcc/reset-shift-k.zy,baseline
trim-always-inline,release,0,575167,251,152,4887708,True,"[184, 51, 14, 13]",14,lib/tests/delimcc/reset-shift-k.zy,always_inline
trim-always-inline,release,0,585536,251,152,4984749,True,"[184, 51, 14, 13]",14,lib/tests/delimcc/reset-shift-k.zy,trim_always_inline
trim-always-inline,release,0,607587,251,152,5131375,True,"[184, 51, 14, 13]",14,lib/tests/delimcc/reset-shift-k.zy,baseline
trim-always-inline,release,0,598835,251,152,4900541,True,"[184, 51, 14, 13]",14,lib/tests/delimcc/reset-shift-k.zy,trim
trim-always-inline,release,0,580329,251,152,4838341,True,"[184, 51, 14, 13]",15,lib/tests/delimcc/reset-shift-k.zy,trim_always_inline
trim-always-inline,release,0,597583,251,152,4988089,True,"[184, 51, 14, 13]",15,lib/tests/delimcc/reset-shift-k.zy,baseline
trim-always-inline,release,0,592333,251,152,4993913,True,"[184, 51, 14, 13]",15,lib/tests/delimcc/reset-shift-k.zy,trim
trim-always-inline,release,0,578907,251,152,4793676,True,"[184, 51, 14, 13]",15,lib/tests/delimcc/reset-shift-k.zy,always_inline
trim-always-inline,release,0,595673,251,152,5020242,True,"[184, 51, 14, 13]",16,lib/tests/delimcc/reset-shift-k.zy,baseline
trim-always-inline,release,0,601832,251,152,4991669,True,"[184, 51, 14, 13]",16,lib/tests/delimcc/reset-shift-k.zy,trim
trim-always-inline,release,0,609630,251,152,5075668,True,"[184, 51, 14, 13]",16,lib/tests/delimcc/reset-shift-k.zy,always_inline
trim-always-inline,release,0,589797,251,152,4911536,True,"[184, 51, 14, 13]",16,lib/tests/delimcc/reset-shift-k.zy,trim_always_inline
trim-always-inline,release,0,582424,251,152,4856583,True,"[184, 51, 14, 13]",17,lib/tests/delimcc/reset-shift-k.zy,trim
trim-always-inline,release,0,620369,251,152,4807456,True,"[184, 51, 14, 13]",17,lib/tests/delimcc/reset-shift-k.zy,always_inline
trim-always-inline,release,0,578707,251,152,4872670,True,"[184, 51, 14, 13]",17,lib/tests/delimcc/reset-shift-k.zy,trim_always_inline
trim-always-inline,release,0,619707,251,152,4935708,True,"[184, 51, 14, 13]",17,lib/tests/delimcc/reset-shift-k.zy,baseline
trim-always-inline,release,0,622415,251,152,4833047,True,"[184, 51, 14, 13]",18,lib/tests/delimcc/reset-shift-k.zy,always_inline
trim-always-inline,release,0,584163,251,152,4869750,True,"[184, 51, 14, 13]",18,lib/tests/delimcc/reset-shift-k.zy,trim_always_inline
trim-always-inline,release,0,603706,251,152,5174845,True,"[184, 51, 14, 13]",18,lib/tests/delimcc/reset-shift-k.zy,baseline
trim-always-inline,release,0,644464,251,152,5034669,True,"[184, 51, 14, 13]",18,lib/tests/delimcc/reset-shift-k.zy,trim
trim-always-inline,release,0,615339,251,152,4891127,True,"[184, 51, 14, 13]",19,lib/tests/delimcc/reset-shift-k.zy,trim_always_inline
trim-always-inline,release,0,619502,251,152,4905256,True,"[184, 51, 14, 13]",19,lib/tests/delimcc/reset-shift-k.zy,baseline
trim-always-inline,release,0,595586,251,152,5016413,True,"[184, 51, 14, 13]",19,lib/tests/delimcc/reset-shift-k.zy,trim
trim-always-inline,release,0,616708,251,152,4819622,True,"[184, 51, 14, 13]",19,lib/tests/delimcc/reset-shift-k.zy,always_inline
trim-always-inline,release,0,605880,251,152,4920450,True,"[184, 51, 14, 13]",20,lib/tests/delimcc/reset-shift-k.zy,baseline
trim-always-inline,release,0,583412,251,152,4801257,True,"[184, 51, 14, 13]",20,lib/tests/delimcc/reset-shift-k.zy,trim
trim-always-inline,release,0,576040,251,152,4928582,True,"[184, 51, 14, 13]",20,lib/tests/delimcc/reset-shift-k.zy,always_inline
trim-always-inline,release,0,623874,251,152,4956557,True,"[184, 51, 14, 13]",20,lib/tests/delimcc/reset-shift-k.zy,trim_always_inline
trim-always-inline,release,0,564414,251,152,4856168,True,"[184, 51, 14, 13]",21,lib/tests/delimcc/reset-shift-k.zy,trim
trim-always-inline,release,0,596165,251,152,4810797,True,"[184, 51, 14, 13]",21,lib/tests/delimcc/reset-shift-k.zy,always_inline
trim-always-inline,release,0,585376,251,152,4883412,True,"[184, 51, 14, 13]",21,lib/tests/delimcc/reset-shift-k.zy,trim_always_inline
trim-always-inline,release,0,582705,251,152,4870460,True,"[184, 51, 14, 13]",21,lib/tests/delimcc/reset-shift-k.zy,baseline
trim-always-inline,release,0,583123,251,152,4780792,True,"[184, 51, 14, 13]",22,lib/tests/delimcc/reset-shift-k.zy,always_inline
trim-always-inline,release,0,595798,251,152,4840170,True,"[184, 51, 14, 13]",22,lib/tests/delimcc/reset-shift-k.zy,trim_always_inline
trim-always-inline,release,0,581044,251,152,4946959,True,"[184, 51, 14, 13]",22,lib/tests/delimcc/reset-shift-k.zy,baseline
trim-always-inline,release,0,564830,251,152,4733375,True,"[184, 51, 14, 13]",22,lib/tests/delimcc/reset-shift-k.zy,trim
trim-always-inline,release,0,565416,251,152,4856292,True,"[184, 51, 14, 13]",23,lib/tests/delimcc/reset-shift-k.zy,trim_always_inline
trim-always-inline,release,0,567538,251,152,4936459,True,"[184, 51, 14, 13]",23,lib/tests/delimcc/reset-shift-k.zy,baseline
trim-always-inline,release,0,606790,251,152,4792250,True,"[184, 51, 14, 13]",23,lib/tests/delimcc/reset-shift-k.zy,trim
trim-always-inline,release,0,581420,251,152,4811665,True,"[184, 51, 14, 13]",23,lib/tests/delimcc/reset-shift-k.zy,always_inline
trim-always-inline,release,0,570115,251,152,4842871,True,"[184, 51, 14, 13]",24,lib/tests/delimcc/reset-shift-k.zy,baseline
trim-always-inline,release,0,563588,251,152,4795660,True,"[184, 51, 14, 13]",24,lib/tests/delimcc/reset-shift-k.zy,trim
trim-always-inline,release,0,574752,251,152,4831501,True,"[184, 51, 14, 13]",24,lib/tests/delimcc/reset-shift-k.zy,always_inline
trim-always-inline,release,0,578080,251,152,4801203,True,"[184, 51, 14, 13]",24,lib/tests/delimcc/reset-shift-k.zy,trim_always_inline
trim-always-inline,release,0,598626,251,152,4963657,True,"[184, 51, 14, 13]",25,lib/tests/delimcc/reset-shift-k.zy,trim
trim-always-inline,release,0,610120,251,152,5123828,True,"[184, 51, 14, 13]",25,lib/tests/delimcc/reset-shift-k.zy,always_inline
trim-always-inline,release,0,618174,251,152,5098499,True,"[184, 51, 14, 13]",25,lib/tests/delimcc/reset-shift-k.zy,trim_always_inline
trim-always-inline,release,0,622536,251,152,5080708,True,"[184, 51, 14, 13]",25,lib/tests/delimcc/reset-shift-k.zy,baseline
trim-always-inline,release,0,623206,251,152,5005166,True,"[184, 51, 14, 13]",26,lib/tests/delimcc/reset-shift-k.zy,always_inline
trim-always-inline,release,0,596668,251,152,4849838,True,"[184, 51, 14, 13]",26,lib/tests/delimcc/reset-shift-k.zy,trim_always_inline
trim-always-inline,release,0,586370,251,152,4951545,True,"[184, 51, 14, 13]",26,lib/tests/delimcc/reset-shift-k.zy,baseline
trim-always-inline,release,0,665254,251,152,5063664,True,"[184, 51, 14, 13]",26,lib/tests/delimcc/reset-shift-k.zy,trim
trim-always-inline,release,0,650084,251,152,4932760,True,"[184, 51, 14, 13]",27,lib/tests/delimcc/reset-shift-k.zy,trim_always_inline
trim-always-inline,release,0,582540,251,152,4839207,True,"[184, 51, 14, 13]",27,lib/tests/delimcc/reset-shift-k.zy,baseline
trim-always-inline,release,0,565582,251,152,4785538,True,"[184, 51, 14, 13]",27,lib/tests/delimcc/reset-shift-k.zy,trim
trim-always-inline,release,0,587714,251,152,4994127,True,"[184, 51, 14, 13]",27,lib/tests/delimcc/reset-shift-k.zy,always_inline
trim-always-inline,release,0,562494,251,152,4902837,True,"[184, 51, 14, 13]",28,lib/tests/delimcc/reset-shift-k.zy,baseline
trim-always-inline,release,0,576041,251,152,4797416,True,"[184, 51, 14, 13]",28,lib/tests/delimcc/reset-shift-k.zy,trim
trim-always-inline,release,0,562126,251,152,4872047,True,"[184, 51, 14, 13]",28,lib/tests/delimcc/reset-shift-k.zy,always_inline
trim-always-inline,release,0,564341,251,152,4777747,True,"[184, 51, 14, 13]",28,lib/tests/delimcc/reset-shift-k.zy,trim_always_inline
trim-always-inline,release,0,559670,251,152,4802582,True,"[184, 51, 14, 13]",29,lib/tests/delimcc/reset-shift-k.zy,trim
trim-always-inline,release,0,582754,251,152,4920199,True,"[184, 51, 14, 13]",29,lib/tests/delimcc/reset-shift-k.zy,always_inline
trim-always-inline,release,0,632163,251,152,4846799,True,"[184, 51, 14, 13]",29,lib/tests/delimcc/reset-shift-k.zy,trim_always_inline
trim-always-inline,release,0,569579,251,152,4848210,True,"[184, 51, 14, 13]",29,lib/tests/delimcc/reset-shift-k.zy,baseline
trim-always-inline,release,0,584714,251,152,4910418,True,"[184, 51, 14, 13]",30,lib/tests/delimcc/reset-shift-k.zy,always_inline
trim-always-inline,release,0,558212,251,152,4848497,True,"[184, 51, 14, 13]",30,lib/tests/delimcc/reset-shift-k.zy,trim_always_inline
trim-always-inline,release,0,617884,251,152,4918086,True,"[184, 51, 14, 13]",30,lib/tests/delimcc/reset-shift-k.zy,baseline
trim-always-inline,release,0,600041,251,152,4850755,True,"[184, 51, 14, 13]",30,lib/tests/delimcc/reset-shift-k.zy,trim
trim-always-inline,release,0,566299,251,152,4776916,True,"[184, 51, 14, 13]",31,lib/tests/delimcc/reset-shift-k.zy,trim_always_inline
trim-always-inline,release,0,569793,251,152,4895500,True,"[184, 51, 14, 13]",31,lib/tests/delimcc/reset-shift-k.zy,baseline
trim-always-inline,release,0,608787,251,152,4845084,True,"[184, 51, 14, 13]",31,lib/tests/delimcc/reset-shift-k.zy,trim
trim-always-inline,release,0,629081,251,152,5021583,True,"[184, 51, 14, 13]",31,lib/tests/delimcc/reset-shift-k.zy,always_inline
trim-always-inline,release,0,614005,516,63,4784666,False,"[439, 163, 16, 0]",0,lib/tests/core/gc-stress.zy,baseline
trim-always-inline,release,0,664375,516,63,4742336,False,"[439, 163, 16, 0]",0,lib/tests/core/gc-stress.zy,trim
trim-always-inline,release,0,660165,516,63,4916342,False,"[439, 163, 16, 0]",0,lib/tests/core/gc-stress.zy,always_inline
trim-always-inline,release,0,630376,516,63,4706417,False,"[439, 163, 16, 0]",0,lib/tests/core/gc-stress.zy,trim_always_inline
trim-always-inline,release,0,649293,516,63,5049417,False,"[439, 163, 16, 0]",1,lib/tests/core/gc-stress.zy,trim
trim-always-inline,release,0,684172,516,63,5169084,False,"[439, 163, 16, 0]",1,lib/tests/core/gc-stress.zy,always_inline
trim-always-inline,release,0,655754,516,63,4870874,False,"[439, 163, 16, 0]",1,lib/tests/core/gc-stress.zy,trim_always_inline
trim-always-inline,release,0,614500,516,63,4861331,False,"[439, 163, 16, 0]",1,lib/tests/core/gc-stress.zy,baseline
trim-always-inline,release,0,580588,516,63,4895755,False,"[439, 163, 16, 0]",2,lib/tests/core/gc-stress.zy,always_inline
trim-always-inline,release,0,632249,516,63,4870038,False,"[439, 163, 16, 0]",2,lib/tests/core/gc-stress.zy,trim_always_inline
trim-always-inline,release,0,686124,516,63,5260088,False,"[439, 163, 16, 0]",2,lib/tests/core/gc-stress.zy,baseline
trim-always-inline,release,0,618205,516,63,4887707,False,"[439, 163, 16, 0]",2,lib/tests/core/gc-stress.zy,trim
trim-always-inline,release,0,609414,516,63,4873876,False,"[439, 163, 16, 0]",3,lib/tests/core/gc-stress.zy,trim_always_inline
trim-always-inline,release,0,583167,516,63,4810125,False,"[439, 163, 16, 0]",3,lib/tests/core/gc-stress.zy,baseline
trim-always-inline,release,0,615831,516,63,4749834,False,"[439, 163, 16, 0]",3,lib/tests/core/gc-stress.zy,trim
trim-always-inline,release,0,606542,516,63,4992418,False,"[439, 163, 16, 0]",3,lib/tests/core/gc-stress.zy,always_inline
trim-always-inline,release,0,590956,516,63,4836419,False,"[439, 163, 16, 0]",4,lib/tests/core/gc-stress.zy,baseline
trim-always-inline,release,0,610837,516,63,4708247,False,"[439, 163, 16, 0]",4,lib/tests/core/gc-stress.zy,trim
trim-always-inline,release,0,614038,516,63,4847914,False,"[439, 163, 16, 0]",4,lib/tests/core/gc-stress.zy,always_inline
trim-always-inline,release,0,583959,516,63,4652412,False,"[439, 163, 16, 0]",4,lib/tests/core/gc-stress.zy,trim_always_inline
trim-always-inline,release,0,576541,516,63,4669128,False,"[439, 163, 16, 0]",5,lib/tests/core/gc-stress.zy,trim
trim-always-inline,release,0,584707,516,63,4801543,False,"[439, 163, 16, 0]",5,lib/tests/core/gc-stress.zy,always_inline
trim-always-inline,release,0,591293,516,63,4749546,False,"[439, 163, 16, 0]",5,lib/tests/core/gc-stress.zy,trim_always_inline
trim-always-inline,release,0,572793,516,63,4809916,False,"[439, 163, 16, 0]",5,lib/tests/core/gc-stress.zy,baseline
trim-always-inline,release,0,615044,516,63,4873247,False,"[439, 163, 16, 0]",6,lib/tests/core/gc-stress.zy,always_inline
trim-always-inline,release,0,587458,516,63,4665291,False,"[439, 163, 16, 0]",6,lib/tests/core/gc-stress.zy,trim_always_inline
trim-always-inline,release,0,593298,516,63,4791953,False,"[439, 163, 16, 0]",6,lib/tests/core/gc-stress.zy,baseline
trim-always-inline,release,0,582621,516,63,4732502,False,"[439, 163, 16, 0]",6,lib/tests/core/gc-stress.zy,trim
trim-always-inline,release,0,571377,516,63,4752671,False,"[439, 163, 16, 0]",7,lib/tests/core/gc-stress.zy,trim_always_inline
trim-always-inline,release,0,605915,516,63,4746294,False,"[439, 163, 16, 0]",7,lib/tests/core/gc-stress.zy,baseline
trim-always-inline,release,0,630252,516,63,4844080,False,"[439, 163, 16, 0]",7,lib/tests/core/gc-stress.zy,trim
trim-always-inline,release,0,622915,516,63,4961708,False,"[439, 163, 16, 0]",7,lib/tests/core/gc-stress.zy,always_inline
trim-always-inline,release,0,605124,516,63,5024500,False,"[439, 163, 16, 0]",8,lib/tests/core/gc-stress.zy,baseline
trim-always-inline,release,0,563541,516,63,4773710,False,"[439, 163, 16, 0]",8,lib/tests/core/gc-stress.zy,trim
trim-always-inline,release,0,621088,516,63,5050627,False,"[439, 163, 16, 0]",8,lib/tests/core/gc-stress.zy,always_inline
trim-always-inline,release,0,581623,516,63,4724547,False,"[439, 163, 16, 0]",8,lib/tests/core/gc-stress.zy,trim_always_inline
trim-always-inline,release,0,623533,516,63,4812752,False,"[439, 163, 16, 0]",9,lib/tests/core/gc-stress.zy,trim
trim-always-inline,release,0,627747,516,63,4887502,False,"[439, 163, 16, 0]",9,lib/tests/core/gc-stress.zy,always_inline
trim-always-inline,release,0,585669,516,63,4825288,False,"[439, 163, 16, 0]",9,lib/tests/core/gc-stress.zy,trim_always_inline
trim-always-inline,release,0,604957,516,63,4970545,False,"[439, 163, 16, 0]",9,lib/tests/core/gc-stress.zy,baseline
trim-always-inline,release,0,588084,516,63,4835335,False,"[439, 163, 16, 0]",10,lib/tests/core/gc-stress.zy,always_inline
trim-always-inline,release,0,576377,516,63,4753547,False,"[439, 163, 16, 0]",10,lib/tests/core/gc-stress.zy,trim_always_inline
trim-always-inline,release,0,596582,516,63,4730998,False,"[439, 163, 16, 0]",10,lib/tests/core/gc-stress.zy,baseline
trim-always-inline,release,0,597871,516,63,4691415,False,"[439, 163, 16, 0]",10,lib/tests/core/gc-stress.zy,trim
trim-always-inline,release,0,611791,516,63,4875538,False,"[439, 163, 16, 0]",11,lib/tests/core/gc-stress.zy,trim_always_inline
trim-always-inline,release,0,606327,516,63,4771088,False,"[439, 163, 16, 0]",11,lib/tests/core/gc-stress.zy,baseline
trim-always-inline,release,0,585627,516,63,4687085,False,"[439, 163, 16, 0]",11,lib/tests/core/gc-stress.zy,trim
trim-always-inline,release,0,577377,516,63,4820004,False,"[439, 163, 16, 0]",11,lib/tests/core/gc-stress.zy,always_inline
trim-always-inline,release,0,577919,516,63,4805713,False,"[439, 163, 16, 0]",12,lib/tests/core/gc-stress.zy,baseline
trim-always-inline,release,0,559669,516,63,4639168,False,"[439, 163, 16, 0]",12,lib/tests/core/gc-stress.zy,trim
trim-always-inline,release,0,573790,516,63,4700707,False,"[439, 163, 16, 0]",12,lib/tests/core/gc-stress.zy,always_inline
trim-always-inline,release,0,591583,516,63,4730339,False,"[439, 163, 16, 0]",12,lib/tests/core/gc-stress.zy,trim_always_inline
trim-always-inline,release,0,580208,516,63,4737834,False,"[439, 163, 16, 0]",13,lib/tests/core/gc-stress.zy,trim
trim-always-inline,release,0,591039,516,63,4811584,False,"[439, 163, 16, 0]",13,lib/tests/core/gc-stress.zy,always_inline
trim-always-inline,release,0,598748,516,63,4812541,False,"[439, 163, 16, 0]",13,lib/tests/core/gc-stress.zy,trim_always_inline
trim-always-inline,release,0,569999,516,63,4718164,False,"[439, 163, 16, 0]",13,lib/tests/core/gc-stress.zy,baseline
trim-always-inline,release,0,587371,516,63,4769958,False,"[439, 163, 16, 0]",14,lib/tests/core/gc-stress.zy,always_inline
trim-always-inline,release,0,591997,516,63,4853832,False,"[439, 163, 16, 0]",14,lib/tests/core/gc-stress.zy,trim_always_inline
trim-always-inline,release,0,606789,516,63,5164664,False,"[439, 163, 16, 0]",14,lib/tests/core/gc-stress.zy,baseline
trim-always-inline,release,0,599545,516,63,5140659,False,"[439, 163, 16, 0]",14,lib/tests/core/gc-stress.zy,trim
trim-always-inline,release,0,572496,516,63,4862833,False,"[439, 163, 16, 0]",15,lib/tests/core/gc-stress.zy,trim_always_inline
trim-always-inline,release,0,623790,516,63,4815086,False,"[439, 163, 16, 0]",15,lib/tests/core/gc-stress.zy,baseline
trim-always-inline,release,0,609121,516,63,4709168,False,"[439, 163, 16, 0]",15,lib/tests/core/gc-stress.zy,trim
trim-always-inline,release,0,584709,516,63,4875793,False,"[439, 163, 16, 0]",15,lib/tests/core/gc-stress.zy,always_inline
trim-always-inline,release,0,621833,516,63,4845996,False,"[439, 163, 16, 0]",16,lib/tests/core/gc-stress.zy,baseline
trim-always-inline,release,0,598251,516,63,4797790,False,"[439, 163, 16, 0]",16,lib/tests/core/gc-stress.zy,trim
trim-always-inline,release,0,627075,516,63,4858379,False,"[439, 163, 16, 0]",16,lib/tests/core/gc-stress.zy,always_inline
trim-always-inline,release,0,678462,516,63,4713039,False,"[439, 163, 16, 0]",16,lib/tests/core/gc-stress.zy,trim_always_inline
trim-always-inline,release,0,604665,516,63,4801917,False,"[439, 163, 16, 0]",17,lib/tests/core/gc-stress.zy,trim
trim-always-inline,release,0,586911,516,63,4837374,False,"[439, 163, 16, 0]",17,lib/tests/core/gc-stress.zy,always_inline
trim-always-inline,release,0,600619,516,63,4930960,False,"[439, 163, 16, 0]",17,lib/tests/core/gc-stress.zy,trim_always_inline
trim-always-inline,release,0,593207,516,63,4891873,False,"[439, 163, 16, 0]",17,lib/tests/core/gc-stress.zy,baseline
trim-always-inline,release,0,593624,516,63,4766330,False,"[439, 163, 16, 0]",18,lib/tests/core/gc-stress.zy,always_inline
trim-always-inline,release,0,595837,516,63,4774043,False,"[439, 163, 16, 0]",18,lib/tests/core/gc-stress.zy,trim_always_inline
trim-always-inline,release,0,567962,516,63,4747002,False,"[439, 163, 16, 0]",18,lib/tests/core/gc-stress.zy,baseline
trim-always-inline,release,0,569376,516,63,4750336,False,"[439, 163, 16, 0]",18,lib/tests/core/gc-stress.zy,trim
trim-always-inline,release,0,583998,516,63,4779293,False,"[439, 163, 16, 0]",19,lib/tests/core/gc-stress.zy,trim_always_inline
trim-always-inline,release,0,605122,516,63,4761754,False,"[439, 163, 16, 0]",19,lib/tests/core/gc-stress.zy,baseline
trim-always-inline,release,0,597088,516,63,4737043,False,"[439, 163, 16, 0]",19,lib/tests/core/gc-stress.zy,trim
trim-always-inline,release,0,584879,516,63,4794706,False,"[439, 163, 16, 0]",19,lib/tests/core/gc-stress.zy,always_inline
trim-always-inline,release,0,563122,516,63,4740373,False,"[439, 163, 16, 0]",20,lib/tests/core/gc-stress.zy,baseline
trim-always-inline,release,0,568503,516,63,4811165,False,"[439, 163, 16, 0]",20,lib/tests/core/gc-stress.zy,trim
trim-always-inline,release,0,592042,516,63,4886414,False,"[439, 163, 16, 0]",20,lib/tests/core/gc-stress.zy,always_inline
trim-always-inline,release,0,642625,516,63,4837042,False,"[439, 163, 16, 0]",20,lib/tests/core/gc-stress.zy,trim_always_inline
trim-always-inline,release,0,634334,516,63,5004129,False,"[439, 163, 16, 0]",21,lib/tests/core/gc-stress.zy,trim
trim-always-inline,release,0,603666,516,63,4984584,False,"[439, 163, 16, 0]",21,lib/tests/core/gc-stress.zy,always_inline
trim-always-inline,release,0,589586,516,63,4800750,False,"[439, 163, 16, 0]",21,lib/tests/core/gc-stress.zy,trim_always_inline
trim-always-inline,release,0,615042,516,63,5075301,False,"[439, 163, 16, 0]",21,lib/tests/core/gc-stress.zy,baseline
trim-always-inline,release,0,586580,516,63,4809832,False,"[439, 163, 16, 0]",22,lib/tests/core/gc-stress.zy,always_inline
trim-always-inline,release,0,574250,516,63,4847455,False,"[439, 163, 16, 0]",22,lib/tests/core/gc-stress.zy,trim_always_inline
trim-always-inline,release,0,586667,516,63,4802414,False,"[439, 163, 16, 0]",22,lib/tests/core/gc-stress.zy,baseline
trim-always-inline,release,0,591498,516,63,4696039,False,"[439, 163, 16, 0]",22,lib/tests/core/gc-stress.zy,trim
trim-always-inline,release,0,632087,516,63,4869959,False,"[439, 163, 16, 0]",23,lib/tests/core/gc-stress.zy,trim_always_inline
trim-always-inline,release,0,578747,516,63,4794579,False,"[439, 163, 16, 0]",23,lib/tests/core/gc-stress.zy,baseline
trim-always-inline,release,0,629954,516,63,4730294,False,"[439, 163, 16, 0]",23,lib/tests/core/gc-stress.zy,trim
trim-always-inline,release,0,601046,516,63,4920877,False,"[439, 163, 16, 0]",23,lib/tests/core/gc-stress.zy,always_inline
trim-always-inline,release,0,584708,516,63,4798495,False,"[439, 163, 16, 0]",24,lib/tests/core/gc-stress.zy,baseline
trim-always-inline,release,0,591835,516,63,4707501,False,"[439, 163, 16, 0]",24,lib/tests/core/gc-stress.zy,trim
trim-always-inline,release,0,595418,516,63,4869996,False,"[439, 163, 16, 0]",24,lib/tests/core/gc-stress.zy,always_inline
trim-always-inline,release,0,580667,516,63,4804797,False,"[439, 163, 16, 0]",24,lib/tests/core/gc-stress.zy,trim_always_inline
trim-always-inline,release,0,565540,516,63,4610668,False,"[439, 163, 16, 0]",25,lib/tests/core/gc-stress.zy,trim
trim-always-inline,release,0,586409,516,63,4836796,False,"[439, 163, 16, 0]",25,lib/tests/core/gc-stress.zy,always_inline
trim-always-inline,release,0,587210,516,63,4894086,False,"[439, 163, 16, 0]",25,lib/tests/core/gc-stress.zy,trim_always_inline
trim-always-inline,release,0,569001,516,63,4727918,False,"[439, 163, 16, 0]",25,lib/tests/core/gc-stress.zy,baseline
trim-always-inline,release,0,564663,516,63,4740957,False,"[439, 163, 16, 0]",26,lib/tests/core/gc-stress.zy,always_inline
trim-always-inline,release,0,566833,516,63,4768082,False,"[439, 163, 16, 0]",26,lib/tests/core/gc-stress.zy,trim_always_inline
trim-always-inline,release,0,575457,516,63,4803462,False,"[439, 163, 16, 0]",26,lib/tests/core/gc-stress.zy,baseline
trim-always-inline,release,0,575292,516,63,4772044,False,"[439, 163, 16, 0]",26,lib/tests/core/gc-stress.zy,trim
trim-always-inline,release,0,589425,516,63,4798295,False,"[439, 163, 16, 0]",27,lib/tests/core/gc-stress.zy,trim_always_inline
trim-always-inline,release,0,575959,516,63,4708995,False,"[439, 163, 16, 0]",27,lib/tests/core/gc-stress.zy,baseline
trim-always-inline,release,0,607711,516,63,4974876,False,"[439, 163, 16, 0]",27,lib/tests/core/gc-stress.zy,trim
trim-always-inline,release,0,593164,516,63,4967499,False,"[439, 163, 16, 0]",27,lib/tests/core/gc-stress.zy,always_inline
trim-always-inline,release,0,592962,516,63,4816540,False,"[439, 163, 16, 0]",28,lib/tests/core/gc-stress.zy,baseline
trim-always-inline,release,0,588627,516,63,4967664,False,"[439, 163, 16, 0]",28,lib/tests/core/gc-stress.zy,trim
trim-always-inline,release,0,600253,516,63,4973833,False,"[439, 163, 16, 0]",28,lib/tests/core/gc-stress.zy,always_inline
trim-always-inline,release,0,572998,516,63,4718628,False,"[439, 163, 16, 0]",28,lib/tests/core/gc-stress.zy,trim_always_inline
trim-always-inline,release,0,581248,516,63,4759210,False,"[439, 163, 16, 0]",29,lib/tests/core/gc-stress.zy,trim
trim-always-inline,release,0,577380,516,63,4753841,False,"[439, 163, 16, 0]",29,lib/tests/core/gc-stress.zy,always_inline
trim-always-inline,release,0,633215,516,63,4789875,False,"[439, 163, 16, 0]",29,lib/tests/core/gc-stress.zy,trim_always_inline
trim-always-inline,release,0,586001,516,63,4944962,False,"[439, 163, 16, 0]",29,lib/tests/core/gc-stress.zy,baseline
trim-always-inline,release,0,594209,516,63,4865162,False,"[439, 163, 16, 0]",30,lib/tests/core/gc-stress.zy,always_inline
trim-always-inline,release,0,585534,516,63,4846832,False,"[439, 163, 16, 0]",30,lib/tests/core/gc-stress.zy,trim_always_inline
trim-always-inline,release,0,585757,516,63,4799790,False,"[439, 163, 16, 0]",30,lib/tests/core/gc-stress.zy,baseline
trim-always-inline,release,0,571793,516,63,4699582,False,"[439, 163, 16, 0]",30,lib/tests/core/gc-stress.zy,trim
trim-always-inline,release,0,569498,516,63,4813879,False,"[439, 163, 16, 0]",31,lib/tests/core/gc-stress.zy,trim_always_inline
trim-always-inline,release,0,557708,516,63,4710085,False,"[439, 163, 16, 0]",31,lib/tests/core/gc-stress.zy,baseline
trim-always-inline,release,0,576999,516,63,4711163,False,"[439, 163, 16, 0]",31,lib/tests/core/gc-stress.zy,trim
trim-always-inline,release,0,587499,516,63,4825128,False,"[439, 163, 16, 0]",31,lib/tests/core/gc-stress.zy,always_inline
trim-always-inline,release,0,672669,516,68,4872541,True,"[422, 163, 16, 15]",0,lib/tests/core/gc-stress.zy,baseline
trim-always-inline,release,0,654629,516,68,4877038,True,"[422, 163, 16, 15]",0,lib/tests/core/gc-stress.zy,trim
trim-always-inline,release,0,645791,516,68,5025037,True,"[422, 163, 16, 15]",0,lib/tests/core/gc-stress.zy,always_inline
trim-always-inline,release,0,643248,516,68,4942335,True,"[422, 163, 16, 15]",0,lib/tests/core/gc-stress.zy,trim_always_inline
trim-always-inline,release,0,652209,516,68,4864127,True,"[422, 163, 16, 15]",1,lib/tests/core/gc-stress.zy,trim
trim-always-inline,release,0,659335,516,68,4943253,True,"[422, 163, 16, 15]",1,lib/tests/core/gc-stress.zy,always_inline
trim-always-inline,release,0,735293,516,68,5004458,True,"[422, 163, 16, 15]",1,lib/tests/core/gc-stress.zy,trim_always_inline
trim-always-inline,release,0,749502,516,68,5242583,True,"[422, 163, 16, 15]",1,lib/tests/core/gc-stress.zy,baseline
trim-always-inline,release,0,669784,516,68,5127584,True,"[422, 163, 16, 15]",2,lib/tests/core/gc-stress.zy,always_inline
trim-always-inline,release,0,609667,516,68,4970994,True,"[422, 163, 16, 15]",2,lib/tests/core/gc-stress.zy,trim_always_inline
trim-always-inline,release,0,628994,516,68,5040626,True,"[422, 163, 16, 15]",2,lib/tests/core/gc-stress.zy,baseline
trim-always-inline,release,0,609540,516,68,4986420,True,"[422, 163, 16, 15]",2,lib/tests/core/gc-stress.zy,trim
trim-always-inline,release,0,641202,516,68,4985296,True,"[422, 163, 16, 15]",3,lib/tests/core/gc-stress.zy,trim_always_inline
trim-always-inline,release,0,636746,516,68,5048964,True,"[422, 163, 16, 15]",3,lib/tests/core/gc-stress.zy,baseline
trim-always-inline,release,0,666248,516,68,5347500,True,"[422, 163, 16, 15]",3,lib/tests/core/gc-stress.zy,trim
trim-always-inline,release,0,623832,516,68,4974707,True,"[422, 163, 16, 15]",3,lib/tests/core/gc-stress.zy,always_inline
trim-always-inline,release,0,604671,516,68,5027285,True,"[422, 163, 16, 15]",4,lib/tests/core/gc-stress.zy,baseline
trim-always-inline,release,0,605459,516,68,4986873,True,"[422, 163, 16, 15]",4,lib/tests/core/gc-stress.zy,trim
trim-always-inline,release,0,622206,516,68,4958496,True,"[422, 163, 16, 15]",4,lib/tests/core/gc-stress.zy,always_inline
trim-always-inline,release,0,634875,516,68,5003332,True,"[422, 163, 16, 15]",4,lib/tests/core/gc-stress.zy,trim_always_inline
trim-always-inline,release,0,624245,516,68,5011710,True,"[422, 163, 16, 15]",5,lib/tests/core/gc-stress.zy,trim
trim-always-inline,release,0,627622,516,68,4962124,True,"[422, 163, 16, 15]",5,lib/tests/core/gc-stress.zy,always_inline
trim-always-inline,release,0,616294,516,68,4995460,True,"[422, 163, 16, 15]",5,lib/tests/core/gc-stress.zy,trim_always_inline
trim-always-inline,release,0,612459,516,68,4937499,True,"[422, 163, 16, 15]",5,lib/tests/core/gc-stress.zy,baseline
trim-always-inline,release,0,623003,516,68,4956128,True,"[422, 163, 16, 15]",6,lib/tests/core/gc-stress.zy,always_inline
trim-always-inline,release,0,607415,516,68,4986459,True,"[422, 163, 16, 15]",6,lib/tests/core/gc-stress.zy,trim_always_inline
trim-always-inline,release,0,608867,516,68,4889123,True,"[422, 163, 16, 15]",6,lib/tests/core/gc-stress.zy,baseline
trim-always-inline,release,0,621127,516,68,4996120,True,"[422, 163, 16, 15]",6,lib/tests/core/gc-stress.zy,trim
trim-always-inline,release,0,634955,516,68,5031467,True,"[422, 163, 16, 15]",7,lib/tests/core/gc-stress.zy,trim_always_inline
trim-always-inline,release,0,618793,516,68,4913291,True,"[422, 163, 16, 15]",7,lib/tests/core/gc-stress.zy,baseline
trim-always-inline,release,0,629664,516,68,4920084,True,"[422, 163, 16, 15]",7,lib/tests/core/gc-stress.zy,trim
trim-always-inline,release,0,621372,516,68,4964960,True,"[422, 163, 16, 15]",7,lib/tests/core/gc-stress.zy,always_inline
trim-always-inline,release,0,638290,516,68,5331043,True,"[422, 163, 16, 15]",8,lib/tests/core/gc-stress.zy,baseline
trim-always-inline,release,0,644374,516,68,5279250,True,"[422, 163, 16, 15]",8,lib/tests/core/gc-stress.zy,trim
trim-always-inline,release,0,614037,516,68,4945213,True,"[422, 163, 16, 15]",8,lib/tests/core/gc-stress.zy,always_inline
trim-always-inline,release,0,608169,516,68,4991170,True,"[422, 163, 16, 15]",8,lib/tests/core/gc-stress.zy,trim_always_inline
trim-always-inline,release,0,648168,516,68,5026371,True,"[422, 163, 16, 15]",9,lib/tests/core/gc-stress.zy,trim
trim-always-inline,release,0,621499,516,68,5049719,True,"[422, 163, 16, 15]",9,lib/tests/core/gc-stress.zy,always_inline
trim-always-inline,release,0,625002,516,68,5061378,True,"[422, 163, 16, 15]",9,lib/tests/core/gc-stress.zy,trim_always_inline
trim-always-inline,release,0,608585,516,68,4993621,True,"[422, 163, 16, 15]",9,lib/tests/core/gc-stress.zy,baseline
trim-always-inline,release,0,665413,516,68,5132378,True,"[422, 163, 16, 15]",10,lib/tests/core/gc-stress.zy,always_inline
trim-always-inline,release,0,628417,516,68,5048838,True,"[422, 163, 16, 15]",10,lib/tests/core/gc-stress.zy,trim_always_inline
trim-always-inline,release,0,637210,516,68,5025876,True,"[422, 163, 16, 15]",10,lib/tests/core/gc-stress.zy,baseline
trim-always-inline,release,0,632875,516,68,5020546,True,"[422, 163, 16, 15]",10,lib/tests/core/gc-stress.zy,trim
trim-always-inline,release,0,611417,516,68,4981625,True,"[422, 163, 16, 15]",11,lib/tests/core/gc-stress.zy,trim_always_inline
trim-always-inline,release,0,595333,516,68,4916495,True,"[422, 163, 16, 15]",11,lib/tests/core/gc-stress.zy,baseline
trim-always-inline,release,0,642541,516,68,4934546,True,"[422, 163, 16, 15]",11,lib/tests/core/gc-stress.zy,trim
trim-always-inline,release,0,637622,516,68,5066377,True,"[422, 163, 16, 15]",11,lib/tests/core/gc-stress.zy,always_inline
trim-always-inline,release,0,608168,516,68,4948749,True,"[422, 163, 16, 15]",12,lib/tests/core/gc-stress.zy,baseline
trim-always-inline,release,0,598956,516,68,4895246,True,"[422, 163, 16, 15]",12,lib/tests/core/gc-stress.zy,trim
trim-always-inline,release,0,618542,516,68,4992004,True,"[422, 163, 16, 15]",12,lib/tests/core/gc-stress.zy,always_inline
trim-always-inline,release,0,624251,516,68,5036875,True,"[422, 163, 16, 15]",12,lib/tests/core/gc-stress.zy,trim_always_inline
trim-always-inline,release,0,598582,516,68,4885207,True,"[422, 163, 16, 15]",13,lib/tests/core/gc-stress.zy,trim
trim-always-inline,release,0,601585,516,68,5024418,True,"[422, 163, 16, 15]",13,lib/tests/core/gc-stress.zy,always_inline
trim-always-inline,release,0,605003,516,68,5014167,True,"[422, 163, 16, 15]",13,lib/tests/core/gc-stress.zy,trim_always_inline
trim-always-inline,release,0,613039,516,68,4938540,True,"[422, 163, 16, 15]",13,lib/tests/core/gc-stress.zy,baseline
trim-always-inline,release,0,638665,516,68,4972788,True,"[422, 163, 16, 15]",14,lib/tests/core/gc-stress.zy,always_inline
trim-always-inline,release,0,646628,516,68,5292084,True,"[422, 163, 16, 15]",14,lib/tests/core/gc-stress.zy,trim_always_inline
trim-always-inline,release,0,666086,516,68,5212039,True,"[422, 163, 16, 15]",14,lib/tests/core/gc-stress.zy,baseline
trim-always-inline,release,0,617544,516,68,5047543,True,"[422, 163, 16, 15]",14,lib/tests/core/gc-stress.zy,trim
trim-always-inline,release,0,651671,516,68,5124078,True,"[422, 163, 16, 15]",15,lib/tests/core/gc-stress.zy,trim_always_inline
trim-always-inline,release,0,608626,516,68,5121167,True,"[422, 163, 16, 15]",15,lib/tests/core/gc-stress.zy,baseline
trim-always-inline,release,0,608463,516,68,4953920,True,"[422, 163, 16, 15]",15,lib/tests/core/gc-stress.zy,trim
trim-always-inline,release,0,620415,516,68,4955128,True,"[422, 163, 16, 15]",15,lib/tests/core/gc-stress.zy,always_inline
trim-always-inline,release,0,679246,516,68,5042668,True,"[422, 163, 16, 15]",16,lib/tests/core/gc-stress.zy,baseline
trim-always-inline,release,0,607505,516,68,5001789,True,"[422, 163, 16, 15]",16,lib/tests/core/gc-stress.zy,trim
trim-always-inline,release,0,636790,516,68,5046045,True,"[422, 163, 16, 15]",16,lib/tests/core/gc-stress.zy,always_inline
trim-always-inline,release,0,627080,516,68,5008796,True,"[422, 163, 16, 15]",16,lib/tests/core/gc-stress.zy,trim_always_inline
trim-always-inline,release,0,621373,516,68,4932334,True,"[422, 163, 16, 15]",17,lib/tests/core/gc-stress.zy,trim
trim-always-inline,release,0,627287,516,68,4998835,True,"[422, 163, 16, 15]",17,lib/tests/core/gc-stress.zy,always_inline
trim-always-inline,release,0,623002,516,68,4993832,True,"[422, 163, 16, 15]",17,lib/tests/core/gc-stress.zy,trim_always_inline
trim-always-inline,release,0,631539,516,68,4893251,True,"[422, 163, 16, 15]",17,lib/tests/core/gc-stress.zy,baseline
trim-always-inline,release,0,618625,516,68,5003504,True,"[422, 163, 16, 15]",18,lib/tests/core/gc-stress.zy,always_inline
trim-always-inline,release,0,609165,516,68,5049124,True,"[422, 163, 16, 15]",18,lib/tests/core/gc-stress.zy,trim_always_inline
trim-always-inline,release,0,604497,516,68,4968374,True,"[422, 163, 16, 15]",18,lib/tests/core/gc-stress.zy,baseline
trim-always-inline,release,0,633505,516,68,4918034,True,"[422, 163, 16, 15]",18,lib/tests/core/gc-stress.zy,trim
trim-always-inline,release,0,622455,516,68,5036879,True,"[422, 163, 16, 15]",19,lib/tests/core/gc-stress.zy,trim_always_inline
trim-always-inline,release,0,604666,516,68,4965624,True,"[422, 163, 16, 15]",19,lib/tests/core/gc-stress.zy,baseline
trim-always-inline,release,0,602790,516,68,4883995,True,"[422, 163, 16, 15]",19,lib/tests/core/gc-stress.zy,trim
trim-always-inline,release,0,604709,516,68,4964039,True,"[422, 163, 16, 15]",19,lib/tests/core/gc-stress.zy,always_inline
trim-always-inline,release,0,597290,516,68,4896210,True,"[422, 163, 16, 15]",20,lib/tests/core/gc-stress.zy,baseline
trim-always-inline,release,0,595041,516,68,4884411,True,"[422, 163, 16, 15]",20,lib/tests/core/gc-stress.zy,trim
trim-always-inline,release,0,650959,516,68,5361047,True,"[422, 163, 16, 15]",20,lib/tests/core/gc-stress.zy,always_inline
trim-always-inline,release,0,670374,516,68,5351542,True,"[422, 163, 16, 15]",20,lib/tests/core/gc-stress.zy,trim_always_inline
trim-always-inline,release,0,620878,516,68,4929078,True,"[422, 163, 16, 15]",21,lib/tests/core/gc-stress.zy,trim
trim-always-inline,release,0,649129,516,68,5123958,True,"[422, 163, 16, 15]",21,lib/tests/core/gc-stress.zy,always_inline
trim-always-inline,release,0,629498,516,68,5135249,True,"[422, 163, 16, 15]",21,lib/tests/core/gc-stress.zy,trim_always_inline
trim-always-inline,release,0,687162,516,68,5156007,True,"[422, 163, 16, 15]",21,lib/tests/core/gc-stress.zy,baseline
trim-always-inline,release,0,642583,516,68,5025955,True,"[422, 163, 16, 15]",22,lib/tests/core/gc-stress.zy,always_inline
trim-always-inline,release,0,630583,516,68,5073338,True,"[422, 163, 16, 15]",22,lib/tests/core/gc-stress.zy,trim_always_inline
trim-always-inline,release,0,614796,516,68,5136208,True,"[422, 163, 16, 15]",22,lib/tests/core/gc-stress.zy,baseline
trim-always-inline,release,0,612628,516,68,4892664,True,"[422, 163, 16, 15]",22,lib/tests/core/gc-stress.zy,trim
trim-always-inline,release,0,629876,516,68,4980876,True,"[422, 163, 16, 15]",23,lib/tests/core/gc-stress.zy,trim_always_inline
trim-always-inline,release,0,631707,516,68,5142377,True,"[422, 163, 16, 15]",23,lib/tests/core/gc-stress.zy,baseline
trim-always-inline,release,0,636495,516,68,5105378,True,"[422, 163, 16, 15]",23,lib/tests/core/gc-stress.zy,trim
trim-always-inline,release,0,618084,516,68,4873585,True,"[422, 163, 16, 15]",23,lib/tests/core/gc-stress.zy,always_inline
trim-always-inline,release,0,601753,516,68,4911537,True,"[422, 163, 16, 15]",24,lib/tests/core/gc-stress.zy,baseline
trim-always-inline,release,0,608460,516,68,4977919,True,"[422, 163, 16, 15]",24,lib/tests/core/gc-stress.zy,trim
trim-always-inline,release,0,616167,516,68,4922917,True,"[422, 163, 16, 15]",24,lib/tests/core/gc-stress.zy,always_inline
trim-always-inline,release,0,610082,516,68,5068327,True,"[422, 163, 16, 15]",24,lib/tests/core/gc-stress.zy,trim_always_inline
trim-always-inline,release,0,636958,516,68,4897744,True,"[422, 163, 16, 15]",25,lib/tests/core/gc-stress.zy,trim
trim-always-inline,release,0,629749,516,68,5062329,True,"[422, 163, 16, 15]",25,lib/tests/core/gc-stress.zy,always_inline
trim-always-inline,release,0,611915,516,68,4993291,True,"[422, 163, 16, 15]",25,lib/tests/core/gc-stress.zy,trim_always_inline
trim-always-inline,release,0,588875,516,68,4908796,True,"[422, 163, 16, 15]",25,lib/tests/core/gc-stress.zy,baseline
trim-always-inline,release,0,619582,516,68,5078207,True,"[422, 163, 16, 15]",26,lib/tests/core/gc-stress.zy,always_inline
trim-always-inline,release,0,613412,516,68,5023624,True,"[422, 163, 16, 15]",26,lib/tests/core/gc-stress.zy,trim_always_inline
trim-always-inline,release,0,595004,516,68,4889290,True,"[422, 163, 16, 15]",26,lib/tests/core/gc-stress.zy,baseline
trim-always-inline,release,0,629001,516,68,4865876,True,"[422, 163, 16, 15]",26,lib/tests/core/gc-stress.zy,trim
trim-always-inline,release,0,654541,516,68,5212328,True,"[422, 163, 16, 15]",27,lib/tests/core/gc-stress.zy,trim_always_inline
trim-always-inline,release,0,651912,516,68,5208037,True,"[422, 163, 16, 15]",27,lib/tests/core/gc-stress.zy,baseline
trim-always-inline,release,0,641124,516,68,5030501,True,"[422, 163, 16, 15]",27,lib/tests/core/gc-stress.zy,trim
trim-always-inline,release,0,623085,516,68,5045503,True,"[422, 163, 16, 15]",27,lib/tests/core/gc-stress.zy,always_inline
trim-always-inline,release,0,638877,516,68,5041331,True,"[422, 163, 16, 15]",28,lib/tests/core/gc-stress.zy,baseline
trim-always-inline,release,0,613625,516,68,4915379,True,"[422, 163, 16, 15]",28,lib/tests/core/gc-stress.zy,trim
trim-always-inline,release,0,657460,516,68,5124254,True,"[422, 163, 16, 15]",28,lib/tests/core/gc-stress.zy,always_inline
trim-always-inline,release,0,605835,516,68,5007706,True,"[422, 163, 16, 15]",28,lib/tests/core/gc-stress.zy,trim_always_inline
trim-always-inline,release,0,648167,516,68,5062630,True,"[422, 163, 16, 15]",29,lib/tests/core/gc-stress.zy,trim
trim-always-inline,release,0,639919,516,68,5004667,True,"[422, 163, 16, 15]",29,lib/tests/core/gc-stress.zy,always_inline
trim-always-inline,release,0,639124,516,68,4947586,True,"[422, 163, 16, 15]",29,lib/tests/core/gc-stress.zy,trim_always_inline
trim-always-inline,release,0,611208,516,68,4983920,True,"[422, 163, 16, 15]",29,lib/tests/core/gc-stress.zy,baseline
trim-always-inline,release,0,618914,516,68,5012750,True,"[422, 163, 16, 15]",30,lib/tests/core/gc-stress.zy,always_inline
trim-always-inline,release,0,623294,516,68,5001456,True,"[422, 163, 16, 15]",30,lib/tests/core/gc-stress.zy,trim_always_inline
trim-always-inline,release,0,610874,516,68,4955163,True,"[422, 163, 16, 15]",30,lib/tests/core/gc-stress.zy,baseline
trim-always-inline,release,0,591127,516,68,4833207,True,"[422, 163, 16, 15]",30,lib/tests/core/gc-stress.zy,trim
trim-always-inline,release,0,612875,516,68,4956372,True,"[422, 163, 16, 15]",31,lib/tests/core/gc-stress.zy,trim_always_inline
trim-always-inline,release,0,609379,516,68,4942458,True,"[422, 163, 16, 15]",31,lib/tests/core/gc-stress.zy,baseline
trim-always-inline,release,0,610416,516,68,4931671,True,"[422, 163, 16, 15]",31,lib/tests/core/gc-stress.zy,trim
trim-always-inline,release,0,641834,516,68,5041619,True,"[422, 163, 16, 15]",31,lib/tests/core/gc-stress.zy,always_inline
compact-driver,release,0,599585,343,95,4793620,False,"[276, 90, 14, 0]",0,lib/tests/core/fact.zy,baseline
compact-driver,release,0,545668,343,95,4686587,False,"[276, 90, 14, 0]",0,lib/tests/core/fact.zy,trim
compact-driver,release,0,548961,343,95,4941082,False,"[276, 90, 14, 0]",0,lib/tests/core/fact.zy,compact_driver
compact-driver,release,0,586750,343,95,4898715,False,"[276, 90, 14, 0]",0,lib/tests/core/fact.zy,trim_compact_driver
compact-driver,release,0,541248,343,95,4773244,False,"[276, 90, 14, 0]",1,lib/tests/core/fact.zy,trim
compact-driver,release,0,532960,343,95,4967083,False,"[276, 90, 14, 0]",1,lib/tests/core/fact.zy,compact_driver
compact-driver,release,0,536246,343,95,4945289,False,"[276, 90, 14, 0]",1,lib/tests/core/fact.zy,trim_compact_driver
compact-driver,release,0,514960,343,95,4625792,False,"[276, 90, 14, 0]",1,lib/tests/core/fact.zy,baseline
compact-driver,release,0,539592,343,95,4735833,False,"[276, 90, 14, 0]",2,lib/tests/core/fact.zy,compact_driver
compact-driver,release,0,558618,343,95,4793709,False,"[276, 90, 14, 0]",2,lib/tests/core/fact.zy,trim_compact_driver
compact-driver,release,0,518633,343,95,4624495,False,"[276, 90, 14, 0]",2,lib/tests/core/fact.zy,baseline
compact-driver,release,0,597879,343,95,4849168,False,"[276, 90, 14, 0]",2,lib/tests/core/fact.zy,trim
compact-driver,release,0,522249,343,95,4826545,False,"[276, 90, 14, 0]",3,lib/tests/core/fact.zy,trim_compact_driver
compact-driver,release,0,508167,343,95,4605253,False,"[276, 90, 14, 0]",3,lib/tests/core/fact.zy,baseline
compact-driver,release,0,501006,343,95,4660175,False,"[276, 90, 14, 0]",3,lib/tests/core/fact.zy,trim
compact-driver,release,0,526329,343,95,4784082,False,"[276, 90, 14, 0]",3,lib/tests/core/fact.zy,compact_driver
compact-driver,release,0,504877,343,95,4631748,False,"[276, 90, 14, 0]",4,lib/tests/core/fact.zy,baseline
compact-driver,release,0,516005,343,95,4707457,False,"[276, 90, 14, 0]",4,lib/tests/core/fact.zy,trim
compact-driver,release,0,529622,343,95,4783878,False,"[276, 90, 14, 0]",4,lib/tests/core/fact.zy,compact_driver
compact-driver,release,0,540539,343,95,4679498,False,"[276, 90, 14, 0]",4,lib/tests/core/fact.zy,trim_compact_driver
compact-driver,release,0,532212,343,95,4614093,False,"[276, 90, 14, 0]",5,lib/tests/core/fact.zy,trim
compact-driver,release,0,535079,343,95,4811919,False,"[276, 90, 14, 0]",5,lib/tests/core/fact.zy,compact_driver
compact-driver,release,0,497462,343,95,4638541,False,"[276, 90, 14, 0]",5,lib/tests/core/fact.zy,trim_compact_driver
compact-driver,release,0,512918,343,95,4652414,False,"[276, 90, 14, 0]",5,lib/tests/core/fact.zy,baseline
compact-driver,release,0,521042,343,95,4827500,False,"[276, 90, 14, 0]",6,lib/tests/core/fact.zy,compact_driver
compact-driver,release,0,557707,343,95,4922997,False,"[276, 90, 14, 0]",6,lib/tests/core/fact.zy,trim_compact_driver
compact-driver,release,0,543042,343,95,4707618,False,"[276, 90, 14, 0]",6,lib/tests/core/fact.zy,baseline
compact-driver,release,0,518923,343,95,4733629,False,"[276, 90, 14, 0]",6,lib/tests/core/fact.zy,trim
compact-driver,release,0,560459,343,95,4825837,False,"[276, 90, 14, 0]",7,lib/tests/core/fact.zy,trim_compact_driver
compact-driver,release,0,559118,343,95,4747007,False,"[276, 90, 14, 0]",7,lib/tests/core/fact.zy,baseline
compact-driver,release,0,548293,343,95,4780081,False,"[276, 90, 14, 0]",7,lib/tests/core/fact.zy,trim
compact-driver,release,0,553501,343,95,4804542,False,"[276, 90, 14, 0]",7,lib/tests/core/fact.zy,compact_driver
compact-driver,release,0,544834,343,95,4831046,False,"[276, 90, 14, 0]",8,lib/tests/core/fact.zy,baseline
compact-driver,release,0,564708,343,95,5020209,False,"[276, 90, 14, 0]",8,lib/tests/core/fact.zy,trim
compact-driver,release,0,554917,343,95,4879745,False,"[276, 90, 14, 0]",8,lib/tests/core/fact.zy,compact_driver
compact-driver,release,0,547294,343,95,4835960,False,"[276, 90, 14, 0]",8,lib/tests/core/fact.zy,trim_compact_driver
compact-driver,release,0,553036,343,95,4769252,False,"[276, 90, 14, 0]",9,lib/tests/core/fact.zy,trim
compact-driver,release,0,517419,343,95,4818088,False,"[276, 90, 14, 0]",9,lib/tests/core/fact.zy,compact_driver
compact-driver,release,0,521663,343,95,4749915,False,"[276, 90, 14, 0]",9,lib/tests/core/fact.zy,trim_compact_driver
compact-driver,release,0,565878,343,95,4793376,False,"[276, 90, 14, 0]",9,lib/tests/core/fact.zy,baseline
compact-driver,release,0,511456,343,95,4757707,False,"[276, 90, 14, 0]",10,lib/tests/core/fact.zy,compact_driver
compact-driver,release,0,524498,343,95,4807083,False,"[276, 90, 14, 0]",10,lib/tests/core/fact.zy,trim_compact_driver
compact-driver,release,0,556625,343,95,4773452,False,"[276, 90, 14, 0]",10,lib/tests/core/fact.zy,baseline
compact-driver,release,0,552801,343,95,4683708,False,"[276, 90, 14, 0]",10,lib/tests/core/fact.zy,trim
compact-driver,release,0,519548,343,95,4767169,False,"[276, 90, 14, 0]",11,lib/tests/core/fact.zy,trim_compact_driver
compact-driver,release,0,528121,343,95,4666214,False,"[276, 90, 14, 0]",11,lib/tests/core/fact.zy,baseline
compact-driver,release,0,527373,343,95,4717545,False,"[276, 90, 14, 0]",11,lib/tests/core/fact.zy,trim
compact-driver,release,0,517378,343,95,4855919,False,"[276, 90, 14, 0]",11,lib/tests/core/fact.zy,compact_driver
compact-driver,release,0,507868,343,95,4690174,False,"[276, 90, 14, 0]",12,lib/tests/core/fact.zy,baseline
compact-driver,release,0,524206,343,95,4808750,False,"[276, 90, 14, 0]",12,lib/tests/core/fact.zy,trim
compact-driver,release,0,525130,343,95,4903293,False,"[276, 90, 14, 0]",12,lib/tests/core/fact.zy,compact_driver
compact-driver,release,0,530211,343,95,4894454,False,"[276, 90, 14, 0]",12,lib/tests/core/fact.zy,trim_compact_driver
compact-driver,release,0,573961,343,95,5154458,False,"[276, 90, 14, 0]",13,lib/tests/core/fact.zy,trim
compact-driver,release,0,572422,343,95,4837744,False,"[276, 90, 14, 0]",13,lib/tests/core/fact.zy,compact_driver
compact-driver,release,0,519089,343,95,4759585,False,"[276, 90, 14, 0]",13,lib/tests/core/fact.zy,trim_compact_driver
compact-driver,release,0,517877,343,95,4793956,False,"[276, 90, 14, 0]",13,lib/tests/core/fact.zy,baseline
compact-driver,release,0,524626,343,95,4785415,False,"[276, 90, 14, 0]",14,lib/tests/core/fact.zy,compact_driver
compact-driver,release,0,548591,343,95,4676796,False,"[276, 90, 14, 0]",14,lib/tests/core/fact.zy,trim_compact_driver
compact-driver,release,0,513915,343,95,4662210,False,"[276, 90, 14, 0]",14,lib/tests/core/fact.zy,baseline
compact-driver,release,0,527252,343,95,4780088,False,"[276, 90, 14, 0]",14,lib/tests/core/fact.zy,trim
compact-driver,release,0,532207,343,95,4695829,False,"[276, 90, 14, 0]",15,lib/tests/core/fact.zy,trim_compact_driver
compact-driver,release,0,551793,343,95,4815502,False,"[276, 90, 14, 0]",15,lib/tests/core/fact.zy,baseline
compact-driver,release,0,555500,343,95,4789541,False,"[276, 90, 14, 0]",15,lib/tests/core/fact.zy,trim
compact-driver,release,0,519919,343,95,4746995,False,"[276, 90, 14, 0]",15,lib/tests/core/fact.zy,compact_driver
compact-driver,release,0,547875,343,95,4663707,False,"[276, 90, 14, 0]",16,lib/tests/core/fact.zy,baseline
compact-driver,release,0,535541,343,95,4680126,False,"[276, 90, 14, 0]",16,lib/tests/core/fact.zy,trim
compact-driver,release,0,564454,343,95,4920711,False,"[276, 90, 14, 0]",16,lib/tests/core/fact.zy,compact_driver
compact-driver,release,0,525999,343,95,4812584,False,"[276, 90, 14, 0]",16,lib/tests/core/fact.zy,trim_compact_driver
compact-driver,release,0,505915,343,95,4659128,False,"[276, 90, 14, 0]",17,lib/tests/core/fact.zy,trim
compact-driver,release,0,527330,343,95,4753456,False,"[276, 90, 14, 0]",17,lib/tests/core/fact.zy,compact_driver
compact-driver,release,0,548008,343,95,4778287,False,"[276, 90, 14, 0]",17,lib/tests/core/fact.zy,trim_compact_driver
compact-driver,release,0,531707,343,95,4707951,False,"[276, 90, 14, 0]",17,lib/tests/core/fact.zy,baseline
compact-driver,release,0,505745,343,95,4725337,False,"[276, 90, 14, 0]",18,lib/tests/core/fact.zy,compact_driver
compact-driver,release,0,548000,343,95,4828286,False,"[276, 90, 14, 0]",18,lib/tests/core/fact.zy,trim_compact_driver
compact-driver,release,0,546377,343,95,4705583,False,"[276, 90, 14, 0]",18,lib/tests/core/fact.zy,baseline
compact-driver,release,0,513337,343,95,4602828,False,"[276, 90, 14, 0]",18,lib/tests/core/fact.zy,trim
compact-driver,release,0,543919,343,95,4695123,False,"[276, 90, 14, 0]",19,lib/tests/core/fact.zy,trim_compact_driver
compact-driver,release,0,560955,343,95,4700169,False,"[276, 90, 14, 0]",19,lib/tests/core/fact.zy,baseline
compact-driver,release,0,529380,343,95,4765376,False,"[276, 90, 14, 0]",19,lib/tests/core/fact.zy,trim
compact-driver,release,0,537538,343,95,4849872,False,"[276, 90, 14, 0]",19,lib/tests/core/fact.zy,compact_driver
compact-driver,release,0,555787,343,95,4707042,False,"[276, 90, 14, 0]",20,lib/tests/core/fact.zy,baseline
compact-driver,release,0,542792,343,95,4749586,False,"[276, 90, 14, 0]",20,lib/tests/core/fact.zy,trim
compact-driver,release,0,544288,343,95,4900830,False,"[276, 90, 14, 0]",20,lib/tests/core/fact.zy,compact_driver
compact-driver,release,0,545002,343,95,4885548,False,"[276, 90, 14, 0]",20,lib/tests/core/fact.zy,trim_compact_driver
compact-driver,release,0,541582,343,95,4881422,False,"[276, 90, 14, 0]",21,lib/tests/core/fact.zy,trim
compact-driver,release,0,557051,343,95,4833284,False,"[276, 90, 14, 0]",21,lib/tests/core/fact.zy,compact_driver
compact-driver,release,0,555041,343,95,4762957,False,"[276, 90, 14, 0]",21,lib/tests/core/fact.zy,trim_compact_driver
compact-driver,release,0,540667,343,95,4662954,False,"[276, 90, 14, 0]",21,lib/tests/core/fact.zy,baseline
compact-driver,release,0,541206,343,95,4861171,False,"[276, 90, 14, 0]",22,lib/tests/core/fact.zy,compact_driver
compact-driver,release,0,535469,343,95,4842572,False,"[276, 90, 14, 0]",22,lib/tests/core/fact.zy,trim_compact_driver
compact-driver,release,0,519041,343,95,4556042,False,"[276, 90, 14, 0]",22,lib/tests/core/fact.zy,baseline
compact-driver,release,0,518752,343,95,4696868,False,"[276, 90, 14, 0]",22,lib/tests/core/fact.zy,trim
compact-driver,release,0,528000,343,95,4751084,False,"[276, 90, 14, 0]",23,lib/tests/core/fact.zy,trim_compact_driver
compact-driver,release,0,521081,343,95,4617629,False,"[276, 90, 14, 0]",23,lib/tests/core/fact.zy,baseline
compact-driver,release,0,531088,343,95,4641626,False,"[276, 90, 14, 0]",23,lib/tests/core/fact.zy,trim
compact-driver,release,0,531334,343,95,4745504,False,"[276, 90, 14, 0]",23,lib/tests/core/fact.zy,compact_driver
compact-driver,release,0,536664,343,95,4640121,False,"[276, 90, 14, 0]",24,lib/tests/core/fact.zy,baseline
compact-driver,release,0,538910,343,95,4704547,False,"[276, 90, 14, 0]",24,lib/tests/core/fact.zy,trim
compact-driver,release,0,530997,343,95,4735417,False,"[276, 90, 14, 0]",24,lib/tests/core/fact.zy,compact_driver
compact-driver,release,0,505462,343,95,4654417,False,"[276, 90, 14, 0]",24,lib/tests/core/fact.zy,trim_compact_driver
compact-driver,release,0,549001,343,95,4722578,False,"[276, 90, 14, 0]",25,lib/tests/core/fact.zy,trim
compact-driver,release,0,520921,343,95,4735955,False,"[276, 90, 14, 0]",25,lib/tests/core/fact.zy,compact_driver
compact-driver,release,0,504585,343,95,4701426,False,"[276, 90, 14, 0]",25,lib/tests/core/fact.zy,trim_compact_driver
compact-driver,release,0,516378,343,95,4659830,False,"[276, 90, 14, 0]",25,lib/tests/core/fact.zy,baseline
compact-driver,release,0,506831,343,95,4626708,False,"[276, 90, 14, 0]",26,lib/tests/core/fact.zy,compact_driver
compact-driver,release,0,535828,343,95,4882169,False,"[276, 90, 14, 0]",26,lib/tests/core/fact.zy,trim_compact_driver
compact-driver,release,0,656664,343,95,4856711,False,"[276, 90, 14, 0]",26,lib/tests/core/fact.zy,baseline
compact-driver,release,0,520837,343,95,4670122,False,"[276, 90, 14, 0]",26,lib/tests/core/fact.zy,trim
compact-driver,release,0,534083,343,95,4802875,False,"[276, 90, 14, 0]",27,lib/tests/core/fact.zy,trim_compact_driver
compact-driver,release,0,546538,343,95,4690956,False,"[276, 90, 14, 0]",27,lib/tests/core/fact.zy,baseline
compact-driver,release,0,512368,343,95,4657917,False,"[276, 90, 14, 0]",27,lib/tests/core/fact.zy,trim
compact-driver,release,0,519341,343,95,4863542,False,"[276, 90, 14, 0]",27,lib/tests/core/fact.zy,compact_driver
compact-driver,release,0,576333,343,95,4721213,False,"[276, 90, 14, 0]",28,lib/tests/core/fact.zy,baseline
compact-driver,release,0,523962,343,95,4630920,False,"[276, 90, 14, 0]",28,lib/tests/core/fact.zy,trim
compact-driver,release,0,509628,343,95,4743260,False,"[276, 90, 14, 0]",28,lib/tests/core/fact.zy,compact_driver
compact-driver,release,0,521379,343,95,4790579,False,"[276, 90, 14, 0]",28,lib/tests/core/fact.zy,trim_compact_driver
compact-driver,release,0,510751,343,95,4680460,False,"[276, 90, 14, 0]",29,lib/tests/core/fact.zy,trim
compact-driver,release,0,534166,343,95,4819753,False,"[276, 90, 14, 0]",29,lib/tests/core/fact.zy,compact_driver
compact-driver,release,0,491415,343,95,4629587,False,"[276, 90, 14, 0]",29,lib/tests/core/fact.zy,trim_compact_driver
compact-driver,release,0,530044,343,95,4675006,False,"[276, 90, 14, 0]",29,lib/tests/core/fact.zy,baseline
compact-driver,release,0,538916,343,95,4817997,False,"[276, 90, 14, 0]",30,lib/tests/core/fact.zy,compact_driver
compact-driver,release,0,532840,343,95,4684546,False,"[276, 90, 14, 0]",30,lib/tests/core/fact.zy,trim_compact_driver
compact-driver,release,0,543123,343,95,4708549,False,"[276, 90, 14, 0]",30,lib/tests/core/fact.zy,baseline
compact-driver,release,0,507083,343,95,4678251,False,"[276, 90, 14, 0]",30,lib/tests/core/fact.zy,trim
compact-driver,release,0,510334,343,95,4702829,False,"[276, 90, 14, 0]",31,lib/tests/core/fact.zy,trim_compact_driver
compact-driver,release,0,538667,343,95,4671875,False,"[276, 90, 14, 0]",31,lib/tests/core/fact.zy,baseline
compact-driver,release,0,509341,343,95,4677915,False,"[276, 90, 14, 0]",31,lib/tests/core/fact.zy,trim
compact-driver,release,0,558328,343,95,4798036,False,"[276, 90, 14, 0]",31,lib/tests/core/fact.zy,compact_driver
compact-driver,release,0,606453,343,102,4758001,True,"[265, 89, 14, 13]",0,lib/tests/core/fact.zy,baseline
compact-driver,release,0,611208,343,102,4887500,True,"[265, 89, 14, 13]",0,lib/tests/core/fact.zy,trim
compact-driver,release,0,584293,343,102,4908124,True,"[265, 89, 14, 13]",0,lib/tests/core/fact.zy,compact_driver
compact-driver,release,0,617338,343,102,5113784,True,"[265, 89, 14, 13]",0,lib/tests/core/fact.zy,trim_compact_driver
compact-driver,release,0,615039,343,102,4993870,True,"[265, 89, 14, 13]",1,lib/tests/core/fact.zy,trim
compact-driver,release,0,635291,343,102,5003460,True,"[265, 89, 14, 13]",1,lib/tests/core/fact.zy,compact_driver
compact-driver,release,0,569628,343,102,5067079,True,"[265, 89, 14, 13]",1,lib/tests/core/fact.zy,trim_compact_driver
compact-driver,release,0,585837,343,102,4944625,True,"[265, 89, 14, 13]",1,lib/tests/core/fact.zy,baseline
compact-driver,release,0,601003,343,102,5157000,True,"[265, 89, 14, 13]",2,lib/tests/core/fact.zy,compact_driver
compact-driver,release,0,532497,343,102,4912540,True,"[265, 89, 14, 13]",2,lib/tests/core/fact.zy,trim_compact_driver
compact-driver,release,0,547708,343,102,4811081,True,"[265, 89, 14, 13]",2,lib/tests/core/fact.zy,baseline
compact-driver,release,0,566507,343,102,4814382,True,"[265, 89, 14, 13]",2,lib/tests/core/fact.zy,trim
compact-driver,release,0,578128,343,102,4993961,True,"[265, 89, 14, 13]",3,lib/tests/core/fact.zy,trim_compact_driver
compact-driver,release,0,583216,343,102,4870420,True,"[265, 89, 14, 13]",3,lib/tests/core/fact.zy,baseline
compact-driver,release,0,555833,343,102,4847912,True,"[265, 89, 14, 13]",3,lib/tests/core/fact.zy,trim
compact-driver,release,0,563838,343,102,4885080,True,"[265, 89, 14, 13]",3,lib/tests/core/fact.zy,compact_driver
compact-driver,release,0,528372,343,102,4815582,True,"[265, 89, 14, 13]",4,lib/tests/core/fact.zy,baseline
compact-driver,release,0,553966,343,102,4816289,True,"[265, 89, 14, 13]",4,lib/tests/core/fact.zy,trim
compact-driver,release,0,547712,343,102,4955836,True,"[265, 89, 14, 13]",4,lib/tests/core/fact.zy,compact_driver
compact-driver,release,0,549831,343,102,4898876,True,"[265, 89, 14, 13]",4,lib/tests/core/fact.zy,trim_compact_driver
compact-driver,release,0,536790,343,102,4823465,True,"[265, 89, 14, 13]",5,lib/tests/core/fact.zy,trim
compact-driver,release,0,557123,343,102,5023086,True,"[265, 89, 14, 13]",5,lib/tests/core/fact.zy,compact_driver
compact-driver,release,0,564126,343,102,4979324,True,"[265, 89, 14, 13]",5,lib/tests/core/fact.zy,trim_compact_driver
compact-driver,release,0,539334,343,102,4777927,True,"[265, 89, 14, 13]",5,lib/tests/core/fact.zy,baseline
compact-driver,release,0,538126,343,102,4978458,True,"[265, 89, 14, 13]",6,lib/tests/core/fact.zy,compact_driver
compact-driver,release,0,535040,343,102,4981962,True,"[265, 89, 14, 13]",6,lib/tests/core/fact.zy,trim_compact_driver
compact-driver,release,0,538628,343,102,4736376,True,"[265, 89, 14, 13]",6,lib/tests/core/fact.zy,baseline
compact-driver,release,0,531415,343,102,4808995,True,"[265, 89, 14, 13]",6,lib/tests/core/fact.zy,trim
compact-driver,release,0,541749,343,102,4918168,True,"[265, 89, 14, 13]",7,lib/tests/core/fact.zy,trim_compact_driver
compact-driver,release,0,562412,343,102,5049968,True,"[265, 89, 14, 13]",7,lib/tests/core/fact.zy,baseline
compact-driver,release,0,597038,343,102,4988622,True,"[265, 89, 14, 13]",7,lib/tests/core/fact.zy,trim
compact-driver,release,0,576085,343,102,5066416,True,"[265, 89, 14, 13]",7,lib/tests/core/fact.zy,compact_driver
compact-driver,release,0,554201,343,102,4851168,True,"[265, 89, 14, 13]",8,lib/tests/core/fact.zy,baseline
compact-driver,release,0,532957,343,102,4826957,True,"[265, 89, 14, 13]",8,lib/tests/core/fact.zy,trim
compact-driver,release,0,593708,343,102,5009749,True,"[265, 89, 14, 13]",8,lib/tests/core/fact.zy,compact_driver
compact-driver,release,0,550084,343,102,4981289,True,"[265, 89, 14, 13]",8,lib/tests/core/fact.zy,trim_compact_driver
compact-driver,release,0,562045,343,102,4926627,True,"[265, 89, 14, 13]",9,lib/tests/core/fact.zy,trim
compact-driver,release,0,584751,343,102,5118128,True,"[265, 89, 14, 13]",9,lib/tests/core/fact.zy,compact_driver
compact-driver,release,0,567170,343,102,4942204,True,"[265, 89, 14, 13]",9,lib/tests/core/fact.zy,trim_compact_driver
compact-driver,release,0,565877,343,102,4803083,True,"[265, 89, 14, 13]",9,lib/tests/core/fact.zy,baseline
compact-driver,release,0,563381,343,102,4927707,True,"[265, 89, 14, 13]",10,lib/tests/core/fact.zy,compact_driver
compact-driver,release,0,561247,343,102,4898543,True,"[265, 89, 14, 13]",10,lib/tests/core/fact.zy,trim_compact_driver
compact-driver,release,0,527451,343,102,4772463,True,"[265, 89, 14, 13]",10,lib/tests/core/fact.zy,baseline
compact-driver,release,0,544252,343,102,4846749,True,"[265, 89, 14, 13]",10,lib/tests/core/fact.zy,trim
compact-driver,release,0,532458,343,102,4881412,True,"[265, 89, 14, 13]",11,lib/tests/core/fact.zy,trim_compact_driver
compact-driver,release,0,539789,343,102,4844048,True,"[265, 89, 14, 13]",11,lib/tests/core/fact.zy,baseline
compact-driver,release,0,534837,343,102,4874249,True,"[265, 89, 14, 13]",11,lib/tests/core/fact.zy,trim
compact-driver,release,0,559332,343,102,4984213,True,"[265, 89, 14, 13]",11,lib/tests/core/fact.zy,compact_driver
compact-driver,release,0,551165,343,102,4851491,True,"[265, 89, 14, 13]",12,lib/tests/core/fact.zy,baseline
compact-driver,release,0,528578,343,102,4815123,True,"[265, 89, 14, 13]",12,lib/tests/core/fact.zy,trim
compact-driver,release,0,546743,343,102,4932543,True,"[265, 89, 14, 13]",12,lib/tests/core/fact.zy,compact_driver
compact-driver,release,0,529544,343,102,4909208,True,"[265, 89, 14, 13]",12,lib/tests/core/fact.zy,trim_compact_driver
compact-driver,release,0,527878,343,102,4766752,True,"[265, 89, 14, 13]",13,lib/tests/core/fact.zy,trim
compact-driver,release,0,541672,343,102,4964622,True,"[265, 89, 14, 13]",13,lib/tests/core/fact.zy,compact_driver
compact-driver,release,0,536961,343,102,4928670,True,"[265, 89, 14, 13]",13,lib/tests/core/fact.zy,trim_compact_driver
compact-driver,release,0,607751,343,102,5180326,True,"[265, 89, 14, 13]",13,lib/tests/core/fact.zy,baseline
compact-driver,release,0,596998,343,102,5180918,True,"[265, 89, 14, 13]",14,lib/tests/core/fact.zy,compact_driver
compact-driver,release,0,542875,343,102,4940077,True,"[265, 89, 14, 13]",14,lib/tests/core/fact.zy,trim_compact_driver
compact-driver,release,0,566552,343,102,4940748,True,"[265, 89, 14, 13]",14,lib/tests/core/fact.zy,baseline
compact-driver,release,0,566079,343,102,5009497,True,"[265, 89, 14, 13]",14,lib/tests/core/fact.zy,trim
compact-driver,release,0,543505,343,102,4881535,True,"[265, 89, 14, 13]",15,lib/tests/core/fact.zy,trim_compact_driver
compact-driver,release,0,571117,343,102,4920046,True,"[265, 89, 14, 13]",15,lib/tests/core/fact.zy,baseline
compact-driver,release,0,584662,343,102,4829465,True,"[265, 89, 14, 13]",15,lib/tests/core/fact.zy,trim
compact-driver,release,0,571624,343,102,5027161,True,"[265, 89, 14, 13]",15,lib/tests/core/fact.zy,compact_driver
compact-driver,release,0,564701,343,102,4986212,True,"[265, 89, 14, 13]",16,lib/tests/core/fact.zy,baseline
compact-driver,release,0,537035,343,102,4948925,True,"[265, 89, 14, 13]",16,lib/tests/core/fact.zy,trim
compact-driver,release,0,547078,343,102,4972375,True,"[265, 89, 14, 13]",16,lib/tests/core/fact.zy,compact_driver
compact-driver,release,0,540122,343,102,4884001,True,"[265, 89, 14, 13]",16,lib/tests/core/fact.zy,trim_compact_driver
compact-driver,release,0,561877,343,102,4841666,True,"[265, 89, 14, 13]",17,lib/tests/core/fact.zy,trim
compact-driver,release,0,566796,343,102,4976789,True,"[265, 89, 14, 13]",17,lib/tests/core/fact.zy,compact_driver
compact-driver,release,0,570748,343,102,4960624,True,"[265, 89, 14, 13]",17,lib/tests/core/fact.zy,trim_compact_driver
compact-driver,release,0,558293,343,102,4877371,True,"[265, 89, 14, 13]",17,lib/tests/core/fact.zy,baseline
compact-driver,release,0,563963,343,102,4947711,True,"[265, 89, 14, 13]",18,lib/tests/core/fact.zy,compact_driver
compact-driver,release,0,527089,343,102,4905368,True,"[265, 89, 14, 13]",18,lib/tests/core/fact.zy,trim_compact_driver
compact-driver,release,0,552703,343,102,4781708,True,"[265, 89, 14, 13]",18,lib/tests/core/fact.zy,baseline
compact-driver,release,0,552124,343,102,4841790,True,"[265, 89, 14, 13]",18,lib/tests/core/fact.zy,trim
compact-driver,release,0,543507,343,102,4891663,True,"[265, 89, 14, 13]",19,lib/tests/core/fact.zy,trim_compact_driver
compact-driver,release,0,550038,343,102,4818249,True,"[265, 89, 14, 13]",19,lib/tests/core/fact.zy,baseline
compact-driver,release,0,562831,343,102,4892838,True,"[265, 89, 14, 13]",19,lib/tests/core/fact.zy,trim
compact-driver,release,0,572707,343,102,4985999,True,"[265, 89, 14, 13]",19,lib/tests/core/fact.zy,compact_driver
compact-driver,release,0,571080,343,102,4954625,True,"[265, 89, 14, 13]",20,lib/tests/core/fact.zy,baseline
compact-driver,release,0,576122,343,102,5061584,True,"[265, 89, 14, 13]",20,lib/tests/core/fact.zy,trim
compact-driver,release,0,575757,343,102,5038836,True,"[265, 89, 14, 13]",20,lib/tests/core/fact.zy,compact_driver
compact-driver,release,0,547208,343,102,4860381,True,"[265, 89, 14, 13]",20,lib/tests/core/fact.zy,trim_compact_driver
compact-driver,release,0,537786,343,102,4901579,True,"[265, 89, 14, 13]",21,lib/tests/core/fact.zy,trim
compact-driver,release,0,547671,343,102,5064005,True,"[265, 89, 14, 13]",21,lib/tests/core/fact.zy,compact_driver
compact-driver,release,0,563043,343,102,4922791,True,"[265, 89, 14, 13]",21,lib/tests/core/fact.zy,trim_compact_driver
compact-driver,release,0,544374,343,102,4816459,True,"[265, 89, 14, 13]",21,lib/tests/core/fact.zy,baseline
compact-driver,release,0,553005,343,102,5012202,True,"[265, 89, 14, 13]",22,lib/tests/core/fact.zy,compact_driver
compact-driver,release,0,550749,343,102,4945827,True,"[265, 89, 14, 13]",22,lib/tests/core/fact.zy,trim_compact_driver
compact-driver,release,0,540494,343,102,4839961,True,"[265, 89, 14, 13]",22,lib/tests/core/fact.zy,baseline
compact-driver,release,0,554126,343,102,4861416,True,"[265, 89, 14, 13]",22,lib/tests/core/fact.zy,trim
compact-driver,release,0,573992,343,102,4962835,True,"[265, 89, 14, 13]",23,lib/tests/core/fact.zy,trim_compact_driver
compact-driver,release,0,536872,343,102,4814835,True,"[265, 89, 14, 13]",23,lib/tests/core/fact.zy,baseline
compact-driver,release,0,568663,343,102,4912004,True,"[265, 89, 14, 13]",23,lib/tests/core/fact.zy,trim
compact-driver,release,0,565591,343,102,5132497,True,"[265, 89, 14, 13]",23,lib/tests/core/fact.zy,compact_driver
compact-driver,release,0,535086,343,102,4808003,True,"[265, 89, 14, 13]",24,lib/tests/core/fact.zy,baseline
compact-driver,release,0,548590,343,102,4960705,True,"[265, 89, 14, 13]",24,lib/tests/core/fact.zy,trim
compact-driver,release,0,563628,343,102,5117796,True,"[265, 89, 14, 13]",24,lib/tests/core/fact.zy,compact_driver
compact-driver,release,0,539665,343,102,4832872,True,"[265, 89, 14, 13]",24,lib/tests/core/fact.zy,trim_compact_driver
compact-driver,release,0,545119,343,102,4795587,True,"[265, 89, 14, 13]",25,lib/tests/core/fact.zy,trim
compact-driver,release,0,554878,343,102,4994880,True,"[265, 89, 14, 13]",25,lib/tests/core/fact.zy,compact_driver
compact-driver,release,0,539917,343,102,4892956,True,"[265, 89, 14, 13]",25,lib/tests/core/fact.zy,trim_compact_driver
compact-driver,release,0,596415,343,102,4938585,True,"[265, 89, 14, 13]",25,lib/tests/core/fact.zy,baseline
compact-driver,release,0,555707,343,102,5060828,True,"[265, 89, 14, 13]",26,lib/tests/core/fact.zy,compact_driver
compact-driver,release,0,543422,343,102,5032162,True,"[265, 89, 14, 13]",26,lib/tests/core/fact.zy,trim_compact_driver
compact-driver,release,0,566167,343,102,4926293,True,"[265, 89, 14, 13]",26,lib/tests/core/fact.zy,baseline
compact-driver,release,0,620922,343,102,5224670,True,"[265, 89, 14, 13]",26,lib/tests/core/fact.zy,trim
compact-driver,release,0,584592,343,102,5179783,True,"[265, 89, 14, 13]",27,lib/tests/core/fact.zy,trim_compact_driver
compact-driver,release,0,554460,343,102,4846541,True,"[265, 89, 14, 13]",27,lib/tests/core/fact.zy,baseline
compact-driver,release,0,562084,343,102,4858334,True,"[265, 89, 14, 13]",27,lib/tests/core/fact.zy,trim
compact-driver,release,0,550370,343,102,5037005,True,"[265, 89, 14, 13]",27,lib/tests/core/fact.zy,compact_driver
compact-driver,release,0,552254,343,102,4862005,True,"[265, 89, 14, 13]",28,lib/tests/core/fact.zy,baseline
compact-driver,release,0,548208,343,102,4943958,True,"[265, 89, 14, 13]",28,lib/tests/core/fact.zy,trim
compact-driver,release,0,556785,343,102,5100960,True,"[265, 89, 14, 13]",28,lib/tests/core/fact.zy,compact_driver
compact-driver,release,0,579707,343,102,4960662,True,"[265, 89, 14, 13]",28,lib/tests/core/fact.zy,trim_compact_driver
compact-driver,release,0,548130,343,102,4873372,True,"[265, 89, 14, 13]",29,lib/tests/core/fact.zy,trim
compact-driver,release,0,557999,343,102,4947331,True,"[265, 89, 14, 13]",29,lib/tests/core/fact.zy,compact_driver
compact-driver,release,0,541920,343,102,4853461,True,"[265, 89, 14, 13]",29,lib/tests/core/fact.zy,trim_compact_driver
compact-driver,release,0,553332,343,102,4889168,True,"[265, 89, 14, 13]",29,lib/tests/core/fact.zy,baseline
compact-driver,release,0,550710,343,102,4896911,True,"[265, 89, 14, 13]",30,lib/tests/core/fact.zy,compact_driver
compact-driver,release,0,556787,343,102,4935709,True,"[265, 89, 14, 13]",30,lib/tests/core/fact.zy,trim_compact_driver
compact-driver,release,0,547874,343,102,4852664,True,"[265, 89, 14, 13]",30,lib/tests/core/fact.zy,baseline
compact-driver,release,0,537250,343,102,4788459,True,"[265, 89, 14, 13]",30,lib/tests/core/fact.zy,trim
compact-driver,release,0,536832,343,102,4874084,True,"[265, 89, 14, 13]",31,lib/tests/core/fact.zy,trim_compact_driver
compact-driver,release,0,551093,343,102,4945454,True,"[265, 89, 14, 13]",31,lib/tests/core/fact.zy,baseline
compact-driver,release,0,550705,343,102,4869547,True,"[265, 89, 14, 13]",31,lib/tests/core/fact.zy,trim
compact-driver,release,0,535038,343,102,4919496,True,"[265, 89, 14, 13]",31,lib/tests/core/fact.zy,compact_driver
compact-driver,release,0,58552,4,1024,290770,False,"[2, 0, 0, 0]",0,lib/tests/core/pattern-alias.zy,baseline
compact-driver,release,0,58258,4,1024,302303,False,"[2, 0, 0, 0]",0,lib/tests/core/pattern-alias.zy,trim
compact-driver,release,0,58502,4,1024,319501,False,"[2, 0, 0, 0]",0,lib/tests/core/pattern-alias.zy,compact_driver
compact-driver,release,0,59569,4,1024,331446,False,"[2, 0, 0, 0]",0,lib/tests/core/pattern-alias.zy,trim_compact_driver
compact-driver,release,0,61052,4,1024,329952,False,"[2, 0, 0, 0]",1,lib/tests/core/pattern-alias.zy,trim
compact-driver,release,0,58922,4,1024,312086,False,"[2, 0, 0, 0]",1,lib/tests/core/pattern-alias.zy,compact_driver
compact-driver,release,0,57316,4,1024,314095,False,"[2, 0, 0, 0]",1,lib/tests/core/pattern-alias.zy,trim_compact_driver
compact-driver,release,0,60021,4,1024,283582,False,"[2, 0, 0, 0]",1,lib/tests/core/pattern-alias.zy,baseline
compact-driver,release,0,58324,4,1024,305830,False,"[2, 0, 0, 0]",2,lib/tests/core/pattern-alias.zy,compact_driver
compact-driver,release,0,62490,4,1024,340370,False,"[2, 0, 0, 0]",2,lib/tests/core/pattern-alias.zy,trim_compact_driver
compact-driver,release,0,68533,4,1024,304176,False,"[2, 0, 0, 0]",2,lib/tests/core/pattern-alias.zy,baseline
compact-driver,release,0,58032,4,1024,295869,False,"[2, 0, 0, 0]",2,lib/tests/core/pattern-alias.zy,trim
compact-driver,release,0,56909,4,1024,313342,False,"[2, 0, 0, 0]",3,lib/tests/core/pattern-alias.zy,trim_compact_driver
compact-driver,release,0,59422,4,1024,283801,False,"[2, 0, 0, 0]",3,lib/tests/core/pattern-alias.zy,baseline
compact-driver,release,0,59554,4,1024,306774,False,"[2, 0, 0, 0]",3,lib/tests/core/pattern-alias.zy,trim
compact-driver,release,0,61168,4,1024,313588,False,"[2, 0, 0, 0]",3,lib/tests/core/pattern-alias.zy,compact_driver
compact-driver,release,0,60308,4,1024,292459,False,"[2, 0, 0, 0]",4,lib/tests/core/pattern-alias.zy,baseline
compact-driver,release,0,62293,4,1024,308915,False,"[2, 0, 0, 0]",4,lib/tests/core/pattern-alias.zy,trim
compact-driver,release,0,63544,4,1024,321369,False,"[2, 0, 0, 0]",4,lib/tests/core/pattern-alias.zy,compact_driver
compact-driver,release,0,59201,4,1024,323705,False,"[2, 0, 0, 0]",4,lib/tests/core/pattern-alias.zy,trim_compact_driver
compact-driver,release,0,62677,4,1024,314328,False,"[2, 0, 0, 0]",5,lib/tests/core/pattern-alias.zy,trim
compact-driver,release,0,63945,4,1024,325869,False,"[2, 0, 0, 0]",5,lib/tests/core/pattern-alias.zy,compact_driver
compact-driver,release,0,59050,4,1024,324667,False,"[2, 0, 0, 0]",5,lib/tests/core/pattern-alias.zy,trim_compact_driver
compact-driver,release,0,61167,4,1024,306361,False,"[2, 0, 0, 0]",5,lib/tests/core/pattern-alias.zy,baseline
compact-driver,release,0,57586,4,1024,305413,False,"[2, 0, 0, 0]",6,lib/tests/core/pattern-alias.zy,compact_driver
compact-driver,release,0,57719,4,1024,308294,False,"[2, 0, 0, 0]",6,lib/tests/core/pattern-alias.zy,trim_compact_driver
compact-driver,release,0,56751,4,1024,283284,False,"[2, 0, 0, 0]",6,lib/tests/core/pattern-alias.zy,baseline
compact-driver,release,0,55298,4,1024,294417,False,"[2, 0, 0, 0]",6,lib/tests/core/pattern-alias.zy,trim
compact-driver,release,0,56090,4,1024,310576,False,"[2, 0, 0, 0]",7,lib/tests/core/pattern-alias.zy,trim_compact_driver
compact-driver,release,0,57833,4,1024,281660,False,"[2, 0, 0, 0]",7,lib/tests/core/pattern-alias.zy,baseline
compact-driver,release,0,60264,4,1024,307622,False,"[2, 0, 0, 0]",7,lib/tests/core/pattern-alias.zy,trim
compact-driver,release,0,59709,4,1024,330858,False,"[2, 0, 0, 0]",7,lib/tests/core/pattern-alias.zy,compact_driver
compact-driver,release,0,61792,4,1024,304986,False,"[2, 0, 0, 0]",8,lib/tests/core/pattern-alias.zy,baseline
compact-driver,release,0,63575,4,1024,348327,False,"[2, 0, 0, 0]",8,lib/tests/core/pattern-alias.zy,trim
compact-driver,release,0,59705,4,1024,329669,False,"[2, 0, 0, 0]",8,lib/tests/core/pattern-alias.zy,compact_driver
compact-driver,release,0,60752,4,1024,335897,False,"[2, 0, 0, 0]",8,lib/tests/core/pattern-alias.zy,trim_compact_driver
compact-driver,release,0,57412,4,1024,314159,False,"[2, 0, 0, 0]",9,lib/tests/core/pattern-alias.zy,trim
compact-driver,release,0,61840,4,1024,329854,False,"[2, 0, 0, 0]",9,lib/tests/core/pattern-alias.zy,compact_driver
compact-driver,release,0,62024,4,1024,339742,False,"[2, 0, 0, 0]",9,lib/tests/core/pattern-alias.zy,trim_compact_driver
compact-driver,release,0,61093,4,1024,302135,False,"[2, 0, 0, 0]",9,lib/tests/core/pattern-alias.zy,baseline
compact-driver,release,0,60754,4,1024,321840,False,"[2, 0, 0, 0]",10,lib/tests/core/pattern-alias.zy,compact_driver
compact-driver,release,0,61552,4,1024,332751,False,"[2, 0, 0, 0]",10,lib/tests/core/pattern-alias.zy,trim_compact_driver
compact-driver,release,0,60712,4,1024,302906,False,"[2, 0, 0, 0]",10,lib/tests/core/pattern-alias.zy,baseline
compact-driver,release,0,58401,4,1024,313678,False,"[2, 0, 0, 0]",10,lib/tests/core/pattern-alias.zy,trim
compact-driver,release,0,59918,4,1024,331928,False,"[2, 0, 0, 0]",11,lib/tests/core/pattern-alias.zy,trim_compact_driver
compact-driver,release,0,61249,4,1024,302639,False,"[2, 0, 0, 0]",11,lib/tests/core/pattern-alias.zy,baseline
compact-driver,release,0,62914,4,1024,321589,False,"[2, 0, 0, 0]",11,lib/tests/core/pattern-alias.zy,trim
compact-driver,release,0,61337,4,1024,334972,False,"[2, 0, 0, 0]",11,lib/tests/core/pattern-alias.zy,compact_driver
compact-driver,release,0,65649,4,1024,324330,False,"[2, 0, 0, 0]",12,lib/tests/core/pattern-alias.zy,baseline
compact-driver,release,0,62201,4,1024,316320,False,"[2, 0, 0, 0]",12,lib/tests/core/pattern-alias.zy,trim
compact-driver,release,0,63200,4,1024,313379,False,"[2, 0, 0, 0]",12,lib/tests/core/pattern-alias.zy,compact_driver
compact-driver,release,0,63092,4,1024,345813,False,"[2, 0, 0, 0]",12,lib/tests/core/pattern-alias.zy,trim_compact_driver
compact-driver,release,0,65381,4,1024,317566,False,"[2, 0, 0, 0]",13,lib/tests/core/pattern-alias.zy,trim
compact-driver,release,0,59515,4,1024,302294,False,"[2, 0, 0, 0]",13,lib/tests/core/pattern-alias.zy,compact_driver
compact-driver,release,0,60042,4,1024,311198,False,"[2, 0, 0, 0]",13,lib/tests/core/pattern-alias.zy,trim_compact_driver
compact-driver,release,0,60164,4,1024,293706,False,"[2, 0, 0, 0]",13,lib/tests/core/pattern-alias.zy,baseline
compact-driver,release,0,61608,4,1024,309715,False,"[2, 0, 0, 0]",14,lib/tests/core/pattern-alias.zy,compact_driver
compact-driver,release,0,61164,4,1024,331126,False,"[2, 0, 0, 0]",14,lib/tests/core/pattern-alias.zy,trim_compact_driver
compact-driver,release,0,65243,4,1024,306578,False,"[2, 0, 0, 0]",14,lib/tests/core/pattern-alias.zy,baseline
compact-driver,release,0,67414,4,1024,314045,False,"[2, 0, 0, 0]",14,lib/tests/core/pattern-alias.zy,trim
compact-driver,release,0,62968,4,1024,349558,False,"[2, 0, 0, 0]",15,lib/tests/core/pattern-alias.zy,trim_compact_driver
compact-driver,release,0,63128,4,1024,315550,False,"[2, 0, 0, 0]",15,lib/tests/core/pattern-alias.zy,baseline
compact-driver,release,0,57245,4,1024,321076,False,"[2, 0, 0, 0]",15,lib/tests/core/pattern-alias.zy,trim
compact-driver,release,0,58469,4,1024,305753,False,"[2, 0, 0, 0]",15,lib/tests/core/pattern-alias.zy,compact_driver
compact-driver,release,0,62175,4,1024,302079,False,"[2, 0, 0, 0]",16,lib/tests/core/pattern-alias.zy,baseline
compact-driver,release,0,64864,4,1024,314952,False,"[2, 0, 0, 0]",16,lib/tests/core/pattern-alias.zy,trim
compact-driver,release,0,61740,4,1024,324414,False,"[2, 0, 0, 0]",16,lib/tests/core/pattern-alias.zy,compact_driver
compact-driver,release,0,60126,4,1024,313753,False,"[2, 0, 0, 0]",16,lib/tests/core/pattern-alias.zy,trim_compact_driver
compact-driver,release,0,58411,4,1024,289082,False,"[2, 0, 0, 0]",17,lib/tests/core/pattern-alias.zy,trim
compact-driver,release,0,61199,4,1024,308753,False,"[2, 0, 0, 0]",17,lib/tests/core/pattern-alias.zy,compact_driver
compact-driver,release,0,63368,4,1024,342167,False,"[2, 0, 0, 0]",17,lib/tests/core/pattern-alias.zy,trim_compact_driver
compact-driver,release,0,59450,4,1024,293499,False,"[2, 0, 0, 0]",17,lib/tests/core/pattern-alias.zy,baseline
compact-driver,release,0,61255,4,1024,318877,False,"[2, 0, 0, 0]",18,lib/tests/core/pattern-alias.zy,compact_driver
compact-driver,release,0,63498,4,1024,323135,False,"[2, 0, 0, 0]",18,lib/tests/core/pattern-alias.zy,trim_compact_driver
compact-driver,release,0,63293,4,1024,303460,False,"[2, 0, 0, 0]",18,lib/tests/core/pattern-alias.zy,baseline
compact-driver,release,0,62256,4,1024,314364,False,"[2, 0, 0, 0]",18,lib/tests/core/pattern-alias.zy,trim
compact-driver,release,0,62413,4,1024,337588,False,"[2, 0, 0, 0]",19,lib/tests/core/pattern-alias.zy,trim_compact_driver
compact-driver,release,0,60798,4,1024,295887,False,"[2, 0, 0, 0]",19,lib/tests/core/pattern-alias.zy,baseline
compact-driver,release,0,61792,4,1024,311169,False,"[2, 0, 0, 0]",19,lib/tests/core/pattern-alias.zy,trim
compact-driver,release,0,61177,4,1024,330537,False,"[2, 0, 0, 0]",19,lib/tests/core/pattern-alias.zy,compact_driver
compact-driver,release,0,61500,4,1024,299754,False,"[2, 0, 0, 0]",20,lib/tests/core/pattern-alias.zy,baseline
compact-driver,release,0,58547,4,1024,305791,False,"[2, 0, 0, 0]",20,lib/tests/core/pattern-alias.zy,trim
compact-driver,release,0,62580,4,1024,317534,False,"[2, 0, 0, 0]",20,lib/tests/core/pattern-alias.zy,compact_driver
compact-driver,release,0,63897,4,1024,345619,False,"[2, 0, 0, 0]",20,lib/tests/core/pattern-alias.zy,trim_compact_driver
compact-driver,release,0,62587,4,1024,321928,False,"[2, 0, 0, 0]",21,lib/tests/core/pattern-alias.zy,trim
compact-driver,release,0,62155,4,1024,322327,False,"[2, 0, 0, 0]",21,lib/tests/core/pattern-alias.zy,compact_driver
compact-driver,release,0,62906,4,1024,331939,False,"[2, 0, 0, 0]",21,lib/tests/core/pattern-alias.zy,trim_compact_driver
compact-driver,release,0,64139,4,1024,313961,False,"[2, 0, 0, 0]",21,lib/tests/core/pattern-alias.zy,baseline
compact-driver,release,0,62648,4,1024,327468,False,"[2, 0, 0, 0]",22,lib/tests/core/pattern-alias.zy,compact_driver
compact-driver,release,0,58251,4,1024,310493,False,"[2, 0, 0, 0]",22,lib/tests/core/pattern-alias.zy,trim_compact_driver
compact-driver,release,0,59877,4,1024,302283,False,"[2, 0, 0, 0]",22,lib/tests/core/pattern-alias.zy,baseline
compact-driver,release,0,57689,4,1024,305423,False,"[2, 0, 0, 0]",22,lib/tests/core/pattern-alias.zy,trim
compact-driver,release,0,61201,4,1024,330379,False,"[2, 0, 0, 0]",23,lib/tests/core/pattern-alias.zy,trim_compact_driver
compact-driver,release,0,60514,4,1024,289826,False,"[2, 0, 0, 0]",23,lib/tests/core/pattern-alias.zy,baseline
compact-driver,release,0,57126,4,1024,297494,False,"[2, 0, 0, 0]",23,lib/tests/core/pattern-alias.zy,trim
compact-driver,release,0,60008,4,1024,308088,False,"[2, 0, 0, 0]",23,lib/tests/core/pattern-alias.zy,compact_driver
compact-driver,release,0,60081,4,1024,292085,False,"[2, 0, 0, 0]",24,lib/tests/core/pattern-alias.zy,baseline
compact-driver,release,0,60086,4,1024,306499,False,"[2, 0, 0, 0]",24,lib/tests/core/pattern-alias.zy,trim
compact-driver,release,0,62872,4,1024,321283,False,"[2, 0, 0, 0]",24,lib/tests/core/pattern-alias.zy,compact_driver
compact-driver,release,0,60664,4,1024,325538,False,"[2, 0, 0, 0]",24,lib/tests/core/pattern-alias.zy,trim_compact_driver
compact-driver,release,0,59370,4,1024,323044,False,"[2, 0, 0, 0]",25,lib/tests/core/pattern-alias.zy,trim
compact-driver,release,0,62809,4,1024,337335,False,"[2, 0, 0, 0]",25,lib/tests/core/pattern-alias.zy,compact_driver
compact-driver,release,0,57467,4,1024,328343,False,"[2, 0, 0, 0]",25,lib/tests/core/pattern-alias.zy,trim_compact_driver
compact-driver,release,0,56969,4,1024,295543,False,"[2, 0, 0, 0]",25,lib/tests/core/pattern-alias.zy,baseline
compact-driver,release,0,57158,4,1024,306338,False,"[2, 0, 0, 0]",26,lib/tests/core/pattern-alias.zy,compact_driver
compact-driver,release,0,57343,4,1024,311846,False,"[2, 0, 0, 0]",26,lib/tests/core/pattern-alias.zy,trim_compact_driver
compact-driver,release,0,61218,4,1024,299799,False,"[2, 0, 0, 0]",26,lib/tests/core/pattern-alias.zy,baseline
compact-driver,release,0,62951,4,1024,345626,False,"[2, 0, 0, 0]",26,lib/tests/core/pattern-alias.zy,trim
compact-driver,release,0,61387,4,1024,320829,False,"[2, 0, 0, 0]",27,lib/tests/core/pattern-alias.zy,trim_compact_driver
compact-driver,release,0,56461,4,1024,279169,False,"[2, 0, 0, 0]",27,lib/tests/core/pattern-alias.zy,baseline
compact-driver,release,0,55831,4,1024,295667,False,"[2, 0, 0, 0]",27,lib/tests/core/pattern-alias.zy,trim
compact-driver,release,0,59378,4,1024,304749,False,"[2, 0, 0, 0]",27,lib/tests/core/pattern-alias.zy,compact_driver
compact-driver,release,0,60094,4,1024,296278,False,"[2, 0, 0, 0]",28,lib/tests/core/pattern-alias.zy,baseline
compact-driver,release,0,58831,4,1024,304510,False,"[2, 0, 0, 0]",28,lib/tests/core/pattern-alias.zy,trim
compact-driver,release,0,59078,4,1024,323205,False,"[2, 0, 0, 0]",28,lib/tests/core/pattern-alias.zy,compact_driver
compact-driver,release,0,56756,4,1024,333746,False,"[2, 0, 0, 0]",28,lib/tests/core/pattern-alias.zy,trim_compact_driver
compact-driver,release,0,60748,4,1024,325493,False,"[2, 0, 0, 0]",29,lib/tests/core/pattern-alias.zy,trim
compact-driver,release,0,60624,4,1024,313544,False,"[2, 0, 0, 0]",29,lib/tests/core/pattern-alias.zy,compact_driver
compact-driver,release,0,59635,4,1024,334165,False,"[2, 0, 0, 0]",29,lib/tests/core/pattern-alias.zy,trim_compact_driver
compact-driver,release,0,60737,4,1024,305991,False,"[2, 0, 0, 0]",29,lib/tests/core/pattern-alias.zy,baseline
compact-driver,release,0,73364,4,1024,325116,False,"[2, 0, 0, 0]",30,lib/tests/core/pattern-alias.zy,compact_driver
compact-driver,release,0,63700,4,1024,370172,False,"[2, 0, 0, 0]",30,lib/tests/core/pattern-alias.zy,trim_compact_driver
compact-driver,release,0,56193,4,1024,280423,False,"[2, 0, 0, 0]",30,lib/tests/core/pattern-alias.zy,baseline
compact-driver,release,0,57882,4,1024,297360,False,"[2, 0, 0, 0]",30,lib/tests/core/pattern-alias.zy,trim
compact-driver,release,0,61040,4,1024,307567,False,"[2, 0, 0, 0]",31,lib/tests/core/pattern-alias.zy,trim_compact_driver
compact-driver,release,0,61044,4,1024,290787,False,"[2, 0, 0, 0]",31,lib/tests/core/pattern-alias.zy,baseline
compact-driver,release,0,59467,4,1024,300968,False,"[2, 0, 0, 0]",31,lib/tests/core/pattern-alias.zy,trim
compact-driver,release,0,56500,4,1024,305961,False,"[2, 0, 0, 0]",31,lib/tests/core/pattern-alias.zy,compact_driver
compact-driver,release,0,80739,4,1024,306391,True,"[2, 0, 0, 1]",0,lib/tests/core/pattern-alias.zy,baseline
compact-driver,release,0,80222,4,1024,321963,True,"[2, 0, 0, 1]",0,lib/tests/core/pattern-alias.zy,trim
compact-driver,release,0,87901,4,1024,341515,True,"[2, 0, 0, 1]",0,lib/tests/core/pattern-alias.zy,compact_driver
compact-driver,release,0,82552,4,1024,347658,True,"[2, 0, 0, 1]",0,lib/tests/core/pattern-alias.zy,trim_compact_driver
compact-driver,release,0,84089,4,1024,317911,True,"[2, 0, 0, 1]",1,lib/tests/core/pattern-alias.zy,trim
compact-driver,release,0,78945,4,1024,317964,True,"[2, 0, 0, 1]",1,lib/tests/core/pattern-alias.zy,compact_driver
compact-driver,release,0,79443,4,1024,348512,True,"[2, 0, 0, 1]",1,lib/tests/core/pattern-alias.zy,trim_compact_driver
compact-driver,release,0,78539,4,1024,313004,True,"[2, 0, 0, 1]",1,lib/tests/core/pattern-alias.zy,baseline
compact-driver,release,0,79106,4,1024,322643,True,"[2, 0, 0, 1]",2,lib/tests/core/pattern-alias.zy,compact_driver
compact-driver,release,0,80649,4,1024,342052,True,"[2, 0, 0, 1]",2,lib/tests/core/pattern-alias.zy,trim_compact_driver
compact-driver,release,0,73920,4,1024,304922,True,"[2, 0, 0, 1]",2,lib/tests/core/pattern-alias.zy,baseline
compact-driver,release,0,75651,4,1024,319635,True,"[2, 0, 0, 1]",2,lib/tests/core/pattern-alias.zy,trim
compact-driver,release,0,74656,4,1024,320824,True,"[2, 0, 0, 1]",3,lib/tests/core/pattern-alias.zy,trim_compact_driver
compact-driver,release,0,69820,4,1024,302742,True,"[2, 0, 0, 1]",3,lib/tests/core/pattern-alias.zy,baseline
compact-driver,release,0,76215,4,1024,322833,True,"[2, 0, 0, 1]",3,lib/tests/core/pattern-alias.zy,trim
compact-driver,release,0,71050,4,1024,315374,True,"[2, 0, 0, 1]",3,lib/tests/core/pattern-alias.zy,compact_driver
compact-driver,release,0,73869,4,1024,304791,True,"[2, 0, 0, 1]",4,lib/tests/core/pattern-alias.zy,baseline
compact-driver,release,0,78168,4,1024,313682,True,"[2, 0, 0, 1]",4,lib/tests/core/pattern-alias.zy,trim
compact-driver,release,0,76524,4,1024,320320,True,"[2, 0, 0, 1]",4,lib/tests/core/pattern-alias.zy,compact_driver
compact-driver,release,0,77089,4,1024,340645,True,"[2, 0, 0, 1]",4,lib/tests/core/pattern-alias.zy,trim_compact_driver
compact-driver,release,0,88444,4,1024,329861,True,"[2, 0, 0, 1]",5,lib/tests/core/pattern-alias.zy,trim
compact-driver,release,0,78161,4,1024,322743,True,"[2, 0, 0, 1]",5,lib/tests/core/pattern-alias.zy,compact_driver
compact-driver,release,0,75335,4,1024,332411,True,"[2, 0, 0, 1]",5,lib/tests/core/pattern-alias.zy,trim_compact_driver
compact-driver,release,0,77862,4,1024,316004,True,"[2, 0, 0, 1]",5,lib/tests/core/pattern-alias.zy,baseline
compact-driver,release,0,77551,4,1024,326603,True,"[2, 0, 0, 1]",6,lib/tests/core/pattern-alias.zy,compact_driver
compact-driver,release,0,73730,4,1024,349009,True,"[2, 0, 0, 1]",6,lib/tests/core/pattern-alias.zy,trim_compact_driver
compact-driver,release,0,77627,4,1024,313545,True,"[2, 0, 0, 1]",6,lib/tests/core/pattern-alias.zy,baseline
compact-driver,release,0,75789,4,1024,302253,True,"[2, 0, 0, 1]",6,lib/tests/core/pattern-alias.zy,trim
compact-driver,release,0,75257,4,1024,339416,True,"[2, 0, 0, 1]",7,lib/tests/core/pattern-alias.zy,trim_compact_driver
compact-driver,release,0,77544,4,1024,298674,True,"[2, 0, 0, 1]",7,lib/tests/core/pattern-alias.zy,baseline
compact-driver,release,0,78590,4,1024,306104,True,"[2, 0, 0, 1]",7,lib/tests/core/pattern-alias.zy,trim
compact-driver,release,0,75768,4,1024,314041,True,"[2, 0, 0, 1]",7,lib/tests/core/pattern-alias.zy,compact_driver
compact-driver,release,0,75867,4,1024,292329,True,"[2, 0, 0, 1]",8,lib/tests/core/pattern-alias.zy,baseline
compact-driver,release,0,82105,4,1024,319820,True,"[2, 0, 0, 1]",8,lib/tests/core/pattern-alias.zy,trim
compact-driver,release,0,84199,4,1024,317467,True,"[2, 0, 0, 1]",8,lib/tests/core/pattern-alias.zy,compact_driver
compact-driver,release,0,70393,4,1024,318820,True,"[2, 0, 0, 1]",8,lib/tests/core/pattern-alias.zy,trim_compact_driver
compact-driver,release,0,76871,4,1024,306154,True,"[2, 0, 0, 1]",9,lib/tests/core/pattern-alias.zy,trim
compact-driver,release,0,76335,4,1024,312883,True,"[2, 0, 0, 1]",9,lib/tests/core/pattern-alias.zy,compact_driver
compact-driver,release,0,74001,4,1024,329501,True,"[2, 0, 0, 1]",9,lib/tests/core/pattern-alias.zy,trim_compact_driver
compact-driver,release,0,77001,4,1024,296582,True,"[2, 0, 0, 1]",9,lib/tests/core/pattern-alias.zy,baseline
compact-driver,release,0,76246,4,1024,314032,True,"[2, 0, 0, 1]",10,lib/tests/core/pattern-alias.zy,compact_driver
compact-driver,release,0,73765,4,1024,328784,True,"[2, 0, 0, 1]",10,lib/tests/core/pattern-alias.zy,trim_compact_driver
compact-driver,release,0,80254,4,1024,312473,True,"[2, 0, 0, 1]",10,lib/tests/core/pattern-alias.zy,baseline
compact-driver,release,0,77642,4,1024,303755,True,"[2, 0, 0, 1]",10,lib/tests/core/pattern-alias.zy,trim
compact-driver,release,0,72059,4,1024,319624,True,"[2, 0, 0, 1]",11,lib/tests/core/pattern-alias.zy,trim_compact_driver
compact-driver,release,0,75383,4,1024,284997,True,"[2, 0, 0, 1]",11,lib/tests/core/pattern-alias.zy,baseline
compact-driver,release,0,79236,4,1024,313141,True,"[2, 0, 0, 1]",11,lib/tests/core/pattern-alias.zy,trim
compact-driver,release,0,82026,4,1024,325019,True,"[2, 0, 0, 1]",11,lib/tests/core/pattern-alias.zy,compact_driver
compact-driver,release,0,76212,4,1024,292990,True,"[2, 0, 0, 1]",12,lib/tests/core/pattern-alias.zy,baseline
compact-driver,release,0,77159,4,1024,313534,True,"[2, 0, 0, 1]",12,lib/tests/core/pattern-alias.zy,trim
compact-driver,release,0,76564,4,1024,316692,True,"[2, 0, 0, 1]",12,lib/tests/core/pattern-alias.zy,compact_driver
compact-driver,release,0,75830,4,1024,327536,True,"[2, 0, 0, 1]",12,lib/tests/core/pattern-alias.zy,trim_compact_driver
compact-driver,release,0,85497,4,1024,341047,True,"[2, 0, 0, 1]",13,lib/tests/core/pattern-alias.zy,trim
compact-driver,release,0,77504,4,1024,322931,True,"[2, 0, 0, 1]",13,lib/tests/core/pattern-alias.zy,compact_driver
compact-driver,release,0,76839,4,1024,338435,True,"[2, 0, 0, 1]",13,lib/tests/core/pattern-alias.zy,trim_compact_driver
compact-driver,release,0,79543,4,1024,301434,True,"[2, 0, 0, 1]",13,lib/tests/core/pattern-alias.zy,baseline
compact-driver,release,0,79556,4,1024,340438,True,"[2, 0, 0, 1]",14,lib/tests/core/pattern-alias.zy,compact_driver
compact-driver,release,0,76764,4,1024,353128,True,"[2, 0, 0, 1]",14,lib/tests/core/pattern-alias.zy,trim_compact_driver
compact-driver,release,0,80406,4,1024,321922,True,"[2, 0, 0, 1]",14,lib/tests/core/pattern-alias.zy,baseline
compact-driver,release,0,76737,4,1024,305266,True,"[2, 0, 0, 1]",14,lib/tests/core/pattern-alias.zy,trim
compact-driver,release,0,76958,4,1024,347656,True,"[2, 0, 0, 1]",15,lib/tests/core/pattern-alias.zy,trim_compact_driver
compact-driver,release,0,79915,4,1024,302346,True,"[2, 0, 0, 1]",15,lib/tests/core/pattern-alias.zy,baseline
compact-driver,release,0,77383,4,1024,302293,True,"[2, 0, 0, 1]",15,lib/tests/core/pattern-alias.zy,trim
compact-driver,release,0,75467,4,1024,304827,True,"[2, 0, 0, 1]",15,lib/tests/core/pattern-alias.zy,compact_driver
compact-driver,release,0,77838,4,1024,286581,True,"[2, 0, 0, 1]",16,lib/tests/core/pattern-alias.zy,baseline
compact-driver,release,0,76685,4,1024,306089,True,"[2, 0, 0, 1]",16,lib/tests/core/pattern-alias.zy,trim
compact-driver,release,0,79126,4,1024,312275,True,"[2, 0, 0, 1]",16,lib/tests/core/pattern-alias.zy,compact_driver
compact-driver,release,0,74987,4,1024,325572,True,"[2, 0, 0, 1]",16,lib/tests/core/pattern-alias.zy,trim_compact_driver
compact-driver,release,0,79337,4,1024,319016,True,"[2, 0, 0, 1]",17,lib/tests/core/pattern-alias.zy,trim
compact-driver,release,0,79212,4,1024,319056,True,"[2, 0, 0, 1]",17,lib/tests/core/pattern-alias.zy,compact_driver
compact-driver,release,0,81249,4,1024,331565,True,"[2, 0, 0, 1]",17,lib/tests/core/pattern-alias.zy,trim_compact_driver
compact-driver,release,0,86079,4,1024,296919,True,"[2, 0, 0, 1]",17,lib/tests/core/pattern-alias.zy,baseline
compact-driver,release,0,82041,4,1024,337890,True,"[2, 0, 0, 1]",18,lib/tests/core/pattern-alias.zy,compact_driver
compact-driver,release,0,77245,4,1024,333134,True,"[2, 0, 0, 1]",18,lib/tests/core/pattern-alias.zy,trim_compact_driver
compact-driver,release,0,82542,4,1024,303690,True,"[2, 0, 0, 1]",18,lib/tests/core/pattern-alias.zy,baseline
compact-driver,release,0,85314,4,1024,308844,True,"[2, 0, 0, 1]",18,lib/tests/core/pattern-alias.zy,trim
compact-driver,release,0,70410,4,1024,316775,True,"[2, 0, 0, 1]",19,lib/tests/core/pattern-alias.zy,trim_compact_driver
compact-driver,release,0,72869,4,1024,286916,True,"[2, 0, 0, 1]",19,lib/tests/core/pattern-alias.zy,baseline
compact-driver,release,0,76957,4,1024,300635,True,"[2, 0, 0, 1]",19,lib/tests/core/pattern-alias.zy,trim
compact-driver,release,0,72123,4,1024,305823,True,"[2, 0, 0, 1]",19,lib/tests/core/pattern-alias.zy,compact_driver
compact-driver,release,0,73533,4,1024,289760,True,"[2, 0, 0, 1]",20,lib/tests/core/pattern-alias.zy,baseline
compact-driver,release,0,75886,4,1024,305594,True,"[2, 0, 0, 1]",20,lib/tests/core/pattern-alias.zy,trim
compact-driver,release,0,75624,4,1024,311717,True,"[2, 0, 0, 1]",20,lib/tests/core/pattern-alias.zy,compact_driver
compact-driver,release,0,77582,4,1024,337979,True,"[2, 0, 0, 1]",20,lib/tests/core/pattern-alias.zy,trim_compact_driver
compact-driver,release,0,79004,4,1024,305911,True,"[2, 0, 0, 1]",21,lib/tests/core/pattern-alias.zy,trim
compact-driver,release,0,78984,4,1024,315063,True,"[2, 0, 0, 1]",21,lib/tests/core/pattern-alias.zy,compact_driver
compact-driver,release,0,82525,4,1024,332775,True,"[2, 0, 0, 1]",21,lib/tests/core/pattern-alias.zy,trim_compact_driver
compact-driver,release,0,76432,4,1024,310967,True,"[2, 0, 0, 1]",21,lib/tests/core/pattern-alias.zy,baseline
compact-driver,release,0,82035,4,1024,331294,True,"[2, 0, 0, 1]",22,lib/tests/core/pattern-alias.zy,compact_driver
compact-driver,release,0,79052,4,1024,332737,True,"[2, 0, 0, 1]",22,lib/tests/core/pattern-alias.zy,trim_compact_driver
compact-driver,release,0,75333,4,1024,297126,True,"[2, 0, 0, 1]",22,lib/tests/core/pattern-alias.zy,baseline
compact-driver,release,0,80962,4,1024,319263,True,"[2, 0, 0, 1]",22,lib/tests/core/pattern-alias.zy,trim
compact-driver,release,0,71367,4,1024,314618,True,"[2, 0, 0, 1]",23,lib/tests/core/pattern-alias.zy,trim_compact_driver
compact-driver,release,0,75167,4,1024,287704,True,"[2, 0, 0, 1]",23,lib/tests/core/pattern-alias.zy,baseline
compact-driver,release,0,76036,4,1024,296709,True,"[2, 0, 0, 1]",23,lib/tests/core/pattern-alias.zy,trim
compact-driver,release,0,74864,4,1024,309781,True,"[2, 0, 0, 1]",23,lib/tests/core/pattern-alias.zy,compact_driver
compact-driver,release,0,75682,4,1024,294768,True,"[2, 0, 0, 1]",24,lib/tests/core/pattern-alias.zy,baseline
compact-driver,release,0,80878,4,1024,319994,True,"[2, 0, 0, 1]",24,lib/tests/core/pattern-alias.zy,trim
compact-driver,release,0,87940,4,1024,313611,True,"[2, 0, 0, 1]",24,lib/tests/core/pattern-alias.zy,compact_driver
compact-driver,release,0,74973,4,1024,339836,True,"[2, 0, 0, 1]",24,lib/tests/core/pattern-alias.zy,trim_compact_driver
compact-driver,release,0,80110,4,1024,307319,True,"[2, 0, 0, 1]",25,lib/tests/core/pattern-alias.zy,trim
compact-driver,release,0,82381,4,1024,336914,True,"[2, 0, 0, 1]",25,lib/tests/core/pattern-alias.zy,compact_driver
compact-driver,release,0,74918,4,1024,340252,True,"[2, 0, 0, 1]",25,lib/tests/core/pattern-alias.zy,trim_compact_driver
compact-driver,release,0,76035,4,1024,302044,True,"[2, 0, 0, 1]",25,lib/tests/core/pattern-alias.zy,baseline
compact-driver,release,0,79242,4,1024,328435,True,"[2, 0, 0, 1]",26,lib/tests/core/pattern-alias.zy,compact_driver
compact-driver,release,0,74607,4,1024,337722,True,"[2, 0, 0, 1]",26,lib/tests/core/pattern-alias.zy,trim_compact_driver
compact-driver,release,0,79468,4,1024,303367,True,"[2, 0, 0, 1]",26,lib/tests/core/pattern-alias.zy,baseline
compact-driver,release,0,83120,4,1024,331072,True,"[2, 0, 0, 1]",26,lib/tests/core/pattern-alias.zy,trim
compact-driver,release,0,69785,4,1024,324119,True,"[2, 0, 0, 1]",27,lib/tests/core/pattern-alias.zy,trim_compact_driver
compact-driver,release,0,73224,4,1024,299575,True,"[2, 0, 0, 1]",27,lib/tests/core/pattern-alias.zy,baseline
compact-driver,release,0,76293,4,1024,321089,True,"[2, 0, 0, 1]",27,lib/tests/core/pattern-alias.zy,trim
compact-driver,release,0,72792,4,1024,308771,True,"[2, 0, 0, 1]",27,lib/tests/core/pattern-alias.zy,compact_driver
compact-driver,release,0,75420,4,1024,297967,True,"[2, 0, 0, 1]",28,lib/tests/core/pattern-alias.zy,baseline
compact-driver,release,0,74710,4,1024,305492,True,"[2, 0, 0, 1]",28,lib/tests/core/pattern-alias.zy,trim
compact-driver,release,0,77830,4,1024,319368,True,"[2, 0, 0, 1]",28,lib/tests/core/pattern-alias.zy,compact_driver
compact-driver,release,0,71136,4,1024,338157,True,"[2, 0, 0, 1]",28,lib/tests/core/pattern-alias.zy,trim_compact_driver
compact-driver,release,0,77370,4,1024,315471,True,"[2, 0, 0, 1]",29,lib/tests/core/pattern-alias.zy,trim
compact-driver,release,0,76299,4,1024,314843,True,"[2, 0, 0, 1]",29,lib/tests/core/pattern-alias.zy,compact_driver
compact-driver,release,0,73617,4,1024,333156,True,"[2, 0, 0, 1]",29,lib/tests/core/pattern-alias.zy,trim_compact_driver
compact-driver,release,0,78979,4,1024,315282,True,"[2, 0, 0, 1]",29,lib/tests/core/pattern-alias.zy,baseline
compact-driver,release,0,78310,4,1024,322652,True,"[2, 0, 0, 1]",30,lib/tests/core/pattern-alias.zy,compact_driver
compact-driver,release,0,73568,4,1024,335775,True,"[2, 0, 0, 1]",30,lib/tests/core/pattern-alias.zy,trim_compact_driver
compact-driver,release,0,82535,4,1024,311176,True,"[2, 0, 0, 1]",30,lib/tests/core/pattern-alias.zy,baseline
compact-driver,release,0,80711,4,1024,326758,True,"[2, 0, 0, 1]",30,lib/tests/core/pattern-alias.zy,trim
compact-driver,release,0,86693,4,1024,333469,True,"[2, 0, 0, 1]",31,lib/tests/core/pattern-alias.zy,trim_compact_driver
compact-driver,release,0,75289,4,1024,293486,True,"[2, 0, 0, 1]",31,lib/tests/core/pattern-alias.zy,baseline
compact-driver,release,0,78581,4,1024,309381,True,"[2, 0, 0, 1]",31,lib/tests/core/pattern-alias.zy,trim
compact-driver,release,0,76901,4,1024,314706,True,"[2, 0, 0, 1]",31,lib/tests/core/pattern-alias.zy,compact_driver
compact-driver,release,0,659964,135,303,5152672,False,"[104, 26, 8, 0]",0,lib/tests/core/native-frames.zy,baseline
compact-driver,release,0,608205,135,303,5039625,False,"[104, 26, 8, 0]",0,lib/tests/core/native-frames.zy,trim
compact-driver,release,0,642590,135,303,5283332,False,"[104, 26, 8, 0]",0,lib/tests/core/native-frames.zy,compact_driver
compact-driver,release,0,643082,135,303,5197961,False,"[104, 26, 8, 0]",0,lib/tests/core/native-frames.zy,trim_compact_driver
compact-driver,release,0,642964,135,303,5286456,False,"[104, 26, 8, 0]",1,lib/tests/core/native-frames.zy,trim
compact-driver,release,0,615242,135,303,5467207,False,"[104, 26, 8, 0]",1,lib/tests/core/native-frames.zy,compact_driver
compact-driver,release,0,690756,135,303,5352954,False,"[104, 26, 8, 0]",1,lib/tests/core/native-frames.zy,trim_compact_driver
compact-driver,release,0,638085,135,303,5207718,False,"[104, 26, 8, 0]",1,lib/tests/core/native-frames.zy,baseline
compact-driver,release,0,649917,135,303,5380545,False,"[104, 26, 8, 0]",2,lib/tests/core/native-frames.zy,compact_driver
compact-driver,release,0,648885,135,303,5230837,False,"[104, 26, 8, 0]",2,lib/tests/core/native-frames.zy,trim_compact_driver
compact-driver,release,0,607583,135,303,5204541,False,"[104, 26, 8, 0]",2,lib/tests/core/native-frames.zy,baseline
compact-driver,release,0,614671,135,303,5170775,False,"[104, 26, 8, 0]",2,lib/tests/core/native-frames.zy,trim
compact-driver,release,0,663677,135,303,5319489,False,"[104, 26, 8, 0]",3,lib/tests/core/native-frames.zy,trim_compact_driver
compact-driver,release,0,628084,135,303,5146000,False,"[104, 26, 8, 0]",3,lib/tests/core/native-frames.zy,baseline
compact-driver,release,0,629381,135,303,5036828,False,"[104, 26, 8, 0]",3,lib/tests/core/native-frames.zy,trim
compact-driver,release,0,638865,135,303,5362086,False,"[104, 26, 8, 0]",3,lib/tests/core/native-frames.zy,compact_driver
compact-driver,release,0,627385,135,303,5158076,False,"[104, 26, 8, 0]",4,lib/tests/core/native-frames.zy,baseline
compact-driver,release,0,596652,135,303,5033804,False,"[104, 26, 8, 0]",4,lib/tests/core/native-frames.zy,trim
compact-driver,release,0,622829,135,303,5445292,False,"[104, 26, 8, 0]",4,lib/tests/core/native-frames.zy,compact_driver
compact-driver,release,0,651674,135,303,5245828,False,"[104, 26, 8, 0]",4,lib/tests/core/native-frames.zy,trim_compact_driver
compact-driver,release,0,653705,135,303,5089243,False,"[104, 26, 8, 0]",5,lib/tests/core/native-frames.zy,trim
compact-driver,release,0,601136,135,303,5284324,False,"[104, 26, 8, 0]",5,lib/tests/core/native-frames.zy,compact_driver
compact-driver,release,0,617755,135,303,5144864,False,"[104, 26, 8, 0]",5,lib/tests/core/native-frames.zy,trim_compact_driver
compact-driver,release,0,640579,135,303,5202083,False,"[104, 26, 8, 0]",5,lib/tests/core/native-frames.zy,baseline
compact-driver,release,0,616380,135,303,5341125,False,"[104, 26, 8, 0]",6,lib/tests/core/native-frames.zy,compact_driver
compact-driver,release,0,594956,135,303,5096541,False,"[104, 26, 8, 0]",6,lib/tests/core/native-frames.zy,trim_compact_driver
compact-driver,release,0,624825,135,303,5154832,False,"[104, 26, 8, 0]",6,lib/tests/core/native-frames.zy,baseline
compact-driver,release,0,626509,135,303,5062127,False,"[104, 26, 8, 0]",6,lib/tests/core/native-frames.zy,trim
compact-driver,release,0,617085,135,303,5388963,False,"[104, 26, 8, 0]",7,lib/tests/core/native-frames.zy,trim_compact_driver
compact-driver,release,0,646331,135,303,5481125,False,"[104, 26, 8, 0]",7,lib/tests/core/native-frames.zy,baseline
compact-driver,release,0,606592,135,303,5107707,False,"[104, 26, 8, 0]",7,lib/tests/core/native-frames.zy,trim
compact-driver,release,0,632043,135,303,5436626,False,"[104, 26, 8, 0]",7,lib/tests/core/native-frames.zy,compact_driver
compact-driver,release,0,636285,135,303,5295334,False,"[104, 26, 8, 0]",8,lib/tests/core/native-frames.zy,baseline
compact-driver,release,0,627301,135,303,5164456,False,"[104, 26, 8, 0]",8,lib/tests/core/native-frames.zy,trim
compact-driver,release,0,642664,135,303,5524998,False,"[104, 26, 8, 0]",8,lib/tests/core/native-frames.zy,compact_driver
compact-driver,release,0,638877,135,303,5379239,False,"[104, 26, 8, 0]",8,lib/tests/core/native-frames.zy,trim_compact_driver
compact-driver,release,0,661496,135,303,5263335,False,"[104, 26, 8, 0]",9,lib/tests/core/native-frames.zy,trim
compact-driver,release,0,654505,135,303,5470451,False,"[104, 26, 8, 0]",9,lib/tests/core/native-frames.zy,compact_driver
compact-driver,release,0,608376,135,303,5252753,False,"[104, 26, 8, 0]",9,lib/tests/core/native-frames.zy,trim_compact_driver
compact-driver,release,0,625326,135,303,5340587,False,"[104, 26, 8, 0]",9,lib/tests/core/native-frames.zy,baseline
compact-driver,release,0,643838,135,303,5488245,False,"[104, 26, 8, 0]",10,lib/tests/core/native-frames.zy,compact_driver
compact-driver,release,0,607037,135,303,5247714,False,"[104, 26, 8, 0]",10,lib/tests/core/native-frames.zy,trim_compact_driver
compact-driver,release,0,604917,135,303,5301259,False,"[104, 26, 8, 0]",10,lib/tests/core/native-frames.zy,baseline
compact-driver,release,0,629539,135,303,5056248,False,"[104, 26, 8, 0]",10,lib/tests/core/native-frames.zy,trim
compact-driver,release,0,617500,135,303,5221173,False,"[104, 26, 8, 0]",11,lib/tests/core/native-frames.zy,trim_compact_driver
compact-driver,release,0,604761,135,303,5178748,False,"[104, 26, 8, 0]",11,lib/tests/core/native-frames.zy,baseline
compact-driver,release,0,598505,135,303,4962041,False,"[104, 26, 8, 0]",11,lib/tests/core/native-frames.zy,trim
compact-driver,release,0,605992,135,303,5381624,False,"[104, 26, 8, 0]",11,lib/tests/core/native-frames.zy,compact_driver
compact-driver,release,0,609741,135,303,5203374,False,"[104, 26, 8, 0]",12,lib/tests/core/native-frames.zy,baseline
compact-driver,release,0,602164,135,303,5064003,False,"[104, 26, 8, 0]",12,lib/tests/core/native-frames.zy,trim
compact-driver,release,0,639125,135,303,5316950,False,"[104, 26, 8, 0]",12,lib/tests/core/native-frames.zy,compact_driver
compact-driver,release,0,670873,135,303,5240788,False,"[104, 26, 8, 0]",12,lib/tests/core/native-frames.zy,trim_compact_driver
compact-driver,release,0,605739,135,303,5203537,False,"[104, 26, 8, 0]",13,lib/tests/core/native-frames.zy,trim
compact-driver,release,0,599247,135,303,5375548,False,"[104, 26, 8, 0]",13,lib/tests/core/native-frames.zy,compact_driver
compact-driver,release,0,661278,135,303,5383629,False,"[104, 26, 8, 0]",13,lib/tests/core/native-frames.zy,trim_compact_driver
compact-driver,release,0,632710,135,303,5095924,False,"[104, 26, 8, 0]",13,lib/tests/core/native-frames.zy,baseline
compact-driver,release,0,653928,135,303,5377333,False,"[104, 26, 8, 0]",14,lib/tests/core/native-frames.zy,compact_driver
compact-driver,release,0,664541,135,303,5300830,False,"[104, 26, 8, 0]",14,lib/tests/core/native-frames.zy,trim_compact_driver
compact-driver,release,0,588178,135,303,5148334,False,"[104, 26, 8, 0]",14,lib/tests/core/native-frames.zy,baseline
compact-driver,release,0,606958,135,303,5149430,False,"[104, 26, 8, 0]",14,lib/tests/core/native-frames.zy,trim
compact-driver,release,0,608706,135,303,5204838,False,"[104, 26, 8, 0]",15,lib/tests/core/native-frames.zy,trim_compact_driver
compact-driver,release,0,614757,135,303,5119749,False,"[104, 26, 8, 0]",15,lib/tests/core/native-frames.zy,baseline
compact-driver,release,0,613519,135,303,5036306,False,"[104, 26, 8, 0]",15,lib/tests/core/native-frames.zy,trim
compact-driver,release,0,603458,135,303,5281824,False,"[104, 26, 8, 0]",15,lib/tests/core/native-frames.zy,compact_driver
compact-driver,release,0,609123,135,303,5172239,False,"[104, 26, 8, 0]",16,lib/tests/core/native-frames.zy,baseline
compact-driver,release,0,638743,135,303,5050669,False,"[104, 26, 8, 0]",16,lib/tests/core/native-frames.zy,trim
compact-driver,release,0,602883,135,303,5352330,False,"[104, 26, 8, 0]",16,lib/tests/core/native-frames.zy,compact_driver
compact-driver,release,0,592008,135,303,5177031,False,"[104, 26, 8, 0]",16,lib/tests/core/native-frames.zy,trim_compact_driver
compact-driver,release,0,612633,135,303,5018698,False,"[104, 26, 8, 0]",17,lib/tests/core/native-frames.zy,trim
compact-driver,release,0,598378,135,303,5264169,False,"[104, 26, 8, 0]",17,lib/tests/core/native-frames.zy,compact_driver
compact-driver,release,0,604716,135,303,5171246,False,"[104, 26, 8, 0]",17,lib/tests/core/native-frames.zy,trim_compact_driver
compact-driver,release,0,615159,135,303,5174374,False,"[104, 26, 8, 0]",17,lib/tests/core/native-frames.zy,baseline
compact-driver,release,0,610380,135,303,5320499,False,"[104, 26, 8, 0]",18,lib/tests/core/native-frames.zy,compact_driver
compact-driver,release,0,631577,135,303,5194419,False,"[104, 26, 8, 0]",18,lib/tests/core/native-frames.zy,trim_compact_driver
compact-driver,release,0,610458,135,303,5126299,False,"[104, 26, 8, 0]",18,lib/tests/core/native-frames.zy,baseline
compact-driver,release,0,595277,135,303,5023881,False,"[104, 26, 8, 0]",18,lib/tests/core/native-frames.zy,trim
compact-driver,release,0,604741,135,303,5184719,False,"[104, 26, 8, 0]",19,lib/tests/core/native-frames.zy,trim_compact_driver
compact-driver,release,0,639792,135,303,5418626,False,"[104, 26, 8, 0]",19,lib/tests/core/native-frames.zy,baseline
compact-driver,release,0,620280,135,303,5155253,False,"[104, 26, 8, 0]",19,lib/tests/core/native-frames.zy,trim
compact-driver,release,0,626510,135,303,5382581,False,"[104, 26, 8, 0]",19,lib/tests/core/native-frames.zy,compact_driver
compact-driver,release,0,610544,135,303,5220673,False,"[104, 26, 8, 0]",20,lib/tests/core/native-frames.zy,baseline
compact-driver,release,0,594706,135,303,5057959,False,"[104, 26, 8, 0]",20,lib/tests/core/native-frames.zy,trim
compact-driver,release,0,634630,135,303,5461414,False,"[104, 26, 8, 0]",20,lib/tests/core/native-frames.zy,compact_driver
compact-driver,release,0,623952,135,303,5282002,False,"[104, 26, 8, 0]",20,lib/tests/core/native-frames.zy,trim_compact_driver
compact-driver,release,0,633584,135,303,5107249,False,"[104, 26, 8, 0]",21,lib/tests/core/native-frames.zy,trim
compact-driver,release,0,610988,135,303,5370831,False,"[104, 26, 8, 0]",21,lib/tests/core/native-frames.zy,compact_driver
compact-driver,release,0,612377,135,303,5292168,False,"[104, 26, 8, 0]",21,lib/tests/core/native-frames.zy,trim_compact_driver
compact-driver,release,0,650709,135,303,5117877,False,"[104, 26, 8, 0]",21,lib/tests/core/native-frames.zy,baseline
compact-driver,release,0,602654,135,303,5333503,False,"[104, 26, 8, 0]",22,lib/tests/core/native-frames.zy,compact_driver
compact-driver,release,0,609459,135,303,5200621,False,"[104, 26, 8, 0]",22,lib/tests/core/native-frames.zy,trim_compact_driver
compact-driver,release,0,584160,135,303,5091327,False,"[104, 26, 8, 0]",22,lib/tests/core/native-frames.zy,baseline
compact-driver,release,0,581222,135,303,4964254,False,"[104, 26, 8, 0]",22,lib/tests/core/native-frames.zy,trim
compact-driver,release,0,597291,135,303,5168455,False,"[104, 26, 8, 0]",23,lib/tests/core/native-frames.zy,trim_compact_driver
compact-driver,release,0,611758,135,303,5208301,False,"[104, 26, 8, 0]",23,lib/tests/core/native-frames.zy,baseline
compact-driver,release,0,615451,135,303,5066512,False,"[104, 26, 8, 0]",23,lib/tests/core/native-frames.zy,trim
compact-driver,release,0,626332,135,303,5302629,False,"[104, 26, 8, 0]",23,lib/tests/core/native-frames.zy,compact_driver
compact-driver,release,0,611035,135,303,5157164,False,"[104, 26, 8, 0]",24,lib/tests/core/native-frames.zy,baseline
compact-driver,release,0,603304,135,303,5052328,False,"[104, 26, 8, 0]",24,lib/tests/core/native-frames.zy,trim
compact-driver,release,0,579552,135,303,5220784,False,"[104, 26, 8, 0]",24,lib/tests/core/native-frames.zy,compact_driver
compact-driver,release,0,592244,135,303,5153805,False,"[104, 26, 8, 0]",24,lib/tests/core/native-frames.zy,trim_compact_driver
compact-driver,release,0,604074,135,303,5111421,False,"[104, 26, 8, 0]",25,lib/tests/core/native-frames.zy,trim
compact-driver,release,0,620088,135,303,5631208,False,"[104, 26, 8, 0]",25,lib/tests/core/native-frames.zy,compact_driver
compact-driver,release,0,601995,135,303,5276838,False,"[104, 26, 8, 0]",25,lib/tests/core/native-frames.zy,trim_compact_driver
compact-driver,release,0,624284,135,303,5178873,False,"[104, 26, 8, 0]",25,lib/tests/core/native-frames.zy,baseline
compact-driver,release,0,646250,135,303,5506532,False,"[104, 26, 8, 0]",26,lib/tests/core/native-frames.zy,compact_driver
compact-driver,release,0,653864,135,303,5304342,False,"[104, 26, 8, 0]",26,lib/tests/core/native-frames.zy,trim_compact_driver
compact-driver,release,0,585221,135,303,5114300,False,"[104, 26, 8, 0]",26,lib/tests/core/native-frames.zy,baseline
compact-driver,release,0,635836,135,303,5052876,False,"[104, 26, 8, 0]",26,lib/tests/core/native-frames.zy,trim
compact-driver,release,0,623538,135,303,5247541,False,"[104, 26, 8, 0]",27,lib/tests/core/native-frames.zy,trim_compact_driver
compact-driver,release,0,602876,135,303,5084764,False,"[104, 26, 8, 0]",27,lib/tests/core/native-frames.zy,baseline
compact-driver,release,0,600962,135,303,5078796,False,"[104, 26, 8, 0]",27,lib/tests/core/native-frames.zy,trim
compact-driver,release,0,603657,135,303,5327918,False,"[104, 26, 8, 0]",27,lib/tests/core/native-frames.zy,compact_driver
compact-driver,release,0,605368,135,303,5185636,False,"[104, 26, 8, 0]",28,lib/tests/core/native-frames.zy,baseline
compact-driver,release,0,645113,135,303,5087078,False,"[104, 26, 8, 0]",28,lib/tests/core/native-frames.zy,trim
compact-driver,release,0,596286,135,303,5280413,False,"[104, 26, 8, 0]",28,lib/tests/core/native-frames.zy,compact_driver
compact-driver,release,0,602052,135,303,5137445,False,"[104, 26, 8, 0]",28,lib/tests/core/native-frames.zy,trim_compact_driver
compact-driver,release,0,622146,135,303,5092412,False,"[104, 26, 8, 0]",29,lib/tests/core/native-frames.zy,trim
compact-driver,release,0,612746,135,303,5271290,False,"[104, 26, 8, 0]",29,lib/tests/core/native-frames.zy,compact_driver
compact-driver,release,0,599333,135,303,5141042,False,"[104, 26, 8, 0]",29,lib/tests/core/native-frames.zy,trim_compact_driver
compact-driver,release,0,596377,135,303,5129163,False,"[104, 26, 8, 0]",29,lib/tests/core/native-frames.zy,baseline
compact-driver,release,0,594964,135,303,5317574,False,"[104, 26, 8, 0]",30,lib/tests/core/native-frames.zy,compact_driver
compact-driver,release,0,642910,135,303,5179715,False,"[104, 26, 8, 0]",30,lib/tests/core/native-frames.zy,trim_compact_driver
compact-driver,release,0,588376,135,303,5083711,False,"[104, 26, 8, 0]",30,lib/tests/core/native-frames.zy,baseline
compact-driver,release,0,588371,135,303,4986421,False,"[104, 26, 8, 0]",30,lib/tests/core/native-frames.zy,trim
compact-driver,release,0,606083,135,303,5188909,False,"[104, 26, 8, 0]",31,lib/tests/core/native-frames.zy,trim_compact_driver
compact-driver,release,0,613999,135,303,5282253,False,"[104, 26, 8, 0]",31,lib/tests/core/native-frames.zy,baseline
compact-driver,release,0,641760,135,303,5415083,False,"[104, 26, 8, 0]",31,lib/tests/core/native-frames.zy,trim
compact-driver,release,0,599583,135,303,5408136,False,"[104, 26, 8, 0]",31,lib/tests/core/native-frames.zy,compact_driver
compact-driver,release,0,594914,135,286,4549629,True,"[97, 25, 8, 9]",0,lib/tests/core/native-frames.zy,baseline
compact-driver,release,0,599956,135,286,4502221,True,"[97, 25, 8, 9]",0,lib/tests/core/native-frames.zy,trim
compact-driver,release,0,627675,135,286,4773245,True,"[97, 25, 8, 9]",0,lib/tests/core/native-frames.zy,compact_driver
compact-driver,release,0,582503,135,286,4657457,True,"[97, 25, 8, 9]",0,lib/tests/core/native-frames.zy,trim_compact_driver
compact-driver,release,0,553538,135,286,4519474,True,"[97, 25, 8, 9]",1,lib/tests/core/native-frames.zy,trim
compact-driver,release,0,586206,135,286,4641585,True,"[97, 25, 8, 9]",1,lib/tests/core/native-frames.zy,compact_driver
compact-driver,release,0,565467,135,286,4623254,True,"[97, 25, 8, 9]",1,lib/tests/core/native-frames.zy,trim_compact_driver
compact-driver,release,0,551379,135,286,4471166,True,"[97, 25, 8, 9]",1,lib/tests/core/native-frames.zy,baseline
compact-driver,release,0,560958,135,286,4609332,True,"[97, 25, 8, 9]",2,lib/tests/core/native-frames.zy,compact_driver
compact-driver,release,0,608669,135,286,4663046,True,"[97, 25, 8, 9]",2,lib/tests/core/native-frames.zy,trim_compact_driver
compact-driver,release,0,561737,135,286,4397836,True,"[97, 25, 8, 9]",2,lib/tests/core/native-frames.zy,baseline
compact-driver,release,0,546577,135,286,4516299,True,"[97, 25, 8, 9]",2,lib/tests/core/native-frames.zy,trim
compact-driver,release,0,548700,135,286,4590955,True,"[97, 25, 8, 9]",3,lib/tests/core/native-frames.zy,trim_compact_driver
compact-driver,release,0,575886,135,286,4612655,True,"[97, 25, 8, 9]",3,lib/tests/core/native-frames.zy,baseline
compact-driver,release,0,544542,135,286,4479967,True,"[97, 25, 8, 9]",3,lib/tests/core/native-frames.zy,trim
compact-driver,release,0,549377,135,286,4649627,True,"[97, 25, 8, 9]",3,lib/tests/core/native-frames.zy,compact_driver
compact-driver,release,0,541667,135,286,4413168,True,"[97, 25, 8, 9]",4,lib/tests/core/native-frames.zy,baseline
compact-driver,release,0,558997,135,286,4535420,True,"[97, 25, 8, 9]",4,lib/tests/core/native-frames.zy,trim
compact-driver,release,0,556428,135,286,4667877,True,"[97, 25, 8, 9]",4,lib/tests/core/native-frames.zy,compact_driver
compact-driver,release,0,534826,135,286,4521015,True,"[97, 25, 8, 9]",4,lib/tests/core/native-frames.zy,trim_compact_driver
compact-driver,release,0,545664,135,286,4539789,True,"[97, 25, 8, 9]",5,lib/tests/core/native-frames.zy,trim
compact-driver,release,0,561491,135,286,4802072,True,"[97, 25, 8, 9]",5,lib/tests/core/native-frames.zy,compact_driver
compact-driver,release,0,556992,135,286,4511379,True,"[97, 25, 8, 9]",5,lib/tests/core/native-frames.zy,trim_compact_driver
compact-driver,release,0,553076,135,286,4636792,True,"[97, 25, 8, 9]",5,lib/tests/core/native-frames.zy,baseline
compact-driver,release,0,551790,135,286,4812879,True,"[97, 25, 8, 9]",6,lib/tests/core/native-frames.zy,compact_driver
compact-driver,release,0,547073,135,286,4571385,True,"[97, 25, 8, 9]",6,lib/tests/core/native-frames.zy,trim_compact_driver
compact-driver,release,0,567294,135,286,4553801,True,"[97, 25, 8, 9]",6,lib/tests/core/native-frames.zy,baseline
compact-driver,release,0,556385,135,286,4485666,True,"[97, 25, 8, 9]",6,lib/tests/core/native-frames.zy,trim
compact-driver,release,0,581533,135,286,4701380,True,"[97, 25, 8, 9]",7,lib/tests/core/native-frames.zy,trim_compact_driver
compact-driver,release,0,567432,135,286,4537538,True,"[97, 25, 8, 9]",7,lib/tests/core/native-frames.zy,baseline
compact-driver,release,0,568041,135,286,4534248,True,"[97, 25, 8, 9]",7,lib/tests/core/native-frames.zy,trim
compact-driver,release,0,564087,135,286,4699759,True,"[97, 25, 8, 9]",7,lib/tests/core/native-frames.zy,compact_driver
compact-driver,release,0,561629,135,286,4601961,True,"[97, 25, 8, 9]",8,lib/tests/core/native-frames.zy,baseline
compact-driver,release,0,549961,135,286,4435535,True,"[97, 25, 8, 9]",8,lib/tests/core/native-frames.zy,trim
compact-driver,release,0,546628,135,286,4640338,True,"[97, 25, 8, 9]",8,lib/tests/core/native-frames.zy,compact_driver
compact-driver,release,0,545871,135,286,4632202,True,"[97, 25, 8, 9]",8,lib/tests/core/native-frames.zy,trim_compact_driver
compact-driver,release,0,556001,135,286,4442622,True,"[97, 25, 8, 9]",9,lib/tests/core/native-frames.zy,trim
compact-driver,release,0,553007,135,286,4643493,True,"[97, 25, 8, 9]",9,lib/tests/core/native-frames.zy,compact_driver
compact-driver,release,0,554833,135,286,4658085,True,"[97, 25, 8, 9]",9,lib/tests/core/native-frames.zy,trim_compact_driver
compact-driver,release,0,552461,135,286,4432158,True,"[97, 25, 8, 9]",9,lib/tests/core/native-frames.zy,baseline
compact-driver,release,0,558911,135,286,4614920,True,"[97, 25, 8, 9]",10,lib/tests/core/native-frames.zy,compact_driver
compact-driver,release,0,529574,135,286,4541389,True,"[97, 25, 8, 9]",10,lib/tests/core/native-frames.zy,trim_compact_driver
compact-driver,release,0,527411,135,286,4406255,True,"[97, 25, 8, 9]",10,lib/tests/core/native-frames.zy,baseline
compact-driver,release,0,546671,135,286,4522996,True,"[97, 25, 8, 9]",10,lib/tests/core/native-frames.zy,trim
compact-driver,release,0,554751,135,286,4630218,True,"[97, 25, 8, 9]",11,lib/tests/core/native-frames.zy,trim_compact_driver
compact-driver,release,0,559923,135,286,4462332,True,"[97, 25, 8, 9]",11,lib/tests/core/native-frames.zy,baseline
compact-driver,release,0,551128,135,286,4510627,True,"[97, 25, 8, 9]",11,lib/tests/core/native-frames.zy,trim
compact-driver,release,0,543964,135,286,4620910,True,"[97, 25, 8, 9]",11,lib/tests/core/native-frames.zy,compact_driver
compact-driver,release,0,554244,135,286,4492875,True,"[97, 25, 8, 9]",12,lib/tests/core/native-frames.zy,baseline
compact-driver,release,0,543659,135,286,4502464,True,"[97, 25, 8, 9]",12,lib/tests/core/native-frames.zy,trim
compact-driver,release,0,549799,135,286,4737415,True,"[97, 25, 8, 9]",12,lib/tests/core/native-frames.zy,compact_driver
compact-driver,release,0,559500,135,286,4749751,True,"[97, 25, 8, 9]",12,lib/tests/core/native-frames.zy,trim_compact_driver
compact-driver,release,0,543409,135,286,4520500,True,"[97, 25, 8, 9]",13,lib/tests/core/native-frames.zy,trim
compact-driver,release,0,547671,135,286,4688463,True,"[97, 25, 8, 9]",13,lib/tests/core/native-frames.zy,compact_driver
compact-driver,release,0,593373,135,286,4666150,True,"[97, 25, 8, 9]",13,lib/tests/core/native-frames.zy,trim_compact_driver
compact-driver,release,0,564571,135,286,4619544,True,"[97, 25, 8, 9]",13,lib/tests/core/native-frames.zy,baseline
compact-driver,release,0,565869,135,286,4677125,True,"[97, 25, 8, 9]",14,lib/tests/core/native-frames.zy,compact_driver
compact-driver,release,0,551531,135,286,4538534,True,"[97, 25, 8, 9]",14,lib/tests/core/native-frames.zy,trim_compact_driver
compact-driver,release,0,569545,135,286,4497508,True,"[97, 25, 8, 9]",14,lib/tests/core/native-frames.zy,baseline
compact-driver,release,0,565619,135,286,4600845,True,"[97, 25, 8, 9]",14,lib/tests/core/native-frames.zy,trim
compact-driver,release,0,535414,135,286,4533126,True,"[97, 25, 8, 9]",15,lib/tests/core/native-frames.zy,trim_compact_driver
compact-driver,release,0,543676,135,286,4490464,True,"[97, 25, 8, 9]",15,lib/tests/core/native-frames.zy,baseline
compact-driver,release,0,542089,135,286,4505787,True,"[97, 25, 8, 9]",15,lib/tests/core/native-frames.zy,trim
compact-driver,release,0,549958,135,286,4583972,True,"[97, 25, 8, 9]",15,lib/tests/core/native-frames.zy,compact_driver
compact-driver,release,0,556822,135,286,4558991,True,"[97, 25, 8, 9]",16,lib/tests/core/native-frames.zy,baseline
compact-driver,release,0,540542,135,286,4376336,True,"[97, 25, 8, 9]",16,lib/tests/core/native-frames.zy,trim
compact-driver,release,0,541673,135,286,4539666,True,"[97, 25, 8, 9]",16,lib/tests/core/native-frames.zy,compact_driver
compact-driver,release,0,561175,135,286,4663385,True,"[97, 25, 8, 9]",16,lib/tests/core/native-frames.zy,trim_compact_driver
compact-driver,release,0,553413,135,286,4599669,True,"[97, 25, 8, 9]",17,lib/tests/core/native-frames.zy,trim
compact-driver,release,0,538338,135,286,4665997,True,"[97, 25, 8, 9]",17,lib/tests/core/native-frames.zy,compact_driver
compact-driver,release,0,552040,135,286,4653159,True,"[97, 25, 8, 9]",17,lib/tests/core/native-frames.zy,trim_compact_driver
compact-driver,release,0,530749,135,286,4423376,True,"[97, 25, 8, 9]",17,lib/tests/core/native-frames.zy,baseline
compact-driver,release,0,536709,135,286,4575424,True,"[97, 25, 8, 9]",18,lib/tests/core/native-frames.zy,compact_driver
compact-driver,release,0,547301,135,286,4643662,True,"[97, 25, 8, 9]",18,lib/tests/core/native-frames.zy,trim_compact_driver
compact-driver,release,0,551288,135,286,4441659,True,"[97, 25, 8, 9]",18,lib/tests/core/native-frames.zy,baseline
compact-driver,release,0,582338,135,286,4455885,True,"[97, 25, 8, 9]",18,lib/tests/core/native-frames.zy,trim
compact-driver,release,0,572702,135,286,4575873,True,"[97, 25, 8, 9]",19,lib/tests/core/native-frames.zy,trim_compact_driver
compact-driver,release,0,557784,135,286,4643876,True,"[97, 25, 8, 9]",19,lib/tests/core/native-frames.zy,baseline
compact-driver,release,0,686218,135,286,4880880,True,"[97, 25, 8, 9]",19,lib/tests/core/native-frames.zy,trim
compact-driver,release,0,545705,135,286,4640872,True,"[97, 25, 8, 9]",19,lib/tests/core/native-frames.zy,compact_driver
compact-driver,release,0,553628,135,286,4520121,True,"[97, 25, 8, 9]",20,lib/tests/core/native-frames.zy,baseline
compact-driver,release,0,545865,135,286,4459839,True,"[97, 25, 8, 9]",20,lib/tests/core/native-frames.zy,trim
compact-driver,release,0,543147,135,286,4638006,True,"[97, 25, 8, 9]",20,lib/tests/core/native-frames.zy,compact_driver
compact-driver,release,0,548508,135,286,4666078,True,"[97, 25, 8, 9]",20,lib/tests/core/native-frames.zy,trim_compact_driver
compact-driver,release,0,583965,135,286,4520764,True,"[97, 25, 8, 9]",21,lib/tests/core/native-frames.zy,trim
compact-driver,release,0,571998,135,286,4694213,True,"[97, 25, 8, 9]",21,lib/tests/core/native-frames.zy,compact_driver
compact-driver,release,0,541632,135,286,4502786,True,"[97, 25, 8, 9]",21,lib/tests/core/native-frames.zy,trim_compact_driver
compact-driver,release,0,564707,135,286,4480410,True,"[97, 25, 8, 9]",21,lib/tests/core/native-frames.zy,baseline
compact-driver,release,0,578452,135,286,4694127,True,"[97, 25, 8, 9]",22,lib/tests/core/native-frames.zy,compact_driver
compact-driver,release,0,558501,135,286,4637789,True,"[97, 25, 8, 9]",22,lib/tests/core/native-frames.zy,trim_compact_driver
compact-driver,release,0,540504,135,286,4495915,True,"[97, 25, 8, 9]",22,lib/tests/core/native-frames.zy,baseline
compact-driver,release,0,540788,135,286,4513333,True,"[97, 25, 8, 9]",22,lib/tests/core/native-frames.zy,trim
compact-driver,release,0,548872,135,286,4558291,True,"[97, 25, 8, 9]",23,lib/tests/core/native-frames.zy,trim_compact_driver
compact-driver,release,0,564584,135,286,4564081,True,"[97, 25, 8, 9]",23,lib/tests/core/native-frames.zy,baseline
compact-driver,release,0,558787,135,286,4515386,True,"[97, 25, 8, 9]",23,lib/tests/core/native-frames.zy,trim
compact-driver,release,0,540925,135,286,4562203,True,"[97, 25, 8, 9]",23,lib/tests/core/native-frames.zy,compact_driver
compact-driver,release,0,538292,135,286,4475120,True,"[97, 25, 8, 9]",24,lib/tests/core/native-frames.zy,baseline
compact-driver,release,0,541503,135,286,4537667,True,"[97, 25, 8, 9]",24,lib/tests/core/native-frames.zy,trim
compact-driver,release,0,545003,135,286,4644198,True,"[97, 25, 8, 9]",24,lib/tests/core/native-frames.zy,compact_driver
compact-driver,release,0,560337,135,286,4643747,True,"[97, 25, 8, 9]",24,lib/tests/core/native-frames.zy,trim_compact_driver
compact-driver,release,0,573039,135,286,4520948,True,"[97, 25, 8, 9]",25,lib/tests/core/native-frames.zy,trim
compact-driver,release,0,534095,135,286,4581580,True,"[97, 25, 8, 9]",25,lib/tests/core/native-frames.zy,compact_driver
compact-driver,release,0,552960,135,286,4560540,True,"[97, 25, 8, 9]",25,lib/tests/core/native-frames.zy,trim_compact_driver
compact-driver,release,0,543916,135,286,4468289,True,"[97, 25, 8, 9]",25,lib/tests/core/native-frames.zy,baseline
compact-driver,release,0,565619,135,286,4767586,True,"[97, 25, 8, 9]",26,lib/tests/core/native-frames.zy,compact_driver
compact-driver,release,0,571290,135,286,4752130,True,"[97, 25, 8, 9]",26,lib/tests/core/native-frames.zy,trim_compact_driver
compact-driver,release,0,576128,135,286,4576915,True,"[97, 25, 8, 9]",26,lib/tests/core/native-frames.zy,baseline
compact-driver,release,0,558739,135,286,4546913,True,"[97, 25, 8, 9]",26,lib/tests/core/native-frames.zy,trim
compact-driver,release,0,585254,135,286,4715131,True,"[97, 25, 8, 9]",27,lib/tests/core/native-frames.zy,trim_compact_driver
compact-driver,release,0,546167,135,286,4548300,True,"[97, 25, 8, 9]",27,lib/tests/core/native-frames.zy,baseline
compact-driver,release,0,571788,135,286,4518343,True,"[97, 25, 8, 9]",27,lib/tests/core/native-frames.zy,trim
compact-driver,release,0,554178,135,286,4753000,True,"[97, 25, 8, 9]",27,lib/tests/core/native-frames.zy,compact_driver
compact-driver,release,0,558879,135,286,4644931,True,"[97, 25, 8, 9]",28,lib/tests/core/native-frames.zy,baseline
compact-driver,release,0,549413,135,286,4567279,True,"[97, 25, 8, 9]",28,lib/tests/core/native-frames.zy,trim
compact-driver,release,0,555463,135,286,4668875,True,"[97, 25, 8, 9]",28,lib/tests/core/native-frames.zy,compact_driver
compact-driver,release,0,537164,135,286,4449373,True,"[97, 25, 8, 9]",28,lib/tests/core/native-frames.zy,trim_compact_driver
compact-driver,release,0,549921,135,286,4454656,True,"[97, 25, 8, 9]",29,lib/tests/core/native-frames.zy,trim
compact-driver,release,0,569410,135,286,4692085,True,"[97, 25, 8, 9]",29,lib/tests/core/native-frames.zy,compact_driver
compact-driver,release,0,582954,135,286,4655039,True,"[97, 25, 8, 9]",29,lib/tests/core/native-frames.zy,trim_compact_driver
compact-driver,release,0,561080,135,286,4533576,True,"[97, 25, 8, 9]",29,lib/tests/core/native-frames.zy,baseline
compact-driver,release,0,558173,135,286,4661909,True,"[97, 25, 8, 9]",30,lib/tests/core/native-frames.zy,compact_driver
compact-driver,release,0,536285,135,286,4526787,True,"[97, 25, 8, 9]",30,lib/tests/core/native-frames.zy,trim_compact_driver
compact-driver,release,0,547096,135,286,4488340,True,"[97, 25, 8, 9]",30,lib/tests/core/native-frames.zy,baseline
compact-driver,release,0,546826,135,286,4409219,True,"[97, 25, 8, 9]",30,lib/tests/core/native-frames.zy,trim
compact-driver,release,0,555205,135,286,4540253,True,"[97, 25, 8, 9]",31,lib/tests/core/native-frames.zy,trim_compact_driver
compact-driver,release,0,568923,135,286,4494209,True,"[97, 25, 8, 9]",31,lib/tests/core/native-frames.zy,baseline
compact-driver,release,0,555537,135,286,4575950,True,"[97, 25, 8, 9]",31,lib/tests/core/native-frames.zy,trim
compact-driver,release,0,531205,135,286,4571163,True,"[97, 25, 8, 9]",31,lib/tests/core/native-frames.zy,compact_driver
compact-driver,release,0,632200,131,306,5022005,False,"[93, 26, 7, 0]",0,lib/tests/builtin/host-return.zy,baseline
compact-driver,release,0,628467,131,306,5168907,False,"[93, 26, 7, 0]",0,lib/tests/builtin/host-return.zy,trim
compact-driver,release,0,648296,131,306,5202337,False,"[93, 26, 7, 0]",0,lib/tests/builtin/host-return.zy,compact_driver
compact-driver,release,0,635375,131,306,5154220,False,"[93, 26, 7, 0]",0,lib/tests/builtin/host-return.zy,trim_compact_driver
compact-driver,release,0,656547,131,306,5047828,False,"[93, 26, 7, 0]",1,lib/tests/builtin/host-return.zy,trim
compact-driver,release,0,663493,131,306,5484381,False,"[93, 26, 7, 0]",1,lib/tests/builtin/host-return.zy,compact_driver
compact-driver,release,0,635747,131,306,5121257,False,"[93, 26, 7, 0]",1,lib/tests/builtin/host-return.zy,trim_compact_driver
compact-driver,release,0,646999,131,306,5040044,False,"[93, 26, 7, 0]",1,lib/tests/builtin/host-return.zy,baseline
compact-driver,release,0,624794,131,306,5172256,False,"[93, 26, 7, 0]",2,lib/tests/builtin/host-return.zy,compact_driver
compact-driver,release,0,600085,131,306,5040573,False,"[93, 26, 7, 0]",2,lib/tests/builtin/host-return.zy,trim_compact_driver
compact-driver,release,0,608880,131,306,5021545,False,"[93, 26, 7, 0]",2,lib/tests/builtin/host-return.zy,baseline
compact-driver,release,0,615551,131,306,5024836,False,"[93, 26, 7, 0]",2,lib/tests/builtin/host-return.zy,trim
compact-driver,release,0,603461,131,306,5069036,False,"[93, 26, 7, 0]",3,lib/tests/builtin/host-return.zy,trim_compact_driver
compact-driver,release,0,624967,131,306,5055248,False,"[93, 26, 7, 0]",3,lib/tests/builtin/host-return.zy,baseline
compact-driver,release,0,636162,131,306,5065025,False,"[93, 26, 7, 0]",3,lib/tests/builtin/host-return.zy,trim
compact-driver,release,0,597660,131,306,5133452,False,"[93, 26, 7, 0]",3,lib/tests/builtin/host-return.zy,compact_driver
compact-driver,release,0,592999,131,306,5011382,False,"[93, 26, 7, 0]",4,lib/tests/builtin/host-return.zy,baseline
compact-driver,release,0,594336,131,306,4909881,False,"[93, 26, 7, 0]",4,lib/tests/builtin/host-return.zy,trim
compact-driver,release,0,598581,131,306,5222876,False,"[93, 26, 7, 0]",4,lib/tests/builtin/host-return.zy,compact_driver
compact-driver,release,0,592839,131,306,5002119,False,"[93, 26, 7, 0]",4,lib/tests/builtin/host-return.zy,trim_compact_driver
compact-driver,release,0,601774,131,306,4977712,False,"[93, 26, 7, 0]",5,lib/tests/builtin/host-return.zy,trim
compact-driver,release,0,623300,131,306,5222548,False,"[93, 26, 7, 0]",5,lib/tests/builtin/host-return.zy,compact_driver
compact-driver,release,0,607420,131,306,5100995,False,"[93, 26, 7, 0]",5,lib/tests/builtin/host-return.zy,trim_compact_driver
compact-driver,release,0,605918,131,306,4988539,False,"[93, 26, 7, 0]",5,lib/tests/builtin/host-return.zy,baseline
compact-driver,release,0,619919,131,306,5238619,False,"[93, 26, 7, 0]",6,lib/tests/builtin/host-return.zy,compact_driver
compact-driver,release,0,585334,131,306,5028172,False,"[93, 26, 7, 0]",6,lib/tests/builtin/host-return.zy,trim_compact_driver
compact-driver,release,0,617365,131,306,5188950,False,"[93, 26, 7, 0]",6,lib/tests/builtin/host-return.zy,baseline
compact-driver,release,0,630059,131,306,5019238,False,"[93, 26, 7, 0]",6,lib/tests/builtin/host-return.zy,trim
compact-driver,release,0,645340,131,306,5223069,False,"[93, 26, 7, 0]",7,lib/tests/builtin/host-return.zy,trim_compact_driver
compact-driver,release,0,603633,131,306,5040749,False,"[93, 26, 7, 0]",7,lib/tests/builtin/host-return.zy,baseline
compact-driver,release,0,625157,131,306,5078257,False,"[93, 26, 7, 0]",7,lib/tests/builtin/host-return.zy,trim
compact-driver,release,0,632785,131,306,5295668,False,"[93, 26, 7, 0]",7,lib/tests/builtin/host-return.zy,compact_driver
compact-driver,release,0,603875,131,306,5032204,False,"[93, 26, 7, 0]",8,lib/tests/builtin/host-return.zy,baseline
compact-driver,release,0,634672,131,306,4963000,False,"[93, 26, 7, 0]",8,lib/tests/builtin/host-return.zy,trim
compact-driver,release,0,633496,131,306,5212166,False,"[93, 26, 7, 0]",8,lib/tests/builtin/host-return.zy,compact_driver
compact-driver,release,0,594625,131,306,5122667,False,"[93, 26, 7, 0]",8,lib/tests/builtin/host-return.zy,trim_compact_driver
compact-driver,release,0,598995,131,306,4994959,False,"[93, 26, 7, 0]",9,lib/tests/builtin/host-return.zy,trim
compact-driver,release,0,620535,131,306,5206919,False,"[93, 26, 7, 0]",9,lib/tests/builtin/host-return.zy,compact_driver
compact-driver,release,0,608782,131,306,5165716,False,"[93, 26, 7, 0]",9,lib/tests/builtin/host-return.zy,trim_compact_driver
compact-driver,release,0,587588,131,306,4981293,False,"[93, 26, 7, 0]",9,lib/tests/builtin/host-return.zy,baseline
compact-driver,release,0,615920,131,306,5134711,False,"[93, 26, 7, 0]",10,lib/tests/builtin/host-return.zy,compact_driver
compact-driver,release,0,615082,131,306,5131675,False,"[93, 26, 7, 0]",10,lib/tests/builtin/host-return.zy,trim_compact_driver
compact-driver,release,0,649796,131,306,5098499,False,"[93, 26, 7, 0]",10,lib/tests/builtin/host-return.zy,baseline
compact-driver,release,0,601120,131,306,4902712,False,"[93, 26, 7, 0]",10,lib/tests/builtin/host-return.zy,trim
compact-driver,release,0,589588,131,306,5083299,False,"[93, 26, 7, 0]",11,lib/tests/builtin/host-return.zy,trim_compact_driver
compact-driver,release,0,596709,131,306,5027326,False,"[93, 26, 7, 0]",11,lib/tests/builtin/host-return.zy,baseline
compact-driver,release,0,594079,131,306,4947340,False,"[93, 26, 7, 0]",11,lib/tests/builtin/host-return.zy,trim
compact-driver,release,0,591786,131,306,5154179,False,"[93, 26, 7, 0]",11,lib/tests/builtin/host-return.zy,compact_driver
compact-driver,release,0,611589,131,306,5056266,False,"[93, 26, 7, 0]",12,lib/tests/builtin/host-return.zy,baseline
compact-driver,release,0,596870,131,306,4963417,False,"[93, 26, 7, 0]",12,lib/tests/builtin/host-return.zy,trim
compact-driver,release,0,619043,131,306,5175379,False,"[93, 26, 7, 0]",12,lib/tests/builtin/host-return.zy,compact_driver
compact-driver,release,0,626298,131,306,5195085,False,"[93, 26, 7, 0]",12,lib/tests/builtin/host-return.zy,trim_compact_driver
compact-driver,release,0,634043,131,306,5207875,False,"[93, 26, 7, 0]",13,lib/tests/builtin/host-return.zy,trim
compact-driver,release,0,627205,131,306,5215077,False,"[93, 26, 7, 0]",13,lib/tests/builtin/host-return.zy,compact_driver
compact-driver,release,0,596757,131,306,5099754,False,"[93, 26, 7, 0]",13,lib/tests/builtin/host-return.zy,trim_compact_driver
compact-driver,release,0,592168,131,306,5002544,False,"[93, 26, 7, 0]",13,lib/tests/builtin/host-return.zy,baseline
compact-driver,release,0,613162,131,306,5261344,False,"[93, 26, 7, 0]",14,lib/tests/builtin/host-return.zy,compact_driver
compact-driver,release,0,636291,131,306,5049842,False,"[93, 26, 7, 0]",14,lib/tests/builtin/host-return.zy,trim_compact_driver
compact-driver,release,0,613253,131,306,5104043,False,"[93, 26, 7, 0]",14,lib/tests/builtin/host-return.zy,baseline
compact-driver,release,0,597006,131,306,5050216,False,"[93, 26, 7, 0]",14,lib/tests/builtin/host-return.zy,trim
compact-driver,release,0,595247,131,306,5164795,False,"[93, 26, 7, 0]",15,lib/tests/builtin/host-return.zy,trim_compact_driver
compact-driver,release,0,596714,131,306,5015544,False,"[93, 26, 7, 0]",15,lib/tests/builtin/host-return.zy,baseline
compact-driver,release,0,627505,131,306,4995329,False,"[93, 26, 7, 0]",15,lib/tests/builtin/host-return.zy,trim
compact-driver,release,0,621542,131,306,5173918,False,"[93, 26, 7, 0]",15,lib/tests/builtin/host-return.zy,compact_driver
compact-driver,release,0,599125,131,306,4991386,False,"[93, 26, 7, 0]",16,lib/tests/builtin/host-return.zy,baseline
compact-driver,release,0,614168,131,306,5101874,False,"[93, 26, 7, 0]",16,lib/tests/builtin/host-return.zy,trim
compact-driver,release,0,626789,131,306,5340920,False,"[93, 26, 7, 0]",16,lib/tests/builtin/host-return.zy,compact_driver
compact-driver,release,0,621207,131,306,5291919,False,"[93, 26, 7, 0]",16,lib/tests/builtin/host-return.zy,trim_compact_driver
compact-driver,release,0,595866,131,306,4950311,False,"[93, 26, 7, 0]",17,lib/tests/builtin/host-return.zy,trim
compact-driver,release,0,604789,131,306,5146789,False,"[93, 26, 7, 0]",17,lib/tests/builtin/host-return.zy,compact_driver
compact-driver,release,0,603287,131,306,5051592,False,"[93, 26, 7, 0]",17,lib/tests/builtin/host-return.zy,trim_compact_driver
compact-driver,release,0,587082,131,306,5019079,False,"[93, 26, 7, 0]",17,lib/tests/builtin/host-return.zy,baseline
compact-driver,release,0,625998,131,306,5225449,False,"[93, 26, 7, 0]",18,lib/tests/builtin/host-return.zy,compact_driver
compact-driver,release,0,634655,131,306,5153170,False,"[93, 26, 7, 0]",18,lib/tests/builtin/host-return.zy,trim_compact_driver
compact-driver,release,0,629667,131,306,4990445,False,"[93, 26, 7, 0]",18,lib/tests/builtin/host-return.zy,baseline
compact-driver,release,0,579966,131,306,4890161,False,"[93, 26, 7, 0]",18,lib/tests/builtin/host-return.zy,trim
compact-driver,release,0,605201,131,306,5231456,False,"[93, 26, 7, 0]",19,lib/tests/builtin/host-return.zy,trim_compact_driver
compact-driver,release,0,622039,131,306,5389424,False,"[93, 26, 7, 0]",19,lib/tests/builtin/host-return.zy,baseline
compact-driver,release,0,613956,131,306,5112742,False,"[93, 26, 7, 0]",19,lib/tests/builtin/host-return.zy,trim
compact-driver,release,0,616166,131,306,5260870,False,"[93, 26, 7, 0]",19,lib/tests/builtin/host-return.zy,compact_driver
compact-driver,release,0,631001,131,306,5090794,False,"[93, 26, 7, 0]",20,lib/tests/builtin/host-return.zy,baseline
compact-driver,release,0,641621,131,306,5111831,False,"[93, 26, 7, 0]",20,lib/tests/builtin/host-return.zy,trim
compact-driver,release,0,596478,131,306,5176209,False,"[93, 26, 7, 0]",20,lib/tests/builtin/host-return.zy,compact_driver
compact-driver,release,0,641496,131,306,5162493,False,"[93, 26, 7, 0]",20,lib/tests/builtin/host-return.zy,trim_compact_driver
compact-driver,release,0,640375,131,306,5037503,False,"[93, 26, 7, 0]",21,lib/tests/builtin/host-return.zy,trim
compact-driver,release,0,617629,131,306,5352656,False,"[93, 26, 7, 0]",21,lib/tests/builtin/host-return.zy,compact_driver
compact-driver,release,0,619667,131,306,5193870,False,"[93, 26, 7, 0]",21,lib/tests/builtin/host-return.zy,trim_compact_driver
compact-driver,release,0,639429,131,306,5005248,False,"[93, 26, 7, 0]",21,lib/tests/builtin/host-return.zy,baseline
compact-driver,release,0,634996,131,306,5290456,False,"[93, 26, 7, 0]",22,lib/tests/builtin/host-return.zy,compact_driver
compact-driver,release,0,607330,131,306,5132917,False,"[93, 26, 7, 0]",22,lib/tests/builtin/host-return.zy,trim_compact_driver
compact-driver,release,0,601882,131,306,5026668,False,"[93, 26, 7, 0]",22,lib/tests/builtin/host-return.zy,baseline
compact-driver,release,0,615081,131,306,5041125,False,"[93, 26, 7, 0]",22,lib/tests/builtin/host-return.zy,trim
compact-driver,release,0,601207,131,306,5025875,False,"[93, 26, 7, 0]",23,lib/tests/builtin/host-return.zy,trim_compact_driver
compact-driver,release,0,620532,131,306,4975499,False,"[93, 26, 7, 0]",23,lib/tests/builtin/host-return.zy,baseline
compact-driver,release,0,620880,131,306,4950377,False,"[93, 26, 7, 0]",23,lib/tests/builtin/host-return.zy,trim
compact-driver,release,0,607380,131,306,5233163,False,"[93, 26, 7, 0]",23,lib/tests/builtin/host-return.zy,compact_driver
compact-driver,release,0,599299,131,306,4978573,False,"[93, 26, 7, 0]",24,lib/tests/builtin/host-return.zy,baseline
compact-driver,release,0,621485,131,306,5114407,False,"[93, 26, 7, 0]",24,lib/tests/builtin/host-return.zy,trim
compact-driver,release,0,629468,131,306,5331178,False,"[93, 26, 7, 0]",24,lib/tests/builtin/host-return.zy,compact_driver
compact-driver,release,0,599211,131,306,5076120,False,"[93, 26, 7, 0]",24,lib/tests/builtin/host-return.zy,trim_compact_driver
compact-driver,release,0,589801,131,306,4944921,False,"[93, 26, 7, 0]",25,lib/tests/builtin/host-return.zy,trim
compact-driver,release,0,608957,131,306,5266417,False,"[93, 26, 7, 0]",25,lib/tests/builtin/host-return.zy,compact_driver
compact-driver,release,0,636469,131,306,5314039,False,"[93, 26, 7, 0]",25,lib/tests/builtin/host-return.zy,trim_compact_driver
compact-driver,release,0,602339,131,306,4987623,False,"[93, 26, 7, 0]",25,lib/tests/builtin/host-return.zy,baseline
compact-driver,release,0,592754,131,306,5179201,False,"[93, 26, 7, 0]",26,lib/tests/builtin/host-return.zy,compact_driver
compact-driver,release,0,613161,131,306,5215804,False,"[93, 26, 7, 0]",26,lib/tests/builtin/host-return.zy,trim_compact_driver
compact-driver,release,0,624794,131,306,5114462,False,"[93, 26, 7, 0]",26,lib/tests/builtin/host-return.zy,baseline
compact-driver,release,0,648094,131,306,5070281,False,"[93, 26, 7, 0]",26,lib/tests/builtin/host-return.zy,trim
compact-driver,release,0,619619,131,306,5050208,False,"[93, 26, 7, 0]",27,lib/tests/builtin/host-return.zy,trim_compact_driver
compact-driver,release,0,605875,131,306,5043329,False,"[93, 26, 7, 0]",27,lib/tests/builtin/host-return.zy,baseline
compact-driver,release,0,584926,131,306,4955094,False,"[93, 26, 7, 0]",27,lib/tests/builtin/host-return.zy,trim
compact-driver,release,0,594330,131,306,5195243,False,"[93, 26, 7, 0]",27,lib/tests/builtin/host-return.zy,compact_driver
compact-driver,release,0,606994,131,306,5082713,False,"[93, 26, 7, 0]",28,lib/tests/builtin/host-return.zy,baseline
compact-driver,release,0,609539,131,306,4962578,False,"[93, 26, 7, 0]",28,lib/tests/builtin/host-return.zy,trim
compact-driver,release,0,630804,131,306,5224241,False,"[93, 26, 7, 0]",28,lib/tests/builtin/host-return.zy,compact_driver
compact-driver,release,0,626497,131,306,5181202,False,"[93, 26, 7, 0]",28,lib/tests/builtin/host-return.zy,trim_compact_driver
compact-driver,release,0,611007,131,306,4882070,False,"[93, 26, 7, 0]",29,lib/tests/builtin/host-return.zy,trim
compact-driver,release,0,597706,131,306,5123747,False,"[93, 26, 7, 0]",29,lib/tests/builtin/host-return.zy,compact_driver
compact-driver,release,0,598913,131,306,5115666,False,"[93, 26, 7, 0]",29,lib/tests/builtin/host-return.zy,trim_compact_driver
compact-driver,release,0,590755,131,306,4998084,False,"[93, 26, 7, 0]",29,lib/tests/builtin/host-return.zy,baseline
compact-driver,release,0,607123,131,306,5192374,False,"[93, 26, 7, 0]",30,lib/tests/builtin/host-return.zy,compact_driver
compact-driver,release,0,611451,131,306,5085830,False,"[93, 26, 7, 0]",30,lib/tests/builtin/host-return.zy,trim_compact_driver
compact-driver,release,0,617578,131,306,5075206,False,"[93, 26, 7, 0]",30,lib/tests/builtin/host-return.zy,baseline
compact-driver,release,0,614761,131,306,4978130,False,"[93, 26, 7, 0]",30,lib/tests/builtin/host-return.zy,trim
compact-driver,release,0,628718,131,306,5163842,False,"[93, 26, 7, 0]",31,lib/tests/builtin/host-return.zy,trim_compact_driver
compact-driver,release,0,615568,131,306,4959007,False,"[93, 26, 7, 0]",31,lib/tests/builtin/host-return.zy,baseline
compact-driver,release,0,604370,131,306,5000500,False,"[93, 26, 7, 0]",31,lib/tests/builtin/host-return.zy,trim
compact-driver,release,0,617086,131,306,5393008,False,"[93, 26, 7, 0]",31,lib/tests/builtin/host-return.zy,compact_driver
compact-driver,release,0,741178,131,425,5239488,True,"[66, 24, 7, 8]",0,lib/tests/builtin/host-return.zy,baseline
compact-driver,release,0,752291,131,425,5210124,True,"[66, 24, 7, 8]",0,lib/tests/builtin/host-return.zy,trim
compact-driver,release,0,736199,131,425,5295506,True,"[66, 24, 7, 8]",0,lib/tests/builtin/host-return.zy,compact_driver
compact-driver,release,0,711704,131,425,5295819,True,"[66, 24, 7, 8]",0,lib/tests/builtin/host-return.zy,trim_compact_driver
compact-driver,release,0,702987,131,425,5065127,True,"[66, 24, 7, 8]",1,lib/tests/builtin/host-return.zy,trim
compact-driver,release,0,688486,131,425,5236253,True,"[66, 24, 7, 8]",1,lib/tests/builtin/host-return.zy,compact_driver
compact-driver,release,0,683783,131,425,5183417,True,"[66, 24, 7, 8]",1,lib/tests/builtin/host-return.zy,trim_compact_driver
compact-driver,release,0,715458,131,425,5280049,True,"[66, 24, 7, 8]",1,lib/tests/builtin/host-return.zy,baseline
compact-driver,release,0,723049,131,425,5207254,True,"[66, 24, 7, 8]",2,lib/tests/builtin/host-return.zy,compact_driver
compact-driver,release,0,732626,131,425,5116709,True,"[66, 24, 7, 8]",2,lib/tests/builtin/host-return.zy,trim_compact_driver
compact-driver,release,0,715507,131,425,5114334,True,"[66, 24, 7, 8]",2,lib/tests/builtin/host-return.zy,baseline
compact-driver,release,0,700485,131,425,5116054,True,"[66, 24, 7, 8]",2,lib/tests/builtin/host-return.zy,trim
compact-driver,release,0,680740,131,425,5191785,True,"[66, 24, 7, 8]",3,lib/tests/builtin/host-return.zy,trim_compact_driver
compact-driver,release,0,682671,131,425,5176541,True,"[66, 24, 7, 8]",3,lib/tests/builtin/host-return.zy,baseline
compact-driver,release,0,689377,131,425,5107013,True,"[66, 24, 7, 8]",3,lib/tests/builtin/host-return.zy,trim
compact-driver,release,0,703501,131,425,5305426,True,"[66, 24, 7, 8]",3,lib/tests/builtin/host-return.zy,compact_driver
compact-driver,release,0,694615,131,425,5121880,True,"[66, 24, 7, 8]",4,lib/tests/builtin/host-return.zy,baseline
compact-driver,release,0,678296,131,425,5068963,True,"[66, 24, 7, 8]",4,lib/tests/builtin/host-return.zy,trim
compact-driver,release,0,677870,131,425,5319077,True,"[66, 24, 7, 8]",4,lib/tests/builtin/host-return.zy,compact_driver
compact-driver,release,0,694504,131,425,5159544,True,"[66, 24, 7, 8]",4,lib/tests/builtin/host-return.zy,trim_compact_driver
compact-driver,release,0,684794,131,425,5139472,True,"[66, 24, 7, 8]",5,lib/tests/builtin/host-return.zy,trim
compact-driver,release,0,730709,131,425,5368457,True,"[66, 24, 7, 8]",5,lib/tests/builtin/host-return.zy,compact_driver
compact-driver,release,0,710914,131,425,5237136,True,"[66, 24, 7, 8]",5,lib/tests/builtin/host-return.zy,trim_compact_driver
compact-driver,release,0,697710,131,425,5216386,True,"[66, 24, 7, 8]",5,lib/tests/builtin/host-return.zy,baseline
compact-driver,release,0,708751,131,425,5373828,True,"[66, 24, 7, 8]",6,lib/tests/builtin/host-return.zy,compact_driver
compact-driver,release,0,674586,131,425,5207244,True,"[66, 24, 7, 8]",6,lib/tests/builtin/host-return.zy,trim_compact_driver
compact-driver,release,0,704216,131,425,5291288,True,"[66, 24, 7, 8]",6,lib/tests/builtin/host-return.zy,baseline
compact-driver,release,0,726507,131,425,5137713,True,"[66, 24, 7, 8]",6,lib/tests/builtin/host-return.zy,trim
compact-driver,release,0,716756,131,425,5236243,True,"[66, 24, 7, 8]",7,lib/tests/builtin/host-return.zy,trim_compact_driver
compact-driver,release,0,710550,131,425,5180491,True,"[66, 24, 7, 8]",7,lib/tests/builtin/host-return.zy,baseline
compact-driver,release,0,698795,131,425,5113244,True,"[66, 24, 7, 8]",7,lib/tests/builtin/host-return.zy,trim
compact-driver,release,0,677513,131,425,5220005,True,"[66, 24, 7, 8]",7,lib/tests/builtin/host-return.zy,compact_driver
compact-driver,release,0,682126,131,425,5119614,True,"[66, 24, 7, 8]",8,lib/tests/builtin/host-return.zy,baseline
compact-driver,release,0,691283,131,425,5129456,True,"[66, 24, 7, 8]",8,lib/tests/builtin/host-return.zy,trim
compact-driver,release,0,698507,131,425,5369747,True,"[66, 24, 7, 8]",8,lib/tests/builtin/host-return.zy,compact_driver
compact-driver,release,0,682831,131,425,5110579,True,"[66, 24, 7, 8]",8,lib/tests/builtin/host-return.zy,trim_compact_driver
compact-driver,release,0,693654,131,425,5039913,True,"[66, 24, 7, 8]",9,lib/tests/builtin/host-return.zy,trim
compact-driver,release,0,706050,131,425,5286745,True,"[66, 24, 7, 8]",9,lib/tests/builtin/host-return.zy,compact_driver
compact-driver,release,0,688617,131,425,5153156,True,"[66, 24, 7, 8]",9,lib/tests/builtin/host-return.zy,trim_compact_driver
compact-driver,release,0,674201,131,425,5180083,True,"[66, 24, 7, 8]",9,lib/tests/builtin/host-return.zy,baseline
compact-driver,release,0,685251,131,425,5191674,True,"[66, 24, 7, 8]",10,lib/tests/builtin/host-return.zy,compact_driver
compact-driver,release,0,687791,131,425,5188407,True,"[66, 24, 7, 8]",10,lib/tests/builtin/host-return.zy,trim_compact_driver
compact-driver,release,0,689576,131,425,5170244,True,"[66, 24, 7, 8]",10,lib/tests/builtin/host-return.zy,baseline
compact-driver,release,0,698966,131,425,5102548,True,"[66, 24, 7, 8]",10,lib/tests/builtin/host-return.zy,trim
compact-driver,release,0,714254,131,425,5273666,True,"[66, 24, 7, 8]",11,lib/tests/builtin/host-return.zy,trim_compact_driver
compact-driver,release,0,755634,131,425,5237735,True,"[66, 24, 7, 8]",11,lib/tests/builtin/host-return.zy,baseline
compact-driver,release,0,696460,131,425,5134886,True,"[66, 24, 7, 8]",11,lib/tests/builtin/host-return.zy,trim
compact-driver,release,0,716617,131,425,5359083,True,"[66, 24, 7, 8]",11,lib/tests/builtin/host-return.zy,compact_driver
compact-driver,release,0,736379,131,425,5278217,True,"[66, 24, 7, 8]",12,lib/tests/builtin/host-return.zy,baseline
compact-driver,release,0,718167,131,425,5125114,True,"[66, 24, 7, 8]",12,lib/tests/builtin/host-return.zy,trim
compact-driver,release,0,728237,131,425,5372711,True,"[66, 24, 7, 8]",12,lib/tests/builtin/host-return.zy,compact_driver
compact-driver,release,0,695414,131,425,5164533,True,"[66, 24, 7, 8]",12,lib/tests/builtin/host-return.zy,trim_compact_driver
compact-driver,release,0,734046,131,425,5135172,True,"[66, 24, 7, 8]",13,lib/tests/builtin/host-return.zy,trim
compact-driver,release,0,741750,131,425,5302296,True,"[66, 24, 7, 8]",13,lib/tests/builtin/host-return.zy,compact_driver
compact-driver,release,0,671784,131,425,5126422,True,"[66, 24, 7, 8]",13,lib/tests/builtin/host-return.zy,trim_compact_driver
compact-driver,release,0,680423,131,425,5164534,True,"[66, 24, 7, 8]",13,lib/tests/builtin/host-return.zy,baseline
compact-driver,release,0,699962,131,425,5321963,True,"[66, 24, 7, 8]",14,lib/tests/builtin/host-return.zy,compact_driver
compact-driver,release,0,700410,131,425,5142661,True,"[66, 24, 7, 8]",14,lib/tests/builtin/host-return.zy,trim_compact_driver
compact-driver,release,0,664509,131,425,5088621,True,"[66, 24, 7, 8]",14,lib/tests/builtin/host-return.zy,baseline
compact-driver,release,0,711671,131,425,5077632,True,"[66, 24, 7, 8]",14,lib/tests/builtin/host-return.zy,trim
compact-driver,release,0,699001,131,425,5195633,True,"[66, 24, 7, 8]",15,lib/tests/builtin/host-return.zy,trim_compact_driver
compact-driver,release,0,687111,131,425,5157931,True,"[66, 24, 7, 8]",15,lib/tests/builtin/host-return.zy,baseline
compact-driver,release,0,717516,131,425,5091830,True,"[66, 24, 7, 8]",15,lib/tests/builtin/host-return.zy,trim
compact-driver,release,0,695925,131,425,5200801,True,"[66, 24, 7, 8]",15,lib/tests/builtin/host-return.zy,compact_driver
compact-driver,release,0,691332,131,425,5139331,True,"[66, 24, 7, 8]",16,lib/tests/builtin/host-return.zy,baseline
compact-driver,release,0,703494,131,425,5156251,True,"[66, 24, 7, 8]",16,lib/tests/builtin/host-return.zy,trim
compact-driver,release,0,678798,131,425,5283700,True,"[66, 24, 7, 8]",16,lib/tests/builtin/host-return.zy,compact_driver
compact-driver,release,0,730620,131,425,5308711,True,"[66, 24, 7, 8]",16,lib/tests/builtin/host-return.zy,trim_compact_driver
compact-driver,release,0,734152,131,425,5211325,True,"[66, 24, 7, 8]",17,lib/tests/builtin/host-return.zy,trim
compact-driver,release,0,728159,131,425,5286968,True,"[66, 24, 7, 8]",17,lib/tests/builtin/host-return.zy,compact_driver
compact-driver,release,0,730071,131,425,5281829,True,"[66, 24, 7, 8]",17,lib/tests/builtin/host-return.zy,trim_compact_driver
compact-driver,release,0,725824,131,425,5235114,True,"[66, 24, 7, 8]",17,lib/tests/builtin/host-return.zy,baseline
compact-driver,release,0,700616,131,425,5307164,True,"[66, 24, 7, 8]",18,lib/tests/builtin/host-return.zy,compact_driver
compact-driver,release,0,712238,131,425,5180334,True,"[66, 24, 7, 8]",18,lib/tests/builtin/host-return.zy,trim_compact_driver
compact-driver,release,0,690672,131,425,5138082,True,"[66, 24, 7, 8]",18,lib/tests/builtin/host-return.zy,baseline
compact-driver,release,0,686671,131,425,5131410,True,"[66, 24, 7, 8]",18,lib/tests/builtin/host-return.zy,trim
compact-driver,release,0,719295,131,425,5156248,True,"[66, 24, 7, 8]",19,lib/tests/builtin/host-return.zy,trim_compact_driver
compact-driver,release,0,736534,131,425,5119756,True,"[66, 24, 7, 8]",19,lib/tests/builtin/host-return.zy,baseline
compact-driver,release,0,738584,131,425,5158996,True,"[66, 24, 7, 8]",19,lib/tests/builtin/host-return.zy,trim
compact-driver,release,0,743170,131,425,5366131,True,"[66, 24, 7, 8]",19,lib/tests/builtin/host-return.zy,compact_driver
compact-driver,release,0,761681,131,425,5367040,True,"[66, 24, 7, 8]",20,lib/tests/builtin/host-return.zy,baseline
compact-driver,release,0,748960,131,425,5282927,True,"[66, 24, 7, 8]",20,lib/tests/builtin/host-return.zy,trim
compact-driver,release,0,696001,131,425,5243451,True,"[66, 24, 7, 8]",20,lib/tests/builtin/host-return.zy,compact_driver
compact-driver,release,0,678715,131,425,5186157,True,"[66, 24, 7, 8]",20,lib/tests/builtin/host-return.zy,trim_compact_driver
compact-driver,release,0,679375,131,425,5126136,True,"[66, 24, 7, 8]",21,lib/tests/builtin/host-return.zy,trim
compact-driver,release,0,678207,131,425,5333807,True,"[66, 24, 7, 8]",21,lib/tests/builtin/host-return.zy,compact_driver
compact-driver,release,0,687701,131,425,5312706,True,"[66, 24, 7, 8]",21,lib/tests/builtin/host-return.zy,trim_compact_driver
compact-driver,release,0,714093,131,425,5079414,True,"[66, 24, 7, 8]",21,lib/tests/builtin/host-return.zy,baseline
compact-driver,release,0,691086,131,425,5226502,True,"[66, 24, 7, 8]",22,lib/tests/builtin/host-return.zy,compact_driver
compact-driver,release,0,709257,131,425,5199462,True,"[66, 24, 7, 8]",22,lib/tests/builtin/host-return.zy,trim_compact_driver
compact-driver,release,0,749961,131,425,5313992,True,"[66, 24, 7, 8]",22,lib/tests/builtin/host-return.zy,baseline
compact-driver,release,0,710092,131,425,5259298,True,"[66, 24, 7, 8]",22,lib/tests/builtin/host-return.zy,trim
compact-driver,release,0,700167,131,425,5339205,True,"[66, 24, 7, 8]",23,lib/tests/builtin/host-return.zy,trim_compact_driver
compact-driver,release,0,697078,131,425,5208921,True,"[66, 24, 7, 8]",23,lib/tests/builtin/host-return.zy,baseline
compact-driver,release,0,700584,131,425,5327708,True,"[66, 24, 7, 8]",23,lib/tests/builtin/host-return.zy,trim
compact-driver,release,0,744128,131,425,5726832,True,"[66, 24, 7, 8]",23,lib/tests/builtin/host-return.zy,compact_driver
compact-driver,release,0,733703,131,425,5284303,True,"[66, 24, 7, 8]",24,lib/tests/builtin/host-return.zy,baseline
compact-driver,release,0,722828,131,425,5117213,True,"[66, 24, 7, 8]",24,lib/tests/builtin/host-return.zy,trim
compact-driver,release,0,706262,131,425,5364087,True,"[66, 24, 7, 8]",24,lib/tests/builtin/host-return.zy,compact_driver
compact-driver,release,0,691322,131,425,5169500,True,"[66, 24, 7, 8]",24,lib/tests/builtin/host-return.zy,trim_compact_driver
compact-driver,release,0,673505,131,425,5073538,True,"[66, 24, 7, 8]",25,lib/tests/builtin/host-return.zy,trim
compact-driver,release,0,700261,131,425,5339157,True,"[66, 24, 7, 8]",25,lib/tests/builtin/host-return.zy,compact_driver
compact-driver,release,0,701804,131,425,5241347,True,"[66, 24, 7, 8]",25,lib/tests/builtin/host-return.zy,trim_compact_driver
compact-driver,release,0,690579,131,425,5204387,True,"[66, 24, 7, 8]",25,lib/tests/builtin/host-return.zy,baseline
compact-driver,release,0,688702,131,425,5276920,True,"[66, 24, 7, 8]",26,lib/tests/builtin/host-return.zy,compact_driver
compact-driver,release,0,690004,131,425,5207218,True,"[66, 24, 7, 8]",26,lib/tests/builtin/host-return.zy,trim_compact_driver
compact-driver,release,0,704754,131,425,5152249,True,"[66, 24, 7, 8]",26,lib/tests/builtin/host-return.zy,baseline
compact-driver,release,0,682626,131,425,5080630,True,"[66, 24, 7, 8]",26,lib/tests/builtin/host-return.zy,trim
compact-driver,release,0,679086,131,425,5207988,True,"[66, 24, 7, 8]",27,lib/tests/builtin/host-return.zy,trim_compact_driver
compact-driver,release,0,722996,131,425,5101457,True,"[66, 24, 7, 8]",27,lib/tests/builtin/host-return.zy,baseline
compact-driver,release,0,696180,131,425,5059493,True,"[66, 24, 7, 8]",27,lib/tests/builtin/host-return.zy,trim
compact-driver,release,0,689550,131,425,5301707,True,"[66, 24, 7, 8]",27,lib/tests/builtin/host-return.zy,compact_driver
compact-driver,release,0,685001,131,425,5220871,True,"[66, 24, 7, 8]",28,lib/tests/builtin/host-return.zy,baseline
compact-driver,release,0,705995,131,425,5298377,True,"[66, 24, 7, 8]",28,lib/tests/builtin/host-return.zy,trim
compact-driver,release,0,679288,131,425,5328428,True,"[66, 24, 7, 8]",28,lib/tests/builtin/host-return.zy,compact_driver
compact-driver,release,0,691044,131,425,5204164,True,"[66, 24, 7, 8]",28,lib/tests/builtin/host-return.zy,trim_compact_driver
compact-driver,release,0,683951,131,425,5230744,True,"[66, 24, 7, 8]",29,lib/tests/builtin/host-return.zy,trim
compact-driver,release,0,703731,131,425,5278505,True,"[66, 24, 7, 8]",29,lib/tests/builtin/host-return.zy,compact_driver
compact-driver,release,0,717957,131,425,5202337,True,"[66, 24, 7, 8]",29,lib/tests/builtin/host-return.zy,trim_compact_driver
compact-driver,release,0,737168,131,425,5220721,True,"[66, 24, 7, 8]",29,lib/tests/builtin/host-return.zy,baseline
compact-driver,release,0,745382,131,425,5440943,True,"[66, 24, 7, 8]",30,lib/tests/builtin/host-return.zy,compact_driver
compact-driver,release,0,703212,131,425,5234112,True,"[66, 24, 7, 8]",30,lib/tests/builtin/host-return.zy,trim_compact_driver
compact-driver,release,0,681250,131,425,5130663,True,"[66, 24, 7, 8]",30,lib/tests/builtin/host-return.zy,baseline
compact-driver,release,0,677707,131,425,5094092,True,"[66, 24, 7, 8]",30,lib/tests/builtin/host-return.zy,trim
compact-driver,release,0,688985,131,425,5180338,True,"[66, 24, 7, 8]",31,lib/tests/builtin/host-return.zy,trim_compact_driver
compact-driver,release,0,679223,131,425,5159756,True,"[66, 24, 7, 8]",31,lib/tests/builtin/host-return.zy,baseline
compact-driver,release,0,670865,131,425,5052200,True,"[66, 24, 7, 8]",31,lib/tests/builtin/host-return.zy,trim
compact-driver,release,0,705331,131,425,5327508,True,"[66, 24, 7, 8]",31,lib/tests/builtin/host-return.zy,compact_driver
compact-driver,release,0,670216,692,50,4832164,False,"[525, 160, 38, 0]",0,lib/tests/builtin/host-runtime.zy,baseline
compact-driver,release,0,634416,692,50,4913083,False,"[525, 160, 38, 0]",0,lib/tests/builtin/host-runtime.zy,trim
compact-driver,release,0,585831,692,50,5026665,False,"[525, 160, 38, 0]",0,lib/tests/builtin/host-runtime.zy,compact_driver
compact-driver,release,0,678001,692,50,5092249,False,"[525, 160, 38, 0]",0,lib/tests/builtin/host-runtime.zy,trim_compact_driver
compact-driver,release,0,661332,692,50,4999417,False,"[525, 160, 38, 0]",1,lib/tests/builtin/host-runtime.zy,trim
compact-driver,release,0,665793,692,50,5228953,False,"[525, 160, 38, 0]",1,lib/tests/builtin/host-runtime.zy,compact_driver
compact-driver,release,0,621628,692,50,5156411,False,"[525, 160, 38, 0]",1,lib/tests/builtin/host-runtime.zy,trim_compact_driver
compact-driver,release,0,587664,692,50,5027541,False,"[525, 160, 38, 0]",1,lib/tests/builtin/host-runtime.zy,baseline
compact-driver,release,0,618544,692,50,5229916,False,"[525, 160, 38, 0]",2,lib/tests/builtin/host-runtime.zy,compact_driver
compact-driver,release,0,676958,692,50,5233581,False,"[525, 160, 38, 0]",2,lib/tests/builtin/host-runtime.zy,trim_compact_driver
compact-driver,release,0,669625,692,50,5128378,False,"[525, 160, 38, 0]",2,lib/tests/builtin/host-runtime.zy,baseline
compact-driver,release,0,640786,692,50,5067793,False,"[525, 160, 38, 0]",2,lib/tests/builtin/host-runtime.zy,trim
compact-driver,release,0,682626,692,50,5254499,False,"[525, 160, 38, 0]",3,lib/tests/builtin/host-runtime.zy,trim_compact_driver
compact-driver,release,0,671542,692,50,5056243,False,"[525, 160, 38, 0]",3,lib/tests/builtin/host-runtime.zy,baseline
compact-driver,release,0,596456,692,50,4855664,False,"[525, 160, 38, 0]",3,lib/tests/builtin/host-runtime.zy,trim
compact-driver,release,0,604206,692,50,5043836,False,"[525, 160, 38, 0]",3,lib/tests/builtin/host-runtime.zy,compact_driver
compact-driver,release,0,632921,692,50,4865539,False,"[525, 160, 38, 0]",4,lib/tests/builtin/host-runtime.zy,baseline
compact-driver,release,0,621002,692,50,4918293,False,"[525, 160, 38, 0]",4,lib/tests/builtin/host-runtime.zy,trim
compact-driver,release,0,583629,692,50,5168083,False,"[525, 160, 38, 0]",4,lib/tests/builtin/host-runtime.zy,compact_driver
compact-driver,release,0,582675,692,50,4958289,False,"[525, 160, 38, 0]",4,lib/tests/builtin/host-runtime.zy,trim_compact_driver
compact-driver,release,0,577788,692,50,4853003,False,"[525, 160, 38, 0]",5,lib/tests/builtin/host-runtime.zy,trim
compact-driver,release,0,593959,692,50,5154998,False,"[525, 160, 38, 0]",5,lib/tests/builtin/host-runtime.zy,compact_driver
compact-driver,release,0,598416,692,50,4890124,False,"[525, 160, 38, 0]",5,lib/tests/builtin/host-runtime.zy,trim_compact_driver
compact-driver,release,0,599083,692,50,4905289,False,"[525, 160, 38, 0]",5,lib/tests/builtin/host-runtime.zy,baseline
compact-driver,release,0,586374,692,50,5117798,False,"[525, 160, 38, 0]",6,lib/tests/builtin/host-runtime.zy,compact_driver
compact-driver,release,0,615458,692,50,4840166,False,"[525, 160, 38, 0]",6,lib/tests/builtin/host-runtime.zy,trim_compact_driver
compact-driver,release,0,595962,692,50,4904368,False,"[525, 160, 38, 0]",6,lib/tests/builtin/host-runtime.zy,baseline
compact-driver,release,0,577294,692,50,4897378,False,"[525, 160, 38, 0]",6,lib/tests/builtin/host-runtime.zy,trim
compact-driver,release,0,585959,692,50,5120285,False,"[525, 160, 38, 0]",7,lib/tests/builtin/host-runtime.zy,trim_compact_driver
compact-driver,release,0,587831,692,50,4995415,False,"[525, 160, 38, 0]",7,lib/tests/builtin/host-runtime.zy,baseline
compact-driver,release,0,598418,692,50,5031291,False,"[525, 160, 38, 0]",7,lib/tests/builtin/host-runtime.zy,trim
compact-driver,release,0,684797,692,50,5097251,False,"[525, 160, 38, 0]",7,lib/tests/builtin/host-runtime.zy,compact_driver
compact-driver,release,0,611410,692,50,4883666,False,"[525, 160, 38, 0]",8,lib/tests/builtin/host-runtime.zy,baseline
compact-driver,release,0,624457,692,50,4965294,False,"[525, 160, 38, 0]",8,lib/tests/builtin/host-runtime.zy,trim
compact-driver,release,0,629500,692,50,5022879,False,"[525, 160, 38, 0]",8,lib/tests/builtin/host-runtime.zy,compact_driver
compact-driver,release,0,621584,692,50,5064789,False,"[525, 160, 38, 0]",8,lib/tests/builtin/host-runtime.zy,trim_compact_driver
compact-driver,release,0,595581,692,50,4849292,False,"[525, 160, 38, 0]",9,lib/tests/builtin/host-runtime.zy,trim
compact-driver,release,0,591291,692,50,4985082,False,"[525, 160, 38, 0]",9,lib/tests/builtin/host-runtime.zy,compact_driver
compact-driver,release,0,602916,692,50,5063414,False,"[525, 160, 38, 0]",9,lib/tests/builtin/host-runtime.zy,trim_compact_driver
compact-driver,release,0,603834,692,50,4937956,False,"[525, 160, 38, 0]",9,lib/tests/builtin/host-runtime.zy,baseline
compact-driver,release,0,588416,692,50,4987749,False,"[525, 160, 38, 0]",10,lib/tests/builtin/host-runtime.zy,compact_driver
compact-driver,release,0,591708,692,50,4919463,False,"[525, 160, 38, 0]",10,lib/tests/builtin/host-runtime.zy,trim_compact_driver
compact-driver,release,0,577876,692,50,4912336,False,"[525, 160, 38, 0]",10,lib/tests/builtin/host-runtime.zy,baseline
compact-driver,release,0,578374,692,50,4738039,False,"[525, 160, 38, 0]",10,lib/tests/builtin/host-runtime.zy,trim
compact-driver,release,0,596750,692,50,4943836,False,"[525, 160, 38, 0]",11,lib/tests/builtin/host-runtime.zy,trim_compact_driver
compact-driver,release,0,585916,692,50,4879834,False,"[525, 160, 38, 0]",11,lib/tests/builtin/host-runtime.zy,baseline
compact-driver,release,0,572000,692,50,4736748,False,"[525, 160, 38, 0]",11,lib/tests/builtin/host-runtime.zy,trim
compact-driver,release,0,604875,692,50,5085830,False,"[525, 160, 38, 0]",11,lib/tests/builtin/host-runtime.zy,compact_driver
compact-driver,release,0,617540,692,50,4919081,False,"[525, 160, 38, 0]",12,lib/tests/builtin/host-runtime.zy,baseline
compact-driver,release,0,602954,692,50,4928750,False,"[525, 160, 38, 0]",12,lib/tests/builtin/host-runtime.zy,trim
compact-driver,release,0,593373,692,50,5118791,False,"[525, 160, 38, 0]",12,lib/tests/builtin/host-runtime.zy,compact_driver
compact-driver,release,0,577292,692,50,4947420,False,"[525, 160, 38, 0]",12,lib/tests/builtin/host-runtime.zy,trim_compact_driver
compact-driver,release,0,575247,692,50,4747875,False,"[525, 160, 38, 0]",13,lib/tests/builtin/host-runtime.zy,trim
compact-driver,release,0,580752,692,50,5023463,False,"[525, 160, 38, 0]",13,lib/tests/builtin/host-runtime.zy,compact_driver
compact-driver,release,0,589795,692,50,4995457,False,"[525, 160, 38, 0]",13,lib/tests/builtin/host-runtime.zy,trim_compact_driver
compact-driver,release,0,596000,692,50,4758873,False,"[525, 160, 38, 0]",13,lib/tests/builtin/host-runtime.zy,baseline
compact-driver,release,0,643952,692,50,5213378,False,"[525, 160, 38, 0]",14,lib/tests/builtin/host-runtime.zy,compact_driver
compact-driver,release,0,601625,692,50,4984171,False,"[525, 160, 38, 0]",14,lib/tests/builtin/host-runtime.zy,trim_compact_driver
compact-driver,release,0,610500,692,50,5042877,False,"[525, 160, 38, 0]",14,lib/tests/builtin/host-runtime.zy,baseline
compact-driver,release,0,623040,692,50,4938830,False,"[525, 160, 38, 0]",14,lib/tests/builtin/host-runtime.zy,trim
compact-driver,release,0,603043,692,50,4932833,False,"[525, 160, 38, 0]",15,lib/tests/builtin/host-runtime.zy,trim_compact_driver
compact-driver,release,0,595245,692,50,4854583,False,"[525, 160, 38, 0]",15,lib/tests/builtin/host-runtime.zy,baseline
compact-driver,release,0,626629,692,50,4947955,False,"[525, 160, 38, 0]",15,lib/tests/builtin/host-runtime.zy,trim
compact-driver,release,0,629755,692,50,5075332,False,"[525, 160, 38, 0]",15,lib/tests/builtin/host-runtime.zy,compact_driver
compact-driver,release,0,612203,692,50,5019459,False,"[525, 160, 38, 0]",16,lib/tests/builtin/host-runtime.zy,baseline
compact-driver,release,0,624999,692,50,4949169,False,"[525, 160, 38, 0]",16,lib/tests/builtin/host-runtime.zy,trim
compact-driver,release,0,604331,692,50,4948751,False,"[525, 160, 38, 0]",16,lib/tests/builtin/host-runtime.zy,compact_driver
compact-driver,release,0,586752,692,50,4917623,False,"[525, 160, 38, 0]",16,lib/tests/builtin/host-runtime.zy,trim_compact_driver
compact-driver,release,0,586914,692,50,4825457,False,"[525, 160, 38, 0]",17,lib/tests/builtin/host-runtime.zy,trim
compact-driver,release,0,573004,692,50,5015708,False,"[525, 160, 38, 0]",17,lib/tests/builtin/host-runtime.zy,compact_driver
compact-driver,release,0,604416,692,50,4978416,False,"[525, 160, 38, 0]",17,lib/tests/builtin/host-runtime.zy,trim_compact_driver
compact-driver,release,0,572370,692,50,4880208,False,"[525, 160, 38, 0]",17,lib/tests/builtin/host-runtime.zy,baseline
compact-driver,release,0,580963,692,50,5101789,False,"[525, 160, 38, 0]",18,lib/tests/builtin/host-runtime.zy,compact_driver
compact-driver,release,0,593625,692,50,5196464,False,"[525, 160, 38, 0]",18,lib/tests/builtin/host-runtime.zy,trim_compact_driver
compact-driver,release,0,584080,692,50,4948622,False,"[525, 160, 38, 0]",18,lib/tests/builtin/host-runtime.zy,baseline
compact-driver,release,0,569542,692,50,4823584,False,"[525, 160, 38, 0]",18,lib/tests/builtin/host-runtime.zy,trim
compact-driver,release,0,621041,692,50,4877954,False,"[525, 160, 38, 0]",19,lib/tests/builtin/host-runtime.zy,trim_compact_driver
compact-driver,release,0,594590,692,50,4943575,False,"[525, 160, 38, 0]",19,lib/tests/builtin/host-runtime.zy,baseline
compact-driver,release,0,569083,692,50,4760753,False,"[525, 160, 38, 0]",19,lib/tests/builtin/host-runtime.zy,trim
compact-driver,release,0,593085,692,50,5020709,False,"[525, 160, 38, 0]",19,lib/tests/builtin/host-runtime.zy,compact_driver
compact-driver,release,0,596669,692,50,4934708,False,"[525, 160, 38, 0]",20,lib/tests/builtin/host-runtime.zy,baseline
compact-driver,release,0,600127,692,50,4781588,False,"[525, 160, 38, 0]",20,lib/tests/builtin/host-runtime.zy,trim
compact-driver,release,0,610958,692,50,5145583,False,"[525, 160, 38, 0]",20,lib/tests/builtin/host-runtime.zy,compact_driver
compact-driver,release,0,631912,692,50,5212457,False,"[525, 160, 38, 0]",20,lib/tests/builtin/host-runtime.zy,trim_compact_driver
compact-driver,release,0,618335,692,50,5115960,False,"[525, 160, 38, 0]",21,lib/tests/builtin/host-runtime.zy,trim
compact-driver,release,0,604125,692,50,5072793,False,"[525, 160, 38, 0]",21,lib/tests/builtin/host-runtime.zy,compact_driver
compact-driver,release,0,595162,692,50,5017166,False,"[525, 160, 38, 0]",21,lib/tests/builtin/host-runtime.zy,trim_compact_driver
compact-driver,release,0,587038,692,50,4915044,False,"[525, 160, 38, 0]",21,lib/tests/builtin/host-runtime.zy,baseline
compact-driver,release,0,571920,692,50,4975460,False,"[525, 160, 38, 0]",22,lib/tests/builtin/host-runtime.zy,compact_driver
compact-driver,release,0,584913,692,50,5013039,False,"[525, 160, 38, 0]",22,lib/tests/builtin/host-runtime.zy,trim_compact_driver
compact-driver,release,0,572629,692,50,4926454,False,"[525, 160, 38, 0]",22,lib/tests/builtin/host-runtime.zy,baseline
compact-driver,release,0,664171,692,50,4882956,False,"[525, 160, 38, 0]",22,lib/tests/builtin/host-runtime.zy,trim
compact-driver,release,0,636373,692,50,5012584,False,"[525, 160, 38, 0]",23,lib/tests/builtin/host-runtime.zy,trim_compact_driver
compact-driver,release,0,598668,692,50,4877996,False,"[525, 160, 38, 0]",23,lib/tests/builtin/host-runtime.zy,baseline
compact-driver,release,0,583375,692,50,4730584,False,"[525, 160, 38, 0]",23,lib/tests/builtin/host-runtime.zy,trim
compact-driver,release,0,590999,692,50,5046960,False,"[525, 160, 38, 0]",23,lib/tests/builtin/host-runtime.zy,compact_driver
compact-driver,release,0,579209,692,50,4802997,False,"[525, 160, 38, 0]",24,lib/tests/builtin/host-runtime.zy,baseline
compact-driver,release,0,586249,692,50,4756497,False,"[525, 160, 38, 0]",24,lib/tests/builtin/host-runtime.zy,trim
compact-driver,release,0,602500,692,50,5039459,False,"[525, 160, 38, 0]",24,lib/tests/builtin/host-runtime.zy,compact_driver
compact-driver,release,0,616207,692,50,4964417,False,"[525, 160, 38, 0]",24,lib/tests/builtin/host-runtime.zy,trim_compact_driver
compact-driver,release,0,579880,692,50,4775374,False,"[525, 160, 38, 0]",25,lib/tests/builtin/host-runtime.zy,trim
compact-driver,release,0,591792,692,50,4982503,False,"[525, 160, 38, 0]",25,lib/tests/builtin/host-runtime.zy,compact_driver
compact-driver,release,0,591877,692,50,4979747,False,"[525, 160, 38, 0]",25,lib/tests/builtin/host-runtime.zy,trim_compact_driver
compact-driver,release,0,637084,692,50,4843872,False,"[525, 160, 38, 0]",25,lib/tests/builtin/host-runtime.zy,baseline
compact-driver,release,0,607664,692,50,5043747,False,"[525, 160, 38, 0]",26,lib/tests/builtin/host-runtime.zy,compact_driver
compact-driver,release,0,582877,692,50,4971168,False,"[525, 160, 38, 0]",26,lib/tests/builtin/host-runtime.zy,trim_compact_driver
compact-driver,release,0,563338,692,50,4838123,False,"[525, 160, 38, 0]",26,lib/tests/builtin/host-runtime.zy,baseline
compact-driver,release,0,587167,692,50,4924209,False,"[525, 160, 38, 0]",26,lib/tests/builtin/host-runtime.zy,trim
compact-driver,release,0,587540,692,50,4974623,False,"[525, 160, 38, 0]",27,lib/tests/builtin/host-runtime.zy,trim_compact_driver
compact-driver,release,0,581129,692,50,4867959,False,"[525, 160, 38, 0]",27,lib/tests/builtin/host-runtime.zy,baseline
compact-driver,release,0,594712,692,50,4977877,False,"[525, 160, 38, 0]",27,lib/tests/builtin/host-runtime.zy,trim
compact-driver,release,0,597747,692,50,5176960,False,"[525, 160, 38, 0]",27,lib/tests/builtin/host-runtime.zy,compact_driver
compact-driver,release,0,602164,692,50,4860624,False,"[525, 160, 38, 0]",28,lib/tests/builtin/host-runtime.zy,baseline
compact-driver,release,0,639292,692,50,4934460,False,"[525, 160, 38, 0]",28,lib/tests/builtin/host-runtime.zy,trim
compact-driver,release,0,626665,692,50,5167747,False,"[525, 160, 38, 0]",28,lib/tests/builtin/host-runtime.zy,compact_driver
compact-driver,release,0,589209,692,50,5056461,False,"[525, 160, 38, 0]",28,lib/tests/builtin/host-runtime.zy,trim_compact_driver
compact-driver,release,0,629085,692,50,4942917,False,"[525, 160, 38, 0]",29,lib/tests/builtin/host-runtime.zy,trim
compact-driver,release,0,614661,692,50,5066461,False,"[525, 160, 38, 0]",29,lib/tests/builtin/host-runtime.zy,compact_driver
compact-driver,release,0,589249,692,50,4954458,False,"[525, 160, 38, 0]",29,lib/tests/builtin/host-runtime.zy,trim_compact_driver
compact-driver,release,0,586291,692,50,4856461,False,"[525, 160, 38, 0]",29,lib/tests/builtin/host-runtime.zy,baseline
compact-driver,release,0,582705,692,50,4972663,False,"[525, 160, 38, 0]",30,lib/tests/builtin/host-runtime.zy,compact_driver
compact-driver,release,0,565744,692,50,4914247,False,"[525, 160, 38, 0]",30,lib/tests/builtin/host-runtime.zy,trim_compact_driver
compact-driver,release,0,582211,692,50,4868294,False,"[525, 160, 38, 0]",30,lib/tests/builtin/host-runtime.zy,baseline
compact-driver,release,0,594709,692,50,4860996,False,"[525, 160, 38, 0]",30,lib/tests/builtin/host-runtime.zy,trim
compact-driver,release,0,610207,692,50,4939127,False,"[525, 160, 38, 0]",31,lib/tests/builtin/host-runtime.zy,trim_compact_driver
compact-driver,release,0,593744,692,50,4902463,False,"[525, 160, 38, 0]",31,lib/tests/builtin/host-runtime.zy,baseline
compact-driver,release,0,577838,692,50,4753913,False,"[525, 160, 38, 0]",31,lib/tests/builtin/host-runtime.zy,trim
compact-driver,release,0,573170,692,50,5007873,False,"[525, 160, 38, 0]",31,lib/tests/builtin/host-runtime.zy,compact_driver
compact-driver,release,0,703671,692,73,5049879,True,"[383, 160, 38, 39]",0,lib/tests/builtin/host-runtime.zy,baseline
compact-driver,release,0,740668,692,73,5104999,True,"[383, 160, 38, 39]",0,lib/tests/builtin/host-runtime.zy,trim
compact-driver,release,0,777920,692,73,5256329,True,"[383, 160, 38, 39]",0,lib/tests/builtin/host-runtime.zy,compact_driver
compact-driver,release,0,765128,692,73,5345963,True,"[383, 160, 38, 39]",0,lib/tests/builtin/host-runtime.zy,trim_compact_driver
compact-driver,release,0,705170,692,73,5076960,True,"[383, 160, 38, 39]",1,lib/tests/builtin/host-runtime.zy,trim
compact-driver,release,0,747799,692,73,5189211,True,"[383, 160, 38, 39]",1,lib/tests/builtin/host-runtime.zy,compact_driver
compact-driver,release,0,723090,692,73,5327248,True,"[383, 160, 38, 39]",1,lib/tests/builtin/host-runtime.zy,trim_compact_driver
compact-driver,release,0,699713,692,73,5244748,True,"[383, 160, 38, 39]",1,lib/tests/builtin/host-runtime.zy,baseline
compact-driver,release,0,704457,692,73,5340505,True,"[383, 160, 38, 39]",2,lib/tests/builtin/host-runtime.zy,compact_driver
compact-driver,release,0,712172,692,73,5259503,True,"[383, 160, 38, 39]",2,lib/tests/builtin/host-runtime.zy,trim_compact_driver
compact-driver,release,0,702585,692,73,5136163,True,"[383, 160, 38, 39]",2,lib/tests/builtin/host-runtime.zy,baseline
compact-driver,release,0,690412,692,73,5212045,True,"[383, 160, 38, 39]",2,lib/tests/builtin/host-runtime.zy,trim
compact-driver,release,0,685869,692,73,5260422,True,"[383, 160, 38, 39]",3,lib/tests/builtin/host-runtime.zy,trim_compact_driver
compact-driver,release,0,697954,692,73,5057588,True,"[383, 160, 38, 39]",3,lib/tests/builtin/host-runtime.zy,baseline
compact-driver,release,0,683124,692,73,5135915,True,"[383, 160, 38, 39]",3,lib/tests/builtin/host-runtime.zy,trim
compact-driver,release,0,673006,692,73,5295585,True,"[383, 160, 38, 39]",3,lib/tests/builtin/host-runtime.zy,compact_driver
compact-driver,release,0,675454,692,73,5133751,True,"[383, 160, 38, 39]",4,lib/tests/builtin/host-runtime.zy,baseline
compact-driver,release,0,680712,692,73,5011290,True,"[383, 160, 38, 39]",4,lib/tests/builtin/host-runtime.zy,trim
compact-driver,release,0,676873,692,73,5222918,True,"[383, 160, 38, 39]",4,lib/tests/builtin/host-runtime.zy,compact_driver
compact-driver,release,0,706415,692,73,5178083,True,"[383, 160, 38, 39]",4,lib/tests/builtin/host-runtime.zy,trim_compact_driver
compact-driver,release,0,713745,692,73,5163549,True,"[383, 160, 38, 39]",5,lib/tests/builtin/host-runtime.zy,trim
compact-driver,release,0,681879,692,73,5216718,True,"[383, 160, 38, 39]",5,lib/tests/builtin/host-runtime.zy,compact_driver
compact-driver,release,0,690837,692,73,5178085,True,"[383, 160, 38, 39]",5,lib/tests/builtin/host-runtime.zy,trim_compact_driver
compact-driver,release,0,680835,692,73,5125587,True,"[383, 160, 38, 39]",5,lib/tests/builtin/host-runtime.zy,baseline
compact-driver,release,0,673711,692,73,5289166,True,"[383, 160, 38, 39]",6,lib/tests/builtin/host-runtime.zy,compact_driver
compact-driver,release,0,678787,692,73,5241292,True,"[383, 160, 38, 39]",6,lib/tests/builtin/host-runtime.zy,trim_compact_driver
compact-driver,release,0,674129,692,73,5058506,True,"[383, 160, 38, 39]",6,lib/tests/builtin/host-runtime.zy,baseline
compact-driver,release,0,686458,692,73,5080629,True,"[383, 160, 38, 39]",6,lib/tests/builtin/host-runtime.zy,trim
compact-driver,release,0,704917,692,73,5271628,True,"[383, 160, 38, 39]",7,lib/tests/builtin/host-runtime.zy,trim_compact_driver
compact-driver,release,0,675249,692,73,4985334,True,"[383, 160, 38, 39]",7,lib/tests/builtin/host-runtime.zy,baseline
compact-driver,release,0,700080,692,73,5338750,True,"[383, 160, 38, 39]",7,lib/tests/builtin/host-runtime.zy,trim
compact-driver,release,0,694796,692,73,5487495,True,"[383, 160, 38, 39]",7,lib/tests/builtin/host-runtime.zy,compact_driver
compact-driver,release,0,677624,692,73,5196253,True,"[383, 160, 38, 39]",8,lib/tests/builtin/host-runtime.zy,baseline
compact-driver,release,0,674878,692,73,5100412,True,"[383, 160, 38, 39]",8,lib/tests/builtin/host-runtime.zy,trim
compact-driver,release,0,685751,692,73,5335628,True,"[383, 160, 38, 39]",8,lib/tests/builtin/host-runtime.zy,compact_driver
compact-driver,release,0,715451,692,73,5305500,True,"[383, 160, 38, 39]",8,lib/tests/builtin/host-runtime.zy,trim_compact_driver
compact-driver,release,0,661668,692,73,5130087,True,"[383, 160, 38, 39]",9,lib/tests/builtin/host-runtime.zy,trim
compact-driver,release,0,666205,692,73,5179548,True,"[383, 160, 38, 39]",9,lib/tests/builtin/host-runtime.zy,compact_driver
compact-driver,release,0,700459,692,73,5362580,True,"[383, 160, 38, 39]",9,lib/tests/builtin/host-runtime.zy,trim_compact_driver
compact-driver,release,0,677586,692,73,5113794,True,"[383, 160, 38, 39]",9,lib/tests/builtin/host-runtime.zy,baseline
compact-driver,release,0,701462,692,73,5420083,True,"[383, 160, 38, 39]",10,lib/tests/builtin/host-runtime.zy,compact_driver
compact-driver,release,0,675670,692,73,5161787,True,"[383, 160, 38, 39]",10,lib/tests/builtin/host-runtime.zy,trim_compact_driver
compact-driver,release,0,682961,692,73,5130370,True,"[383, 160, 38, 39]",10,lib/tests/builtin/host-runtime.zy,baseline
compact-driver,release,0,671580,692,73,5222248,True,"[383, 160, 38, 39]",10,lib/tests/builtin/host-runtime.zy,trim
compact-driver,release,0,703741,692,73,5370125,True,"[383, 160, 38, 39]",11,lib/tests/builtin/host-runtime.zy,trim_compact_driver
compact-driver,release,0,678381,692,73,5042041,True,"[383, 160, 38, 39]",11,lib/tests/builtin/host-runtime.zy,baseline
compact-driver,release,0,712875,692,73,5104705,True,"[383, 160, 38, 39]",11,lib/tests/builtin/host-runtime.zy,trim
compact-driver,release,0,682670,692,73,5280664,True,"[383, 160, 38, 39]",11,lib/tests/builtin/host-runtime.zy,compact_driver
compact-driver,release,0,669706,692,73,5087874,True,"[383, 160, 38, 39]",12,lib/tests/builtin/host-runtime.zy,baseline
compact-driver,release,0,667831,692,73,5155587,True,"[383, 160, 38, 39]",12,lib/tests/builtin/host-runtime.zy,trim
compact-driver,release,0,672210,692,73,5271920,True,"[383, 160, 38, 39]",12,lib/tests/builtin/host-runtime.zy,compact_driver
compact-driver,release,0,692169,692,73,5243498,True,"[383, 160, 38, 39]",12,lib/tests/builtin/host-runtime.zy,trim_compact_driver
compact-driver,release,0,679294,692,73,5129999,True,"[383, 160, 38, 39]",13,lib/tests/builtin/host-runtime.zy,trim
compact-driver,release,0,719165,692,73,5272000,True,"[383, 160, 38, 39]",13,lib/tests/builtin/host-runtime.zy,compact_driver
compact-driver,release,0,782461,692,73,5467790,True,"[383, 160, 38, 39]",13,lib/tests/builtin/host-runtime.zy,trim_compact_driver
compact-driver,release,0,697084,692,73,5303790,True,"[383, 160, 38, 39]",13,lib/tests/builtin/host-runtime.zy,baseline
compact-driver,release,0,709917,692,73,5424002,True,"[383, 160, 38, 39]",14,lib/tests/builtin/host-runtime.zy,compact_driver
compact-driver,release,0,671006,692,73,5267838,True,"[383, 160, 38, 39]",14,lib/tests/builtin/host-runtime.zy,trim_compact_driver
compact-driver,release,0,709952,692,73,5209922,True,"[383, 160, 38, 39]",14,lib/tests/builtin/host-runtime.zy,baseline
compact-driver,release,0,703208,692,73,5058578,True,"[383, 160, 38, 39]",14,lib/tests/builtin/host-runtime.zy,trim
compact-driver,release,0,743045,692,73,5397039,True,"[383, 160, 38, 39]",15,lib/tests/builtin/host-runtime.zy,trim_compact_driver
compact-driver,release,0,677544,692,73,5166632,True,"[383, 160, 38, 39]",15,lib/tests/builtin/host-runtime.zy,baseline
compact-driver,release,0,681876,692,73,5247826,True,"[383, 160, 38, 39]",15,lib/tests/builtin/host-runtime.zy,trim
compact-driver,release,0,685457,692,73,5332165,True,"[383, 160, 38, 39]",15,lib/tests/builtin/host-runtime.zy,compact_driver
compact-driver,release,0,736251,692,73,5202874,True,"[383, 160, 38, 39]",16,lib/tests/builtin/host-runtime.zy,baseline
compact-driver,release,0,688671,692,73,5170077,True,"[383, 160, 38, 39]",16,lib/tests/builtin/host-runtime.zy,trim
compact-driver,release,0,722213,692,73,5343083,True,"[383, 160, 38, 39]",16,lib/tests/builtin/host-runtime.zy,compact_driver
compact-driver,release,0,692375,692,73,5327214,True,"[383, 160, 38, 39]",16,lib/tests/builtin/host-runtime.zy,trim_compact_driver
compact-driver,release,0,670796,692,73,5017960,True,"[383, 160, 38, 39]",17,lib/tests/builtin/host-runtime.zy,trim
compact-driver,release,0,660127,692,73,5224753,True,"[383, 160, 38, 39]",17,lib/tests/builtin/host-runtime.zy,compact_driver
compact-driver,release,0,654957,692,73,5206043,True,"[383, 160, 38, 39]",17,lib/tests/builtin/host-runtime.zy,trim_compact_driver
compact-driver,release,0,676080,692,73,5165749,True,"[383, 160, 38, 39]",17,lib/tests/builtin/host-runtime.zy,baseline
compact-driver,release,0,662587,692,73,5255209,True,"[383, 160, 38, 39]",18,lib/tests/builtin/host-runtime.zy,compact_driver
compact-driver,release,0,695577,692,73,5180163,True,"[383, 160, 38, 39]",18,lib/tests/builtin/host-runtime.zy,trim_compact_driver
compact-driver,release,0,668041,692,73,5043248,True,"[383, 160, 38, 39]",18,lib/tests/builtin/host-runtime.zy,baseline
compact-driver,release,0,669630,692,73,5058873,True,"[383, 160, 38, 39]",18,lib/tests/builtin/host-runtime.zy,trim
compact-driver,release,0,654083,692,73,5103420,True,"[383, 160, 38, 39]",19,lib/tests/builtin/host-runtime.zy,trim_compact_driver
compact-driver,release,0,681420,692,73,5186250,True,"[383, 160, 38, 39]",19,lib/tests/builtin/host-runtime.zy,baseline
compact-driver,release,0,714954,692,73,5367833,True,"[383, 160, 38, 39]",19,lib/tests/builtin/host-runtime.zy,trim
compact-driver,release,0,673375,692,73,5388211,True,"[383, 160, 38, 39]",19,lib/tests/builtin/host-runtime.zy,compact_driver
compact-driver,release,0,660956,692,73,5096251,True,"[383, 160, 38, 39]",20,lib/tests/builtin/host-runtime.zy,baseline
compact-driver,release,0,691750,692,73,5159583,True,"[383, 160, 38, 39]",20,lib/tests/builtin/host-runtime.zy,trim
compact-driver,release,0,658503,692,73,5306290,True,"[383, 160, 38, 39]",20,lib/tests/builtin/host-runtime.zy,compact_driver
compact-driver,release,0,666334,692,73,5251503,True,"[383, 160, 38, 39]",20,lib/tests/builtin/host-runtime.zy,trim_compact_driver
compact-driver,release,0,674331,692,73,5062291,True,"[383, 160, 38, 39]",21,lib/tests/builtin/host-runtime.zy,trim
compact-driver,release,0,680712,692,73,5446085,True,"[383, 160, 38, 39]",21,lib/tests/builtin/host-runtime.zy,compact_driver
compact-driver,release,0,686797,692,73,5370371,True,"[383, 160, 38, 39]",21,lib/tests/builtin/host-runtime.zy,trim_compact_driver
compact-driver,release,0,665707,692,73,5147293,True,"[383, 160, 38, 39]",21,lib/tests/builtin/host-runtime.zy,baseline
compact-driver,release,0,661918,692,73,5225791,True,"[383, 160, 38, 39]",22,lib/tests/builtin/host-runtime.zy,compact_driver
compact-driver,release,0,661169,692,73,5162287,True,"[383, 160, 38, 39]",22,lib/tests/builtin/host-runtime.zy,trim_compact_driver
compact-driver,release,0,717086,692,73,5138212,True,"[383, 160, 38, 39]",22,lib/tests/builtin/host-runtime.zy,baseline
compact-driver,release,0,705047,692,73,5055369,True,"[383, 160, 38, 39]",22,lib/tests/builtin/host-runtime.zy,trim
compact-driver,release,0,721084,692,73,5401621,True,"[383, 160, 38, 39]",23,lib/tests/builtin/host-runtime.zy,trim_compact_driver
compact-driver,release,0,660869,692,73,5109542,True,"[383, 160, 38, 39]",23,lib/tests/builtin/host-runtime.zy,baseline
compact-driver,release,0,675752,692,73,5139131,True,"[383, 160, 38, 39]",23,lib/tests/builtin/host-runtime.zy,trim
compact-driver,release,0,655834,692,73,5271333,True,"[383, 160, 38, 39]",23,lib/tests/builtin/host-runtime.zy,compact_driver
compact-driver,release,0,665043,692,73,5004546,True,"[383, 160, 38, 39]",24,lib/tests/builtin/host-runtime.zy,baseline
compact-driver,release,0,665714,692,73,5069457,True,"[383, 160, 38, 39]",24,lib/tests/builtin/host-runtime.zy,trim
compact-driver,release,0,658588,692,73,5294702,True,"[383, 160, 38, 39]",24,lib/tests/builtin/host-runtime.zy,compact_driver
compact-driver,release,0,674040,692,73,5375376,True,"[383, 160, 38, 39]",24,lib/tests/builtin/host-runtime.zy,trim_compact_driver
compact-driver,release,0,662418,692,73,5026212,True,"[383, 160, 38, 39]",25,lib/tests/builtin/host-runtime.zy,trim
compact-driver,release,0,700330,692,73,5446879,True,"[383, 160, 38, 39]",25,lib/tests/builtin/host-runtime.zy,compact_driver
compact-driver,release,0,677458,692,73,5352080,True,"[383, 160, 38, 39]",25,lib/tests/builtin/host-runtime.zy,trim_compact_driver
compact-driver,release,0,689957,692,73,5167498,True,"[383, 160, 38, 39]",25,lib/tests/builtin/host-runtime.zy,baseline
compact-driver,release,0,677540,692,73,5342457,True,"[383, 160, 38, 39]",26,lib/tests/builtin/host-runtime.zy,compact_driver
compact-driver,release,0,726461,692,73,5260582,True,"[383, 160, 38, 39]",26,lib/tests/builtin/host-runtime.zy,trim_compact_driver
compact-driver,release,0,723126,692,73,5212331,True,"[383, 160, 38, 39]",26,lib/tests/builtin/host-runtime.zy,baseline
compact-driver,release,0,685418,692,73,5200006,True,"[383, 160, 38, 39]",26,lib/tests/builtin/host-runtime.zy,trim
compact-driver,release,0,697543,692,73,5372748,True,"[383, 160, 38, 39]",27,lib/tests/builtin/host-runtime.zy,trim_compact_driver
compact-driver,release,0,680125,692,73,5151665,True,"[383, 160, 38, 39]",27,lib/tests/builtin/host-runtime.zy,baseline
compact-driver,release,0,681456,692,73,5144002,True,"[383, 160, 38, 39]",27,lib/tests/builtin/host-runtime.zy,trim
compact-driver,release,0,664083,692,73,5154955,True,"[383, 160, 38, 39]",27,lib/tests/builtin/host-runtime.zy,compact_driver
compact-driver,release,0,674043,692,73,5153996,True,"[383, 160, 38, 39]",28,lib/tests/builtin/host-runtime.zy,baseline
compact-driver,release,0,677038,692,73,5100088,True,"[383, 160, 38, 39]",28,lib/tests/builtin/host-runtime.zy,trim
compact-driver,release,0,671534,692,73,5317671,True,"[383, 160, 38, 39]",28,lib/tests/builtin/host-runtime.zy,compact_driver
compact-driver,release,0,646504,692,73,5155791,True,"[383, 160, 38, 39]",28,lib/tests/builtin/host-runtime.zy,trim_compact_driver
compact-driver,release,0,682626,692,73,5035876,True,"[383, 160, 38, 39]",29,lib/tests/builtin/host-runtime.zy,trim
compact-driver,release,0,657711,692,73,5253292,True,"[383, 160, 38, 39]",29,lib/tests/builtin/host-runtime.zy,compact_driver
compact-driver,release,0,661791,692,73,5246663,True,"[383, 160, 38, 39]",29,lib/tests/builtin/host-runtime.zy,trim_compact_driver
compact-driver,release,0,687670,692,73,5105667,True,"[383, 160, 38, 39]",29,lib/tests/builtin/host-runtime.zy,baseline
compact-driver,release,0,654545,692,73,5242459,True,"[383, 160, 38, 39]",30,lib/tests/builtin/host-runtime.zy,compact_driver
compact-driver,release,0,682379,692,73,5231627,True,"[383, 160, 38, 39]",30,lib/tests/builtin/host-runtime.zy,trim_compact_driver
compact-driver,release,0,669169,692,73,5103702,True,"[383, 160, 38, 39]",30,lib/tests/builtin/host-runtime.zy,baseline
compact-driver,release,0,644623,692,73,4979799,True,"[383, 160, 38, 39]",30,lib/tests/builtin/host-runtime.zy,trim
compact-driver,release,0,693043,692,73,5173001,True,"[383, 160, 38, 39]",31,lib/tests/builtin/host-runtime.zy,trim_compact_driver
compact-driver,release,0,731835,692,73,5271248,True,"[383, 160, 38, 39]",31,lib/tests/builtin/host-runtime.zy,baseline
compact-driver,release,0,697621,692,73,5231504,True,"[383, 160, 38, 39]",31,lib/tests/builtin/host-runtime.zy,trim
compact-driver,release,0,707508,692,73,5377998,True,"[383, 160, 38, 39]",31,lib/tests/builtin/host-runtime.zy,compact_driver
compact-driver,release,0,652745,251,154,5035388,False,"[191, 52, 14, 0]",0,lib/tests/delimcc/reset-shift-k.zy,baseline
compact-driver,release,0,619121,251,154,4997047,False,"[191, 52, 14, 0]",0,lib/tests/delimcc/reset-shift-k.zy,trim
compact-driver,release,0,637754,251,154,5223122,False,"[191, 52, 14, 0]",0,lib/tests/delimcc/reset-shift-k.zy,compact_driver
compact-driver,release,0,627500,251,154,5183504,False,"[191, 52, 14, 0]",0,lib/tests/delimcc/reset-shift-k.zy,trim_compact_driver
compact-driver,release,0,586464,251,154,4991495,False,"[191, 52, 14, 0]",1,lib/tests/delimcc/reset-shift-k.zy,trim
compact-driver,release,0,639752,251,154,5196038,False,"[191, 52, 14, 0]",1,lib/tests/delimcc/reset-shift-k.zy,compact_driver
compact-driver,release,0,599445,251,154,5102204,False,"[191, 52, 14, 0]",1,lib/tests/delimcc/reset-shift-k.zy,trim_compact_driver
compact-driver,release,0,639537,251,154,4966919,False,"[191, 52, 14, 0]",1,lib/tests/delimcc/reset-shift-k.zy,baseline
compact-driver,release,0,632916,251,154,5150583,False,"[191, 52, 14, 0]",2,lib/tests/delimcc/reset-shift-k.zy,compact_driver
compact-driver,release,0,609795,251,154,5218577,False,"[191, 52, 14, 0]",2,lib/tests/delimcc/reset-shift-k.zy,trim_compact_driver
compact-driver,release,0,592875,251,154,5096250,False,"[191, 52, 14, 0]",2,lib/tests/delimcc/reset-shift-k.zy,baseline
compact-driver,release,0,589961,251,154,5011334,False,"[191, 52, 14, 0]",2,lib/tests/delimcc/reset-shift-k.zy,trim
compact-driver,release,0,581587,251,154,5104451,False,"[191, 52, 14, 0]",3,lib/tests/delimcc/reset-shift-k.zy,trim_compact_driver
compact-driver,release,0,578572,251,154,4956956,False,"[191, 52, 14, 0]",3,lib/tests/delimcc/reset-shift-k.zy,baseline
compact-driver,release,0,590914,251,154,5050961,False,"[191, 52, 14, 0]",3,lib/tests/delimcc/reset-shift-k.zy,trim
compact-driver,release,0,607920,251,154,5062292,False,"[191, 52, 14, 0]",3,lib/tests/delimcc/reset-shift-k.zy,compact_driver
compact-driver,release,0,608585,251,154,4962676,False,"[191, 52, 14, 0]",4,lib/tests/delimcc/reset-shift-k.zy,baseline
compact-driver,release,0,598087,251,154,5008206,False,"[191, 52, 14, 0]",4,lib/tests/delimcc/reset-shift-k.zy,trim
compact-driver,release,0,599042,251,154,5289792,False,"[191, 52, 14, 0]",4,lib/tests/delimcc/reset-shift-k.zy,compact_driver
compact-driver,release,0,640918,251,154,5281340,False,"[191, 52, 14, 0]",4,lib/tests/delimcc/reset-shift-k.zy,trim_compact_driver
compact-driver,release,0,592037,251,154,4981288,False,"[191, 52, 14, 0]",5,lib/tests/delimcc/reset-shift-k.zy,trim
compact-driver,release,0,599878,251,154,5303877,False,"[191, 52, 14, 0]",5,lib/tests/delimcc/reset-shift-k.zy,compact_driver
compact-driver,release,0,601296,251,154,5140548,False,"[191, 52, 14, 0]",5,lib/tests/delimcc/reset-shift-k.zy,trim_compact_driver
compact-driver,release,0,608451,251,154,5042497,False,"[191, 52, 14, 0]",5,lib/tests/delimcc/reset-shift-k.zy,baseline
compact-driver,release,0,624753,251,154,5181866,False,"[191, 52, 14, 0]",6,lib/tests/delimcc/reset-shift-k.zy,compact_driver
compact-driver,release,0,625828,251,154,5172788,False,"[191, 52, 14, 0]",6,lib/tests/delimcc/reset-shift-k.zy,trim_compact_driver
compact-driver,release,0,583836,251,154,4981624,False,"[191, 52, 14, 0]",6,lib/tests/delimcc/reset-shift-k.zy,baseline
compact-driver,release,0,622793,251,154,5009002,False,"[191, 52, 14, 0]",6,lib/tests/delimcc/reset-shift-k.zy,trim
compact-driver,release,0,600913,251,154,5258136,False,"[191, 52, 14, 0]",7,lib/tests/delimcc/reset-shift-k.zy,trim_compact_driver
compact-driver,release,0,584827,251,154,4921037,False,"[191, 52, 14, 0]",7,lib/tests/delimcc/reset-shift-k.zy,baseline
compact-driver,release,0,592042,251,154,5003666,False,"[191, 52, 14, 0]",7,lib/tests/delimcc/reset-shift-k.zy,trim
compact-driver,release,0,593041,251,154,5131578,False,"[191, 52, 14, 0]",7,lib/tests/delimcc/reset-shift-k.zy,compact_driver
compact-driver,release,0,575872,251,154,4932162,False,"[191, 52, 14, 0]",8,lib/tests/delimcc/reset-shift-k.zy,baseline
compact-driver,release,0,582497,251,154,4925083,False,"[191, 52, 14, 0]",8,lib/tests/delimcc/reset-shift-k.zy,trim
compact-driver,release,0,622588,251,154,5197924,False,"[191, 52, 14, 0]",8,lib/tests/delimcc/reset-shift-k.zy,compact_driver
compact-driver,release,0,617547,251,154,5198700,False,"[191, 52, 14, 0]",8,lib/tests/delimcc/reset-shift-k.zy,trim_compact_driver
compact-driver,release,0,593336,251,154,5081502,False,"[191, 52, 14, 0]",9,lib/tests/delimcc/reset-shift-k.zy,trim
compact-driver,release,0,579669,251,154,5206085,False,"[191, 52, 14, 0]",9,lib/tests/delimcc/reset-shift-k.zy,compact_driver
compact-driver,release,0,595468,251,154,5154964,False,"[191, 52, 14, 0]",9,lib/tests/delimcc/reset-shift-k.zy,trim_compact_driver
compact-driver,release,0,588624,251,154,4889171,False,"[191, 52, 14, 0]",9,lib/tests/delimcc/reset-shift-k.zy,baseline
compact-driver,release,0,578884,251,154,5186127,False,"[191, 52, 14, 0]",10,lib/tests/delimcc/reset-shift-k.zy,compact_driver
compact-driver,release,0,581837,251,154,5084538,False,"[191, 52, 14, 0]",10,lib/tests/delimcc/reset-shift-k.zy,trim_compact_driver
compact-driver,release,0,580041,251,154,4990170,False,"[191, 52, 14, 0]",10,lib/tests/delimcc/reset-shift-k.zy,baseline
compact-driver,release,0,611833,251,154,5219992,False,"[191, 52, 14, 0]",10,lib/tests/delimcc/reset-shift-k.zy,trim
compact-driver,release,0,643673,251,154,5375213,False,"[191, 52, 14, 0]",11,lib/tests/delimcc/reset-shift-k.zy,trim_compact_driver
compact-driver,release,0,619371,251,154,5144047,False,"[191, 52, 14, 0]",11,lib/tests/delimcc/reset-shift-k.zy,baseline
compact-driver,release,0,604586,251,154,5033418,False,"[191, 52, 14, 0]",11,lib/tests/delimcc/reset-shift-k.zy,trim
compact-driver,release,0,606835,251,154,5182670,False,"[191, 52, 14, 0]",11,lib/tests/delimcc/reset-shift-k.zy,compact_driver
compact-driver,release,0,588165,251,154,4915046,False,"[191, 52, 14, 0]",12,lib/tests/delimcc/reset-shift-k.zy,baseline
compact-driver,release,0,641075,251,154,5021545,False,"[191, 52, 14, 0]",12,lib/tests/delimcc/reset-shift-k.zy,trim
compact-driver,release,0,598456,251,154,5207919,False,"[191, 52, 14, 0]",12,lib/tests/delimcc/reset-shift-k.zy,compact_driver
compact-driver,release,0,624008,251,154,5210413,False,"[191, 52, 14, 0]",12,lib/tests/delimcc/reset-shift-k.zy,trim_compact_driver
compact-driver,release,0,593259,251,154,5036578,False,"[191, 52, 14, 0]",13,lib/tests/delimcc/reset-shift-k.zy,trim
compact-driver,release,0,595155,251,154,5129916,False,"[191, 52, 14, 0]",13,lib/tests/delimcc/reset-shift-k.zy,compact_driver
compact-driver,release,0,591879,251,154,5082125,False,"[191, 52, 14, 0]",13,lib/tests/delimcc/reset-shift-k.zy,trim_compact_driver
compact-driver,release,0,620215,251,154,4935495,False,"[191, 52, 14, 0]",13,lib/tests/delimcc/reset-shift-k.zy,baseline
compact-driver,release,0,610295,251,154,5252880,False,"[191, 52, 14, 0]",14,lib/tests/delimcc/reset-shift-k.zy,compact_driver
compact-driver,release,0,610549,251,154,5243132,False,"[191, 52, 14, 0]",14,lib/tests/delimcc/reset-shift-k.zy,trim_compact_driver
compact-driver,release,0,594667,251,154,5054249,False,"[191, 52, 14, 0]",14,lib/tests/delimcc/reset-shift-k.zy,baseline
compact-driver,release,0,603871,251,154,5032825,False,"[191, 52, 14, 0]",14,lib/tests/delimcc/reset-shift-k.zy,trim
compact-driver,release,0,588175,251,154,5103500,False,"[191, 52, 14, 0]",15,lib/tests/delimcc/reset-shift-k.zy,trim_compact_driver
compact-driver,release,0,572127,251,154,4913625,False,"[191, 52, 14, 0]",15,lib/tests/delimcc/reset-shift-k.zy,baseline
compact-driver,release,0,583619,251,154,4965709,False,"[191, 52, 14, 0]",15,lib/tests/delimcc/reset-shift-k.zy,trim
compact-driver,release,0,596047,251,154,5107622,False,"[191, 52, 14, 0]",15,lib/tests/delimcc/reset-shift-k.zy,compact_driver
compact-driver,release,0,609744,251,154,4947001,False,"[191, 52, 14, 0]",16,lib/tests/delimcc/reset-shift-k.zy,baseline
compact-driver,release,0,610585,251,154,5027953,False,"[191, 52, 14, 0]",16,lib/tests/delimcc/reset-shift-k.zy,trim
compact-driver,release,0,608163,251,154,5213200,False,"[191, 52, 14, 0]",16,lib/tests/delimcc/reset-shift-k.zy,compact_driver
compact-driver,release,0,586544,251,154,5128039,False,"[191, 52, 14, 0]",16,lib/tests/delimcc/reset-shift-k.zy,trim_compact_driver
compact-driver,release,0,615582,251,154,5229509,False,"[191, 52, 14, 0]",17,lib/tests/delimcc/reset-shift-k.zy,trim
compact-driver,release,0,614124,251,154,5271917,False,"[191, 52, 14, 0]",17,lib/tests/delimcc/reset-shift-k.zy,compact_driver
compact-driver,release,0,620950,251,154,5145501,False,"[191, 52, 14, 0]",17,lib/tests/delimcc/reset-shift-k.zy,trim_compact_driver
compact-driver,release,0,591336,251,154,5025833,False,"[191, 52, 14, 0]",17,lib/tests/delimcc/reset-shift-k.zy,baseline
compact-driver,release,0,594001,251,154,5262370,False,"[191, 52, 14, 0]",18,lib/tests/delimcc/reset-shift-k.zy,compact_driver
compact-driver,release,0,581829,251,154,5192254,False,"[191, 52, 14, 0]",18,lib/tests/delimcc/reset-shift-k.zy,trim_compact_driver
compact-driver,release,0,580167,251,154,4996126,False,"[191, 52, 14, 0]",18,lib/tests/delimcc/reset-shift-k.zy,baseline
compact-driver,release,0,596791,251,154,5156633,False,"[191, 52, 14, 0]",18,lib/tests/delimcc/reset-shift-k.zy,trim
compact-driver,release,0,614409,251,154,5180786,False,"[191, 52, 14, 0]",19,lib/tests/delimcc/reset-shift-k.zy,trim_compact_driver
compact-driver,release,0,601672,251,154,5043043,False,"[191, 52, 14, 0]",19,lib/tests/delimcc/reset-shift-k.zy,baseline
compact-driver,release,0,591171,251,154,4926457,False,"[191, 52, 14, 0]",19,lib/tests/delimcc/reset-shift-k.zy,trim
compact-driver,release,0,589459,251,154,5107037,False,"[191, 52, 14, 0]",19,lib/tests/delimcc/reset-shift-k.zy,compact_driver
compact-driver,release,0,602469,251,154,4960249,False,"[191, 52, 14, 0]",20,lib/tests/delimcc/reset-shift-k.zy,baseline
compact-driver,release,0,624676,251,154,5048414,False,"[191, 52, 14, 0]",20,lib/tests/delimcc/reset-shift-k.zy,trim
compact-driver,release,0,632881,251,154,5344334,False,"[191, 52, 14, 0]",20,lib/tests/delimcc/reset-shift-k.zy,compact_driver
compact-driver,release,0,609751,251,154,5208245,False,"[191, 52, 14, 0]",20,lib/tests/delimcc/reset-shift-k.zy,trim_compact_driver
compact-driver,release,0,590082,251,154,5027665,False,"[191, 52, 14, 0]",21,lib/tests/delimcc/reset-shift-k.zy,trim
compact-driver,release,0,589409,251,154,5066176,False,"[191, 52, 14, 0]",21,lib/tests/delimcc/reset-shift-k.zy,compact_driver
compact-driver,release,0,591952,251,154,5173378,False,"[191, 52, 14, 0]",21,lib/tests/delimcc/reset-shift-k.zy,trim_compact_driver
compact-driver,release,0,592588,251,154,5072586,False,"[191, 52, 14, 0]",21,lib/tests/delimcc/reset-shift-k.zy,baseline
compact-driver,release,0,574503,251,154,5156497,False,"[191, 52, 14, 0]",22,lib/tests/delimcc/reset-shift-k.zy,compact_driver
compact-driver,release,0,592382,251,154,5336211,False,"[191, 52, 14, 0]",22,lib/tests/delimcc/reset-shift-k.zy,trim_compact_driver
compact-driver,release,0,587824,251,154,5083628,False,"[191, 52, 14, 0]",22,lib/tests/delimcc/reset-shift-k.zy,baseline
compact-driver,release,0,578330,251,154,4983497,False,"[191, 52, 14, 0]",22,lib/tests/delimcc/reset-shift-k.zy,trim
compact-driver,release,0,579166,251,154,5102838,False,"[191, 52, 14, 0]",23,lib/tests/delimcc/reset-shift-k.zy,trim_compact_driver
compact-driver,release,0,621873,251,154,5159421,False,"[191, 52, 14, 0]",23,lib/tests/delimcc/reset-shift-k.zy,baseline
compact-driver,release,0,608161,251,154,5150662,False,"[191, 52, 14, 0]",23,lib/tests/delimcc/reset-shift-k.zy,trim
compact-driver,release,0,614377,251,154,5249538,False,"[191, 52, 14, 0]",23,lib/tests/delimcc/reset-shift-k.zy,compact_driver
compact-driver,release,0,621248,251,154,5242128,False,"[191, 52, 14, 0]",24,lib/tests/delimcc/reset-shift-k.zy,baseline
compact-driver,release,0,626626,251,154,5071669,False,"[191, 52, 14, 0]",24,lib/tests/delimcc/reset-shift-k.zy,trim
compact-driver,release,0,586864,251,154,5249626,False,"[191, 52, 14, 0]",24,lib/tests/delimcc/reset-shift-k.zy,compact_driver
compact-driver,release,0,615412,251,154,5182874,False,"[191, 52, 14, 0]",24,lib/tests/delimcc/reset-shift-k.zy,trim_compact_driver
compact-driver,release,0,605169,251,154,5041081,False,"[191, 52, 14, 0]",25,lib/tests/delimcc/reset-shift-k.zy,trim
compact-driver,release,0,620838,251,154,5314995,False,"[191, 52, 14, 0]",25,lib/tests/delimcc/reset-shift-k.zy,compact_driver
compact-driver,release,0,592209,251,154,5098709,False,"[191, 52, 14, 0]",25,lib/tests/delimcc/reset-shift-k.zy,trim_compact_driver
compact-driver,release,0,591292,251,154,5070291,False,"[191, 52, 14, 0]",25,lib/tests/delimcc/reset-shift-k.zy,baseline
compact-driver,release,0,594419,251,154,5210331,False,"[191, 52, 14, 0]",26,lib/tests/delimcc/reset-shift-k.zy,compact_driver
compact-driver,release,0,586039,251,154,5180077,False,"[191, 52, 14, 0]",26,lib/tests/delimcc/reset-shift-k.zy,trim_compact_driver
compact-driver,release,0,598418,251,154,4912829,False,"[191, 52, 14, 0]",26,lib/tests/delimcc/reset-shift-k.zy,baseline
compact-driver,release,0,595297,251,154,4991500,False,"[191, 52, 14, 0]",26,lib/tests/delimcc/reset-shift-k.zy,trim
compact-driver,release,0,603747,251,154,5170910,False,"[191, 52, 14, 0]",27,lib/tests/delimcc/reset-shift-k.zy,trim_compact_driver
compact-driver,release,0,582830,251,154,4981507,False,"[191, 52, 14, 0]",27,lib/tests/delimcc/reset-shift-k.zy,baseline
compact-driver,release,0,600042,251,154,5054797,False,"[191, 52, 14, 0]",27,lib/tests/delimcc/reset-shift-k.zy,trim
compact-driver,release,0,593624,251,154,5313870,False,"[191, 52, 14, 0]",27,lib/tests/delimcc/reset-shift-k.zy,compact_driver
compact-driver,release,0,607961,251,154,5054754,False,"[191, 52, 14, 0]",28,lib/tests/delimcc/reset-shift-k.zy,baseline
compact-driver,release,0,588586,251,154,5062790,False,"[191, 52, 14, 0]",28,lib/tests/delimcc/reset-shift-k.zy,trim
compact-driver,release,0,616918,251,154,5225820,False,"[191, 52, 14, 0]",28,lib/tests/delimcc/reset-shift-k.zy,compact_driver
compact-driver,release,0,614167,251,154,5183786,False,"[191, 52, 14, 0]",28,lib/tests/delimcc/reset-shift-k.zy,trim_compact_driver
compact-driver,release,0,581868,251,154,4930092,False,"[191, 52, 14, 0]",29,lib/tests/delimcc/reset-shift-k.zy,trim
compact-driver,release,0,595710,251,154,5297259,False,"[191, 52, 14, 0]",29,lib/tests/delimcc/reset-shift-k.zy,compact_driver
compact-driver,release,0,616129,251,154,5280992,False,"[191, 52, 14, 0]",29,lib/tests/delimcc/reset-shift-k.zy,trim_compact_driver
compact-driver,release,0,629913,251,154,5001585,False,"[191, 52, 14, 0]",29,lib/tests/delimcc/reset-shift-k.zy,baseline
compact-driver,release,0,640546,251,154,5248832,False,"[191, 52, 14, 0]",30,lib/tests/delimcc/reset-shift-k.zy,compact_driver
compact-driver,release,0,609212,251,154,5187585,False,"[191, 52, 14, 0]",30,lib/tests/delimcc/reset-shift-k.zy,trim_compact_driver
compact-driver,release,0,600374,251,154,5088419,False,"[191, 52, 14, 0]",30,lib/tests/delimcc/reset-shift-k.zy,baseline
compact-driver,release,0,588589,251,154,5002541,False,"[191, 52, 14, 0]",30,lib/tests/delimcc/reset-shift-k.zy,trim
compact-driver,release,0,582538,251,154,5032002,False,"[191, 52, 14, 0]",31,lib/tests/delimcc/reset-shift-k.zy,trim_compact_driver
compact-driver,release,0,627545,251,154,4936625,False,"[191, 52, 14, 0]",31,lib/tests/delimcc/reset-shift-k.zy,baseline
compact-driver,release,0,609376,251,154,5100543,False,"[191, 52, 14, 0]",31,lib/tests/delimcc/reset-shift-k.zy,trim
compact-driver,release,0,595469,251,154,5244663,False,"[191, 52, 14, 0]",31,lib/tests/delimcc/reset-shift-k.zy,compact_driver
compact-driver,release,0,644544,251,163,5060586,True,"[184, 51, 14, 13]",0,lib/tests/delimcc/reset-shift-k.zy,baseline
compact-driver,release,0,677707,251,163,5161248,True,"[184, 51, 14, 13]",0,lib/tests/delimcc/reset-shift-k.zy,trim
compact-driver,release,0,680463,251,163,5326374,True,"[184, 51, 14, 13]",0,lib/tests/delimcc/reset-shift-k.zy,compact_driver
compact-driver,release,0,655461,251,163,5259332,True,"[184, 51, 14, 13]",0,lib/tests/delimcc/reset-shift-k.zy,trim_compact_driver
compact-driver,release,0,668667,251,163,5064173,True,"[184, 51, 14, 13]",1,lib/tests/delimcc/reset-shift-k.zy,trim
compact-driver,release,0,660038,251,163,5300009,True,"[184, 51, 14, 13]",1,lib/tests/delimcc/reset-shift-k.zy,compact_driver
compact-driver,release,0,647578,251,163,5261670,True,"[184, 51, 14, 13]",1,lib/tests/delimcc/reset-shift-k.zy,trim_compact_driver
compact-driver,release,0,631374,251,163,5209453,True,"[184, 51, 14, 13]",1,lib/tests/delimcc/reset-shift-k.zy,baseline
compact-driver,release,0,614532,251,163,5238540,True,"[184, 51, 14, 13]",2,lib/tests/delimcc/reset-shift-k.zy,compact_driver
compact-driver,release,0,620117,251,163,5233041,True,"[184, 51, 14, 13]",2,lib/tests/delimcc/reset-shift-k.zy,trim_compact_driver
compact-driver,release,0,636122,251,163,5163122,True,"[184, 51, 14, 13]",2,lib/tests/delimcc/reset-shift-k.zy,baseline
compact-driver,release,0,616711,251,163,5142668,True,"[184, 51, 14, 13]",2,lib/tests/delimcc/reset-shift-k.zy,trim
compact-driver,release,0,619950,251,163,5171168,True,"[184, 51, 14, 13]",3,lib/tests/delimcc/reset-shift-k.zy,trim_compact_driver
compact-driver,release,0,638708,251,163,5202175,True,"[184, 51, 14, 13]",3,lib/tests/delimcc/reset-shift-k.zy,baseline
compact-driver,release,0,814004,251,163,7263402,True,"[184, 51, 14, 13]",3,lib/tests/delimcc/reset-shift-k.zy,trim
compact-driver,release,0,997127,251,163,7528169,True,"[184, 51, 14, 13]",3,lib/tests/delimcc/reset-shift-k.zy,compact_driver
compact-driver,release,0,874336,251,163,6359376,True,"[184, 51, 14, 13]",4,lib/tests/delimcc/reset-shift-k.zy,baseline
compact-driver,release,0,656746,251,163,5428874,True,"[184, 51, 14, 13]",4,lib/tests/delimcc/reset-shift-k.zy,trim
compact-driver,release,0,691583,251,163,5433005,True,"[184, 51, 14, 13]",4,lib/tests/delimcc/reset-shift-k.zy,compact_driver
compact-driver,release,0,668033,251,163,5438958,True,"[184, 51, 14, 13]",4,lib/tests/delimcc/reset-shift-k.zy,trim_compact_driver
compact-driver,release,0,631675,251,163,5240620,True,"[184, 51, 14, 13]",5,lib/tests/delimcc/reset-shift-k.zy,trim
compact-driver,release,0,625336,251,163,5390168,True,"[184, 51, 14, 13]",5,lib/tests/delimcc/reset-shift-k.zy,compact_driver
compact-driver,release,0,650125,251,163,5377159,True,"[184, 51, 14, 13]",5,lib/tests/delimcc/reset-shift-k.zy,trim_compact_driver
compact-driver,release,0,678756,251,163,5287167,True,"[184, 51, 14, 13]",5,lib/tests/delimcc/reset-shift-k.zy,baseline
compact-driver,release,0,687333,251,163,5452580,True,"[184, 51, 14, 13]",6,lib/tests/delimcc/reset-shift-k.zy,compact_driver
compact-driver,release,0,637788,251,163,5291620,True,"[184, 51, 14, 13]",6,lib/tests/delimcc/reset-shift-k.zy,trim_compact_driver
compact-driver,release,0,677289,251,163,5124669,True,"[184, 51, 14, 13]",6,lib/tests/delimcc/reset-shift-k.zy,baseline
compact-driver,release,0,637626,251,163,5118368,True,"[184, 51, 14, 13]",6,lib/tests/delimcc/reset-shift-k.zy,trim
compact-driver,release,0,638037,251,163,5285711,True,"[184, 51, 14, 13]",7,lib/tests/delimcc/reset-shift-k.zy,trim_compact_driver
compact-driver,release,0,654214,251,163,5135705,True,"[184, 51, 14, 13]",7,lib/tests/delimcc/reset-shift-k.zy,baseline
compact-driver,release,0,619943,251,163,5078708,True,"[184, 51, 14, 13]",7,lib/tests/delimcc/reset-shift-k.zy,trim
compact-driver,release,0,666868,251,163,5557998,True,"[184, 51, 14, 13]",7,lib/tests/delimcc/reset-shift-k.zy,compact_driver
compact-driver,release,0,654830,251,163,5168422,True,"[184, 51, 14, 13]",8,lib/tests/delimcc/reset-shift-k.zy,baseline
compact-driver,release,0,666331,251,163,5359037,True,"[184, 51, 14, 13]",8,lib/tests/delimcc/reset-shift-k.zy,trim
compact-driver,release,0,662584,251,163,5515247,True,"[184, 51, 14, 13]",8,lib/tests/delimcc/reset-shift-k.zy,compact_driver
compact-driver,release,0,624746,251,163,5337747,True,"[184, 51, 14, 13]",8,lib/tests/delimcc/reset-shift-k.zy,trim_compact_driver
compact-driver,release,0,650952,251,163,5314415,True,"[184, 51, 14, 13]",9,lib/tests/delimcc/reset-shift-k.zy,trim
compact-driver,release,0,674496,251,163,5354508,True,"[184, 51, 14, 13]",9,lib/tests/delimcc/reset-shift-k.zy,compact_driver
compact-driver,release,0,649623,251,163,5334087,True,"[184, 51, 14, 13]",9,lib/tests/delimcc/reset-shift-k.zy,trim_compact_driver
compact-driver,release,0,664738,251,163,5170998,True,"[184, 51, 14, 13]",9,lib/tests/delimcc/reset-shift-k.zy,baseline
compact-driver,release,0,651537,251,163,5414079,True,"[184, 51, 14, 13]",10,lib/tests/delimcc/reset-shift-k.zy,compact_driver
compact-driver,release,0,689579,251,163,5246413,True,"[184, 51, 14, 13]",10,lib/tests/delimcc/reset-shift-k.zy,trim_compact_driver
compact-driver,release,0,647924,251,163,5177880,True,"[184, 51, 14, 13]",10,lib/tests/delimcc/reset-shift-k.zy,baseline
compact-driver,release,0,617463,251,163,5137698,True,"[184, 51, 14, 13]",10,lib/tests/delimcc/reset-shift-k.zy,trim
compact-driver,release,0,620082,251,163,5312955,True,"[184, 51, 14, 13]",11,lib/tests/delimcc/reset-shift-k.zy,trim_compact_driver
compact-driver,release,0,654048,251,163,5468624,True,"[184, 51, 14, 13]",11,lib/tests/delimcc/reset-shift-k.zy,baseline
compact-driver,release,0,642957,251,163,5388416,True,"[184, 51, 14, 13]",11,lib/tests/delimcc/reset-shift-k.zy,trim
compact-driver,release,0,655337,251,163,5532549,True,"[184, 51, 14, 13]",11,lib/tests/delimcc/reset-shift-k.zy,compact_driver
compact-driver,release,0,663956,251,163,5339587,True,"[184, 51, 14, 13]",12,lib/tests/delimcc/reset-shift-k.zy,baseline
compact-driver,release,0,670542,251,163,5386255,True,"[184, 51, 14, 13]",12,lib/tests/delimcc/reset-shift-k.zy,trim
compact-driver,release,0,655261,251,163,5568457,True,"[184, 51, 14, 13]",12,lib/tests/delimcc/reset-shift-k.zy,compact_driver
compact-driver,release,0,648831,251,163,5365997,True,"[184, 51, 14, 13]",12,lib/tests/delimcc/reset-shift-k.zy,trim_compact_driver
compact-driver,release,0,640666,251,163,5272117,True,"[184, 51, 14, 13]",13,lib/tests/delimcc/reset-shift-k.zy,trim
compact-driver,release,0,639963,251,163,5416659,True,"[184, 51, 14, 13]",13,lib/tests/delimcc/reset-shift-k.zy,compact_driver
compact-driver,release,0,623664,251,163,5340421,True,"[184, 51, 14, 13]",13,lib/tests/delimcc/reset-shift-k.zy,trim_compact_driver
compact-driver,release,0,618996,251,163,5076007,True,"[184, 51, 14, 13]",13,lib/tests/delimcc/reset-shift-k.zy,baseline
compact-driver,release,0,646998,251,163,5275457,True,"[184, 51, 14, 13]",14,lib/tests/delimcc/reset-shift-k.zy,compact_driver
compact-driver,release,0,600214,251,163,5147208,True,"[184, 51, 14, 13]",14,lib/tests/delimcc/reset-shift-k.zy,trim_compact_driver
compact-driver,release,0,617338,251,163,5087083,True,"[184, 51, 14, 13]",14,lib/tests/delimcc/reset-shift-k.zy,baseline
compact-driver,release,0,648374,251,163,5136082,True,"[184, 51, 14, 13]",14,lib/tests/delimcc/reset-shift-k.zy,trim
compact-driver,release,0,625132,251,163,5290874,True,"[184, 51, 14, 13]",15,lib/tests/delimcc/reset-shift-k.zy,trim_compact_driver
compact-driver,release,0,631002,251,163,5247538,True,"[184, 51, 14, 13]",15,lib/tests/delimcc/reset-shift-k.zy,baseline
compact-driver,release,0,607624,251,163,5100714,True,"[184, 51, 14, 13]",15,lib/tests/delimcc/reset-shift-k.zy,trim
compact-driver,release,0,621166,251,163,5287926,True,"[184, 51, 14, 13]",15,lib/tests/delimcc/reset-shift-k.zy,compact_driver
compact-driver,release,0,633875,251,163,5161836,True,"[184, 51, 14, 13]",16,lib/tests/delimcc/reset-shift-k.zy,baseline
compact-driver,release,0,630241,251,163,5185841,True,"[184, 51, 14, 13]",16,lib/tests/delimcc/reset-shift-k.zy,trim
compact-driver,release,0,640456,251,163,5263262,True,"[184, 51, 14, 13]",16,lib/tests/delimcc/reset-shift-k.zy,compact_driver
compact-driver,release,0,636000,251,163,5253459,True,"[184, 51, 14, 13]",16,lib/tests/delimcc/reset-shift-k.zy,trim_compact_driver
compact-driver,release,0,608291,251,163,5089880,True,"[184, 51, 14, 13]",17,lib/tests/delimcc/reset-shift-k.zy,trim
compact-driver,release,0,615659,251,163,5287297,True,"[184, 51, 14, 13]",17,lib/tests/delimcc/reset-shift-k.zy,compact_driver
compact-driver,release,0,654867,251,163,5275208,True,"[184, 51, 14, 13]",17,lib/tests/delimcc/reset-shift-k.zy,trim_compact_driver
compact-driver,release,0,638416,251,163,5118576,True,"[184, 51, 14, 13]",17,lib/tests/delimcc/reset-shift-k.zy,baseline
compact-driver,release,0,640244,251,163,5386178,True,"[184, 51, 14, 13]",18,lib/tests/delimcc/reset-shift-k.zy,compact_driver
compact-driver,release,0,615878,251,163,5270124,True,"[184, 51, 14, 13]",18,lib/tests/delimcc/reset-shift-k.zy,trim_compact_driver
compact-driver,release,0,628844,251,163,5056663,True,"[184, 51, 14, 13]",18,lib/tests/delimcc/reset-shift-k.zy,baseline
compact-driver,release,0,623915,251,163,5108501,True,"[184, 51, 14, 13]",18,lib/tests/delimcc/reset-shift-k.zy,trim
compact-driver,release,0,625671,251,163,5217045,True,"[184, 51, 14, 13]",19,lib/tests/delimcc/reset-shift-k.zy,trim_compact_driver
compact-driver,release,0,609369,251,163,5092639,True,"[184, 51, 14, 13]",19,lib/tests/delimcc/reset-shift-k.zy,baseline
compact-driver,release,0,629377,251,163,5245872,True,"[184, 51, 14, 13]",19,lib/tests/delimcc/reset-shift-k.zy,trim
compact-driver,release,0,631744,251,163,5403786,True,"[184, 51, 14, 13]",19,lib/tests/delimcc/reset-shift-k.zy,compact_driver
compact-driver,release,0,625585,251,163,5051500,True,"[184, 51, 14, 13]",20,lib/tests/delimcc/reset-shift-k.zy,baseline
compact-driver,release,0,611794,251,163,5018043,True,"[184, 51, 14, 13]",20,lib/tests/delimcc/reset-shift-k.zy,trim
compact-driver,release,0,628795,251,163,5295542,True,"[184, 51, 14, 13]",20,lib/tests/delimcc/reset-shift-k.zy,compact_driver
compact-driver,release,0,662417,251,163,5546504,True,"[184, 51, 14, 13]",20,lib/tests/delimcc/reset-shift-k.zy,trim_compact_driver
compact-driver,release,0,663174,251,163,5340379,True,"[184, 51, 14, 13]",21,lib/tests/delimcc/reset-shift-k.zy,trim
compact-driver,release,0,673661,251,163,5718053,True,"[184, 51, 14, 13]",21,lib/tests/delimcc/reset-shift-k.zy,compact_driver
compact-driver,release,0,679007,251,163,5457708,True,"[184, 51, 14, 13]",21,lib/tests/delimcc/reset-shift-k.zy,trim_compact_driver
compact-driver,release,0,706592,251,163,5308167,True,"[184, 51, 14, 13]",21,lib/tests/delimcc/reset-shift-k.zy,baseline
compact-driver,release,0,660194,251,163,5525255,True,"[184, 51, 14, 13]",22,lib/tests/delimcc/reset-shift-k.zy,compact_driver
compact-driver,release,0,652580,251,163,5494707,True,"[184, 51, 14, 13]",22,lib/tests/delimcc/reset-shift-k.zy,trim_compact_driver
compact-driver,release,0,647546,251,163,5330501,True,"[184, 51, 14, 13]",22,lib/tests/delimcc/reset-shift-k.zy,baseline
compact-driver,release,0,626378,251,163,5272244,True,"[184, 51, 14, 13]",22,lib/tests/delimcc/reset-shift-k.zy,trim
compact-driver,release,0,652072,251,163,5247718,True,"[184, 51, 14, 13]",23,lib/tests/delimcc/reset-shift-k.zy,trim_compact_driver
compact-driver,release,0,639418,251,163,5182545,True,"[184, 51, 14, 13]",23,lib/tests/delimcc/reset-shift-k.zy,baseline
compact-driver,release,0,619417,251,163,5177706,True,"[184, 51, 14, 13]",23,lib/tests/delimcc/reset-shift-k.zy,trim
compact-driver,release,0,606631,251,163,5262870,True,"[184, 51, 14, 13]",23,lib/tests/delimcc/reset-shift-k.zy,compact_driver
compact-driver,release,0,610494,251,163,5168719,True,"[184, 51, 14, 13]",24,lib/tests/delimcc/reset-shift-k.zy,baseline
compact-driver,release,0,618419,251,163,5199543,True,"[184, 51, 14, 13]",24,lib/tests/delimcc/reset-shift-k.zy,trim
compact-driver,release,0,636875,251,163,5343841,True,"[184, 51, 14, 13]",24,lib/tests/delimcc/reset-shift-k.zy,compact_driver
compact-driver,release,0,646787,251,163,5453799,True,"[184, 51, 14, 13]",24,lib/tests/delimcc/reset-shift-k.zy,trim_compact_driver
compact-driver,release,0,627505,251,163,5147497,True,"[184, 51, 14, 13]",25,lib/tests/delimcc/reset-shift-k.zy,trim
compact-driver,release,0,637873,251,163,5244502,True,"[184, 51, 14, 13]",25,lib/tests/delimcc/reset-shift-k.zy,compact_driver
compact-driver,release,0,658791,251,163,5367292,True,"[184, 51, 14, 13]",25,lib/tests/delimcc/reset-shift-k.zy,trim_compact_driver
compact-driver,release,0,666082,251,163,5180212,True,"[184, 51, 14, 13]",25,lib/tests/delimcc/reset-shift-k.zy,baseline
compact-driver,release,0,665704,251,163,5480119,True,"[184, 51, 14, 13]",26,lib/tests/delimcc/reset-shift-k.zy,compact_driver
compact-driver,release,0,645159,251,163,5331587,True,"[184, 51, 14, 13]",26,lib/tests/delimcc/reset-shift-k.zy,trim_compact_driver
compact-driver,release,0,630746,251,163,5132250,True,"[184, 51, 14, 13]",26,lib/tests/delimcc/reset-shift-k.zy,baseline
compact-driver,release,0,620882,251,163,5055075,True,"[184, 51, 14, 13]",26,lib/tests/delimcc/reset-shift-k.zy,trim
compact-driver,release,0,648457,251,163,5377552,True,"[184, 51, 14, 13]",27,lib/tests/delimcc/reset-shift-k.zy,trim_compact_driver
compact-driver,release,0,654245,251,163,5382118,True,"[184, 51, 14, 13]",27,lib/tests/delimcc/reset-shift-k.zy,baseline
compact-driver,release,0,631754,251,163,5154658,True,"[184, 51, 14, 13]",27,lib/tests/delimcc/reset-shift-k.zy,trim
compact-driver,release,0,644338,251,163,5415001,True,"[184, 51, 14, 13]",27,lib/tests/delimcc/reset-shift-k.zy,compact_driver
compact-driver,release,0,655294,251,163,5220457,True,"[184, 51, 14, 13]",28,lib/tests/delimcc/reset-shift-k.zy,baseline
compact-driver,release,0,717834,251,163,5329289,True,"[184, 51, 14, 13]",28,lib/tests/delimcc/reset-shift-k.zy,trim
compact-driver,release,0,653334,251,163,5289418,True,"[184, 51, 14, 13]",28,lib/tests/delimcc/reset-shift-k.zy,compact_driver
compact-driver,release,0,633496,251,163,5277038,True,"[184, 51, 14, 13]",28,lib/tests/delimcc/reset-shift-k.zy,trim_compact_driver
compact-driver,release,0,611756,251,163,5151877,True,"[184, 51, 14, 13]",29,lib/tests/delimcc/reset-shift-k.zy,trim
compact-driver,release,0,616081,251,163,5241705,True,"[184, 51, 14, 13]",29,lib/tests/delimcc/reset-shift-k.zy,compact_driver
compact-driver,release,0,624665,251,163,5285798,True,"[184, 51, 14, 13]",29,lib/tests/delimcc/reset-shift-k.zy,trim_compact_driver
compact-driver,release,0,655913,251,163,5223662,True,"[184, 51, 14, 13]",29,lib/tests/delimcc/reset-shift-k.zy,baseline
compact-driver,release,0,632836,251,163,5285627,True,"[184, 51, 14, 13]",30,lib/tests/delimcc/reset-shift-k.zy,compact_driver
compact-driver,release,0,631090,251,163,5195836,True,"[184, 51, 14, 13]",30,lib/tests/delimcc/reset-shift-k.zy,trim_compact_driver
compact-driver,release,0,625206,251,163,5126620,True,"[184, 51, 14, 13]",30,lib/tests/delimcc/reset-shift-k.zy,baseline
compact-driver,release,0,612164,251,163,5219623,True,"[184, 51, 14, 13]",30,lib/tests/delimcc/reset-shift-k.zy,trim
compact-driver,release,0,603368,251,163,5151132,True,"[184, 51, 14, 13]",31,lib/tests/delimcc/reset-shift-k.zy,trim_compact_driver
compact-driver,release,0,632451,251,163,5107807,True,"[184, 51, 14, 13]",31,lib/tests/delimcc/reset-shift-k.zy,baseline
compact-driver,release,0,642822,251,163,5205010,True,"[184, 51, 14, 13]",31,lib/tests/delimcc/reset-shift-k.zy,trim
compact-driver,release,0,628090,251,163,5354578,True,"[184, 51, 14, 13]",31,lib/tests/delimcc/reset-shift-k.zy,compact_driver
compact-driver,release,0,645878,516,64,4854792,False,"[439, 163, 16, 0]",0,lib/tests/core/gc-stress.zy,baseline
compact-driver,release,0,642334,516,64,4835839,False,"[439, 163, 16, 0]",0,lib/tests/core/gc-stress.zy,trim
compact-driver,release,0,661916,516,64,5059579,False,"[439, 163, 16, 0]",0,lib/tests/core/gc-stress.zy,compact_driver
compact-driver,release,0,644461,516,64,4828039,False,"[439, 163, 16, 0]",0,lib/tests/core/gc-stress.zy,trim_compact_driver
compact-driver,release,0,619586,516,64,4938959,False,"[439, 163, 16, 0]",1,lib/tests/core/gc-stress.zy,trim
compact-driver,release,0,656502,516,64,5073250,False,"[439, 163, 16, 0]",1,lib/tests/core/gc-stress.zy,compact_driver
compact-driver,release,0,628833,516,64,4981501,False,"[439, 163, 16, 0]",1,lib/tests/core/gc-stress.zy,trim_compact_driver
compact-driver,release,0,620832,516,64,4747825,False,"[439, 163, 16, 0]",1,lib/tests/core/gc-stress.zy,baseline
compact-driver,release,0,642623,516,64,5188459,False,"[439, 163, 16, 0]",2,lib/tests/core/gc-stress.zy,compact_driver
compact-driver,release,0,689041,516,64,4988293,False,"[439, 163, 16, 0]",2,lib/tests/core/gc-stress.zy,trim_compact_driver
compact-driver,release,0,633207,516,64,4941420,False,"[439, 163, 16, 0]",2,lib/tests/core/gc-stress.zy,baseline
compact-driver,release,0,611790,516,64,4813289,False,"[439, 163, 16, 0]",2,lib/tests/core/gc-stress.zy,trim
compact-driver,release,0,629706,516,64,4904337,False,"[439, 163, 16, 0]",3,lib/tests/core/gc-stress.zy,trim_compact_driver
compact-driver,release,0,623459,516,64,4846415,False,"[439, 163, 16, 0]",3,lib/tests/core/gc-stress.zy,baseline
compact-driver,release,0,657584,516,64,4777587,False,"[439, 163, 16, 0]",3,lib/tests/core/gc-stress.zy,trim
compact-driver,release,0,627836,516,64,4960203,False,"[439, 163, 16, 0]",3,lib/tests/core/gc-stress.zy,compact_driver
compact-driver,release,0,631332,516,64,4874713,False,"[439, 163, 16, 0]",4,lib/tests/core/gc-stress.zy,baseline
compact-driver,release,0,587333,516,64,4683628,False,"[439, 163, 16, 0]",4,lib/tests/core/gc-stress.zy,trim
compact-driver,release,0,619706,516,64,4920961,False,"[439, 163, 16, 0]",4,lib/tests/core/gc-stress.zy,compact_driver
compact-driver,release,0,608123,516,64,4996041,False,"[439, 163, 16, 0]",4,lib/tests/core/gc-stress.zy,trim_compact_driver
compact-driver,release,0,575079,516,64,4662249,False,"[439, 163, 16, 0]",5,lib/tests/core/gc-stress.zy,trim
compact-driver,release,0,597916,516,64,4846335,False,"[439, 163, 16, 0]",5,lib/tests/core/gc-stress.zy,compact_driver
compact-driver,release,0,616788,516,64,4867169,False,"[439, 163, 16, 0]",5,lib/tests/core/gc-stress.zy,trim_compact_driver
compact-driver,release,0,596376,516,64,4786916,False,"[439, 163, 16, 0]",5,lib/tests/core/gc-stress.zy,baseline
compact-driver,release,0,585205,516,64,4849915,False,"[439, 163, 16, 0]",6,lib/tests/core/gc-stress.zy,compact_driver
compact-driver,release,0,601414,516,64,4869917,False,"[439, 163, 16, 0]",6,lib/tests/core/gc-stress.zy,trim_compact_driver
compact-driver,release,0,606665,516,64,4843296,False,"[439, 163, 16, 0]",6,lib/tests/core/gc-stress.zy,baseline
compact-driver,release,0,579082,516,64,4619124,False,"[439, 163, 16, 0]",6,lib/tests/core/gc-stress.zy,trim
compact-driver,release,0,607711,516,64,4758796,False,"[439, 163, 16, 0]",7,lib/tests/core/gc-stress.zy,trim_compact_driver
compact-driver,release,0,611627,516,64,4864503,False,"[439, 163, 16, 0]",7,lib/tests/core/gc-stress.zy,baseline
compact-driver,release,0,581667,516,64,4703286,False,"[439, 163, 16, 0]",7,lib/tests/core/gc-stress.zy,trim
compact-driver,release,0,598748,516,64,4889709,False,"[439, 163, 16, 0]",7,lib/tests/core/gc-stress.zy,compact_driver
compact-driver,release,0,606496,516,64,4831289,False,"[439, 163, 16, 0]",8,lib/tests/core/gc-stress.zy,baseline
compact-driver,release,0,632622,516,64,4995584,False,"[439, 163, 16, 0]",8,lib/tests/core/gc-stress.zy,trim
compact-driver,release,0,598746,516,64,5027708,False,"[439, 163, 16, 0]",8,lib/tests/core/gc-stress.zy,compact_driver
compact-driver,release,0,620458,516,64,4916208,False,"[439, 163, 16, 0]",8,lib/tests/core/gc-stress.zy,trim_compact_driver
compact-driver,release,0,605588,516,64,4916497,False,"[439, 163, 16, 0]",9,lib/tests/core/gc-stress.zy,trim
compact-driver,release,0,631666,516,64,4943081,False,"[439, 163, 16, 0]",9,lib/tests/core/gc-stress.zy,compact_driver
compact-driver,release,0,591251,516,64,4898704,False,"[439, 163, 16, 0]",9,lib/tests/core/gc-stress.zy,trim_compact_driver
compact-driver,release,0,584499,516,64,4787587,False,"[439, 163, 16, 0]",9,lib/tests/core/gc-stress.zy,baseline
compact-driver,release,0,594583,516,64,4901335,False,"[439, 163, 16, 0]",10,lib/tests/core/gc-stress.zy,compact_driver
compact-driver,release,0,610125,516,64,4847544,False,"[439, 163, 16, 0]",10,lib/tests/core/gc-stress.zy,trim_compact_driver
compact-driver,release,0,584915,516,64,4762917,False,"[439, 163, 16, 0]",10,lib/tests/core/gc-stress.zy,baseline
compact-driver,release,0,601746,516,64,4747872,False,"[439, 163, 16, 0]",10,lib/tests/core/gc-stress.zy,trim
compact-driver,release,0,638875,516,64,4878700,False,"[439, 163, 16, 0]",11,lib/tests/core/gc-stress.zy,trim_compact_driver
compact-driver,release,0,623297,516,64,4867503,False,"[439, 163, 16, 0]",11,lib/tests/core/gc-stress.zy,baseline
compact-driver,release,0,592127,516,64,4815665,False,"[439, 163, 16, 0]",11,lib/tests/core/gc-stress.zy,trim
compact-driver,release,0,585583,516,64,4969377,False,"[439, 163, 16, 0]",11,lib/tests/core/gc-stress.zy,compact_driver
compact-driver,release,0,610578,516,64,4736456,False,"[439, 163, 16, 0]",12,lib/tests/core/gc-stress.zy,baseline
compact-driver,release,0,595915,516,64,4684254,False,"[439, 163, 16, 0]",12,lib/tests/core/gc-stress.zy,trim
compact-driver,release,0,595708,516,64,4953164,False,"[439, 163, 16, 0]",12,lib/tests/core/gc-stress.zy,compact_driver
compact-driver,release,0,599251,516,64,4940289,False,"[439, 163, 16, 0]",12,lib/tests/core/gc-stress.zy,trim_compact_driver
compact-driver,release,0,601333,516,64,4696619,False,"[439, 163, 16, 0]",13,lib/tests/core/gc-stress.zy,trim
compact-driver,release,0,596208,516,64,4852167,False,"[439, 163, 16, 0]",13,lib/tests/core/gc-stress.zy,compact_driver
compact-driver,release,0,594169,516,64,4806119,False,"[439, 163, 16, 0]",13,lib/tests/core/gc-stress.zy,trim_compact_driver
compact-driver,release,0,595462,516,64,4806210,False,"[439, 163, 16, 0]",13,lib/tests/core/gc-stress.zy,baseline
compact-driver,release,0,587374,516,64,4818082,False,"[439, 163, 16, 0]",14,lib/tests/core/gc-stress.zy,compact_driver
compact-driver,release,0,590379,516,64,4894829,False,"[439, 163, 16, 0]",14,lib/tests/core/gc-stress.zy,trim_compact_driver
compact-driver,release,0,595203,516,64,4910044,False,"[439, 163, 16, 0]",14,lib/tests/core/gc-stress.zy,baseline
compact-driver,release,0,604795,516,64,4936916,False,"[439, 163, 16, 0]",14,lib/tests/core/gc-stress.zy,trim
compact-driver,release,0,635418,516,64,4890789,False,"[439, 163, 16, 0]",15,lib/tests/core/gc-stress.zy,trim_compact_driver
compact-driver,release,0,594081,516,64,4793995,False,"[439, 163, 16, 0]",15,lib/tests/core/gc-stress.zy,baseline
compact-driver,release,0,601711,516,64,4796912,False,"[439, 163, 16, 0]",15,lib/tests/core/gc-stress.zy,trim
compact-driver,release,0,655828,516,64,5041293,False,"[439, 163, 16, 0]",15,lib/tests/core/gc-stress.zy,compact_driver
compact-driver,release,0,623588,516,64,4825328,False,"[439, 163, 16, 0]",16,lib/tests/core/gc-stress.zy,baseline
compact-driver,release,0,585704,516,64,4764832,False,"[439, 163, 16, 0]",16,lib/tests/core/gc-stress.zy,trim
compact-driver,release,0,592579,516,64,4958705,False,"[439, 163, 16, 0]",16,lib/tests/core/gc-stress.zy,compact_driver
compact-driver,release,0,586375,516,64,4820330,False,"[439, 163, 16, 0]",16,lib/tests/core/gc-stress.zy,trim_compact_driver
compact-driver,release,0,603962,516,64,4797626,False,"[439, 163, 16, 0]",17,lib/tests/core/gc-stress.zy,trim
compact-driver,release,0,607207,516,64,4940287,False,"[439, 163, 16, 0]",17,lib/tests/core/gc-stress.zy,compact_driver
compact-driver,release,0,605166,516,64,4901960,False,"[439, 163, 16, 0]",17,lib/tests/core/gc-stress.zy,trim_compact_driver
compact-driver,release,0,596085,516,64,4734375,False,"[439, 163, 16, 0]",17,lib/tests/core/gc-stress.zy,baseline
compact-driver,release,0,604293,516,64,4858624,False,"[439, 163, 16, 0]",18,lib/tests/core/gc-stress.zy,compact_driver
compact-driver,release,0,619373,516,64,4903744,False,"[439, 163, 16, 0]",18,lib/tests/core/gc-stress.zy,trim_compact_driver
compact-driver,release,0,591834,516,64,4792914,False,"[439, 163, 16, 0]",18,lib/tests/core/gc-stress.zy,baseline
compact-driver,release,0,575000,516,64,4726869,False,"[439, 163, 16, 0]",18,lib/tests/core/gc-stress.zy,trim
compact-driver,release,0,591085,516,64,4876709,False,"[439, 163, 16, 0]",19,lib/tests/core/gc-stress.zy,trim_compact_driver
compact-driver,release,0,602499,516,64,4856669,False,"[439, 163, 16, 0]",19,lib/tests/core/gc-stress.zy,baseline
compact-driver,release,0,611792,516,64,4668371,False,"[439, 163, 16, 0]",19,lib/tests/core/gc-stress.zy,trim
compact-driver,release,0,593504,516,64,4878249,False,"[439, 163, 16, 0]",19,lib/tests/core/gc-stress.zy,compact_driver
compact-driver,release,0,581455,516,64,4761878,False,"[439, 163, 16, 0]",20,lib/tests/core/gc-stress.zy,baseline
compact-driver,release,0,601459,516,64,4786910,False,"[439, 163, 16, 0]",20,lib/tests/core/gc-stress.zy,trim
compact-driver,release,0,595039,516,64,4911670,False,"[439, 163, 16, 0]",20,lib/tests/core/gc-stress.zy,compact_driver
compact-driver,release,0,595831,516,64,4902043,False,"[439, 163, 16, 0]",20,lib/tests/core/gc-stress.zy,trim_compact_driver
compact-driver,release,0,602542,516,64,4920373,False,"[439, 163, 16, 0]",21,lib/tests/core/gc-stress.zy,trim
compact-driver,release,0,642831,516,64,5186247,False,"[439, 163, 16, 0]",21,lib/tests/core/gc-stress.zy,compact_driver
compact-driver,release,0,613041,516,64,4796044,False,"[439, 163, 16, 0]",21,lib/tests/core/gc-stress.zy,trim_compact_driver
compact-driver,release,0,597836,516,64,4779207,False,"[439, 163, 16, 0]",21,lib/tests/core/gc-stress.zy,baseline
compact-driver,release,0,604627,516,64,4957876,False,"[439, 163, 16, 0]",22,lib/tests/core/gc-stress.zy,compact_driver
compact-driver,release,0,587792,516,64,4798163,False,"[439, 163, 16, 0]",22,lib/tests/core/gc-stress.zy,trim_compact_driver
compact-driver,release,0,641788,516,64,4880332,False,"[439, 163, 16, 0]",22,lib/tests/core/gc-stress.zy,baseline
compact-driver,release,0,620917,516,64,4740919,False,"[439, 163, 16, 0]",22,lib/tests/core/gc-stress.zy,trim
compact-driver,release,0,614291,516,64,4840504,False,"[439, 163, 16, 0]",23,lib/tests/core/gc-stress.zy,trim_compact_driver
compact-driver,release,0,607003,516,64,4748457,False,"[439, 163, 16, 0]",23,lib/tests/core/gc-stress.zy,baseline
compact-driver,release,0,630996,516,64,4774422,False,"[439, 163, 16, 0]",23,lib/tests/core/gc-stress.zy,trim
compact-driver,release,0,609170,516,64,4910583,False,"[439, 163, 16, 0]",23,lib/tests/core/gc-stress.zy,compact_driver
compact-driver,release,0,584879,516,64,4712963,False,"[439, 163, 16, 0]",24,lib/tests/core/gc-stress.zy,baseline
compact-driver,release,0,605710,516,64,4778078,False,"[439, 163, 16, 0]",24,lib/tests/core/gc-stress.zy,trim
compact-driver,release,0,604713,516,64,4921286,False,"[439, 163, 16, 0]",24,lib/tests/core/gc-stress.zy,compact_driver
compact-driver,release,0,594542,516,64,4742710,False,"[439, 163, 16, 0]",24,lib/tests/core/gc-stress.zy,trim_compact_driver
compact-driver,release,0,610540,516,64,4739084,False,"[439, 163, 16, 0]",25,lib/tests/core/gc-stress.zy,trim
compact-driver,release,0,624957,516,64,4951832,False,"[439, 163, 16, 0]",25,lib/tests/core/gc-stress.zy,compact_driver
compact-driver,release,0,627584,516,64,4816376,False,"[439, 163, 16, 0]",25,lib/tests/core/gc-stress.zy,trim_compact_driver
compact-driver,release,0,583498,516,64,4738083,False,"[439, 163, 16, 0]",25,lib/tests/core/gc-stress.zy,baseline
compact-driver,release,0,604325,516,64,4951464,False,"[439, 163, 16, 0]",26,lib/tests/core/gc-stress.zy,compact_driver
compact-driver,release,0,603418,516,64,4799663,False,"[439, 163, 16, 0]",26,lib/tests/core/gc-stress.zy,trim_compact_driver
compact-driver,release,0,590254,516,64,4755998,False,"[439, 163, 16, 0]",26,lib/tests/core/gc-stress.zy,baseline
compact-driver,release,0,589788,516,64,4720252,False,"[439, 163, 16, 0]",26,lib/tests/core/gc-stress.zy,trim
compact-driver,release,0,578081,516,64,4782959,False,"[439, 163, 16, 0]",27,lib/tests/core/gc-stress.zy,trim_compact_driver
compact-driver,release,0,610210,516,64,4846084,False,"[439, 163, 16, 0]",27,lib/tests/core/gc-stress.zy,baseline
compact-driver,release,0,631078,516,64,5050795,False,"[439, 163, 16, 0]",27,lib/tests/core/gc-stress.zy,trim
compact-driver,release,0,582623,516,64,4871542,False,"[439, 163, 16, 0]",27,lib/tests/core/gc-stress.zy,compact_driver
compact-driver,release,0,602622,516,64,4781667,False,"[439, 163, 16, 0]",28,lib/tests/core/gc-stress.zy,baseline
compact-driver,release,0,599334,516,64,4799290,False,"[439, 163, 16, 0]",28,lib/tests/core/gc-stress.zy,trim
compact-driver,release,0,626332,516,64,5055034,False,"[439, 163, 16, 0]",28,lib/tests/core/gc-stress.zy,compact_driver
compact-driver,release,0,600666,516,64,4788959,False,"[439, 163, 16, 0]",28,lib/tests/core/gc-stress.zy,trim_compact_driver
compact-driver,release,0,574001,516,64,4698630,False,"[439, 163, 16, 0]",29,lib/tests/core/gc-stress.zy,trim
compact-driver,release,0,577416,516,64,4831298,False,"[439, 163, 16, 0]",29,lib/tests/core/gc-stress.zy,compact_driver
compact-driver,release,0,589961,516,64,4827005,False,"[439, 163, 16, 0]",29,lib/tests/core/gc-stress.zy,trim_compact_driver
compact-driver,release,0,582541,516,64,4740670,False,"[439, 163, 16, 0]",29,lib/tests/core/gc-stress.zy,baseline
compact-driver,release,0,607709,516,64,4997665,False,"[439, 163, 16, 0]",30,lib/tests/core/gc-stress.zy,compact_driver
compact-driver,release,0,615373,516,64,5034165,False,"[439, 163, 16, 0]",30,lib/tests/core/gc-stress.zy,trim_compact_driver
compact-driver,release,0,603249,516,64,4783371,False,"[439, 163, 16, 0]",30,lib/tests/core/gc-stress.zy,baseline
compact-driver,release,0,583873,516,64,4735538,False,"[439, 163, 16, 0]",30,lib/tests/core/gc-stress.zy,trim
compact-driver,release,0,624923,516,64,4873748,False,"[439, 163, 16, 0]",31,lib/tests/core/gc-stress.zy,trim_compact_driver
compact-driver,release,0,660749,516,64,4832955,False,"[439, 163, 16, 0]",31,lib/tests/core/gc-stress.zy,baseline
compact-driver,release,0,590127,516,64,4743254,False,"[439, 163, 16, 0]",31,lib/tests/core/gc-stress.zy,trim
compact-driver,release,0,583790,516,64,4874370,False,"[439, 163, 16, 0]",31,lib/tests/core/gc-stress.zy,compact_driver
compact-driver,release,0,642127,516,67,4678873,True,"[422, 163, 16, 15]",0,lib/tests/core/gc-stress.zy,baseline
compact-driver,release,0,648251,516,67,4778745,True,"[422, 163, 16, 15]",0,lib/tests/core/gc-stress.zy,trim
compact-driver,release,0,658752,516,67,4966750,True,"[422, 163, 16, 15]",0,lib/tests/core/gc-stress.zy,compact_driver
compact-driver,release,0,631295,516,67,4847542,True,"[422, 163, 16, 15]",0,lib/tests/core/gc-stress.zy,trim_compact_driver
compact-driver,release,0,633413,516,67,4740290,True,"[422, 163, 16, 15]",1,lib/tests/core/gc-stress.zy,trim
compact-driver,release,0,659001,516,67,4913290,True,"[422, 163, 16, 15]",1,lib/tests/core/gc-stress.zy,compact_driver
compact-driver,release,0,704123,516,67,5207415,True,"[422, 163, 16, 15]",1,lib/tests/core/gc-stress.zy,trim_compact_driver
compact-driver,release,0,623332,516,67,4905584,True,"[422, 163, 16, 15]",1,lib/tests/core/gc-stress.zy,baseline
compact-driver,release,0,634203,516,67,4984418,True,"[422, 163, 16, 15]",2,lib/tests/core/gc-stress.zy,compact_driver
compact-driver,release,0,613041,516,67,4929335,True,"[422, 163, 16, 15]",2,lib/tests/core/gc-stress.zy,trim_compact_driver
compact-driver,release,0,609664,516,67,4801996,True,"[422, 163, 16, 15]",2,lib/tests/core/gc-stress.zy,baseline
compact-driver,release,0,603917,516,67,4790120,True,"[422, 163, 16, 15]",2,lib/tests/core/gc-stress.zy,trim
compact-driver,release,0,615206,516,67,4988792,True,"[422, 163, 16, 15]",3,lib/tests/core/gc-stress.zy,trim_compact_driver
compact-driver,release,0,623419,516,67,4786211,True,"[422, 163, 16, 15]",3,lib/tests/core/gc-stress.zy,baseline
compact-driver,release,0,665337,516,67,4803704,True,"[422, 163, 16, 15]",3,lib/tests/core/gc-stress.zy,trim
compact-driver,release,0,629084,516,67,4880046,True,"[422, 163, 16, 15]",3,lib/tests/core/gc-stress.zy,compact_driver
compact-driver,release,0,638833,516,67,4933671,True,"[422, 163, 16, 15]",4,lib/tests/core/gc-stress.zy,baseline
compact-driver,release,0,615615,516,67,4815132,True,"[422, 163, 16, 15]",4,lib/tests/core/gc-stress.zy,trim
compact-driver,release,0,605330,516,67,4791793,True,"[422, 163, 16, 15]",4,lib/tests/core/gc-stress.zy,compact_driver
compact-driver,release,0,606758,516,67,4820835,True,"[422, 163, 16, 15]",4,lib/tests/core/gc-stress.zy,trim_compact_driver
compact-driver,release,0,611752,516,67,4831000,True,"[422, 163, 16, 15]",5,lib/tests/core/gc-stress.zy,trim
compact-driver,release,0,623583,516,67,4807249,True,"[422, 163, 16, 15]",5,lib/tests/core/gc-stress.zy,compact_driver
compact-driver,release,0,622659,516,67,4884377,True,"[422, 163, 16, 15]",5,lib/tests/core/gc-stress.zy,trim_compact_driver
compact-driver,release,0,631208,516,67,4887833,True,"[422, 163, 16, 15]",5,lib/tests/core/gc-stress.zy,baseline
compact-driver,release,0,638501,516,67,5057377,True,"[422, 163, 16, 15]",6,lib/tests/core/gc-stress.zy,compact_driver
compact-driver,release,0,630873,516,67,4865835,True,"[422, 163, 16, 15]",6,lib/tests/core/gc-stress.zy,trim_compact_driver
compact-driver,release,0,619664,516,67,4861879,True,"[422, 163, 16, 15]",6,lib/tests/core/gc-stress.zy,baseline
compact-driver,release,0,598499,516,67,4826580,True,"[422, 163, 16, 15]",6,lib/tests/core/gc-stress.zy,trim
compact-driver,release,0,590337,516,67,4740869,True,"[422, 163, 16, 15]",7,lib/tests/core/gc-stress.zy,trim_compact_driver
compact-driver,release,0,598123,516,67,4764582,True,"[422, 163, 16, 15]",7,lib/tests/core/gc-stress.zy,baseline
compact-driver,release,0,626416,516,67,4888000,True,"[422, 163, 16, 15]",7,lib/tests/core/gc-stress.zy,trim
compact-driver,release,0,665292,516,67,5021626,True,"[422, 163, 16, 15]",7,lib/tests/core/gc-stress.zy,compact_driver
compact-driver,release,0,670297,516,67,4946540,True,"[422, 163, 16, 15]",8,lib/tests/core/gc-stress.zy,baseline
compact-driver,release,0,605208,516,67,4830247,True,"[422, 163, 16, 15]",8,lib/tests/core/gc-stress.zy,trim
compact-driver,release,0,616708,516,67,4837125,True,"[422, 163, 16, 15]",8,lib/tests/core/gc-stress.zy,compact_driver
compact-driver,release,0,642958,516,67,4886916,True,"[422, 163, 16, 15]",8,lib/tests/core/gc-stress.zy,trim_compact_driver
compact-driver,release,0,649541,516,67,4874921,True,"[422, 163, 16, 15]",9,lib/tests/core/gc-stress.zy,trim
compact-driver,release,0,621627,516,67,4908881,True,"[422, 163, 16, 15]",9,lib/tests/core/gc-stress.zy,compact_driver
compact-driver,release,0,637869,516,67,5023754,True,"[422, 163, 16, 15]",9,lib/tests/core/gc-stress.zy,trim_compact_driver
compact-driver,release,0,607961,516,67,4867916,True,"[422, 163, 16, 15]",9,lib/tests/core/gc-stress.zy,baseline
compact-driver,release,0,614413,516,67,4966256,True,"[422, 163, 16, 15]",10,lib/tests/core/gc-stress.zy,compact_driver
compact-driver,release,0,595839,516,67,4826748,True,"[422, 163, 16, 15]",10,lib/tests/core/gc-stress.zy,trim_compact_driver
compact-driver,release,0,608626,516,67,4715499,True,"[422, 163, 16, 15]",10,lib/tests/core/gc-stress.zy,baseline
compact-driver,release,0,606457,516,67,4811958,True,"[422, 163, 16, 15]",10,lib/tests/core/gc-stress.zy,trim
compact-driver,release,0,601623,516,67,4838917,True,"[422, 163, 16, 15]",11,lib/tests/core/gc-stress.zy,trim_compact_driver
compact-driver,release,0,595300,516,67,4730250,True,"[422, 163, 16, 15]",11,lib/tests/core/gc-stress.zy,baseline
compact-driver,release,0,628499,516,67,4780209,True,"[422, 163, 16, 15]",11,lib/tests/core/gc-stress.zy,trim
compact-driver,release,0,603749,516,67,4829542,True,"[422, 163, 16, 15]",11,lib/tests/core/gc-stress.zy,compact_driver
compact-driver,release,0,585666,516,67,4682334,True,"[422, 163, 16, 15]",12,lib/tests/core/gc-stress.zy,baseline
compact-driver,release,0,619541,516,67,4760873,True,"[422, 163, 16, 15]",12,lib/tests/core/gc-stress.zy,trim
compact-driver,release,0,616660,516,67,4956416,True,"[422, 163, 16, 15]",12,lib/tests/core/gc-stress.zy,compact_driver
compact-driver,release,0,622084,516,67,4821370,True,"[422, 163, 16, 15]",12,lib/tests/core/gc-stress.zy,trim_compact_driver
compact-driver,release,0,594999,516,67,4739417,True,"[422, 163, 16, 15]",13,lib/tests/core/gc-stress.zy,trim
compact-driver,release,0,615041,516,67,4897336,True,"[422, 163, 16, 15]",13,lib/tests/core/gc-stress.zy,compact_driver
compact-driver,release,0,604209,516,67,4858456,True,"[422, 163, 16, 15]",13,lib/tests/core/gc-stress.zy,trim_compact_driver
compact-driver,release,0,613963,516,67,4754456,True,"[422, 163, 16, 15]",13,lib/tests/core/gc-stress.zy,baseline
compact-driver,release,0,632630,516,67,5087211,True,"[422, 163, 16, 15]",14,lib/tests/core/gc-stress.zy,compact_driver
compact-driver,release,0,676166,516,67,5221955,True,"[422, 163, 16, 15]",14,lib/tests/core/gc-stress.zy,trim_compact_driver
compact-driver,release,0,610331,516,67,4813458,True,"[422, 163, 16, 15]",14,lib/tests/core/gc-stress.zy,baseline
compact-driver,release,0,602958,516,67,4861297,True,"[422, 163, 16, 15]",14,lib/tests/core/gc-stress.zy,trim
compact-driver,release,0,619375,516,67,4866000,True,"[422, 163, 16, 15]",15,lib/tests/core/gc-stress.zy,trim_compact_driver
compact-driver,release,0,598043,516,67,4749377,True,"[422, 163, 16, 15]",15,lib/tests/core/gc-stress.zy,baseline
compact-driver,release,0,646209,516,67,4828586,True,"[422, 163, 16, 15]",15,lib/tests/core/gc-stress.zy,trim
compact-driver,release,0,639455,516,67,4936459,True,"[422, 163, 16, 15]",15,lib/tests/core/gc-stress.zy,compact_driver
compact-driver,release,0,586956,516,67,4689626,True,"[422, 163, 16, 15]",16,lib/tests/core/gc-stress.zy,baseline
compact-driver,release,0,591292,516,67,4761585,True,"[422, 163, 16, 15]",16,lib/tests/core/gc-stress.zy,trim
compact-driver,release,0,607582,516,67,4983044,True,"[422, 163, 16, 15]",16,lib/tests/core/gc-stress.zy,compact_driver
compact-driver,release,0,603167,516,67,4908418,True,"[422, 163, 16, 15]",16,lib/tests/core/gc-stress.zy,trim_compact_driver
compact-driver,release,0,665625,516,67,4831504,True,"[422, 163, 16, 15]",17,lib/tests/core/gc-stress.zy,trim
compact-driver,release,0,627042,516,67,4931579,True,"[422, 163, 16, 15]",17,lib/tests/core/gc-stress.zy,compact_driver
compact-driver,release,0,607749,516,67,5010543,True,"[422, 163, 16, 15]",17,lib/tests/core/gc-stress.zy,trim_compact_driver
compact-driver,release,0,580000,516,67,4666208,True,"[422, 163, 16, 15]",17,lib/tests/core/gc-stress.zy,baseline
compact-driver,release,0,612169,516,67,4811456,True,"[422, 163, 16, 15]",18,lib/tests/core/gc-stress.zy,compact_driver
compact-driver,release,0,624294,516,67,4875831,True,"[422, 163, 16, 15]",18,lib/tests/core/gc-stress.zy,trim_compact_driver
compact-driver,release,0,602418,516,67,4732663,True,"[422, 163, 16, 15]",18,lib/tests/core/gc-stress.zy,baseline
compact-driver,release,0,620295,516,67,4787333,True,"[422, 163, 16, 15]",18,lib/tests/core/gc-stress.zy,trim
compact-driver,release,0,612837,516,67,4943916,True,"[422, 163, 16, 15]",19,lib/tests/core/gc-stress.zy,trim_compact_driver
compact-driver,release,0,627289,516,67,4873081,True,"[422, 163, 16, 15]",19,lib/tests/core/gc-stress.zy,baseline
compact-driver,release,0,600669,516,67,4728669,True,"[422, 163, 16, 15]",19,lib/tests/core/gc-stress.zy,trim
compact-driver,release,0,599416,516,67,4913954,True,"[422, 163, 16, 15]",19,lib/tests/core/gc-stress.zy,compact_driver
compact-driver,release,0,612795,516,67,4841085,True,"[422, 163, 16, 15]",20,lib/tests/core/gc-stress.zy,baseline
compact-driver,release,0,632669,516,67,5048625,True,"[422, 163, 16, 15]",20,lib/tests/core/gc-stress.zy,trim
compact-driver,release,0,600921,516,67,4840461,True,"[422, 163, 16, 15]",20,lib/tests/core/gc-stress.zy,compact_driver
compact-driver,release,0,614122,516,67,4869246,True,"[422, 163, 16, 15]",20,lib/tests/core/gc-stress.zy,trim_compact_driver
compact-driver,release,0,592125,516,67,4775456,True,"[422, 163, 16, 15]",21,lib/tests/core/gc-stress.zy,trim
compact-driver,release,0,620046,516,67,4997707,True,"[422, 163, 16, 15]",21,lib/tests/core/gc-stress.zy,compact_driver
compact-driver,release,0,618538,516,67,4949162,True,"[422, 163, 16, 15]",21,lib/tests/core/gc-stress.zy,trim_compact_driver
compact-driver,release,0,606706,516,67,4944875,True,"[422, 163, 16, 15]",21,lib/tests/core/gc-stress.zy,baseline
compact-driver,release,0,628002,516,67,4966669,True,"[422, 163, 16, 15]",22,lib/tests/core/gc-stress.zy,compact_driver
compact-driver,release,0,640501,516,67,5006501,True,"[422, 163, 16, 15]",22,lib/tests/core/gc-stress.zy,trim_compact_driver
compact-driver,release,0,643293,516,67,4766627,True,"[422, 163, 16, 15]",22,lib/tests/core/gc-stress.zy,baseline
compact-driver,release,0,621295,516,67,4887382,True,"[422, 163, 16, 15]",22,lib/tests/core/gc-stress.zy,trim
compact-driver,release,0,616289,516,67,5001994,True,"[422, 163, 16, 15]",23,lib/tests/core/gc-stress.zy,trim_compact_driver
compact-driver,release,0,590120,516,67,4786245,True,"[422, 163, 16, 15]",23,lib/tests/core/gc-stress.zy,baseline
compact-driver,release,0,615460,516,67,4802451,True,"[422, 163, 16, 15]",23,lib/tests/core/gc-stress.zy,trim
compact-driver,release,0,608625,516,67,4936040,True,"[422, 163, 16, 15]",23,lib/tests/core/gc-stress.zy,compact_driver
compact-driver,release,0,618084,516,67,4766039,True,"[422, 163, 16, 15]",24,lib/tests/core/gc-stress.zy,baseline
compact-driver,release,0,603911,516,67,4762833,True,"[422, 163, 16, 15]",24,lib/tests/core/gc-stress.zy,trim
compact-driver,release,0,610957,516,67,4888836,True,"[422, 163, 16, 15]",24,lib/tests/core/gc-stress.zy,compact_driver
compact-driver,release,0,607873,516,67,4878038,True,"[422, 163, 16, 15]",24,lib/tests/core/gc-stress.zy,trim_compact_driver
compact-driver,release,0,614298,516,67,4759671,True,"[422, 163, 16, 15]",25,lib/tests/core/gc-stress.zy,trim
compact-driver,release,0,614707,516,67,4894916,True,"[422, 163, 16, 15]",25,lib/tests/core/gc-stress.zy,compact_driver
compact-driver,release,0,607876,516,67,4890374,True,"[422, 163, 16, 15]",25,lib/tests/core/gc-stress.zy,trim_compact_driver
compact-driver,release,0,611376,516,67,4879000,True,"[422, 163, 16, 15]",25,lib/tests/core/gc-stress.zy,baseline
compact-driver,release,0,588911,516,67,4756839,True,"[422, 163, 16, 15]",26,lib/tests/core/gc-stress.zy,compact_driver
compact-driver,release,0,615958,516,67,4977085,True,"[422, 163, 16, 15]",26,lib/tests/core/gc-stress.zy,trim_compact_driver
compact-driver,release,0,612247,516,67,4914002,True,"[422, 163, 16, 15]",26,lib/tests/core/gc-stress.zy,baseline
compact-driver,release,0,657004,516,67,4904832,True,"[422, 163, 16, 15]",26,lib/tests/core/gc-stress.zy,trim
compact-driver,release,0,641575,516,67,5084539,True,"[422, 163, 16, 15]",27,lib/tests/core/gc-stress.zy,trim_compact_driver
compact-driver,release,0,654961,516,67,5014128,True,"[422, 163, 16, 15]",27,lib/tests/core/gc-stress.zy,baseline
compact-driver,release,0,627417,516,67,4862048,True,"[422, 163, 16, 15]",27,lib/tests/core/gc-stress.zy,trim
compact-driver,release,0,598291,516,67,4843922,True,"[422, 163, 16, 15]",27,lib/tests/core/gc-stress.zy,compact_driver
compact-driver,release,0,622246,516,67,4789046,True,"[422, 163, 16, 15]",28,lib/tests/core/gc-stress.zy,baseline
compact-driver,release,0,650496,516,67,4739958,True,"[422, 163, 16, 15]",28,lib/tests/core/gc-stress.zy,trim
compact-driver,release,0,631624,516,67,4943001,True,"[422, 163, 16, 15]",28,lib/tests/core/gc-stress.zy,compact_driver
compact-driver,release,0,619625,516,67,4941749,True,"[422, 163, 16, 15]",28,lib/tests/core/gc-stress.zy,trim_compact_driver
compact-driver,release,0,595834,516,67,4736877,True,"[422, 163, 16, 15]",29,lib/tests/core/gc-stress.zy,trim
compact-driver,release,0,600833,516,67,4812002,True,"[422, 163, 16, 15]",29,lib/tests/core/gc-stress.zy,compact_driver
compact-driver,release,0,604627,516,67,4901249,True,"[422, 163, 16, 15]",29,lib/tests/core/gc-stress.zy,trim_compact_driver
compact-driver,release,0,581580,516,67,4699127,True,"[422, 163, 16, 15]",29,lib/tests/core/gc-stress.zy,baseline
compact-driver,release,0,603166,516,67,4868794,True,"[422, 163, 16, 15]",30,lib/tests/core/gc-stress.zy,compact_driver
compact-driver,release,0,617498,516,67,4849787,True,"[422, 163, 16, 15]",30,lib/tests/core/gc-stress.zy,trim_compact_driver
compact-driver,release,0,635788,516,67,4817875,True,"[422, 163, 16, 15]",30,lib/tests/core/gc-stress.zy,baseline
compact-driver,release,0,609744,516,67,4697834,True,"[422, 163, 16, 15]",30,lib/tests/core/gc-stress.zy,trim
compact-driver,release,0,594208,516,67,4825754,True,"[422, 163, 16, 15]",31,lib/tests/core/gc-stress.zy,trim_compact_driver
compact-driver,release,0,607251,516,67,4801170,True,"[422, 163, 16, 15]",31,lib/tests/core/gc-stress.zy,baseline
compact-driver,release,0,628877,516,67,4840962,True,"[422, 163, 16, 15]",31,lib/tests/core/gc-stress.zy,trim
compact-driver,release,0,624214,516,67,5033873,True,"[422, 163, 16, 15]",31,lib/tests/core/gc-stress.zy,compact_driver
