experiment,profile,run,drop_ns,input_nodes,iterations,lower_ns,native,output_counts,round,source,variant
selected,debug,0,230541,343,14,4931500,False,"[276, 90, 14, 0]",0,lib/tests/core/fact.zy,baseline
selected,debug,0,233877,343,14,4944458,False,"[276, 90, 14, 0]",0,lib/tests/core/fact.zy,trim
selected,debug,0,226374,343,14,4696375,False,"[276, 90, 14, 0]",0,lib/tests/core/fact.zy,direct
selected,debug,0,224207,343,14,4702877,False,"[276, 90, 14, 0]",0,lib/tests/core/fact.zy,trim_direct
selected,debug,0,219459,343,14,4706791,False,"[276, 90, 14, 0]",1,lib/tests/core/fact.zy,trim
selected,debug,0,224915,343,14,4713667,False,"[276, 90, 14, 0]",1,lib/tests/core/fact.zy,direct
selected,debug,0,233585,343,14,4821542,False,"[276, 90, 14, 0]",1,lib/tests/core/fact.zy,trim_direct
selected,debug,0,241709,343,14,4978665,False,"[276, 90, 14, 0]",1,lib/tests/core/fact.zy,baseline
selected,debug,0,226542,343,14,4794916,False,"[276, 90, 14, 0]",2,lib/tests/core/fact.zy,direct
selected,debug,0,226165,343,14,4754626,False,"[276, 90, 14, 0]",2,lib/tests/core/fact.zy,trim_direct
selected,debug,0,230168,343,14,5163666,False,"[276, 90, 14, 0]",2,lib/tests/core/fact.zy,baseline
selected,debug,0,227126,343,14,4906166,False,"[276, 90, 14, 0]",2,lib/tests/core/fact.zy,trim
selected,debug,0,240667,343,14,4900125,False,"[276, 90, 14, 0]",3,lib/tests/core/fact.zy,trim_direct
selected,debug,0,232500,343,14,5006457,False,"[276, 90, 14, 0]",3,lib/tests/core/fact.zy,baseline
selected,debug,0,225000,343,14,4740165,False,"[276, 90, 14, 0]",3,lib/tests/core/fact.zy,trim
selected,debug,0,248044,343,14,4864292,False,"[276, 90, 14, 0]",3,lib/tests/core/fact.zy,direct
selected,debug,0,256666,343,14,4779917,False,"[276, 90, 14, 0]",4,lib/tests/core/fact.zy,baseline
selected,debug,0,257834,343,14,4841045,False,"[276, 90, 14, 0]",4,lib/tests/core/fact.zy,trim
selected,debug,0,246834,343,14,4724332,False,"[276, 90, 14, 0]",4,lib/tests/core/fact.zy,direct
selected,debug,0,222627,343,14,4730458,False,"[276, 90, 14, 0]",4,lib/tests/core/fact.zy,trim_direct
selected,debug,0,224293,343,14,4801457,False,"[276, 90, 14, 0]",5,lib/tests/core/fact.zy,trim
selected,debug,0,228124,343,14,4810208,False,"[276, 90, 14, 0]",5,lib/tests/core/fact.zy,direct
selected,debug,0,228832,343,14,4738165,False,"[276, 90, 14, 0]",5,lib/tests/core/fact.zy,trim_direct
selected,debug,0,228543,343,14,4769459,False,"[276, 90, 14, 0]",5,lib/tests/core/fact.zy,baseline
selected,debug,0,221959,343,14,4702460,False,"[276, 90, 14, 0]",6,lib/tests/core/fact.zy,direct
selected,debug,0,236124,343,14,4908708,False,"[276, 90, 14, 0]",6,lib/tests/core/fact.zy,trim_direct
selected,debug,0,230334,343,14,4861499,False,"[276, 90, 14, 0]",6,lib/tests/core/fact.zy,baseline
selected,debug,0,216374,343,14,4750584,False,"[276, 90, 14, 0]",6,lib/tests/core/fact.zy,trim
selected,debug,0,230291,343,14,4857458,False,"[276, 90, 14, 0]",7,lib/tests/core/fact.zy,trim_direct
selected,debug,0,232542,343,14,4778959,False,"[276, 90, 14, 0]",7,lib/tests/core/fact.zy,baseline
selected,debug,0,225669,343,14,4813419,False,"[276, 90, 14, 0]",7,lib/tests/core/fact.zy,trim
selected,debug,0,233958,343,14,4900291,False,"[276, 90, 14, 0]",7,lib/tests/core/fact.zy,direct
selected,debug,0,224917,343,14,4787874,False,"[276, 90, 14, 0]",8,lib/tests/core/fact.zy,baseline
selected,debug,0,227790,343,14,4872709,False,"[276, 90, 14, 0]",8,lib/tests/core/fact.zy,trim
selected,debug,0,248627,343,14,5066458,False,"[276, 90, 14, 0]",8,lib/tests/core/fact.zy,direct
selected,debug,0,240585,343,14,4852249,False,"[276, 90, 14, 0]",8,lib/tests/core/fact.zy,trim_direct
selected,debug,0,249750,343,14,4951001,False,"[276, 90, 14, 0]",9,lib/tests/core/fact.zy,trim
selected,debug,0,221752,343,14,4652460,False,"[276, 90, 14, 0]",9,lib/tests/core/fact.zy,direct
selected,debug,0,230333,343,14,4759877,False,"[276, 90, 14, 0]",9,lib/tests/core/fact.zy,trim_direct
selected,debug,0,255291,343,14,4833166,False,"[276, 90, 14, 0]",9,lib/tests/core/fact.zy,baseline
selected,debug,0,236041,343,14,4697624,False,"[276, 90, 14, 0]",10,lib/tests/core/fact.zy,direct
selected,debug,0,250122,343,14,4838540,False,"[276, 90, 14, 0]",10,lib/tests/core/fact.zy,trim_direct
selected,debug,0,233460,343,14,5098875,False,"[276, 90, 14, 0]",10,lib/tests/core/fact.zy,baseline
selected,debug,0,228834,343,14,4754667,False,"[276, 90, 14, 0]",10,lib/tests/core/fact.zy,trim
selected,debug,0,244458,343,14,4753791,False,"[276, 90, 14, 0]",11,lib/tests/core/fact.zy,trim_direct
selected,debug,0,227458,343,14,4751208,False,"[276, 90, 14, 0]",11,lib/tests/core/fact.zy,baseline
selected,debug,0,217543,343,14,4774749,False,"[276, 90, 14, 0]",11,lib/tests/core/fact.zy,trim
selected,debug,0,224376,343,14,4703665,False,"[276, 90, 14, 0]",11,lib/tests/core/fact.zy,direct
selected,debug,0,229207,343,14,4855043,False,"[276, 90, 14, 0]",12,lib/tests/core/fact.zy,baseline
selected,debug,0,217251,343,14,4661459,False,"[276, 90, 14, 0]",12,lib/tests/core/fact.zy,trim
selected,debug,0,223752,343,14,4639836,False,"[276, 90, 14, 0]",12,lib/tests/core/fact.zy,direct
selected,debug,0,229874,343,14,4827918,False,"[276, 90, 14, 0]",12,lib/tests/core/fact.zy,trim_direct
selected,debug,0,230582,343,14,4720334,False,"[276, 90, 14, 0]",13,lib/tests/core/fact.zy,trim
selected,debug,0,227873,343,14,4693918,False,"[276, 90, 14, 0]",13,lib/tests/core/fact.zy,direct
selected,debug,0,226498,343,14,4736414,False,"[276, 90, 14, 0]",13,lib/tests/core/fact.zy,trim_direct
selected,debug,0,224210,343,14,4739375,False,"[276, 90, 14, 0]",13,lib/tests/core/fact.zy,baseline
selected,debug,0,229792,343,14,4812457,False,"[276, 90, 14, 0]",14,lib/tests/core/fact.zy,direct
selected,debug,0,229918,343,14,4847375,False,"[276, 90, 14, 0]",14,lib/tests/core/fact.zy,trim_direct
selected,debug,0,223207,343,14,4730290,False,"[276, 90, 14, 0]",14,lib/tests/core/fact.zy,baseline
selected,debug,0,220918,343,14,4733374,False,"[276, 90, 14, 0]",14,lib/tests/core/fact.zy,trim
selected,debug,0,232123,343,14,4895999,False,"[276, 90, 14, 0]",15,lib/tests/core/fact.zy,trim_direct
selected,debug,0,243292,343,14,5019540,False,"[276, 90, 14, 0]",15,lib/tests/core/fact.zy,baseline
selected,debug,0,233334,343,14,4832668,False,"[276, 90, 14, 0]",15,lib/tests/core/fact.zy,trim
selected,debug,0,246751,343,14,4860459,False,"[276, 90, 14, 0]",15,lib/tests/core/fact.zy,direct
selected,debug,0,228335,343,14,4980207,False,"[276, 90, 14, 0]",16,lib/tests/core/fact.zy,baseline
selected,debug,0,223669,343,14,4755459,False,"[276, 90, 14, 0]",16,lib/tests/core/fact.zy,trim
selected,debug,0,236541,343,14,4845587,False,"[276, 90, 14, 0]",16,lib/tests/core/fact.zy,direct
selected,debug,0,234043,343,14,4769333,False,"[276, 90, 14, 0]",16,lib/tests/core/fact.zy,trim_direct
selected,debug,0,244125,343,14,5272998,False,"[276, 90, 14, 0]",17,lib/tests/core/fact.zy,trim
selected,debug,0,238790,343,14,4881126,False,"[276, 90, 14, 0]",17,lib/tests/core/fact.zy,direct
selected,debug,0,224916,343,14,4752418,False,"[276, 90, 14, 0]",17,lib/tests/core/fact.zy,trim_direct
selected,debug,0,220667,343,14,4661999,False,"[276, 90, 14, 0]",17,lib/tests/core/fact.zy,baseline
selected,debug,0,226335,343,14,4776167,False,"[276, 90, 14, 0]",18,lib/tests/core/fact.zy,direct
selected,debug,0,221334,343,14,4738959,False,"[276, 90, 14, 0]",18,lib/tests/core/fact.zy,trim_direct
selected,debug,0,236127,343,14,4794079,False,"[276, 90, 14, 0]",18,lib/tests/core/fact.zy,baseline
selected,debug,0,216251,343,14,4830334,False,"[276, 90, 14, 0]",18,lib/tests/core/fact.zy,trim
selected,debug,0,234377,343,14,4868084,False,"[276, 90, 14, 0]",19,lib/tests/core/fact.zy,trim_direct
selected,debug,0,221664,343,14,4670750,False,"[276, 90, 14, 0]",19,lib/tests/core/fact.zy,baseline
selected,debug,0,223210,343,14,4824999,False,"[276, 90, 14, 0]",19,lib/tests/core/fact.zy,trim
selected,debug,0,223250,343,14,4742795,False,"[276, 90, 14, 0]",19,lib/tests/core/fact.zy,direct
selected,debug,0,240211,343,14,4790291,False,"[276, 90, 14, 0]",20,lib/tests/core/fact.zy,baseline
selected,debug,0,244874,343,14,4856668,False,"[276, 90, 14, 0]",20,lib/tests/core/fact.zy,trim
selected,debug,0,222960,343,14,4595499,False,"[276, 90, 14, 0]",20,lib/tests/core/fact.zy,direct
selected,debug,0,220419,343,14,4696210,False,"[276, 90, 14, 0]",20,lib/tests/core/fact.zy,trim_direct
selected,debug,0,224707,343,14,4774793,False,"[276, 90, 14, 0]",21,lib/tests/core/fact.zy,trim
selected,debug,0,226584,343,14,4769833,False,"[276, 90, 14, 0]",21,lib/tests/core/fact.zy,direct
selected,debug,0,224540,343,14,4718373,False,"[276, 90, 14, 0]",21,lib/tests/core/fact.zy,trim_direct
selected,debug,0,233377,343,14,4937627,False,"[276, 90, 14, 0]",21,lib/tests/core/fact.zy,baseline
selected,debug,0,296042,343,14,5015375,False,"[276, 90, 14, 0]",22,lib/tests/core/fact.zy,direct
selected,debug,0,246417,343,14,4748208,False,"[276, 90, 14, 0]",22,lib/tests/core/fact.zy,trim_direct
selected,debug,0,239207,343,14,4794332,False,"[276, 90, 14, 0]",22,lib/tests/core/fact.zy,baseline
selected,debug,0,238167,343,14,4883794,False,"[276, 90, 14, 0]",22,lib/tests/core/fact.zy,trim
selected,debug,0,229416,343,14,4767456,False,"[276, 90, 14, 0]",23,lib/tests/core/fact.zy,trim_direct
selected,debug,0,239456,343,14,4785498,False,"[276, 90, 14, 0]",23,lib/tests/core/fact.zy,baseline
selected,debug,0,234666,343,14,4791457,False,"[276, 90, 14, 0]",23,lib/tests/core/fact.zy,trim
selected,debug,0,220333,343,14,4686749,False,"[276, 90, 14, 0]",23,lib/tests/core/fact.zy,direct
selected,debug,0,228751,343,14,4896084,False,"[276, 90, 14, 0]",24,lib/tests/core/fact.zy,baseline
selected,debug,0,246001,343,14,4916457,False,"[276, 90, 14, 0]",24,lib/tests/core/fact.zy,trim
selected,debug,0,221832,343,14,4675792,False,"[276, 90, 14, 0]",24,lib/tests/core/fact.zy,direct
selected,debug,0,231376,343,14,4755084,False,"[276, 90, 14, 0]",24,lib/tests/core/fact.zy,trim_direct
selected,debug,0,224835,343,14,4853377,False,"[276, 90, 14, 0]",25,lib/tests/core/fact.zy,trim
selected,debug,0,221331,343,14,4742043,False,"[276, 90, 14, 0]",25,lib/tests/core/fact.zy,direct
selected,debug,0,220667,343,14,4687169,False,"[276, 90, 14, 0]",25,lib/tests/core/fact.zy,trim_direct
selected,debug,0,226707,343,14,4826124,False,"[276, 90, 14, 0]",25,lib/tests/core/fact.zy,baseline
selected,debug,0,227375,343,14,4841793,False,"[276, 90, 14, 0]",26,lib/tests/core/fact.zy,direct
selected,debug,0,220419,343,14,4630333,False,"[276, 90, 14, 0]",26,lib/tests/core/fact.zy,trim_direct
selected,debug,0,220834,343,14,4726040,False,"[276, 90, 14, 0]",26,lib/tests/core/fact.zy,baseline
selected,debug,0,223249,343,14,4862419,False,"[276, 90, 14, 0]",26,lib/tests/core/fact.zy,trim
selected,debug,0,241959,343,14,4639583,False,"[276, 90, 14, 0]",27,lib/tests/core/fact.zy,trim_direct
selected,debug,0,221039,343,14,4761293,False,"[276, 90, 14, 0]",27,lib/tests/core/fact.zy,baseline
selected,debug,0,225834,343,14,4830416,False,"[276, 90, 14, 0]",27,lib/tests/core/fact.zy,trim
selected,debug,0,228294,343,14,4810667,False,"[276, 90, 14, 0]",27,lib/tests/core/fact.zy,direct
selected,debug,0,226004,343,14,4779791,False,"[276, 90, 14, 0]",28,lib/tests/core/fact.zy,baseline
selected,debug,0,229168,343,14,5001876,False,"[276, 90, 14, 0]",28,lib/tests/core/fact.zy,trim
selected,debug,0,240000,343,14,4895625,False,"[276, 90, 14, 0]",28,lib/tests/core/fact.zy,direct
selected,debug,0,233167,343,14,4834836,False,"[276, 90, 14, 0]",28,lib/tests/core/fact.zy,trim_direct
selected,debug,0,224583,343,14,4824793,False,"[276, 90, 14, 0]",29,lib/tests/core/fact.zy,trim
selected,debug,0,237460,343,14,4956500,False,"[276, 90, 14, 0]",29,lib/tests/core/fact.zy,direct
selected,debug,0,224460,343,14,4874209,False,"[276, 90, 14, 0]",29,lib/tests/core/fact.zy,trim_direct
selected,debug,0,235875,343,14,4878125,False,"[276, 90, 14, 0]",29,lib/tests/core/fact.zy,baseline
selected,debug,0,226792,343,14,4722749,False,"[276, 90, 14, 0]",30,lib/tests/core/fact.zy,direct
selected,debug,0,240168,343,14,4784837,False,"[276, 90, 14, 0]",30,lib/tests/core/fact.zy,trim_direct
selected,debug,0,220165,343,14,4774752,False,"[276, 90, 14, 0]",30,lib/tests/core/fact.zy,baseline
selected,debug,0,219624,343,14,4733167,False,"[276, 90, 14, 0]",30,lib/tests/core/fact.zy,trim
selected,debug,0,219709,343,14,4800791,False,"[276, 90, 14, 0]",31,lib/tests/core/fact.zy,trim_direct
selected,debug,0,225584,343,14,4820750,False,"[276, 90, 14, 0]",31,lib/tests/core/fact.zy,baseline
selected,debug,0,227417,343,14,4806292,False,"[276, 90, 14, 0]",31,lib/tests/core/fact.zy,trim
selected,debug,0,222081,343,14,4626082,False,"[276, 90, 14, 0]",31,lib/tests/core/fact.zy,direct
selected,debug,0,249959,343,15,5065874,True,"[265, 89, 14, 13]",0,lib/tests/core/fact.zy,baseline
selected,debug,0,255957,343,15,5052959,True,"[265, 89, 14, 13]",0,lib/tests/core/fact.zy,trim
selected,debug,0,260833,343,15,4909041,True,"[265, 89, 14, 13]",0,lib/tests/core/fact.zy,direct
selected,debug,0,261960,343,15,4948458,True,"[265, 89, 14, 13]",0,lib/tests/core/fact.zy,trim_direct
selected,debug,0,251874,343,15,5053248,True,"[265, 89, 14, 13]",1,lib/tests/core/fact.zy,trim
selected,debug,0,273251,343,15,5289333,True,"[265, 89, 14, 13]",1,lib/tests/core/fact.zy,direct
selected,debug,0,257210,343,15,5118750,True,"[265, 89, 14, 13]",1,lib/tests/core/fact.zy,trim_direct
selected,debug,0,260835,343,15,5287831,True,"[265, 89, 14, 13]",1,lib/tests/core/fact.zy,baseline
selected,debug,0,266501,343,15,5475582,True,"[265, 89, 14, 13]",2,lib/tests/core/fact.zy,direct
selected,debug,0,263625,343,15,5257792,True,"[265, 89, 14, 13]",2,lib/tests/core/fact.zy,trim_direct
selected,debug,0,278127,343,15,5289668,True,"[265, 89, 14, 13]",2,lib/tests/core/fact.zy,baseline
selected,debug,0,269875,343,15,5239458,True,"[265, 89, 14, 13]",2,lib/tests/core/fact.zy,trim
selected,debug,0,267834,343,15,5172082,True,"[265, 89, 14, 13]",3,lib/tests/core/fact.zy,trim_direct
selected,debug,0,270878,343,15,5574667,True,"[265, 89, 14, 13]",3,lib/tests/core/fact.zy,baseline
selected,debug,0,261751,343,15,5194210,True,"[265, 89, 14, 13]",3,lib/tests/core/fact.zy,trim
selected,debug,0,255876,343,15,5205999,True,"[265, 89, 14, 13]",3,lib/tests/core/fact.zy,direct
selected,debug,0,262334,343,15,5206710,True,"[265, 89, 14, 13]",4,lib/tests/core/fact.zy,baseline
selected,debug,0,253666,343,15,5109834,True,"[265, 89, 14, 13]",4,lib/tests/core/fact.zy,trim
selected,debug,0,257541,343,15,5115792,True,"[265, 89, 14, 13]",4,lib/tests/core/fact.zy,direct
selected,debug,0,260000,343,15,5059252,True,"[265, 89, 14, 13]",4,lib/tests/core/fact.zy,trim_direct
selected,debug,0,253750,343,15,5247164,True,"[265, 89, 14, 13]",5,lib/tests/core/fact.zy,trim
selected,debug,0,259251,343,15,5029209,True,"[265, 89, 14, 13]",5,lib/tests/core/fact.zy,direct
selected,debug,0,246625,343,15,5038251,True,"[265, 89, 14, 13]",5,lib/tests/core/fact.zy,trim_direct
selected,debug,0,249124,343,15,5132039,True,"[265, 89, 14, 13]",5,lib/tests/core/fact.zy,baseline
selected,debug,0,251377,343,15,5122083,True,"[265, 89, 14, 13]",6,lib/tests/core/fact.zy,direct
selected,debug,0,243124,343,15,4925667,True,"[265, 89, 14, 13]",6,lib/tests/core/fact.zy,trim_direct
selected,debug,0,240666,343,15,4944626,True,"[265, 89, 14, 13]",6,lib/tests/core/fact.zy,baseline
selected,debug,0,268707,343,15,5314998,True,"[265, 89, 14, 13]",6,lib/tests/core/fact.zy,trim
selected,debug,0,254541,343,15,5523918,True,"[265, 89, 14, 13]",7,lib/tests/core/fact.zy,trim_direct
selected,debug,0,244168,343,15,4980794,True,"[265, 89, 14, 13]",7,lib/tests/core/fact.zy,baseline
selected,debug,0,261418,343,15,5711874,True,"[265, 89, 14, 13]",7,lib/tests/core/fact.zy,trim
selected,debug,0,334249,343,15,5766707,True,"[265, 89, 14, 13]",7,lib/tests/core/fact.zy,direct
selected,debug,0,337126,343,15,5562082,True,"[265, 89, 14, 13]",8,lib/tests/core/fact.zy,baseline
selected,debug,0,261500,343,15,5214418,True,"[265, 89, 14, 13]",8,lib/tests/core/fact.zy,trim
selected,debug,0,261124,343,15,5165167,True,"[265, 89, 14, 13]",8,lib/tests/core/fact.zy,direct
selected,debug,0,253290,343,15,5286376,True,"[265, 89, 14, 13]",8,lib/tests/core/fact.zy,trim_direct
selected,debug,0,254666,343,15,5376085,True,"[265, 89, 14, 13]",9,lib/tests/core/fact.zy,trim
selected,debug,0,272832,343,15,5281831,True,"[265, 89, 14, 13]",9,lib/tests/core/fact.zy,direct
selected,debug,0,336123,343,15,5652460,True,"[265, 89, 14, 13]",9,lib/tests/core/fact.zy,trim_direct
selected,debug,0,264501,343,15,5125831,True,"[265, 89, 14, 13]",9,lib/tests/core/fact.zy,baseline
selected,debug,0,262290,343,15,5038709,True,"[265, 89, 14, 13]",10,lib/tests/core/fact.zy,direct
selected,debug,0,264836,343,15,5293457,True,"[265, 89, 14, 13]",10,lib/tests/core/fact.zy,trim_direct
selected,debug,0,261625,343,15,5385079,True,"[265, 89, 14, 13]",10,lib/tests/core/fact.zy,baseline
selected,debug,0,269332,343,15,5151877,True,"[265, 89, 14, 13]",10,lib/tests/core/fact.zy,trim
selected,debug,0,266876,343,15,5208165,True,"[265, 89, 14, 13]",11,lib/tests/core/fact.zy,trim_direct
selected,debug,0,244417,343,15,4988125,True,"[265, 89, 14, 13]",11,lib/tests/core/fact.zy,baseline
selected,debug,0,247625,343,15,5012041,True,"[265, 89, 14, 13]",11,lib/tests/core/fact.zy,trim
selected,debug,0,251875,343,15,5029957,True,"[265, 89, 14, 13]",11,lib/tests/core/fact.zy,direct
selected,debug,0,247122,343,15,5070291,True,"[265, 89, 14, 13]",12,lib/tests/core/fact.zy,baseline
selected,debug,0,257044,343,15,5179086,True,"[265, 89, 14, 13]",12,lib/tests/core/fact.zy,trim
selected,debug,0,249789,343,15,4944333,True,"[265, 89, 14, 13]",12,lib/tests/core/fact.zy,direct
selected,debug,0,267546,343,15,4970832,True,"[265, 89, 14, 13]",12,lib/tests/core/fact.zy,trim_direct
selected,debug,0,248708,343,15,5068833,True,"[265, 89, 14, 13]",13,lib/tests/core/fact.zy,trim
selected,debug,0,250041,343,15,5080249,True,"[265, 89, 14, 13]",13,lib/tests/core/fact.zy,direct
selected,debug,0,258335,343,15,5071042,True,"[265, 89, 14, 13]",13,lib/tests/core/fact.zy,trim_direct
selected,debug,0,266915,343,15,5194207,True,"[265, 89, 14, 13]",13,lib/tests/core/fact.zy,baseline
selected,debug,0,261753,343,15,5207207,True,"[265, 89, 14, 13]",14,lib/tests/core/fact.zy,direct
selected,debug,0,256082,343,15,5079918,True,"[265, 89, 14, 13]",14,lib/tests/core/fact.zy,trim_direct
selected,debug,0,251917,343,15,5208832,True,"[265, 89, 14, 13]",14,lib/tests/core/fact.zy,baseline
selected,debug,0,268082,343,15,5441708,True,"[265, 89, 14, 13]",14,lib/tests/core/fact.zy,trim
selected,debug,0,263542,343,15,5273625,True,"[265, 89, 14, 13]",15,lib/tests/core/fact.zy,trim_direct
selected,debug,0,266543,343,15,5331377,True,"[265, 89, 14, 13]",15,lib/tests/core/fact.zy,baseline
selected,debug,0,271833,343,15,5377127,True,"[265, 89, 14, 13]",15,lib/tests/core/fact.zy,trim
selected,debug,0,268334,343,15,5270708,True,"[265, 89, 14, 13]",15,lib/tests/core/fact.zy,direct
selected,debug,0,268167,343,15,5161626,True,"[265, 89, 14, 13]",16,lib/tests/core/fact.zy,baseline
selected,debug,0,257167,343,15,5166583,True,"[265, 89, 14, 13]",16,lib/tests/core/fact.zy,trim
selected,debug,0,246251,343,15,4963624,True,"[265, 89, 14, 13]",16,lib/tests/core/fact.zy,direct
selected,debug,0,292665,343,15,5297000,True,"[265, 89, 14, 13]",16,lib/tests/core/fact.zy,trim_direct
selected,debug,0,263374,343,15,5234998,True,"[265, 89, 14, 13]",17,lib/tests/core/fact.zy,trim
selected,debug,0,259082,343,15,5146081,True,"[265, 89, 14, 13]",17,lib/tests/core/fact.zy,direct
selected,debug,0,275625,343,15,5069917,True,"[265, 89, 14, 13]",17,lib/tests/core/fact.zy,trim_direct
selected,debug,0,245042,343,15,5077332,True,"[265, 89, 14, 13]",17,lib/tests/core/fact.zy,baseline
selected,debug,0,264626,343,15,5037083,True,"[265, 89, 14, 13]",18,lib/tests/core/fact.zy,direct
selected,debug,0,263458,343,15,4982375,True,"[265, 89, 14, 13]",18,lib/tests/core/fact.zy,trim_direct
selected,debug,0,243208,343,15,4958375,True,"[265, 89, 14, 13]",18,lib/tests/core/fact.zy,baseline
selected,debug,0,244373,343,15,4921709,True,"[265, 89, 14, 13]",18,lib/tests/core/fact.zy,trim
selected,debug,0,242417,343,15,4975916,True,"[265, 89, 14, 13]",19,lib/tests/core/fact.zy,trim_direct
selected,debug,0,245626,343,15,4941875,True,"[265, 89, 14, 13]",19,lib/tests/core/fact.zy,baseline
selected,debug,0,249334,343,15,5103124,True,"[265, 89, 14, 13]",19,lib/tests/core/fact.zy,trim
selected,debug,0,249585,343,15,5085169,True,"[265, 89, 14, 13]",19,lib/tests/core/fact.zy,direct
selected,debug,0,260083,343,15,5328416,True,"[265, 89, 14, 13]",20,lib/tests/core/fact.zy,baseline
selected,debug,0,268416,343,15,5255707,True,"[265, 89, 14, 13]",20,lib/tests/core/fact.zy,trim
selected,debug,0,267376,343,15,4920498,True,"[265, 89, 14, 13]",20,lib/tests/core/fact.zy,direct
selected,debug,0,252040,343,15,5075207,True,"[265, 89, 14, 13]",20,lib/tests/core/fact.zy,trim_direct
selected,debug,0,254750,343,15,5176209,True,"[265, 89, 14, 13]",21,lib/tests/core/fact.zy,trim
selected,debug,0,289081,343,15,5430502,True,"[265, 89, 14, 13]",21,lib/tests/core/fact.zy,direct
selected,debug,0,291166,343,15,5199041,True,"[265, 89, 14, 13]",21,lib/tests/core/fact.zy,trim_direct
selected,debug,0,257002,343,15,5094791,True,"[265, 89, 14, 13]",21,lib/tests/core/fact.zy,baseline
selected,debug,0,258706,343,15,5194914,True,"[265, 89, 14, 13]",22,lib/tests/core/fact.zy,direct
selected,debug,0,252958,343,15,5117124,True,"[265, 89, 14, 13]",22,lib/tests/core/fact.zy,trim_direct
selected,debug,0,252582,343,15,5064083,True,"[265, 89, 14, 13]",22,lib/tests/core/fact.zy,baseline
selected,debug,0,249247,343,15,5099959,True,"[265, 89, 14, 13]",22,lib/tests/core/fact.zy,trim
selected,debug,0,247207,343,15,5018999,True,"[265, 89, 14, 13]",23,lib/tests/core/fact.zy,trim_direct
selected,debug,0,255040,343,15,5108294,True,"[265, 89, 14, 13]",23,lib/tests/core/fact.zy,baseline
selected,debug,0,257666,343,15,4986710,True,"[265, 89, 14, 13]",23,lib/tests/core/fact.zy,trim
selected,debug,0,279332,343,15,4983207,True,"[265, 89, 14, 13]",23,lib/tests/core/fact.zy,direct
selected,debug,0,253501,343,15,5111291,True,"[265, 89, 14, 13]",24,lib/tests/core/fact.zy,baseline
selected,debug,0,254540,343,15,5153584,True,"[265, 89, 14, 13]",24,lib/tests/core/fact.zy,trim
selected,debug,0,245708,343,15,5049125,True,"[265, 89, 14, 13]",24,lib/tests/core/fact.zy,direct
selected,debug,0,253998,343,15,5127251,True,"[265, 89, 14, 13]",24,lib/tests/core/fact.zy,trim_direct
selected,debug,0,278790,343,15,5124581,True,"[265, 89, 14, 13]",25,lib/tests/core/fact.zy,trim
selected,debug,0,250000,343,15,5077377,True,"[265, 89, 14, 13]",25,lib/tests/core/fact.zy,direct
selected,debug,0,243540,343,15,4997166,True,"[265, 89, 14, 13]",25,lib/tests/core/fact.zy,trim_direct
selected,debug,0,248665,343,15,4999750,True,"[265, 89, 14, 13]",25,lib/tests/core/fact.zy,baseline
selected,debug,0,245541,343,15,5041707,True,"[265, 89, 14, 13]",26,lib/tests/core/fact.zy,direct
selected,debug,0,257291,343,15,5189667,True,"[265, 89, 14, 13]",26,lib/tests/core/fact.zy,trim_direct
selected,debug,0,275834,343,15,5223749,True,"[265, 89, 14, 13]",26,lib/tests/core/fact.zy,baseline
selected,debug,0,245210,343,15,5029835,True,"[265, 89, 14, 13]",26,lib/tests/core/fact.zy,trim
selected,debug,0,256043,343,15,5028791,True,"[265, 89, 14, 13]",27,lib/tests/core/fact.zy,trim_direct
selected,debug,0,255292,343,15,5127125,True,"[265, 89, 14, 13]",27,lib/tests/core/fact.zy,baseline
selected,debug,0,261001,343,15,5092585,True,"[265, 89, 14, 13]",27,lib/tests/core/fact.zy,trim
selected,debug,0,257666,343,15,5102208,True,"[265, 89, 14, 13]",27,lib/tests/core/fact.zy,direct
selected,debug,0,260252,343,15,5210710,True,"[265, 89, 14, 13]",28,lib/tests/core/fact.zy,baseline
selected,debug,0,246457,343,15,5116207,True,"[265, 89, 14, 13]",28,lib/tests/core/fact.zy,trim
selected,debug,0,252252,343,15,5035498,True,"[265, 89, 14, 13]",28,lib/tests/core/fact.zy,direct
selected,debug,0,252417,343,15,5153210,True,"[265, 89, 14, 13]",28,lib/tests/core/fact.zy,trim_direct
selected,debug,0,241125,343,15,5041208,True,"[265, 89, 14, 13]",29,lib/tests/core/fact.zy,trim
selected,debug,0,249999,343,15,5124125,True,"[265, 89, 14, 13]",29,lib/tests/core/fact.zy,direct
selected,debug,0,331584,343,15,5023876,True,"[265, 89, 14, 13]",29,lib/tests/core/fact.zy,trim_direct
selected,debug,0,245960,343,15,5082164,True,"[265, 89, 14, 13]",29,lib/tests/core/fact.zy,baseline
selected,debug,0,240875,343,15,4957041,True,"[265, 89, 14, 13]",30,lib/tests/core/fact.zy,direct
selected,debug,0,246749,343,15,4972917,True,"[265, 89, 14, 13]",30,lib/tests/core/fact.zy,trim_direct
selected,debug,0,246500,343,15,4959375,True,"[265, 89, 14, 13]",30,lib/tests/core/fact.zy,baseline
selected,debug,0,260626,343,15,5109582,True,"[265, 89, 14, 13]",30,lib/tests/core/fact.zy,trim
selected,debug,0,249539,343,15,5025417,True,"[265, 89, 14, 13]",31,lib/tests/core/fact.zy,trim_direct
selected,debug,0,246372,343,15,4972124,True,"[265, 89, 14, 13]",31,lib/tests/core/fact.zy,baseline
selected,debug,0,248498,343,15,4992377,True,"[265, 89, 14, 13]",31,lib/tests/core/fact.zy,trim
selected,debug,0,248126,343,15,5036959,True,"[265, 89, 14, 13]",31,lib/tests/core/fact.zy,direct
selected,debug,0,235714,4,1024,1547748,False,"[2, 0, 0, 0]",0,lib/tests/core/pattern-alias.zy,baseline
selected,debug,0,261416,4,1024,1704582,False,"[2, 0, 0, 0]",0,lib/tests/core/pattern-alias.zy,trim
selected,debug,0,243282,4,1024,1603167,False,"[2, 0, 0, 0]",0,lib/tests/core/pattern-alias.zy,direct
selected,debug,0,232948,4,1024,1584123,False,"[2, 0, 0, 0]",0,lib/tests/core/pattern-alias.zy,trim_direct
selected,debug,0,235297,4,1024,1640249,False,"[2, 0, 0, 0]",1,lib/tests/core/pattern-alias.zy,trim
selected,debug,0,229398,4,1024,1560283,False,"[2, 0, 0, 0]",1,lib/tests/core/pattern-alias.zy,direct
selected,debug,0,244492,4,1024,1627704,False,"[2, 0, 0, 0]",1,lib/tests/core/pattern-alias.zy,trim_direct
selected,debug,0,231810,4,1024,1567401,False,"[2, 0, 0, 0]",1,lib/tests/core/pattern-alias.zy,baseline
selected,debug,0,235884,4,1024,1589485,False,"[2, 0, 0, 0]",2,lib/tests/core/pattern-alias.zy,direct
selected,debug,0,248873,4,1024,1656654,False,"[2, 0, 0, 0]",2,lib/tests/core/pattern-alias.zy,trim_direct
selected,debug,0,226713,4,1024,1547048,False,"[2, 0, 0, 0]",2,lib/tests/core/pattern-alias.zy,baseline
selected,debug,0,238895,4,1024,1623589,False,"[2, 0, 0, 0]",2,lib/tests/core/pattern-alias.zy,trim
selected,debug,0,243888,4,1024,1684642,False,"[2, 0, 0, 0]",3,lib/tests/core/pattern-alias.zy,trim_direct
selected,debug,0,227970,4,1024,1554513,False,"[2, 0, 0, 0]",3,lib/tests/core/pattern-alias.zy,baseline
selected,debug,0,238683,4,1024,1654123,False,"[2, 0, 0, 0]",3,lib/tests/core/pattern-alias.zy,trim
selected,debug,0,229569,4,1024,1557509,False,"[2, 0, 0, 0]",3,lib/tests/core/pattern-alias.zy,direct
selected,debug,0,241733,4,1024,1553251,False,"[2, 0, 0, 0]",4,lib/tests/core/pattern-alias.zy,baseline
selected,debug,0,246585,4,1024,1683914,False,"[2, 0, 0, 0]",4,lib/tests/core/pattern-alias.zy,trim
selected,debug,0,229209,4,1024,1551366,False,"[2, 0, 0, 0]",4,lib/tests/core/pattern-alias.zy,direct
selected,debug,0,240978,4,1024,1604641,False,"[2, 0, 0, 0]",4,lib/tests/core/pattern-alias.zy,trim_direct
selected,debug,0,254079,4,1024,1702669,False,"[2, 0, 0, 0]",5,lib/tests/core/pattern-alias.zy,trim
selected,debug,0,228886,4,1024,1550582,False,"[2, 0, 0, 0]",5,lib/tests/core/pattern-alias.zy,direct
selected,debug,0,261112,4,1024,1720080,False,"[2, 0, 0, 0]",5,lib/tests/core/pattern-alias.zy,trim_direct
selected,debug,0,239086,4,1024,1661055,False,"[2, 0, 0, 0]",5,lib/tests/core/pattern-alias.zy,baseline
selected,debug,0,231500,4,1024,1545960,False,"[2, 0, 0, 0]",6,lib/tests/core/pattern-alias.zy,direct
selected,debug,0,244446,4,1024,1599849,False,"[2, 0, 0, 0]",6,lib/tests/core/pattern-alias.zy,trim_direct
selected,debug,0,230084,4,1024,1557614,False,"[2, 0, 0, 0]",6,lib/tests/core/pattern-alias.zy,baseline
selected,debug,0,244460,4,1024,1635873,False,"[2, 0, 0, 0]",6,lib/tests/core/pattern-alias.zy,trim
selected,debug,0,225456,4,1024,1519114,False,"[2, 0, 0, 0]",7,lib/tests/core/pattern-alias.zy,trim_direct
selected,debug,0,229984,4,1024,1562961,False,"[2, 0, 0, 0]",7,lib/tests/core/pattern-alias.zy,baseline
selected,debug,0,240173,4,1024,1647674,False,"[2, 0, 0, 0]",7,lib/tests/core/pattern-alias.zy,trim
selected,debug,0,236914,4,1024,1587085,False,"[2, 0, 0, 0]",7,lib/tests/core/pattern-alias.zy,direct
selected,debug,0,239037,4,1024,1624236,False,"[2, 0, 0, 0]",8,lib/tests/core/pattern-alias.zy,baseline
selected,debug,0,236616,4,1024,1626293,False,"[2, 0, 0, 0]",8,lib/tests/core/pattern-alias.zy,trim
selected,debug,0,223720,4,1024,1497688,False,"[2, 0, 0, 0]",8,lib/tests/core/pattern-alias.zy,direct
selected,debug,0,249539,4,1024,1633801,False,"[2, 0, 0, 0]",8,lib/tests/core/pattern-alias.zy,trim_direct
selected,debug,0,229857,4,1024,1547585,False,"[2, 0, 0, 0]",9,lib/tests/core/pattern-alias.zy,trim
selected,debug,0,233991,4,1024,1517993,False,"[2, 0, 0, 0]",9,lib/tests/core/pattern-alias.zy,direct
selected,debug,0,237199,4,1024,1582386,False,"[2, 0, 0, 0]",9,lib/tests/core/pattern-alias.zy,trim_direct
selected,debug,0,236906,4,1024,1579830,False,"[2, 0, 0, 0]",9,lib/tests/core/pattern-alias.zy,baseline
selected,debug,0,230425,4,1024,1543329,False,"[2, 0, 0, 0]",10,lib/tests/core/pattern-alias.zy,direct
selected,debug,0,237965,4,1024,1586622,False,"[2, 0, 0, 0]",10,lib/tests/core/pattern-alias.zy,trim_direct
selected,debug,0,242164,4,1024,1622144,False,"[2, 0, 0, 0]",10,lib/tests/core/pattern-alias.zy,baseline
selected,debug,0,246829,4,1024,1641794,False,"[2, 0, 0, 0]",10,lib/tests/core/pattern-alias.zy,trim
selected,debug,0,230904,4,1024,1522316,False,"[2, 0, 0, 0]",11,lib/tests/core/pattern-alias.zy,trim_direct
selected,debug,0,234733,4,1024,1594537,False,"[2, 0, 0, 0]",11,lib/tests/core/pattern-alias.zy,baseline
selected,debug,0,242060,4,1024,1630834,False,"[2, 0, 0, 0]",11,lib/tests/core/pattern-alias.zy,trim
selected,debug,0,231298,4,1024,1520708,False,"[2, 0, 0, 0]",11,lib/tests/core/pattern-alias.zy,direct
selected,debug,0,233595,4,1024,1622862,False,"[2, 0, 0, 0]",12,lib/tests/core/pattern-alias.zy,baseline
selected,debug,0,237167,4,1024,1637529,False,"[2, 0, 0, 0]",12,lib/tests/core/pattern-alias.zy,trim
selected,debug,0,234732,4,1024,1571835,False,"[2, 0, 0, 0]",12,lib/tests/core/pattern-alias.zy,direct
selected,debug,0,239239,4,1024,1602470,False,"[2, 0, 0, 0]",12,lib/tests/core/pattern-alias.zy,trim_direct
selected,debug,0,236228,4,1024,1623732,False,"[2, 0, 0, 0]",13,lib/tests/core/pattern-alias.zy,trim
selected,debug,0,226451,4,1024,1482350,False,"[2, 0, 0, 0]",13,lib/tests/core/pattern-alias.zy,direct
selected,debug,0,252635,4,1024,1641550,False,"[2, 0, 0, 0]",13,lib/tests/core/pattern-alias.zy,trim_direct
selected,debug,0,240665,4,1024,1627334,False,"[2, 0, 0, 0]",13,lib/tests/core/pattern-alias.zy,baseline
selected,debug,0,253705,4,1024,1635537,False,"[2, 0, 0, 0]",14,lib/tests/core/pattern-alias.zy,direct
selected,debug,0,242299,4,1024,1649805,False,"[2, 0, 0, 0]",14,lib/tests/core/pattern-alias.zy,trim_direct
selected,debug,0,244629,4,1024,1598793,False,"[2, 0, 0, 0]",14,lib/tests/core/pattern-alias.zy,baseline
selected,debug,0,243247,4,1024,1695915,False,"[2, 0, 0, 0]",14,lib/tests/core/pattern-alias.zy,trim
selected,debug,0,229654,4,1024,1541625,False,"[2, 0, 0, 0]",15,lib/tests/core/pattern-alias.zy,trim_direct
selected,debug,0,269329,4,1024,1672338,False,"[2, 0, 0, 0]",15,lib/tests/core/pattern-alias.zy,baseline
selected,debug,0,267139,4,1024,1829483,False,"[2, 0, 0, 0]",15,lib/tests/core/pattern-alias.zy,trim
selected,debug,0,235309,4,1024,1571817,False,"[2, 0, 0, 0]",15,lib/tests/core/pattern-alias.zy,direct
selected,debug,0,295361,4,1024,1737870,False,"[2, 0, 0, 0]",16,lib/tests/core/pattern-alias.zy,baseline
selected,debug,0,237630,4,1024,1624923,False,"[2, 0, 0, 0]",16,lib/tests/core/pattern-alias.zy,trim
selected,debug,0,235501,4,1024,1608119,False,"[2, 0, 0, 0]",16,lib/tests/core/pattern-alias.zy,direct
selected,debug,0,241698,4,1024,1644177,False,"[2, 0, 0, 0]",16,lib/tests/core/pattern-alias.zy,trim_direct
selected,debug,0,236709,4,1024,1618009,False,"[2, 0, 0, 0]",17,lib/tests/core/pattern-alias.zy,trim
selected,debug,0,248150,4,1024,1615735,False,"[2, 0, 0, 0]",17,lib/tests/core/pattern-alias.zy,direct
selected,debug,0,233216,4,1024,1573420,False,"[2, 0, 0, 0]",17,lib/tests/core/pattern-alias.zy,trim_direct
selected,debug,0,232242,4,1024,1585759,False,"[2, 0, 0, 0]",17,lib/tests/core/pattern-alias.zy,baseline
selected,debug,0,261010,4,1024,1849363,False,"[2, 0, 0, 0]",18,lib/tests/core/pattern-alias.zy,direct
selected,debug,0,228562,4,1024,1550495,False,"[2, 0, 0, 0]",18,lib/tests/core/pattern-alias.zy,trim_direct
selected,debug,0,243591,4,1024,1609005,False,"[2, 0, 0, 0]",18,lib/tests/core/pattern-alias.zy,baseline
selected,debug,0,266969,4,1024,1785292,False,"[2, 0, 0, 0]",18,lib/tests/core/pattern-alias.zy,trim
selected,debug,0,231130,4,1024,1603517,False,"[2, 0, 0, 0]",19,lib/tests/core/pattern-alias.zy,trim_direct
selected,debug,0,256167,4,1024,1644003,False,"[2, 0, 0, 0]",19,lib/tests/core/pattern-alias.zy,baseline
selected,debug,0,228168,4,1024,1590506,False,"[2, 0, 0, 0]",19,lib/tests/core/pattern-alias.zy,trim
selected,debug,0,235185,4,1024,1572461,False,"[2, 0, 0, 0]",19,lib/tests/core/pattern-alias.zy,direct
selected,debug,0,248435,4,1024,1649638,False,"[2, 0, 0, 0]",20,lib/tests/core/pattern-alias.zy,baseline
selected,debug,0,227332,4,1024,1570375,False,"[2, 0, 0, 0]",20,lib/tests/core/pattern-alias.zy,trim
selected,debug,0,241112,4,1024,1645705,False,"[2, 0, 0, 0]",20,lib/tests/core/pattern-alias.zy,direct
selected,debug,0,235071,4,1024,1553694,False,"[2, 0, 0, 0]",20,lib/tests/core/pattern-alias.zy,trim_direct
selected,debug,0,240646,4,1024,1624000,False,"[2, 0, 0, 0]",21,lib/tests/core/pattern-alias.zy,trim
selected,debug,0,245696,4,1024,1714082,False,"[2, 0, 0, 0]",21,lib/tests/core/pattern-alias.zy,direct
selected,debug,0,230503,4,1024,1553087,False,"[2, 0, 0, 0]",21,lib/tests/core/pattern-alias.zy,trim_direct
selected,debug,0,245323,4,1024,1627115,False,"[2, 0, 0, 0]",21,lib/tests/core/pattern-alias.zy,baseline
selected,debug,0,242786,4,1024,1596281,False,"[2, 0, 0, 0]",22,lib/tests/core/pattern-alias.zy,direct
selected,debug,0,231490,4,1024,1552023,False,"[2, 0, 0, 0]",22,lib/tests/core/pattern-alias.zy,trim_direct
selected,debug,0,240036,4,1024,1617235,False,"[2, 0, 0, 0]",22,lib/tests/core/pattern-alias.zy,baseline
selected,debug,0,234265,4,1024,1589639,False,"[2, 0, 0, 0]",22,lib/tests/core/pattern-alias.zy,trim
selected,debug,0,232482,4,1024,1565979,False,"[2, 0, 0, 0]",23,lib/tests/core/pattern-alias.zy,trim_direct
selected,debug,0,239005,4,1024,1592452,False,"[2, 0, 0, 0]",23,lib/tests/core/pattern-alias.zy,baseline
selected,debug,0,240956,4,1024,1600156,False,"[2, 0, 0, 0]",23,lib/tests/core/pattern-alias.zy,trim
selected,debug,0,234806,4,1024,1598016,False,"[2, 0, 0, 0]",23,lib/tests/core/pattern-alias.zy,direct
selected,debug,0,235900,4,1024,1557886,False,"[2, 0, 0, 0]",24,lib/tests/core/pattern-alias.zy,baseline
selected,debug,0,240920,4,1024,1573062,False,"[2, 0, 0, 0]",24,lib/tests/core/pattern-alias.zy,trim
selected,debug,0,238586,4,1024,1610539,False,"[2, 0, 0, 0]",24,lib/tests/core/pattern-alias.zy,direct
selected,debug,0,229113,4,1024,1540844,False,"[2, 0, 0, 0]",24,lib/tests/core/pattern-alias.zy,trim_direct
selected,debug,0,227078,4,1024,1565534,False,"[2, 0, 0, 0]",25,lib/tests/core/pattern-alias.zy,trim
selected,debug,0,236028,4,1024,1596558,False,"[2, 0, 0, 0]",25,lib/tests/core/pattern-alias.zy,direct
selected,debug,0,223741,4,1024,1505277,False,"[2, 0, 0, 0]",25,lib/tests/core/pattern-alias.zy,trim_direct
selected,debug,0,237985,4,1024,1608588,False,"[2, 0, 0, 0]",25,lib/tests/core/pattern-alias.zy,baseline
selected,debug,0,241101,4,1024,1610841,False,"[2, 0, 0, 0]",26,lib/tests/core/pattern-alias.zy,direct
selected,debug,0,224883,4,1024,1515115,False,"[2, 0, 0, 0]",26,lib/tests/core/pattern-alias.zy,trim_direct
selected,debug,0,236331,4,1024,1571094,False,"[2, 0, 0, 0]",26,lib/tests/core/pattern-alias.zy,baseline
selected,debug,0,238008,4,1024,1585419,False,"[2, 0, 0, 0]",26,lib/tests/core/pattern-alias.zy,trim
selected,debug,0,241790,4,1024,1844563,False,"[2, 0, 0, 0]",27,lib/tests/core/pattern-alias.zy,trim_direct
selected,debug,0,388434,4,1024,2425593,False,"[2, 0, 0, 0]",27,lib/tests/core/pattern-alias.zy,baseline
selected,debug,0,336494,4,1024,2039954,False,"[2, 0, 0, 0]",27,lib/tests/core/pattern-alias.zy,trim
selected,debug,0,361212,4,1024,2125412,False,"[2, 0, 0, 0]",27,lib/tests/core/pattern-alias.zy,direct
selected,debug,0,291506,4,1024,1841168,False,"[2, 0, 0, 0]",28,lib/tests/core/pattern-alias.zy,baseline
selected,debug,0,317547,4,1024,1981499,False,"[2, 0, 0, 0]",28,lib/tests/core/pattern-alias.zy,trim
selected,debug,0,242919,4,1024,1654578,False,"[2, 0, 0, 0]",28,lib/tests/core/pattern-alias.zy,direct
selected,debug,0,281958,4,1024,1828179,False,"[2, 0, 0, 0]",28,lib/tests/core/pattern-alias.zy,trim_direct
selected,debug,0,244656,4,1024,1664550,False,"[2, 0, 0, 0]",29,lib/tests/core/pattern-alias.zy,trim
selected,debug,0,268465,4,1024,1784630,False,"[2, 0, 0, 0]",29,lib/tests/core/pattern-alias.zy,direct
selected,debug,0,266126,4,1024,1756956,False,"[2, 0, 0, 0]",29,lib/tests/core/pattern-alias.zy,trim_direct
selected,debug,0,230131,4,1024,1587927,False,"[2, 0, 0, 0]",29,lib/tests/core/pattern-alias.zy,baseline
selected,debug,0,242000,4,1024,1620087,False,"[2, 0, 0, 0]",30,lib/tests/core/pattern-alias.zy,direct
selected,debug,0,240468,4,1024,1548636,False,"[2, 0, 0, 0]",30,lib/tests/core/pattern-alias.zy,trim_direct
selected,debug,0,237659,4,1024,1596118,False,"[2, 0, 0, 0]",30,lib/tests/core/pattern-alias.zy,baseline
selected,debug,0,246458,4,1024,1669694,False,"[2, 0, 0, 0]",30,lib/tests/core/pattern-alias.zy,trim
selected,debug,0,241078,4,1024,1621777,False,"[2, 0, 0, 0]",31,lib/tests/core/pattern-alias.zy,trim_direct
selected,debug,0,264461,4,1024,1764184,False,"[2, 0, 0, 0]",31,lib/tests/core/pattern-alias.zy,baseline
selected,debug,0,229288,4,1024,1574285,False,"[2, 0, 0, 0]",31,lib/tests/core/pattern-alias.zy,trim
selected,debug,0,234092,4,1024,1567449,False,"[2, 0, 0, 0]",31,lib/tests/core/pattern-alias.zy,direct
selected,debug,0,309136,4,1024,1691944,True,"[2, 0, 0, 1]",0,lib/tests/core/pattern-alias.zy,baseline
selected,debug,0,301300,4,1024,1604799,True,"[2, 0, 0, 1]",0,lib/tests/core/pattern-alias.zy,trim
selected,debug,0,309673,4,1024,1638165,True,"[2, 0, 0, 1]",0,lib/tests/core/pattern-alias.zy,direct
selected,debug,0,297160,4,1024,1617095,True,"[2, 0, 0, 1]",0,lib/tests/core/pattern-alias.zy,trim_direct
selected,debug,0,315714,4,1024,1636931,True,"[2, 0, 0, 1]",1,lib/tests/core/pattern-alias.zy,trim
selected,debug,0,340507,4,1024,1758657,True,"[2, 0, 0, 1]",1,lib/tests/core/pattern-alias.zy,direct
selected,debug,0,302169,4,1024,1650577,True,"[2, 0, 0, 1]",1,lib/tests/core/pattern-alias.zy,trim_direct
selected,debug,0,317180,4,1024,1863022,True,"[2, 0, 0, 1]",1,lib/tests/core/pattern-alias.zy,baseline
selected,debug,0,298610,4,1024,1607146,True,"[2, 0, 0, 1]",2,lib/tests/core/pattern-alias.zy,direct
selected,debug,0,298223,4,1024,1611148,True,"[2, 0, 0, 1]",2,lib/tests/core/pattern-alias.zy,trim_direct
selected,debug,0,310133,4,1024,1691915,True,"[2, 0, 0, 1]",2,lib/tests/core/pattern-alias.zy,baseline
selected,debug,0,295776,4,1024,1633254,True,"[2, 0, 0, 1]",2,lib/tests/core/pattern-alias.zy,trim
selected,debug,0,328519,4,1024,1730785,True,"[2, 0, 0, 1]",3,lib/tests/core/pattern-alias.zy,trim_direct
selected,debug,0,309100,4,1024,1703663,True,"[2, 0, 0, 1]",3,lib/tests/core/pattern-alias.zy,baseline
selected,debug,0,310077,4,1024,1663357,True,"[2, 0, 0, 1]",3,lib/tests/core/pattern-alias.zy,trim
selected,debug,0,362939,4,1024,1747637,True,"[2, 0, 0, 1]",3,lib/tests/core/pattern-alias.zy,direct
selected,debug,0,310754,4,1024,1757856,True,"[2, 0, 0, 1]",4,lib/tests/core/pattern-alias.zy,baseline
selected,debug,0,372370,4,1024,1721832,True,"[2, 0, 0, 1]",4,lib/tests/core/pattern-alias.zy,trim
selected,debug,0,305273,4,1024,1641990,True,"[2, 0, 0, 1]",4,lib/tests/core/pattern-alias.zy,direct
selected,debug,0,307534,4,1024,1669544,True,"[2, 0, 0, 1]",4,lib/tests/core/pattern-alias.zy,trim_direct
selected,debug,0,310302,4,1024,1697572,True,"[2, 0, 0, 1]",5,lib/tests/core/pattern-alias.zy,trim
selected,debug,0,307659,4,1024,1660133,True,"[2, 0, 0, 1]",5,lib/tests/core/pattern-alias.zy,direct
selected,debug,0,311269,4,1024,1684913,True,"[2, 0, 0, 1]",5,lib/tests/core/pattern-alias.zy,trim_direct
selected,debug,0,291876,4,1024,1567859,True,"[2, 0, 0, 1]",5,lib/tests/core/pattern-alias.zy,baseline
selected,debug,0,296179,4,1024,1602796,True,"[2, 0, 0, 1]",6,lib/tests/core/pattern-alias.zy,direct
selected,debug,0,330521,4,1024,1824994,True,"[2, 0, 0, 1]",6,lib/tests/core/pattern-alias.zy,trim_direct
selected,debug,0,292131,4,1024,1605581,True,"[2, 0, 0, 1]",6,lib/tests/core/pattern-alias.zy,baseline
selected,debug,0,327734,4,1024,1709935,True,"[2, 0, 0, 1]",6,lib/tests/core/pattern-alias.zy,trim
selected,debug,0,310890,4,1024,1580595,True,"[2, 0, 0, 1]",7,lib/tests/core/pattern-alias.zy,trim_direct
selected,debug,0,294331,4,1024,1587795,True,"[2, 0, 0, 1]",7,lib/tests/core/pattern-alias.zy,baseline
selected,debug,0,305541,4,1024,1670540,True,"[2, 0, 0, 1]",7,lib/tests/core/pattern-alias.zy,trim
selected,debug,0,319884,4,1024,1636262,True,"[2, 0, 0, 1]",7,lib/tests/core/pattern-alias.zy,direct
selected,debug,0,307535,4,1024,1699454,True,"[2, 0, 0, 1]",8,lib/tests/core/pattern-alias.zy,baseline
selected,debug,0,308984,4,1024,1659190,True,"[2, 0, 0, 1]",8,lib/tests/core/pattern-alias.zy,trim
selected,debug,0,308619,4,1024,1658676,True,"[2, 0, 0, 1]",8,lib/tests/core/pattern-alias.zy,direct
selected,debug,0,317284,4,1024,1785077,True,"[2, 0, 0, 1]",8,lib/tests/core/pattern-alias.zy,trim_direct
selected,debug,0,315650,4,1024,1703650,True,"[2, 0, 0, 1]",9,lib/tests/core/pattern-alias.zy,trim
selected,debug,0,314684,4,1024,1719925,True,"[2, 0, 0, 1]",9,lib/tests/core/pattern-alias.zy,direct
selected,debug,0,313251,4,1024,1676832,True,"[2, 0, 0, 1]",9,lib/tests/core/pattern-alias.zy,trim_direct
selected,debug,0,316885,4,1024,1750595,True,"[2, 0, 0, 1]",9,lib/tests/core/pattern-alias.zy,baseline
selected,debug,0,313377,4,1024,1704542,True,"[2, 0, 0, 1]",10,lib/tests/core/pattern-alias.zy,direct
selected,debug,0,317443,4,1024,1680383,True,"[2, 0, 0, 1]",10,lib/tests/core/pattern-alias.zy,trim_direct
selected,debug,0,311223,4,1024,1673090,True,"[2, 0, 0, 1]",10,lib/tests/core/pattern-alias.zy,baseline
selected,debug,0,310213,4,1024,1712227,True,"[2, 0, 0, 1]",10,lib/tests/core/pattern-alias.zy,trim
selected,debug,0,297441,4,1024,1632792,True,"[2, 0, 0, 1]",11,lib/tests/core/pattern-alias.zy,trim_direct
selected,debug,0,310152,4,1024,1861318,True,"[2, 0, 0, 1]",11,lib/tests/core/pattern-alias.zy,baseline
selected,debug,0,299336,4,1024,1669204,True,"[2, 0, 0, 1]",11,lib/tests/core/pattern-alias.zy,trim
selected,debug,0,334922,4,1024,1722204,True,"[2, 0, 0, 1]",11,lib/tests/core/pattern-alias.zy,direct
selected,debug,0,292335,4,1024,1592327,True,"[2, 0, 0, 1]",12,lib/tests/core/pattern-alias.zy,baseline
selected,debug,0,300944,4,1024,1695559,True,"[2, 0, 0, 1]",12,lib/tests/core/pattern-alias.zy,trim
selected,debug,0,317607,4,1024,1734709,True,"[2, 0, 0, 1]",12,lib/tests/core/pattern-alias.zy,direct
selected,debug,0,303911,4,1024,1631250,True,"[2, 0, 0, 1]",12,lib/tests/core/pattern-alias.zy,trim_direct
selected,debug,0,311626,4,1024,1715889,True,"[2, 0, 0, 1]",13,lib/tests/core/pattern-alias.zy,trim
selected,debug,0,292134,4,1024,1581915,True,"[2, 0, 0, 1]",13,lib/tests/core/pattern-alias.zy,direct
selected,debug,0,306944,4,1024,1663620,True,"[2, 0, 0, 1]",13,lib/tests/core/pattern-alias.zy,trim_direct
selected,debug,0,346419,4,1024,1985168,True,"[2, 0, 0, 1]",13,lib/tests/core/pattern-alias.zy,baseline
selected,debug,0,299647,4,1024,1619867,True,"[2, 0, 0, 1]",14,lib/tests/core/pattern-alias.zy,direct
selected,debug,0,311922,4,1024,1789165,True,"[2, 0, 0, 1]",14,lib/tests/core/pattern-alias.zy,trim_direct
selected,debug,0,296444,4,1024,1647101,True,"[2, 0, 0, 1]",14,lib/tests/core/pattern-alias.zy,baseline
selected,debug,0,302291,4,1024,1659308,True,"[2, 0, 0, 1]",14,lib/tests/core/pattern-alias.zy,trim
selected,debug,0,302266,4,1024,1654073,True,"[2, 0, 0, 1]",15,lib/tests/core/pattern-alias.zy,trim_direct
selected,debug,0,298112,4,1024,1621916,True,"[2, 0, 0, 1]",15,lib/tests/core/pattern-alias.zy,baseline
selected,debug,0,319514,4,1024,1760580,True,"[2, 0, 0, 1]",15,lib/tests/core/pattern-alias.zy,trim
selected,debug,0,301040,4,1024,1584414,True,"[2, 0, 0, 1]",15,lib/tests/core/pattern-alias.zy,direct
selected,debug,0,305035,4,1024,1742341,True,"[2, 0, 0, 1]",16,lib/tests/core/pattern-alias.zy,baseline
selected,debug,0,314675,4,1024,1772325,True,"[2, 0, 0, 1]",16,lib/tests/core/pattern-alias.zy,trim
selected,debug,0,298032,4,1024,1632474,True,"[2, 0, 0, 1]",16,lib/tests/core/pattern-alias.zy,direct
selected,debug,0,312166,4,1024,1770296,True,"[2, 0, 0, 1]",16,lib/tests/core/pattern-alias.zy,trim_direct
selected,debug,0,311857,4,1024,1679491,True,"[2, 0, 0, 1]",17,lib/tests/core/pattern-alias.zy,trim
selected,debug,0,308081,4,1024,1651743,True,"[2, 0, 0, 1]",17,lib/tests/core/pattern-alias.zy,direct
selected,debug,0,303448,4,1024,1636660,True,"[2, 0, 0, 1]",17,lib/tests/core/pattern-alias.zy,trim_direct
selected,debug,0,299881,4,1024,1661233,True,"[2, 0, 0, 1]",17,lib/tests/core/pattern-alias.zy,baseline
selected,debug,0,308329,4,1024,1647341,True,"[2, 0, 0, 1]",18,lib/tests/core/pattern-alias.zy,direct
selected,debug,0,313348,4,1024,1593488,True,"[2, 0, 0, 1]",18,lib/tests/core/pattern-alias.zy,trim_direct
selected,debug,0,301932,4,1024,1623489,True,"[2, 0, 0, 1]",18,lib/tests/core/pattern-alias.zy,baseline
selected,debug,0,308409,4,1024,1668096,True,"[2, 0, 0, 1]",18,lib/tests/core/pattern-alias.zy,trim
selected,debug,0,298478,4,1024,1634128,True,"[2, 0, 0, 1]",19,lib/tests/core/pattern-alias.zy,trim_direct
selected,debug,0,303303,4,1024,1613194,True,"[2, 0, 0, 1]",19,lib/tests/core/pattern-alias.zy,baseline
selected,debug,0,305834,4,1024,1625876,True,"[2, 0, 0, 1]",19,lib/tests/core/pattern-alias.zy,trim
selected,debug,0,308801,4,1024,1683243,True,"[2, 0, 0, 1]",19,lib/tests/core/pattern-alias.zy,direct
selected,debug,0,298542,4,1024,1643607,True,"[2, 0, 0, 1]",20,lib/tests/core/pattern-alias.zy,baseline
selected,debug,0,304687,4,1024,1677619,True,"[2, 0, 0, 1]",20,lib/tests/core/pattern-alias.zy,trim
selected,debug,0,311540,4,1024,1675249,True,"[2, 0, 0, 1]",20,lib/tests/core/pattern-alias.zy,direct
selected,debug,0,297601,4,1024,1581284,True,"[2, 0, 0, 1]",20,lib/tests/core/pattern-alias.zy,trim_direct
selected,debug,0,305840,4,1024,1648530,True,"[2, 0, 0, 1]",21,lib/tests/core/pattern-alias.zy,trim
selected,debug,0,307444,4,1024,1649838,True,"[2, 0, 0, 1]",21,lib/tests/core/pattern-alias.zy,direct
selected,debug,0,295057,4,1024,1611605,True,"[2, 0, 0, 1]",21,lib/tests/core/pattern-alias.zy,trim_direct
selected,debug,0,317386,4,1024,1652703,True,"[2, 0, 0, 1]",21,lib/tests/core/pattern-alias.zy,baseline
selected,debug,0,309210,4,1024,1654311,True,"[2, 0, 0, 1]",22,lib/tests/core/pattern-alias.zy,direct
selected,debug,0,305484,4,1024,1612689,True,"[2, 0, 0, 1]",22,lib/tests/core/pattern-alias.zy,trim_direct
selected,debug,0,304913,4,1024,1696155,True,"[2, 0, 0, 1]",22,lib/tests/core/pattern-alias.zy,baseline
selected,debug,0,295458,4,1024,1625194,True,"[2, 0, 0, 1]",22,lib/tests/core/pattern-alias.zy,trim
selected,debug,0,299801,4,1024,1625678,True,"[2, 0, 0, 1]",23,lib/tests/core/pattern-alias.zy,trim_direct
selected,debug,0,311697,4,1024,1662835,True,"[2, 0, 0, 1]",23,lib/tests/core/pattern-alias.zy,baseline
selected,debug,0,314904,4,1024,1678787,True,"[2, 0, 0, 1]",23,lib/tests/core/pattern-alias.zy,trim
selected,debug,0,343096,4,1024,1980130,True,"[2, 0, 0, 1]",23,lib/tests/core/pattern-alias.zy,direct
selected,debug,0,309113,4,1024,1670534,True,"[2, 0, 0, 1]",24,lib/tests/core/pattern-alias.zy,baseline
selected,debug,0,316338,4,1024,1737686,True,"[2, 0, 0, 1]",24,lib/tests/core/pattern-alias.zy,trim
selected,debug,0,313645,4,1024,1659834,True,"[2, 0, 0, 1]",24,lib/tests/core/pattern-alias.zy,direct
selected,debug,0,314213,4,1024,1679036,True,"[2, 0, 0, 1]",24,lib/tests/core/pattern-alias.zy,trim_direct
selected,debug,0,315054,4,1024,1760100,True,"[2, 0, 0, 1]",25,lib/tests/core/pattern-alias.zy,trim
selected,debug,0,306712,4,1024,1609372,True,"[2, 0, 0, 1]",25,lib/tests/core/pattern-alias.zy,direct
selected,debug,0,333654,4,1024,1798404,True,"[2, 0, 0, 1]",25,lib/tests/core/pattern-alias.zy,trim_direct
selected,debug,0,296753,4,1024,1598790,True,"[2, 0, 0, 1]",25,lib/tests/core/pattern-alias.zy,baseline
selected,debug,0,306148,4,1024,1615503,True,"[2, 0, 0, 1]",26,lib/tests/core/pattern-alias.zy,direct
selected,debug,0,349230,4,1024,1753030,True,"[2, 0, 0, 1]",26,lib/tests/core/pattern-alias.zy,trim_direct
selected,debug,0,296828,4,1024,1599272,True,"[2, 0, 0, 1]",26,lib/tests/core/pattern-alias.zy,baseline
selected,debug,0,325378,4,1024,1784376,True,"[2, 0, 0, 1]",26,lib/tests/core/pattern-alias.zy,trim
selected,debug,0,304153,4,1024,1648041,True,"[2, 0, 0, 1]",27,lib/tests/core/pattern-alias.zy,trim_direct
selected,debug,0,303831,4,1024,1592375,True,"[2, 0, 0, 1]",27,lib/tests/core/pattern-alias.zy,baseline
selected,debug,0,333208,4,1024,1728811,True,"[2, 0, 0, 1]",27,lib/tests/core/pattern-alias.zy,trim
selected,debug,0,313282,4,1024,1708054,True,"[2, 0, 0, 1]",27,lib/tests/core/pattern-alias.zy,direct
selected,debug,0,309714,4,1024,1703748,True,"[2, 0, 0, 1]",28,lib/tests/core/pattern-alias.zy,baseline
selected,debug,0,300942,4,1024,1653091,True,"[2, 0, 0, 1]",28,lib/tests/core/pattern-alias.zy,trim
selected,debug,0,312263,4,1024,1679667,True,"[2, 0, 0, 1]",28,lib/tests/core/pattern-alias.zy,direct
selected,debug,0,326402,4,1024,1843246,True,"[2, 0, 0, 1]",28,lib/tests/core/pattern-alias.zy,trim_direct
selected,debug,0,305921,4,1024,1608978,True,"[2, 0, 0, 1]",29,lib/tests/core/pattern-alias.zy,trim
selected,debug,0,314787,4,1024,1690746,True,"[2, 0, 0, 1]",29,lib/tests/core/pattern-alias.zy,direct
selected,debug,0,307673,4,1024,1687500,True,"[2, 0, 0, 1]",29,lib/tests/core/pattern-alias.zy,trim_direct
selected,debug,0,308629,4,1024,1676592,True,"[2, 0, 0, 1]",29,lib/tests/core/pattern-alias.zy,baseline
selected,debug,0,314584,4,1024,1683529,True,"[2, 0, 0, 1]",30,lib/tests/core/pattern-alias.zy,direct
selected,debug,0,294217,4,1024,1611344,True,"[2, 0, 0, 1]",30,lib/tests/core/pattern-alias.zy,trim_direct
selected,debug,0,302714,4,1024,1681578,True,"[2, 0, 0, 1]",30,lib/tests/core/pattern-alias.zy,baseline
selected,debug,0,303057,4,1024,1651961,True,"[2, 0, 0, 1]",30,lib/tests/core/pattern-alias.zy,trim
selected,debug,0,298135,4,1024,1614227,True,"[2, 0, 0, 1]",31,lib/tests/core/pattern-alias.zy,trim_direct
selected,debug,0,307625,4,1024,1676866,True,"[2, 0, 0, 1]",31,lib/tests/core/pattern-alias.zy,baseline
selected,debug,0,308102,4,1024,1625676,True,"[2, 0, 0, 1]",31,lib/tests/core/pattern-alias.zy,trim
selected,debug,0,318115,4,1024,1703171,True,"[2, 0, 0, 1]",31,lib/tests/core/pattern-alias.zy,direct
selected,debug,0,259002,135,41,4957210,False,"[104, 26, 8, 0]",0,lib/tests/core/native-frames.zy,baseline
selected,debug,0,257873,135,41,5027792,False,"[104, 26, 8, 0]",0,lib/tests/core/native-frames.zy,trim
selected,debug,0,256293,135,41,4759122,False,"[104, 26, 8, 0]",0,lib/tests/core/native-frames.zy,direct
selected,debug,0,257873,135,41,4774294,False,"[104, 26, 8, 0]",0,lib/tests/core/native-frames.zy,trim_direct
selected,debug,0,255708,135,41,4931253,False,"[104, 26, 8, 0]",1,lib/tests/core/native-frames.zy,trim
selected,debug,0,270334,135,41,5051502,False,"[104, 26, 8, 0]",1,lib/tests/core/native-frames.zy,direct
selected,debug,0,274545,135,41,5110166,False,"[104, 26, 8, 0]",1,lib/tests/core/native-frames.zy,trim_direct
selected,debug,0,262833,135,41,4971501,False,"[104, 26, 8, 0]",1,lib/tests/core/native-frames.zy,baseline
selected,debug,0,267502,135,41,4717497,False,"[104, 26, 8, 0]",2,lib/tests/core/native-frames.zy,direct
selected,debug,0,264502,135,41,5058545,False,"[104, 26, 8, 0]",2,lib/tests/core/native-frames.zy,trim_direct
selected,debug,0,261375,135,41,4959788,False,"[104, 26, 8, 0]",2,lib/tests/core/native-frames.zy,baseline
selected,debug,0,260039,135,41,4923666,False,"[104, 26, 8, 0]",2,lib/tests/core/native-frames.zy,trim
selected,debug,0,265871,135,41,5052830,False,"[104, 26, 8, 0]",3,lib/tests/core/native-frames.zy,trim_direct
selected,debug,0,264458,135,41,5051166,False,"[104, 26, 8, 0]",3,lib/tests/core/native-frames.zy,baseline
selected,debug,0,281546,135,41,4889996,False,"[104, 26, 8, 0]",3,lib/tests/core/native-frames.zy,trim
selected,debug,0,250621,135,41,4759001,False,"[104, 26, 8, 0]",3,lib/tests/core/native-frames.zy,direct
selected,debug,0,254961,135,41,4810499,False,"[104, 26, 8, 0]",4,lib/tests/core/native-frames.zy,baseline
selected,debug,0,259125,135,41,4981791,False,"[104, 26, 8, 0]",4,lib/tests/core/native-frames.zy,trim
selected,debug,0,248376,135,41,4782749,False,"[104, 26, 8, 0]",4,lib/tests/core/native-frames.zy,direct
selected,debug,0,259668,135,41,4879580,False,"[104, 26, 8, 0]",4,lib/tests/core/native-frames.zy,trim_direct
selected,debug,0,269876,135,41,5040044,False,"[104, 26, 8, 0]",5,lib/tests/core/native-frames.zy,trim
selected,debug,0,256380,135,41,4913207,False,"[104, 26, 8, 0]",5,lib/tests/core/native-frames.zy,direct
selected,debug,0,262957,135,41,4948120,False,"[104, 26, 8, 0]",5,lib/tests/core/native-frames.zy,trim_direct
selected,debug,0,249413,135,41,4891832,False,"[104, 26, 8, 0]",5,lib/tests/core/native-frames.zy,baseline
selected,debug,0,244204,135,41,4681254,False,"[104, 26, 8, 0]",6,lib/tests/core/native-frames.zy,direct
selected,debug,0,252790,135,41,4829709,False,"[104, 26, 8, 0]",6,lib/tests/core/native-frames.zy,trim_direct
selected,debug,0,247418,135,41,4812205,False,"[104, 26, 8, 0]",6,lib/tests/core/native-frames.zy,baseline
selected,debug,0,253581,135,41,4974500,False,"[104, 26, 8, 0]",6,lib/tests/core/native-frames.zy,trim
selected,debug,0,264589,135,41,4929504,False,"[104, 26, 8, 0]",7,lib/tests/core/native-frames.zy,trim_direct
selected,debug,0,255586,135,41,4905252,False,"[104, 26, 8, 0]",7,lib/tests/core/native-frames.zy,baseline
selected,debug,0,307748,135,41,5040587,False,"[104, 26, 8, 0]",7,lib/tests/core/native-frames.zy,trim
selected,debug,0,256171,135,41,4852040,False,"[104, 26, 8, 0]",7,lib/tests/core/native-frames.zy,direct
selected,debug,0,260585,135,41,4862249,False,"[104, 26, 8, 0]",8,lib/tests/core/native-frames.zy,baseline
selected,debug,0,263627,135,41,4890666,False,"[104, 26, 8, 0]",8,lib/tests/core/native-frames.zy,trim
selected,debug,0,247000,135,41,4838833,False,"[104, 26, 8, 0]",8,lib/tests/core/native-frames.zy,direct
selected,debug,0,275248,135,41,5272920,False,"[104, 26, 8, 0]",8,lib/tests/core/native-frames.zy,trim_direct
selected,debug,0,259041,135,41,5154248,False,"[104, 26, 8, 0]",9,lib/tests/core/native-frames.zy,trim
selected,debug,0,253918,135,41,4781499,False,"[104, 26, 8, 0]",9,lib/tests/core/native-frames.zy,direct
selected,debug,0,252579,135,41,4753708,False,"[104, 26, 8, 0]",9,lib/tests/core/native-frames.zy,trim_direct
selected,debug,0,254583,135,41,4901418,False,"[104, 26, 8, 0]",9,lib/tests/core/native-frames.zy,baseline
selected,debug,0,247337,135,41,4695752,False,"[104, 26, 8, 0]",10,lib/tests/core/native-frames.zy,direct
selected,debug,0,270502,135,41,4876871,False,"[104, 26, 8, 0]",10,lib/tests/core/native-frames.zy,trim_direct
selected,debug,0,252213,135,41,4833373,False,"[104, 26, 8, 0]",10,lib/tests/core/native-frames.zy,baseline
selected,debug,0,253000,135,41,4835171,False,"[104, 26, 8, 0]",10,lib/tests/core/native-frames.zy,trim
selected,debug,0,256999,135,41,4752000,False,"[104, 26, 8, 0]",11,lib/tests/core/native-frames.zy,trim_direct
selected,debug,0,248874,135,41,4838499,False,"[104, 26, 8, 0]",11,lib/tests/core/native-frames.zy,baseline
selected,debug,0,261376,135,41,4971335,False,"[104, 26, 8, 0]",11,lib/tests/core/native-frames.zy,trim
selected,debug,0,248538,135,41,4732040,False,"[104, 26, 8, 0]",11,lib/tests/core/native-frames.zy,direct
selected,debug,0,255377,135,41,4965080,False,"[104, 26, 8, 0]",12,lib/tests/core/native-frames.zy,baseline
selected,debug,0,251374,135,41,4873246,False,"[104, 26, 8, 0]",12,lib/tests/core/native-frames.zy,trim
selected,debug,0,256626,135,41,4731954,False,"[104, 26, 8, 0]",12,lib/tests/core/native-frames.zy,direct
selected,debug,0,256213,135,41,4804043,False,"[104, 26, 8, 0]",12,lib/tests/core/native-frames.zy,trim_direct
selected,debug,0,249919,135,41,4891702,False,"[104, 26, 8, 0]",13,lib/tests/core/native-frames.zy,trim
selected,debug,0,248377,135,41,4722456,False,"[104, 26, 8, 0]",13,lib/tests/core/native-frames.zy,direct
selected,debug,0,258630,135,41,4806378,False,"[104, 26, 8, 0]",13,lib/tests/core/native-frames.zy,trim_direct
selected,debug,0,296414,135,41,5001582,False,"[104, 26, 8, 0]",13,lib/tests/core/native-frames.zy,baseline
selected,debug,0,250877,135,41,4962999,False,"[104, 26, 8, 0]",14,lib/tests/core/native-frames.zy,direct
selected,debug,0,262708,135,41,4895795,False,"[104, 26, 8, 0]",14,lib/tests/core/native-frames.zy,trim_direct
selected,debug,0,256372,135,41,4968873,False,"[104, 26, 8, 0]",14,lib/tests/core/native-frames.zy,baseline
selected,debug,0,261751,135,41,5075375,False,"[104, 26, 8, 0]",14,lib/tests/core/native-frames.zy,trim
selected,debug,0,258788,135,41,4952500,False,"[104, 26, 8, 0]",15,lib/tests/core/native-frames.zy,trim_direct
selected,debug,0,246832,135,41,4838793,False,"[104, 26, 8, 0]",15,lib/tests/core/native-frames.zy,baseline
selected,debug,0,249334,135,41,4812671,False,"[104, 26, 8, 0]",15,lib/tests/core/native-frames.zy,trim
selected,debug,0,254167,135,41,4758706,False,"[104, 26, 8, 0]",15,lib/tests/core/native-frames.zy,direct
selected,debug,0,256085,135,41,4849667,False,"[104, 26, 8, 0]",16,lib/tests/core/native-frames.zy,baseline
selected,debug,0,245711,135,41,4872293,False,"[104, 26, 8, 0]",16,lib/tests/core/native-frames.zy,trim
selected,debug,0,255751,135,41,4787455,False,"[104, 26, 8, 0]",16,lib/tests/core/native-frames.zy,direct
selected,debug,0,254919,135,41,4830295,False,"[104, 26, 8, 0]",16,lib/tests/core/native-frames.zy,trim_direct
selected,debug,0,260500,135,41,4944624,False,"[104, 26, 8, 0]",17,lib/tests/core/native-frames.zy,trim
selected,debug,0,285797,135,41,4915170,False,"[104, 26, 8, 0]",17,lib/tests/core/native-frames.zy,direct
selected,debug,0,262416,135,41,4791166,False,"[104, 26, 8, 0]",17,lib/tests/core/native-frames.zy,trim_direct
selected,debug,0,248577,135,41,4838831,False,"[104, 26, 8, 0]",17,lib/tests/core/native-frames.zy,baseline
selected,debug,0,275875,135,41,4997371,False,"[104, 26, 8, 0]",18,lib/tests/core/native-frames.zy,direct
selected,debug,0,277251,135,41,4954462,False,"[104, 26, 8, 0]",18,lib/tests/core/native-frames.zy,trim_direct
selected,debug,0,264668,135,41,5059790,False,"[104, 26, 8, 0]",18,lib/tests/core/native-frames.zy,baseline
selected,debug,0,265334,135,41,5059038,False,"[104, 26, 8, 0]",18,lib/tests/core/native-frames.zy,trim
selected,debug,0,261708,135,41,4931750,False,"[104, 26, 8, 0]",19,lib/tests/core/native-frames.zy,trim_direct
selected,debug,0,247209,135,41,4845210,False,"[104, 26, 8, 0]",19,lib/tests/core/native-frames.zy,baseline
selected,debug,0,250793,135,41,4891880,False,"[104, 26, 8, 0]",19,lib/tests/core/native-frames.zy,trim
selected,debug,0,252752,135,41,4861456,False,"[104, 26, 8, 0]",19,lib/tests/core/native-frames.zy,direct
selected,debug,0,264293,135,41,5014498,False,"[104, 26, 8, 0]",20,lib/tests/core/native-frames.zy,baseline
selected,debug,0,293210,135,41,5174003,False,"[104, 26, 8, 0]",20,lib/tests/core/native-frames.zy,trim
selected,debug,0,284795,135,41,5256378,False,"[104, 26, 8, 0]",20,lib/tests/core/native-frames.zy,direct
selected,debug,0,266498,135,41,4936957,False,"[104, 26, 8, 0]",20,lib/tests/core/native-frames.zy,trim_direct
selected,debug,0,264379,135,41,4958830,False,"[104, 26, 8, 0]",21,lib/tests/core/native-frames.zy,trim
selected,debug,0,259751,135,41,4826456,False,"[104, 26, 8, 0]",21,lib/tests/core/native-frames.zy,direct
selected,debug,0,245331,135,41,4759544,False,"[104, 26, 8, 0]",21,lib/tests/core/native-frames.zy,trim_direct
selected,debug,0,251582,135,41,4833914,False,"[104, 26, 8, 0]",21,lib/tests/core/native-frames.zy,baseline
selected,debug,0,257203,135,41,4922834,False,"[104, 26, 8, 0]",22,lib/tests/core/native-frames.zy,direct
selected,debug,0,256127,135,41,4858334,False,"[104, 26, 8, 0]",22,lib/tests/core/native-frames.zy,trim_direct
selected,debug,0,254958,135,41,4895752,False,"[104, 26, 8, 0]",22,lib/tests/core/native-frames.zy,baseline
selected,debug,0,248582,135,41,4848542,False,"[104, 26, 8, 0]",22,lib/tests/core/native-frames.zy,trim
selected,debug,0,263330,135,41,4929959,False,"[104, 26, 8, 0]",23,lib/tests/core/native-frames.zy,trim_direct
selected,debug,0,256583,135,41,4800128,False,"[104, 26, 8, 0]",23,lib/tests/core/native-frames.zy,baseline
selected,debug,0,248417,135,41,4770209,False,"[104, 26, 8, 0]",23,lib/tests/core/native-frames.zy,trim
selected,debug,0,246629,135,41,4725624,False,"[104, 26, 8, 0]",23,lib/tests/core/native-frames.zy,direct
selected,debug,0,248293,135,41,4799040,False,"[104, 26, 8, 0]",24,lib/tests/core/native-frames.zy,baseline
selected,debug,0,254041,135,41,4933047,False,"[104, 26, 8, 0]",24,lib/tests/core/native-frames.zy,trim
selected,debug,0,250707,135,41,4750212,False,"[104, 26, 8, 0]",24,lib/tests/core/native-frames.zy,direct
selected,debug,0,253958,135,41,4779458,False,"[104, 26, 8, 0]",24,lib/tests/core/native-frames.zy,trim_direct
selected,debug,0,252209,135,41,4824624,False,"[104, 26, 8, 0]",25,lib/tests/core/native-frames.zy,trim
selected,debug,0,262256,135,41,4730123,False,"[104, 26, 8, 0]",25,lib/tests/core/native-frames.zy,direct
selected,debug,0,260792,135,41,4801539,False,"[104, 26, 8, 0]",25,lib/tests/core/native-frames.zy,trim_direct
selected,debug,0,251295,135,41,4887835,False,"[104, 26, 8, 0]",25,lib/tests/core/native-frames.zy,baseline
selected,debug,0,278377,135,41,4751586,False,"[104, 26, 8, 0]",26,lib/tests/core/native-frames.zy,direct
selected,debug,0,251379,135,41,4755836,False,"[104, 26, 8, 0]",26,lib/tests/core/native-frames.zy,trim_direct
selected,debug,0,260919,135,41,5039293,False,"[104, 26, 8, 0]",26,lib/tests/core/native-frames.zy,baseline
selected,debug,0,258538,135,41,5143292,False,"[104, 26, 8, 0]",26,lib/tests/core/native-frames.zy,trim
selected,debug,0,268082,135,41,4875751,False,"[104, 26, 8, 0]",27,lib/tests/core/native-frames.zy,trim_direct
selected,debug,0,268246,135,41,5153500,False,"[104, 26, 8, 0]",27,lib/tests/core/native-frames.zy,baseline
selected,debug,0,251962,135,41,4955791,False,"[104, 26, 8, 0]",27,lib/tests/core/native-frames.zy,trim
selected,debug,0,256211,135,41,4847170,False,"[104, 26, 8, 0]",27,lib/tests/core/native-frames.zy,direct
selected,debug,0,256791,135,41,4956296,False,"[104, 26, 8, 0]",28,lib/tests/core/native-frames.zy,baseline
selected,debug,0,251957,135,41,5012293,False,"[104, 26, 8, 0]",28,lib/tests/core/native-frames.zy,trim
selected,debug,0,255539,135,41,4787206,False,"[104, 26, 8, 0]",28,lib/tests/core/native-frames.zy,direct
selected,debug,0,267331,135,41,4899628,False,"[104, 26, 8, 0]",28,lib/tests/core/native-frames.zy,trim_direct
selected,debug,0,255168,135,41,5003421,False,"[104, 26, 8, 0]",29,lib/tests/core/native-frames.zy,trim
selected,debug,0,248421,135,41,4718913,False,"[104, 26, 8, 0]",29,lib/tests/core/native-frames.zy,direct
selected,debug,0,254918,135,41,4760708,False,"[104, 26, 8, 0]",29,lib/tests/core/native-frames.zy,trim_direct
selected,debug,0,248498,135,41,4836998,False,"[104, 26, 8, 0]",29,lib/tests/core/native-frames.zy,baseline
selected,debug,0,246004,135,41,4788919,False,"[104, 26, 8, 0]",30,lib/tests/core/native-frames.zy,direct
selected,debug,0,251210,135,41,4826917,False,"[104, 26, 8, 0]",30,lib/tests/core/native-frames.zy,trim_direct
selected,debug,0,249004,135,41,4923207,False,"[104, 26, 8, 0]",30,lib/tests/core/native-frames.zy,baseline
selected,debug,0,251878,135,41,4899374,False,"[104, 26, 8, 0]",30,lib/tests/core/native-frames.zy,trim
selected,debug,0,263793,135,41,4935792,False,"[104, 26, 8, 0]",31,lib/tests/core/native-frames.zy,trim_direct
selected,debug,0,248206,135,41,4792376,False,"[104, 26, 8, 0]",31,lib/tests/core/native-frames.zy,baseline
selected,debug,0,256335,135,41,4888083,False,"[104, 26, 8, 0]",31,lib/tests/core/native-frames.zy,trim
selected,debug,0,259249,135,41,4711040,False,"[104, 26, 8, 0]",31,lib/tests/core/native-frames.zy,direct
selected,debug,0,278414,135,44,4955087,True,"[97, 25, 8, 9]",0,lib/tests/core/native-frames.zy,baseline
selected,debug,0,284709,135,44,5098168,True,"[97, 25, 8, 9]",0,lib/tests/core/native-frames.zy,trim
selected,debug,0,290332,135,44,5190922,True,"[97, 25, 8, 9]",0,lib/tests/core/native-frames.zy,direct
selected,debug,0,293330,135,44,5032414,True,"[97, 25, 8, 9]",0,lib/tests/core/native-frames.zy,trim_direct
selected,debug,0,270705,135,44,5006583,True,"[97, 25, 8, 9]",1,lib/tests/core/native-frames.zy,trim
selected,debug,0,271751,135,44,4933874,True,"[97, 25, 8, 9]",1,lib/tests/core/native-frames.zy,direct
selected,debug,0,282039,135,44,4937506,True,"[97, 25, 8, 9]",1,lib/tests/core/native-frames.zy,trim_direct
selected,debug,0,288749,135,44,5046750,True,"[97, 25, 8, 9]",1,lib/tests/core/native-frames.zy,baseline
selected,debug,0,290582,135,44,5072499,True,"[97, 25, 8, 9]",2,lib/tests/core/native-frames.zy,direct
selected,debug,0,282375,135,44,5007125,True,"[97, 25, 8, 9]",2,lib/tests/core/native-frames.zy,trim_direct
selected,debug,0,273126,135,44,5018664,True,"[97, 25, 8, 9]",2,lib/tests/core/native-frames.zy,baseline
selected,debug,0,274459,135,44,4937411,True,"[97, 25, 8, 9]",2,lib/tests/core/native-frames.zy,trim
selected,debug,0,272459,135,44,4845748,True,"[97, 25, 8, 9]",3,lib/tests/core/native-frames.zy,trim_direct
selected,debug,0,275497,135,44,4934001,True,"[97, 25, 8, 9]",3,lib/tests/core/native-frames.zy,baseline
selected,debug,0,274250,135,44,5074669,True,"[97, 25, 8, 9]",3,lib/tests/core/native-frames.zy,trim
selected,debug,0,276209,135,44,5017959,True,"[97, 25, 8, 9]",3,lib/tests/core/native-frames.zy,direct
selected,debug,0,266043,135,44,4852999,True,"[97, 25, 8, 9]",4,lib/tests/core/native-frames.zy,baseline
selected,debug,0,270165,135,44,4975668,True,"[97, 25, 8, 9]",4,lib/tests/core/native-frames.zy,trim
selected,debug,0,269753,135,44,4820958,True,"[97, 25, 8, 9]",4,lib/tests/core/native-frames.zy,direct
selected,debug,0,279838,135,44,4975704,True,"[97, 25, 8, 9]",4,lib/tests/core/native-frames.zy,trim_direct
selected,debug,0,272291,135,44,4998416,True,"[97, 25, 8, 9]",5,lib/tests/core/native-frames.zy,trim
selected,debug,0,278914,135,44,4865088,True,"[97, 25, 8, 9]",5,lib/tests/core/native-frames.zy,direct
selected,debug,0,276959,135,44,4968707,True,"[97, 25, 8, 9]",5,lib/tests/core/native-frames.zy,trim_direct
selected,debug,0,265585,135,44,4895794,True,"[97, 25, 8, 9]",5,lib/tests/core/native-frames.zy,baseline
selected,debug,0,264878,135,44,4852709,True,"[97, 25, 8, 9]",6,lib/tests/core/native-frames.zy,direct
selected,debug,0,275832,135,44,4989790,True,"[97, 25, 8, 9]",6,lib/tests/core/native-frames.zy,trim_direct
selected,debug,0,280545,135,44,5264424,True,"[97, 25, 8, 9]",6,lib/tests/core/native-frames.zy,baseline
selected,debug,0,276666,135,44,5181999,True,"[97, 25, 8, 9]",6,lib/tests/core/native-frames.zy,trim
selected,debug,0,295084,135,44,5211333,True,"[97, 25, 8, 9]",7,lib/tests/core/native-frames.zy,trim_direct
selected,debug,0,268546,135,44,4979875,True,"[97, 25, 8, 9]",7,lib/tests/core/native-frames.zy,baseline
selected,debug,0,274587,135,44,5131293,True,"[97, 25, 8, 9]",7,lib/tests/core/native-frames.zy,trim
selected,debug,0,266041,135,44,4869163,True,"[97, 25, 8, 9]",7,lib/tests/core/native-frames.zy,direct
selected,debug,0,268419,135,44,5022668,True,"[97, 25, 8, 9]",8,lib/tests/core/native-frames.zy,baseline
selected,debug,0,276913,135,44,5210378,True,"[97, 25, 8, 9]",8,lib/tests/core/native-frames.zy,trim
selected,debug,0,277080,135,44,4990876,True,"[97, 25, 8, 9]",8,lib/tests/core/native-frames.zy,direct
selected,debug,0,290669,135,44,4923378,True,"[97, 25, 8, 9]",8,lib/tests/core/native-frames.zy,trim_direct
selected,debug,0,272831,135,44,5044169,True,"[97, 25, 8, 9]",9,lib/tests/core/native-frames.zy,trim
selected,debug,0,261080,135,44,4801420,True,"[97, 25, 8, 9]",9,lib/tests/core/native-frames.zy,direct
selected,debug,0,284413,135,44,4906288,True,"[97, 25, 8, 9]",9,lib/tests/core/native-frames.zy,trim_direct
selected,debug,0,278084,135,44,5085379,True,"[97, 25, 8, 9]",9,lib/tests/core/native-frames.zy,baseline
selected,debug,0,268745,135,44,4859332,True,"[97, 25, 8, 9]",10,lib/tests/core/native-frames.zy,direct
selected,debug,0,297710,135,44,4924499,True,"[97, 25, 8, 9]",10,lib/tests/core/native-frames.zy,trim_direct
selected,debug,0,275583,135,44,4983496,True,"[97, 25, 8, 9]",10,lib/tests/core/native-frames.zy,baseline
selected,debug,0,265378,135,44,4887042,True,"[97, 25, 8, 9]",10,lib/tests/core/native-frames.zy,trim
selected,debug,0,274918,135,44,4997414,True,"[97, 25, 8, 9]",11,lib/tests/core/native-frames.zy,trim_direct
selected,debug,0,266205,135,44,4852292,True,"[97, 25, 8, 9]",11,lib/tests/core/native-frames.zy,baseline
selected,debug,0,265369,135,44,4941377,True,"[97, 25, 8, 9]",11,lib/tests/core/native-frames.zy,trim
selected,debug,0,276004,135,44,4901210,True,"[97, 25, 8, 9]",11,lib/tests/core/native-frames.zy,direct
selected,debug,0,281167,135,44,4981959,True,"[97, 25, 8, 9]",12,lib/tests/core/native-frames.zy,baseline
selected,debug,0,272041,135,44,4937336,True,"[97, 25, 8, 9]",12,lib/tests/core/native-frames.zy,trim
selected,debug,0,274501,135,44,4894376,True,"[97, 25, 8, 9]",12,lib/tests/core/native-frames.zy,direct
selected,debug,0,312457,135,44,5646919,True,"[97, 25, 8, 9]",12,lib/tests/core/native-frames.zy,trim_direct
selected,debug,0,283292,135,44,5166497,True,"[97, 25, 8, 9]",13,lib/tests/core/native-frames.zy,trim
selected,debug,0,275620,135,44,4992415,True,"[97, 25, 8, 9]",13,lib/tests/core/native-frames.zy,direct
selected,debug,0,292461,135,44,4996836,True,"[97, 25, 8, 9]",13,lib/tests/core/native-frames.zy,trim_direct
selected,debug,0,310126,135,44,5302541,True,"[97, 25, 8, 9]",13,lib/tests/core/native-frames.zy,baseline
selected,debug,0,288919,135,44,5200708,True,"[97, 25, 8, 9]",14,lib/tests/core/native-frames.zy,direct
selected,debug,0,322457,135,44,5039587,True,"[97, 25, 8, 9]",14,lib/tests/core/native-frames.zy,trim_direct
selected,debug,0,284123,135,44,5088374,True,"[97, 25, 8, 9]",14,lib/tests/core/native-frames.zy,baseline
selected,debug,0,278747,135,44,4965167,True,"[97, 25, 8, 9]",14,lib/tests/core/native-frames.zy,trim
selected,debug,0,335331,135,44,5198664,True,"[97, 25, 8, 9]",15,lib/tests/core/native-frames.zy,trim_direct
selected,debug,0,281049,135,44,5062414,True,"[97, 25, 8, 9]",15,lib/tests/core/native-frames.zy,baseline
selected,debug,0,275627,135,44,4993791,True,"[97, 25, 8, 9]",15,lib/tests/core/native-frames.zy,trim
selected,debug,0,274541,135,44,4948375,True,"[97, 25, 8, 9]",15,lib/tests/core/native-frames.zy,direct
selected,debug,0,273918,135,44,4963330,True,"[97, 25, 8, 9]",16,lib/tests/core/native-frames.zy,baseline
selected,debug,0,275499,135,44,4945959,True,"[97, 25, 8, 9]",16,lib/tests/core/native-frames.zy,trim
selected,debug,0,297874,135,44,4879630,True,"[97, 25, 8, 9]",16,lib/tests/core/native-frames.zy,direct
selected,debug,0,280834,135,44,4965414,True,"[97, 25, 8, 9]",16,lib/tests/core/native-frames.zy,trim_direct
selected,debug,0,279082,135,44,5132125,True,"[97, 25, 8, 9]",17,lib/tests/core/native-frames.zy,trim
selected,debug,0,284539,135,44,4888750,True,"[97, 25, 8, 9]",17,lib/tests/core/native-frames.zy,direct
selected,debug,0,288498,135,44,5075042,True,"[97, 25, 8, 9]",17,lib/tests/core/native-frames.zy,trim_direct
selected,debug,0,282128,135,44,4998668,True,"[97, 25, 8, 9]",17,lib/tests/core/native-frames.zy,baseline
selected,debug,0,278416,135,44,4967454,True,"[97, 25, 8, 9]",18,lib/tests/core/native-frames.zy,direct
selected,debug,0,279415,135,44,5059209,True,"[97, 25, 8, 9]",18,lib/tests/core/native-frames.zy,trim_direct
selected,debug,0,296378,135,44,5184500,True,"[97, 25, 8, 9]",18,lib/tests/core/native-frames.zy,baseline
selected,debug,0,370329,135,44,5424918,True,"[97, 25, 8, 9]",18,lib/tests/core/native-frames.zy,trim
selected,debug,0,285044,135,44,5004084,True,"[97, 25, 8, 9]",19,lib/tests/core/native-frames.zy,trim_direct
selected,debug,0,272838,135,44,5005037,True,"[97, 25, 8, 9]",19,lib/tests/core/native-frames.zy,baseline
selected,debug,0,277918,135,44,5149004,True,"[97, 25, 8, 9]",19,lib/tests/core/native-frames.zy,trim
selected,debug,0,272208,135,44,4936375,True,"[97, 25, 8, 9]",19,lib/tests/core/native-frames.zy,direct
selected,debug,0,284457,135,44,4964334,True,"[97, 25, 8, 9]",20,lib/tests/core/native-frames.zy,baseline
selected,debug,0,281250,135,44,5167125,True,"[97, 25, 8, 9]",20,lib/tests/core/native-frames.zy,trim
selected,debug,0,279632,135,44,4979335,True,"[97, 25, 8, 9]",20,lib/tests/core/native-frames.zy,direct
selected,debug,0,300420,135,44,4998626,True,"[97, 25, 8, 9]",20,lib/tests/core/native-frames.zy,trim_direct
selected,debug,0,273381,135,44,5040167,True,"[97, 25, 8, 9]",21,lib/tests/core/native-frames.zy,trim
selected,debug,0,270753,135,44,4930751,True,"[97, 25, 8, 9]",21,lib/tests/core/native-frames.zy,direct
selected,debug,0,280292,135,44,4981418,True,"[97, 25, 8, 9]",21,lib/tests/core/native-frames.zy,trim_direct
selected,debug,0,283835,135,44,4994964,True,"[97, 25, 8, 9]",21,lib/tests/core/native-frames.zy,baseline
selected,debug,0,279082,135,44,5009336,True,"[97, 25, 8, 9]",22,lib/tests/core/native-frames.zy,direct
selected,debug,0,283332,135,44,5114415,True,"[97, 25, 8, 9]",22,lib/tests/core/native-frames.zy,trim_direct
selected,debug,0,270499,135,44,4881628,True,"[97, 25, 8, 9]",22,lib/tests/core/native-frames.zy,baseline
selected,debug,0,279582,135,44,4977584,True,"[97, 25, 8, 9]",22,lib/tests/core/native-frames.zy,trim
selected,debug,0,275836,135,44,4966127,True,"[97, 25, 8, 9]",23,lib/tests/core/native-frames.zy,trim_direct
selected,debug,0,277621,135,44,5037830,True,"[97, 25, 8, 9]",23,lib/tests/core/native-frames.zy,baseline
selected,debug,0,280456,135,44,5117753,True,"[97, 25, 8, 9]",23,lib/tests/core/native-frames.zy,trim
selected,debug,0,265915,135,44,4815037,True,"[97, 25, 8, 9]",23,lib/tests/core/native-frames.zy,direct
selected,debug,0,265668,135,44,4905413,True,"[97, 25, 8, 9]",24,lib/tests/core/native-frames.zy,baseline
selected,debug,0,279545,135,44,5079628,True,"[97, 25, 8, 9]",24,lib/tests/core/native-frames.zy,trim
selected,debug,0,282169,135,44,5091667,True,"[97, 25, 8, 9]",24,lib/tests/core/native-frames.zy,direct
selected,debug,0,288125,135,44,5109039,True,"[97, 25, 8, 9]",24,lib/tests/core/native-frames.zy,trim_direct
selected,debug,0,280293,135,44,5185668,True,"[97, 25, 8, 9]",25,lib/tests/core/native-frames.zy,trim
selected,debug,0,275169,135,44,4935085,True,"[97, 25, 8, 9]",25,lib/tests/core/native-frames.zy,direct
selected,debug,0,278332,135,44,5017505,True,"[97, 25, 8, 9]",25,lib/tests/core/native-frames.zy,trim_direct
selected,debug,0,288624,135,44,5154292,True,"[97, 25, 8, 9]",25,lib/tests/core/native-frames.zy,baseline
selected,debug,0,298624,135,44,5098751,True,"[97, 25, 8, 9]",26,lib/tests/core/native-frames.zy,direct
selected,debug,0,286875,135,44,4988043,True,"[97, 25, 8, 9]",26,lib/tests/core/native-frames.zy,trim_direct
selected,debug,0,271956,135,44,4969375,True,"[97, 25, 8, 9]",26,lib/tests/core/native-frames.zy,baseline
selected,debug,0,272458,135,44,5042210,True,"[97, 25, 8, 9]",26,lib/tests/core/native-frames.zy,trim
selected,debug,0,272246,135,44,4878412,True,"[97, 25, 8, 9]",27,lib/tests/core/native-frames.zy,trim_direct
selected,debug,0,270877,135,44,4834415,True,"[97, 25, 8, 9]",27,lib/tests/core/native-frames.zy,baseline
selected,debug,0,274379,135,44,5023209,True,"[97, 25, 8, 9]",27,lib/tests/core/native-frames.zy,trim
selected,debug,0,275419,135,44,4902874,True,"[97, 25, 8, 9]",27,lib/tests/core/native-frames.zy,direct
selected,debug,0,281459,135,44,5027208,True,"[97, 25, 8, 9]",28,lib/tests/core/native-frames.zy,baseline
selected,debug,0,272878,135,44,4927415,True,"[97, 25, 8, 9]",28,lib/tests/core/native-frames.zy,trim
selected,debug,0,284791,135,44,4979959,True,"[97, 25, 8, 9]",28,lib/tests/core/native-frames.zy,direct
selected,debug,0,290004,135,44,5063788,True,"[97, 25, 8, 9]",28,lib/tests/core/native-frames.zy,trim_direct
selected,debug,0,267207,135,44,4914248,True,"[97, 25, 8, 9]",29,lib/tests/core/native-frames.zy,trim
selected,debug,0,274831,135,44,4952291,True,"[97, 25, 8, 9]",29,lib/tests/core/native-frames.zy,direct
selected,debug,0,277422,135,44,4905421,True,"[97, 25, 8, 9]",29,lib/tests/core/native-frames.zy,trim_direct
selected,debug,0,272209,135,44,5006461,True,"[97, 25, 8, 9]",29,lib/tests/core/native-frames.zy,baseline
selected,debug,0,265588,135,44,4881752,True,"[97, 25, 8, 9]",30,lib/tests/core/native-frames.zy,direct
selected,debug,0,280288,135,44,4961585,True,"[97, 25, 8, 9]",30,lib/tests/core/native-frames.zy,trim_direct
selected,debug,0,283915,135,44,5178709,True,"[97, 25, 8, 9]",30,lib/tests/core/native-frames.zy,baseline
selected,debug,0,273126,135,44,5053083,True,"[97, 25, 8, 9]",30,lib/tests/core/native-frames.zy,trim
selected,debug,0,280081,135,44,5041630,True,"[97, 25, 8, 9]",31,lib/tests/core/native-frames.zy,trim_direct
selected,debug,0,267416,135,44,4919213,True,"[97, 25, 8, 9]",31,lib/tests/core/native-frames.zy,baseline
selected,debug,0,274665,135,44,5086419,True,"[97, 25, 8, 9]",31,lib/tests/core/native-frames.zy,trim
selected,debug,0,273834,135,44,4882000,True,"[97, 25, 8, 9]",31,lib/tests/core/native-frames.zy,direct
selected,debug,0,266209,131,45,5087876,False,"[93, 26, 7, 0]",0,lib/tests/builtin/host-return.zy,baseline
selected,debug,0,263751,131,45,5126084,False,"[93, 26, 7, 0]",0,lib/tests/builtin/host-return.zy,trim
selected,debug,0,268626,131,45,4991960,False,"[93, 26, 7, 0]",0,lib/tests/builtin/host-return.zy,direct
selected,debug,0,290043,131,45,5060125,False,"[93, 26, 7, 0]",0,lib/tests/builtin/host-return.zy,trim_direct
selected,debug,0,256833,131,45,5005417,False,"[93, 26, 7, 0]",1,lib/tests/builtin/host-return.zy,trim
selected,debug,0,258666,131,45,4909087,False,"[93, 26, 7, 0]",1,lib/tests/builtin/host-return.zy,direct
selected,debug,0,263338,131,45,4937041,False,"[93, 26, 7, 0]",1,lib/tests/builtin/host-return.zy,trim_direct
selected,debug,0,260250,131,45,5058837,False,"[93, 26, 7, 0]",1,lib/tests/builtin/host-return.zy,baseline
selected,debug,0,260539,131,45,4950046,False,"[93, 26, 7, 0]",2,lib/tests/builtin/host-return.zy,direct
selected,debug,0,266335,131,45,4995251,False,"[93, 26, 7, 0]",2,lib/tests/builtin/host-return.zy,trim_direct
selected,debug,0,266545,131,45,5058249,False,"[93, 26, 7, 0]",2,lib/tests/builtin/host-return.zy,baseline
selected,debug,0,261331,131,45,5088542,False,"[93, 26, 7, 0]",2,lib/tests/builtin/host-return.zy,trim
selected,debug,0,255835,131,45,4873250,False,"[93, 26, 7, 0]",3,lib/tests/builtin/host-return.zy,trim_direct
selected,debug,0,257004,131,45,4876415,False,"[93, 26, 7, 0]",3,lib/tests/builtin/host-return.zy,baseline
selected,debug,0,271371,131,45,5205882,False,"[93, 26, 7, 0]",3,lib/tests/builtin/host-return.zy,trim
selected,debug,0,291830,131,45,5223579,False,"[93, 26, 7, 0]",3,lib/tests/builtin/host-return.zy,direct
selected,debug,0,271163,131,45,5198169,False,"[93, 26, 7, 0]",4,lib/tests/builtin/host-return.zy,baseline
selected,debug,0,277126,131,45,5263041,False,"[93, 26, 7, 0]",4,lib/tests/builtin/host-return.zy,trim
selected,debug,0,283747,131,45,5081379,False,"[93, 26, 7, 0]",4,lib/tests/builtin/host-return.zy,direct
selected,debug,0,263877,131,45,5062749,False,"[93, 26, 7, 0]",4,lib/tests/builtin/host-return.zy,trim_direct
selected,debug,0,314002,131,45,5174082,False,"[93, 26, 7, 0]",5,lib/tests/builtin/host-return.zy,trim
selected,debug,0,267418,131,45,5041247,False,"[93, 26, 7, 0]",5,lib/tests/builtin/host-return.zy,direct
selected,debug,0,283703,131,45,5213378,False,"[93, 26, 7, 0]",5,lib/tests/builtin/host-return.zy,trim_direct
selected,debug,0,260625,131,45,5029919,False,"[93, 26, 7, 0]",5,lib/tests/builtin/host-return.zy,baseline
selected,debug,0,260248,131,45,4954542,False,"[93, 26, 7, 0]",6,lib/tests/builtin/host-return.zy,direct
selected,debug,0,278079,131,45,5291251,False,"[93, 26, 7, 0]",6,lib/tests/builtin/host-return.zy,trim_direct
selected,debug,0,266917,131,45,5178458,False,"[93, 26, 7, 0]",6,lib/tests/builtin/host-return.zy,baseline
selected,debug,0,405121,131,45,6319296,False,"[93, 26, 7, 0]",6,lib/tests/builtin/host-return.zy,trim
selected,debug,0,357001,131,45,6416630,False,"[93, 26, 7, 0]",7,lib/tests/builtin/host-return.zy,trim_direct
selected,debug,0,336333,131,45,6299829,False,"[93, 26, 7, 0]",7,lib/tests/builtin/host-return.zy,baseline
selected,debug,0,330919,131,45,5346162,False,"[93, 26, 7, 0]",7,lib/tests/builtin/host-return.zy,trim
selected,debug,0,274087,131,45,5145584,False,"[93, 26, 7, 0]",7,lib/tests/builtin/host-return.zy,direct
selected,debug,0,264340,131,45,5095297,False,"[93, 26, 7, 0]",8,lib/tests/builtin/host-return.zy,baseline
selected,debug,0,265751,131,45,5129207,False,"[93, 26, 7, 0]",8,lib/tests/builtin/host-return.zy,trim
selected,debug,0,272659,131,45,5030788,False,"[93, 26, 7, 0]",8,lib/tests/builtin/host-return.zy,direct
selected,debug,0,279543,131,45,5106084,False,"[93, 26, 7, 0]",8,lib/tests/builtin/host-return.zy,trim_direct
selected,debug,0,272876,131,45,5148999,False,"[93, 26, 7, 0]",9,lib/tests/builtin/host-return.zy,trim
selected,debug,0,274870,131,45,5212292,False,"[93, 26, 7, 0]",9,lib/tests/builtin/host-return.zy,direct
selected,debug,0,269917,131,45,5119711,False,"[93, 26, 7, 0]",9,lib/tests/builtin/host-return.zy,trim_direct
selected,debug,0,273668,131,45,5408128,False,"[93, 26, 7, 0]",9,lib/tests/builtin/host-return.zy,baseline
selected,debug,0,267501,131,45,5041958,False,"[93, 26, 7, 0]",10,lib/tests/builtin/host-return.zy,direct
selected,debug,0,278126,131,45,5162664,False,"[93, 26, 7, 0]",10,lib/tests/builtin/host-return.zy,trim_direct
selected,debug,0,276083,131,45,5295874,False,"[93, 26, 7, 0]",10,lib/tests/builtin/host-return.zy,baseline
selected,debug,0,277750,131,45,5233750,False,"[93, 26, 7, 0]",10,lib/tests/builtin/host-return.zy,trim
selected,debug,0,277787,131,45,5140004,False,"[93, 26, 7, 0]",11,lib/tests/builtin/host-return.zy,trim_direct
selected,debug,0,262831,131,45,5061415,False,"[93, 26, 7, 0]",11,lib/tests/builtin/host-return.zy,baseline
selected,debug,0,276459,131,45,5082668,False,"[93, 26, 7, 0]",11,lib/tests/builtin/host-return.zy,trim
selected,debug,0,263920,131,45,4997501,False,"[93, 26, 7, 0]",11,lib/tests/builtin/host-return.zy,direct
selected,debug,0,262585,131,45,5157964,False,"[93, 26, 7, 0]",12,lib/tests/builtin/host-return.zy,baseline
selected,debug,0,261751,131,45,5019168,False,"[93, 26, 7, 0]",12,lib/tests/builtin/host-return.zy,trim
selected,debug,0,267171,131,45,5063374,False,"[93, 26, 7, 0]",12,lib/tests/builtin/host-return.zy,direct
selected,debug,0,266580,131,45,5066915,False,"[93, 26, 7, 0]",12,lib/tests/builtin/host-return.zy,trim_direct
selected,debug,0,254879,131,45,5044492,False,"[93, 26, 7, 0]",13,lib/tests/builtin/host-return.zy,trim
selected,debug,0,267709,131,45,5030205,False,"[93, 26, 7, 0]",13,lib/tests/builtin/host-return.zy,direct
selected,debug,0,263042,131,45,5000963,False,"[93, 26, 7, 0]",13,lib/tests/builtin/host-return.zy,trim_direct
selected,debug,0,272421,131,45,5116663,False,"[93, 26, 7, 0]",13,lib/tests/builtin/host-return.zy,baseline
selected,debug,0,276953,131,45,4976080,False,"[93, 26, 7, 0]",14,lib/tests/builtin/host-return.zy,direct
selected,debug,0,263500,131,45,4938374,False,"[93, 26, 7, 0]",14,lib/tests/builtin/host-return.zy,trim_direct
selected,debug,0,259588,131,45,4994373,False,"[93, 26, 7, 0]",14,lib/tests/builtin/host-return.zy,baseline
selected,debug,0,258289,131,45,5065374,False,"[93, 26, 7, 0]",14,lib/tests/builtin/host-return.zy,trim
selected,debug,0,263918,131,45,5043040,False,"[93, 26, 7, 0]",15,lib/tests/builtin/host-return.zy,trim_direct
selected,debug,0,268752,131,45,5159708,False,"[93, 26, 7, 0]",15,lib/tests/builtin/host-return.zy,baseline
selected,debug,0,265333,131,45,5209248,False,"[93, 26, 7, 0]",15,lib/tests/builtin/host-return.zy,trim
selected,debug,0,277954,131,45,5129792,False,"[93, 26, 7, 0]",15,lib/tests/builtin/host-return.zy,direct
selected,debug,0,269752,131,45,5122997,False,"[93, 26, 7, 0]",16,lib/tests/builtin/host-return.zy,baseline
selected,debug,0,265540,131,45,5057541,False,"[93, 26, 7, 0]",16,lib/tests/builtin/host-return.zy,trim
selected,debug,0,270832,131,45,5073582,False,"[93, 26, 7, 0]",16,lib/tests/builtin/host-return.zy,direct
selected,debug,0,276041,131,45,5320917,False,"[93, 26, 7, 0]",16,lib/tests/builtin/host-return.zy,trim_direct
selected,debug,0,266543,131,45,5203579,False,"[93, 26, 7, 0]",17,lib/tests/builtin/host-return.zy,trim
selected,debug,0,346710,131,45,5116045,False,"[93, 26, 7, 0]",17,lib/tests/builtin/host-return.zy,direct
selected,debug,0,281954,131,45,5167709,False,"[93, 26, 7, 0]",17,lib/tests/builtin/host-return.zy,trim_direct
selected,debug,0,269625,131,45,5093084,False,"[93, 26, 7, 0]",17,lib/tests/builtin/host-return.zy,baseline
selected,debug,0,268621,131,45,4983251,False,"[93, 26, 7, 0]",18,lib/tests/builtin/host-return.zy,direct
selected,debug,0,267876,131,45,5075083,False,"[93, 26, 7, 0]",18,lib/tests/builtin/host-return.zy,trim_direct
selected,debug,0,280955,131,45,5085999,False,"[93, 26, 7, 0]",18,lib/tests/builtin/host-return.zy,baseline
selected,debug,0,257082,131,45,5023337,False,"[93, 26, 7, 0]",18,lib/tests/builtin/host-return.zy,trim
selected,debug,0,263168,131,45,4908086,False,"[93, 26, 7, 0]",19,lib/tests/builtin/host-return.zy,trim_direct
selected,debug,0,274834,131,45,5075125,False,"[93, 26, 7, 0]",19,lib/tests/builtin/host-return.zy,baseline
selected,debug,0,270373,131,45,5112463,False,"[93, 26, 7, 0]",19,lib/tests/builtin/host-return.zy,trim
selected,debug,0,260627,131,45,4983582,False,"[93, 26, 7, 0]",19,lib/tests/builtin/host-return.zy,direct
selected,debug,0,264085,131,45,5139040,False,"[93, 26, 7, 0]",20,lib/tests/builtin/host-return.zy,baseline
selected,debug,0,265499,131,45,5025415,False,"[93, 26, 7, 0]",20,lib/tests/builtin/host-return.zy,trim
selected,debug,0,282585,131,45,4928460,False,"[93, 26, 7, 0]",20,lib/tests/builtin/host-return.zy,direct
selected,debug,0,265914,131,45,5105997,False,"[93, 26, 7, 0]",20,lib/tests/builtin/host-return.zy,trim_direct
selected,debug,0,253457,131,45,4957793,False,"[93, 26, 7, 0]",21,lib/tests/builtin/host-return.zy,trim
selected,debug,0,274042,131,45,5014211,False,"[93, 26, 7, 0]",21,lib/tests/builtin/host-return.zy,direct
selected,debug,0,279625,131,45,5193712,False,"[93, 26, 7, 0]",21,lib/tests/builtin/host-return.zy,trim_direct
selected,debug,0,287164,131,45,5483665,False,"[93, 26, 7, 0]",21,lib/tests/builtin/host-return.zy,baseline
selected,debug,0,264875,131,45,5116750,False,"[93, 26, 7, 0]",22,lib/tests/builtin/host-return.zy,direct
selected,debug,0,275497,131,45,5132749,False,"[93, 26, 7, 0]",22,lib/tests/builtin/host-return.zy,trim_direct
selected,debug,0,265293,131,45,5214628,False,"[93, 26, 7, 0]",22,lib/tests/builtin/host-return.zy,baseline
selected,debug,0,268377,131,45,5230879,False,"[93, 26, 7, 0]",22,lib/tests/builtin/host-return.zy,trim
selected,debug,0,267752,131,45,5085290,False,"[93, 26, 7, 0]",23,lib/tests/builtin/host-return.zy,trim_direct
selected,debug,0,262045,131,45,5139413,False,"[93, 26, 7, 0]",23,lib/tests/builtin/host-return.zy,baseline
selected,debug,0,266750,131,45,5233625,False,"[93, 26, 7, 0]",23,lib/tests/builtin/host-return.zy,trim
selected,debug,0,262043,131,45,5033041,False,"[93, 26, 7, 0]",23,lib/tests/builtin/host-return.zy,direct
selected,debug,0,265162,131,45,5103373,False,"[93, 26, 7, 0]",24,lib/tests/builtin/host-return.zy,baseline
selected,debug,0,254832,131,45,5010332,False,"[93, 26, 7, 0]",24,lib/tests/builtin/host-return.zy,trim
selected,debug,0,274171,131,45,4947669,False,"[93, 26, 7, 0]",24,lib/tests/builtin/host-return.zy,direct
selected,debug,0,271294,131,45,4993459,False,"[93, 26, 7, 0]",24,lib/tests/builtin/host-return.zy,trim_direct
selected,debug,0,259332,131,45,5108248,False,"[93, 26, 7, 0]",25,lib/tests/builtin/host-return.zy,trim
selected,debug,0,264330,131,45,5033999,False,"[93, 26, 7, 0]",25,lib/tests/builtin/host-return.zy,direct
selected,debug,0,267830,131,45,4931254,False,"[93, 26, 7, 0]",25,lib/tests/builtin/host-return.zy,trim_direct
selected,debug,0,259497,131,45,4991913,False,"[93, 26, 7, 0]",25,lib/tests/builtin/host-return.zy,baseline
selected,debug,0,266084,131,45,4969293,False,"[93, 26, 7, 0]",26,lib/tests/builtin/host-return.zy,direct
selected,debug,0,264251,131,45,4922708,False,"[93, 26, 7, 0]",26,lib/tests/builtin/host-return.zy,trim_direct
selected,debug,0,263378,131,45,5136331,False,"[93, 26, 7, 0]",26,lib/tests/builtin/host-return.zy,baseline
selected,debug,0,263667,131,45,5128164,False,"[93, 26, 7, 0]",26,lib/tests/builtin/host-return.zy,trim
selected,debug,0,278749,131,45,5001625,False,"[93, 26, 7, 0]",27,lib/tests/builtin/host-return.zy,trim_direct
selected,debug,0,267540,131,45,5133873,False,"[93, 26, 7, 0]",27,lib/tests/builtin/host-return.zy,baseline
selected,debug,0,261711,131,45,4981960,False,"[93, 26, 7, 0]",27,lib/tests/builtin/host-return.zy,trim
selected,debug,0,276832,131,45,5285539,False,"[93, 26, 7, 0]",27,lib/tests/builtin/host-return.zy,direct
selected,debug,0,284292,131,45,5251707,False,"[93, 26, 7, 0]",28,lib/tests/builtin/host-return.zy,baseline
selected,debug,0,264709,131,45,5132004,False,"[93, 26, 7, 0]",28,lib/tests/builtin/host-return.zy,trim
selected,debug,0,277209,131,45,5213420,False,"[93, 26, 7, 0]",28,lib/tests/builtin/host-return.zy,direct
selected,debug,0,273041,131,45,5144165,False,"[93, 26, 7, 0]",28,lib/tests/builtin/host-return.zy,trim_direct
selected,debug,0,259702,131,45,5202663,False,"[93, 26, 7, 0]",29,lib/tests/builtin/host-return.zy,trim
selected,debug,0,276706,131,45,5019252,False,"[93, 26, 7, 0]",29,lib/tests/builtin/host-return.zy,direct
selected,debug,0,280288,131,45,5004293,False,"[93, 26, 7, 0]",29,lib/tests/builtin/host-return.zy,trim_direct
selected,debug,0,266748,131,45,5011037,False,"[93, 26, 7, 0]",29,lib/tests/builtin/host-return.zy,baseline
selected,debug,0,264961,131,45,5068250,False,"[93, 26, 7, 0]",30,lib/tests/builtin/host-return.zy,direct
selected,debug,0,267086,131,45,4965793,False,"[93, 26, 7, 0]",30,lib/tests/builtin/host-return.zy,trim_direct
selected,debug,0,268955,131,45,4995876,False,"[93, 26, 7, 0]",30,lib/tests/builtin/host-return.zy,baseline
selected,debug,0,275001,131,45,5073750,False,"[93, 26, 7, 0]",30,lib/tests/builtin/host-return.zy,trim
selected,debug,0,269416,131,45,5048831,False,"[93, 26, 7, 0]",31,lib/tests/builtin/host-return.zy,trim_direct
selected,debug,0,271959,131,45,5038543,False,"[93, 26, 7, 0]",31,lib/tests/builtin/host-return.zy,baseline
selected,debug,0,276082,131,45,5117040,False,"[93, 26, 7, 0]",31,lib/tests/builtin/host-return.zy,trim
selected,debug,0,266000,131,45,5010496,False,"[93, 26, 7, 0]",31,lib/tests/builtin/host-return.zy,direct
selected,debug,0,280544,131,55,4787919,True,"[66, 24, 7, 8]",0,lib/tests/builtin/host-return.zy,baseline
selected,debug,0,274958,131,55,4773874,True,"[66, 24, 7, 8]",0,lib/tests/builtin/host-return.zy,trim
selected,debug,0,283126,131,55,4846000,True,"[66, 24, 7, 8]",0,lib/tests/builtin/host-return.zy,direct
selected,debug,0,274044,131,55,4755668,True,"[66, 24, 7, 8]",0,lib/tests/builtin/host-return.zy,trim_direct
selected,debug,0,290040,131,55,4772704,True,"[66, 24, 7, 8]",1,lib/tests/builtin/host-return.zy,trim
selected,debug,0,281622,131,55,4802205,True,"[66, 24, 7, 8]",1,lib/tests/builtin/host-return.zy,direct
selected,debug,0,283878,131,55,4822287,True,"[66, 24, 7, 8]",1,lib/tests/builtin/host-return.zy,trim_direct
selected,debug,0,321874,131,55,4963665,True,"[66, 24, 7, 8]",1,lib/tests/builtin/host-return.zy,baseline
selected,debug,0,277462,131,55,4893504,True,"[66, 24, 7, 8]",2,lib/tests/builtin/host-return.zy,direct
selected,debug,0,328162,131,55,5093002,True,"[66, 24, 7, 8]",2,lib/tests/builtin/host-return.zy,trim_direct
selected,debug,0,288917,131,55,4951336,True,"[66, 24, 7, 8]",2,lib/tests/builtin/host-return.zy,baseline
selected,debug,0,272958,131,55,4790958,True,"[66, 24, 7, 8]",2,lib/tests/builtin/host-return.zy,trim
selected,debug,0,302956,131,55,4924582,True,"[66, 24, 7, 8]",3,lib/tests/builtin/host-return.zy,trim_direct
selected,debug,0,278337,131,55,4914417,True,"[66, 24, 7, 8]",3,lib/tests/builtin/host-return.zy,baseline
selected,debug,0,372331,131,55,4988164,True,"[66, 24, 7, 8]",3,lib/tests/builtin/host-return.zy,trim
selected,debug,0,273705,131,55,4806211,True,"[66, 24, 7, 8]",3,lib/tests/builtin/host-return.zy,direct
selected,debug,0,278290,131,55,4969420,True,"[66, 24, 7, 8]",4,lib/tests/builtin/host-return.zy,baseline
selected,debug,0,310918,131,55,5348331,True,"[66, 24, 7, 8]",4,lib/tests/builtin/host-return.zy,trim
selected,debug,0,313874,131,55,5021334,True,"[66, 24, 7, 8]",4,lib/tests/builtin/host-return.zy,direct
selected,debug,0,303706,131,55,5201037,True,"[66, 24, 7, 8]",4,lib/tests/builtin/host-return.zy,trim_direct
selected,debug,0,300625,131,55,5071501,True,"[66, 24, 7, 8]",5,lib/tests/builtin/host-return.zy,trim
selected,debug,0,295830,131,55,5131124,True,"[66, 24, 7, 8]",5,lib/tests/builtin/host-return.zy,direct
selected,debug,0,331619,131,55,5259667,True,"[66, 24, 7, 8]",5,lib/tests/builtin/host-return.zy,trim_direct
selected,debug,0,314961,131,55,5471251,True,"[66, 24, 7, 8]",5,lib/tests/builtin/host-return.zy,baseline
selected,debug,0,314334,131,55,5483082,True,"[66, 24, 7, 8]",6,lib/tests/builtin/host-return.zy,direct
selected,debug,0,367743,131,55,5010712,True,"[66, 24, 7, 8]",6,lib/tests/builtin/host-return.zy,trim_direct
selected,debug,0,289998,131,55,5021413,True,"[66, 24, 7, 8]",6,lib/tests/builtin/host-return.zy,baseline
selected,debug,0,282499,131,55,5004208,True,"[66, 24, 7, 8]",6,lib/tests/builtin/host-return.zy,trim
selected,debug,0,285628,131,55,4968709,True,"[66, 24, 7, 8]",7,lib/tests/builtin/host-return.zy,trim_direct
selected,debug,0,316792,131,55,5206416,True,"[66, 24, 7, 8]",7,lib/tests/builtin/host-return.zy,baseline
selected,debug,0,352498,131,55,5280960,True,"[66, 24, 7, 8]",7,lib/tests/builtin/host-return.zy,trim
selected,debug,0,300083,131,55,5128251,True,"[66, 24, 7, 8]",7,lib/tests/builtin/host-return.zy,direct
selected,debug,0,310630,131,55,5378456,True,"[66, 24, 7, 8]",8,lib/tests/builtin/host-return.zy,baseline
selected,debug,0,316251,131,55,5137666,True,"[66, 24, 7, 8]",8,lib/tests/builtin/host-return.zy,trim
selected,debug,0,293122,131,55,5019837,True,"[66, 24, 7, 8]",8,lib/tests/builtin/host-return.zy,direct
selected,debug,0,304624,131,55,5351625,True,"[66, 24, 7, 8]",8,lib/tests/builtin/host-return.zy,trim_direct
selected,debug,0,345825,131,55,5551788,True,"[66, 24, 7, 8]",9,lib/tests/builtin/host-return.zy,trim
selected,debug,0,318668,131,55,5459874,True,"[66, 24, 7, 8]",9,lib/tests/builtin/host-return.zy,direct
selected,debug,0,324539,131,55,5338838,True,"[66, 24, 7, 8]",9,lib/tests/builtin/host-return.zy,trim_direct
selected,debug,0,296582,131,55,5128659,True,"[66, 24, 7, 8]",9,lib/tests/builtin/host-return.zy,baseline
selected,debug,0,374169,131,55,5336333,True,"[66, 24, 7, 8]",10,lib/tests/builtin/host-return.zy,direct
selected,debug,0,337584,131,55,5154830,True,"[66, 24, 7, 8]",10,lib/tests/builtin/host-return.zy,trim_direct
selected,debug,0,296662,131,55,4936628,True,"[66, 24, 7, 8]",10,lib/tests/builtin/host-return.zy,baseline
selected,debug,0,288709,131,55,5120792,True,"[66, 24, 7, 8]",10,lib/tests/builtin/host-return.zy,trim
selected,debug,0,378332,131,55,5087459,True,"[66, 24, 7, 8]",11,lib/tests/builtin/host-return.zy,trim_direct
selected,debug,0,304833,131,55,5135918,True,"[66, 24, 7, 8]",11,lib/tests/builtin/host-return.zy,baseline
selected,debug,0,290874,131,55,5027213,True,"[66, 24, 7, 8]",11,lib/tests/builtin/host-return.zy,trim
selected,debug,0,288788,131,55,4965953,True,"[66, 24, 7, 8]",11,lib/tests/builtin/host-return.zy,direct
selected,debug,0,303670,131,55,5346589,True,"[66, 24, 7, 8]",12,lib/tests/builtin/host-return.zy,baseline
selected,debug,0,306833,131,55,4998370,True,"[66, 24, 7, 8]",12,lib/tests/builtin/host-return.zy,trim
selected,debug,0,291496,131,55,4964128,True,"[66, 24, 7, 8]",12,lib/tests/builtin/host-return.zy,direct
selected,debug,0,288916,131,55,4811005,True,"[66, 24, 7, 8]",12,lib/tests/builtin/host-return.zy,trim_direct
selected,debug,0,279959,131,55,4955917,True,"[66, 24, 7, 8]",13,lib/tests/builtin/host-return.zy,trim
selected,debug,0,286334,131,55,5082502,True,"[66, 24, 7, 8]",13,lib/tests/builtin/host-return.zy,direct
selected,debug,0,295666,131,55,4938622,True,"[66, 24, 7, 8]",13,lib/tests/builtin/host-return.zy,trim_direct
selected,debug,0,279872,131,55,4903413,True,"[66, 24, 7, 8]",13,lib/tests/builtin/host-return.zy,baseline
selected,debug,0,290044,131,55,4800377,True,"[66, 24, 7, 8]",14,lib/tests/builtin/host-return.zy,direct
selected,debug,0,303126,131,55,5398463,True,"[66, 24, 7, 8]",14,lib/tests/builtin/host-return.zy,trim_direct
selected,debug,0,303834,131,55,5201918,True,"[66, 24, 7, 8]",14,lib/tests/builtin/host-return.zy,baseline
selected,debug,0,289957,131,55,4988164,True,"[66, 24, 7, 8]",14,lib/tests/builtin/host-return.zy,trim
selected,debug,0,296503,131,55,4846170,True,"[66, 24, 7, 8]",15,lib/tests/builtin/host-return.zy,trim_direct
selected,debug,0,319208,131,55,4899413,True,"[66, 24, 7, 8]",15,lib/tests/builtin/host-return.zy,baseline
selected,debug,0,331163,131,55,5077001,True,"[66, 24, 7, 8]",15,lib/tests/builtin/host-return.zy,trim
selected,debug,0,300750,131,55,5073584,True,"[66, 24, 7, 8]",15,lib/tests/builtin/host-return.zy,direct
selected,debug,0,313708,131,55,5066210,True,"[66, 24, 7, 8]",16,lib/tests/builtin/host-return.zy,baseline
selected,debug,0,297165,131,55,5119626,True,"[66, 24, 7, 8]",16,lib/tests/builtin/host-return.zy,trim
selected,debug,0,300625,131,55,5043413,True,"[66, 24, 7, 8]",16,lib/tests/builtin/host-return.zy,direct
selected,debug,0,299914,131,55,5398580,True,"[66, 24, 7, 8]",16,lib/tests/builtin/host-return.zy,trim_direct
selected,debug,0,313295,131,55,5230667,True,"[66, 24, 7, 8]",17,lib/tests/builtin/host-return.zy,trim
selected,debug,0,289997,131,55,5139170,True,"[66, 24, 7, 8]",17,lib/tests/builtin/host-return.zy,direct
selected,debug,0,309290,131,55,5169215,True,"[66, 24, 7, 8]",17,lib/tests/builtin/host-return.zy,trim_direct
selected,debug,0,286957,131,55,4999170,True,"[66, 24, 7, 8]",17,lib/tests/builtin/host-return.zy,baseline
selected,debug,0,295001,131,55,4945712,True,"[66, 24, 7, 8]",18,lib/tests/builtin/host-return.zy,direct
selected,debug,0,289582,131,55,4963292,True,"[66, 24, 7, 8]",18,lib/tests/builtin/host-return.zy,trim_direct
selected,debug,0,306333,131,55,5225249,True,"[66, 24, 7, 8]",18,lib/tests/builtin/host-return.zy,baseline
selected,debug,0,317081,131,55,5341547,True,"[66, 24, 7, 8]",18,lib/tests/builtin/host-return.zy,trim
selected,debug,0,348957,131,55,5290669,True,"[66, 24, 7, 8]",19,lib/tests/builtin/host-return.zy,trim_direct
selected,debug,0,322127,131,55,5175169,True,"[66, 24, 7, 8]",19,lib/tests/builtin/host-return.zy,baseline
selected,debug,0,297584,131,55,5066877,True,"[66, 24, 7, 8]",19,lib/tests/builtin/host-return.zy,trim
selected,debug,0,298165,131,55,5005836,True,"[66, 24, 7, 8]",19,lib/tests/builtin/host-return.zy,direct
selected,debug,0,286126,131,55,5033540,True,"[66, 24, 7, 8]",20,lib/tests/builtin/host-return.zy,baseline
selected,debug,0,284998,131,55,4951705,True,"[66, 24, 7, 8]",20,lib/tests/builtin/host-return.zy,trim
selected,debug,0,352999,131,55,5263704,True,"[66, 24, 7, 8]",20,lib/tests/builtin/host-return.zy,direct
selected,debug,0,322627,131,55,5257162,True,"[66, 24, 7, 8]",20,lib/tests/builtin/host-return.zy,trim_direct
selected,debug,0,289458,131,55,5184371,True,"[66, 24, 7, 8]",21,lib/tests/builtin/host-return.zy,trim
selected,debug,0,299038,131,55,5367793,True,"[66, 24, 7, 8]",21,lib/tests/builtin/host-return.zy,direct
selected,debug,0,296586,131,55,5209995,True,"[66, 24, 7, 8]",21,lib/tests/builtin/host-return.zy,trim_direct
selected,debug,0,290124,131,55,5084880,True,"[66, 24, 7, 8]",21,lib/tests/builtin/host-return.zy,baseline
selected,debug,0,282083,131,55,5012413,True,"[66, 24, 7, 8]",22,lib/tests/builtin/host-return.zy,direct
selected,debug,0,291247,131,55,4960958,True,"[66, 24, 7, 8]",22,lib/tests/builtin/host-return.zy,trim_direct
selected,debug,0,302911,131,55,5096499,True,"[66, 24, 7, 8]",22,lib/tests/builtin/host-return.zy,baseline
selected,debug,0,293842,131,55,5263833,True,"[66, 24, 7, 8]",22,lib/tests/builtin/host-return.zy,trim
selected,debug,0,292002,131,55,5048412,True,"[66, 24, 7, 8]",23,lib/tests/builtin/host-return.zy,trim_direct
selected,debug,0,282913,131,55,5025958,True,"[66, 24, 7, 8]",23,lib/tests/builtin/host-return.zy,baseline
selected,debug,0,288579,131,55,5207505,True,"[66, 24, 7, 8]",23,lib/tests/builtin/host-return.zy,trim
selected,debug,0,287959,131,55,4861046,True,"[66, 24, 7, 8]",23,lib/tests/builtin/host-return.zy,direct
selected,debug,0,290043,131,55,5144796,True,"[66, 24, 7, 8]",24,lib/tests/builtin/host-return.zy,baseline
selected,debug,0,372000,131,55,5670087,True,"[66, 24, 7, 8]",24,lib/tests/builtin/host-return.zy,trim
selected,debug,0,323129,131,55,5405587,True,"[66, 24, 7, 8]",24,lib/tests/builtin/host-return.zy,direct
selected,debug,0,330579,131,55,5800623,True,"[66, 24, 7, 8]",24,lib/tests/builtin/host-return.zy,trim_direct
selected,debug,0,297207,131,55,5371042,True,"[66, 24, 7, 8]",25,lib/tests/builtin/host-return.zy,trim
selected,debug,0,298374,131,55,5162833,True,"[66, 24, 7, 8]",25,lib/tests/builtin/host-return.zy,direct
selected,debug,0,296496,131,55,5214291,True,"[66, 24, 7, 8]",25,lib/tests/builtin/host-return.zy,trim_direct
selected,debug,0,305544,131,55,5052833,True,"[66, 24, 7, 8]",25,lib/tests/builtin/host-return.zy,baseline
selected,debug,0,299626,131,55,5051295,True,"[66, 24, 7, 8]",26,lib/tests/builtin/host-return.zy,direct
selected,debug,0,299624,131,55,4882749,True,"[66, 24, 7, 8]",26,lib/tests/builtin/host-return.zy,trim_direct
selected,debug,0,311832,131,55,5409668,True,"[66, 24, 7, 8]",26,lib/tests/builtin/host-return.zy,baseline
selected,debug,0,313712,131,55,5036958,True,"[66, 24, 7, 8]",26,lib/tests/builtin/host-return.zy,trim
selected,debug,0,296628,131,55,4872667,True,"[66, 24, 7, 8]",27,lib/tests/builtin/host-return.zy,trim_direct
selected,debug,0,283166,131,55,5045332,True,"[66, 24, 7, 8]",27,lib/tests/builtin/host-return.zy,baseline
selected,debug,0,279374,131,55,4879958,True,"[66, 24, 7, 8]",27,lib/tests/builtin/host-return.zy,trim
selected,debug,0,289625,131,55,4987422,True,"[66, 24, 7, 8]",27,lib/tests/builtin/host-return.zy,direct
selected,debug,0,286377,131,55,4910250,True,"[66, 24, 7, 8]",28,lib/tests/builtin/host-return.zy,baseline
selected,debug,0,282874,131,55,4893997,True,"[66, 24, 7, 8]",28,lib/tests/builtin/host-return.zy,trim
selected,debug,0,283746,131,55,4868753,True,"[66, 24, 7, 8]",28,lib/tests/builtin/host-return.zy,direct
selected,debug,0,326714,131,55,5465038,True,"[66, 24, 7, 8]",28,lib/tests/builtin/host-return.zy,trim_direct
selected,debug,0,393214,131,55,5587165,True,"[66, 24, 7, 8]",29,lib/tests/builtin/host-return.zy,trim
selected,debug,0,297208,131,55,5363041,True,"[66, 24, 7, 8]",29,lib/tests/builtin/host-return.zy,direct
selected,debug,0,288581,131,55,4921296,True,"[66, 24, 7, 8]",29,lib/tests/builtin/host-return.zy,trim_direct
selected,debug,0,324165,131,55,5599791,True,"[66, 24, 7, 8]",29,lib/tests/builtin/host-return.zy,baseline
selected,debug,0,340915,131,55,5694835,True,"[66, 24, 7, 8]",30,lib/tests/builtin/host-return.zy,direct
selected,debug,0,420833,131,55,5364960,True,"[66, 24, 7, 8]",30,lib/tests/builtin/host-return.zy,trim_direct
selected,debug,0,315332,131,55,5449794,True,"[66, 24, 7, 8]",30,lib/tests/builtin/host-return.zy,baseline
selected,debug,0,303910,131,55,5180663,True,"[66, 24, 7, 8]",30,lib/tests/builtin/host-return.zy,trim
selected,debug,0,301543,131,55,5083085,True,"[66, 24, 7, 8]",31,lib/tests/builtin/host-return.zy,trim_direct
selected,debug,0,308001,131,55,5227498,True,"[66, 24, 7, 8]",31,lib/tests/builtin/host-return.zy,baseline
selected,debug,0,302920,131,55,5088992,True,"[66, 24, 7, 8]",31,lib/tests/builtin/host-return.zy,trim
selected,debug,0,283457,131,55,5195790,True,"[66, 24, 7, 8]",31,lib/tests/builtin/host-return.zy,direct
selected,debug,0,213707,692,6,4353165,False,"[525, 160, 38, 0]",0,lib/tests/builtin/host-runtime.zy,baseline
selected,debug,0,205416,692,6,4465874,False,"[525, 160, 38, 0]",0,lib/tests/builtin/host-runtime.zy,trim
selected,debug,0,207541,692,6,4153209,False,"[525, 160, 38, 0]",0,lib/tests/builtin/host-runtime.zy,direct
selected,debug,0,252083,692,6,4143000,False,"[525, 160, 38, 0]",0,lib/tests/builtin/host-runtime.zy,trim_direct
selected,debug,0,223708,692,6,4461459,False,"[525, 160, 38, 0]",1,lib/tests/builtin/host-runtime.zy,trim
selected,debug,0,206790,692,6,4224832,False,"[525, 160, 38, 0]",1,lib/tests/builtin/host-runtime.zy,direct
selected,debug,0,204250,692,6,4146916,False,"[525, 160, 38, 0]",1,lib/tests/builtin/host-runtime.zy,trim_direct
selected,debug,0,201042,692,6,4360582,False,"[525, 160, 38, 0]",1,lib/tests/builtin/host-runtime.zy,baseline
selected,debug,0,249208,692,6,4144000,False,"[525, 160, 38, 0]",2,lib/tests/builtin/host-runtime.zy,direct
selected,debug,0,211083,692,6,4412666,False,"[525, 160, 38, 0]",2,lib/tests/builtin/host-runtime.zy,trim_direct
selected,debug,0,200834,692,6,4207332,False,"[525, 160, 38, 0]",2,lib/tests/builtin/host-runtime.zy,baseline
selected,debug,0,320708,692,6,4224834,False,"[525, 160, 38, 0]",2,lib/tests/builtin/host-runtime.zy,trim
selected,debug,0,197749,692,6,4131916,False,"[525, 160, 38, 0]",3,lib/tests/builtin/host-runtime.zy,trim_direct
selected,debug,0,200459,692,6,4148374,False,"[525, 160, 38, 0]",3,lib/tests/builtin/host-runtime.zy,baseline
selected,debug,0,241875,692,6,4333626,False,"[525, 160, 38, 0]",3,lib/tests/builtin/host-runtime.zy,trim
selected,debug,0,203374,692,6,4230125,False,"[525, 160, 38, 0]",3,lib/tests/builtin/host-runtime.zy,direct
selected,debug,0,207833,692,6,4049626,False,"[525, 160, 38, 0]",4,lib/tests/builtin/host-runtime.zy,baseline
selected,debug,0,204374,692,6,4121748,False,"[525, 160, 38, 0]",4,lib/tests/builtin/host-runtime.zy,trim
selected,debug,0,219790,692,6,4456458,False,"[525, 160, 38, 0]",4,lib/tests/builtin/host-runtime.zy,direct
selected,debug,0,285125,692,6,4198041,False,"[525, 160, 38, 0]",4,lib/tests/builtin/host-runtime.zy,trim_direct
selected,debug,0,201041,692,6,4378458,False,"[525, 160, 38, 0]",5,lib/tests/builtin/host-runtime.zy,trim
selected,debug,0,341290,692,6,4100958,False,"[525, 160, 38, 0]",5,lib/tests/builtin/host-runtime.zy,direct
selected,debug,0,223374,692,6,4465417,False,"[525, 160, 38, 0]",5,lib/tests/builtin/host-runtime.zy,trim_direct
selected,debug,0,242750,692,6,4279874,False,"[525, 160, 38, 0]",5,lib/tests/builtin/host-runtime.zy,baseline
selected,debug,0,201959,692,6,4440585,False,"[525, 160, 38, 0]",6,lib/tests/builtin/host-runtime.zy,direct
selected,debug,0,215291,692,6,4446208,False,"[525, 160, 38, 0]",6,lib/tests/builtin/host-runtime.zy,trim_direct
selected,debug,0,211790,692,6,4526458,False,"[525, 160, 38, 0]",6,lib/tests/builtin/host-runtime.zy,baseline
selected,debug,0,290460,692,6,4270417,False,"[525, 160, 38, 0]",6,lib/tests/builtin/host-runtime.zy,trim
selected,debug,0,253083,692,6,4460958,False,"[525, 160, 38, 0]",7,lib/tests/builtin/host-runtime.zy,trim_direct
selected,debug,0,219833,692,6,4657292,False,"[525, 160, 38, 0]",7,lib/tests/builtin/host-runtime.zy,baseline
selected,debug,0,224293,692,6,4643082,False,"[525, 160, 38, 0]",7,lib/tests/builtin/host-runtime.zy,trim
selected,debug,0,237500,692,6,4378457,False,"[525, 160, 38, 0]",7,lib/tests/builtin/host-runtime.zy,direct
selected,debug,0,205290,692,6,4379251,False,"[525, 160, 38, 0]",8,lib/tests/builtin/host-runtime.zy,baseline
selected,debug,0,209625,692,6,4503083,False,"[525, 160, 38, 0]",8,lib/tests/builtin/host-runtime.zy,trim
selected,debug,0,204500,692,6,4443207,False,"[525, 160, 38, 0]",8,lib/tests/builtin/host-runtime.zy,direct
selected,debug,0,212791,692,6,4522500,False,"[525, 160, 38, 0]",8,lib/tests/builtin/host-runtime.zy,trim_direct
selected,debug,0,229374,692,6,4801583,False,"[525, 160, 38, 0]",9,lib/tests/builtin/host-runtime.zy,trim
selected,debug,0,218959,692,6,4338290,False,"[525, 160, 38, 0]",9,lib/tests/builtin/host-runtime.zy,direct
selected,debug,0,211042,692,6,4451166,False,"[525, 160, 38, 0]",9,lib/tests/builtin/host-runtime.zy,trim_direct
selected,debug,0,212749,692,6,4354831,False,"[525, 160, 38, 0]",9,lib/tests/builtin/host-runtime.zy,baseline
selected,debug,0,210459,692,6,4301250,False,"[525, 160, 38, 0]",10,lib/tests/builtin/host-runtime.zy,direct
selected,debug,0,208875,692,6,4241750,False,"[525, 160, 38, 0]",10,lib/tests/builtin/host-runtime.zy,trim_direct
selected,debug,0,208916,692,6,4469625,False,"[525, 160, 38, 0]",10,lib/tests/builtin/host-runtime.zy,baseline
selected,debug,0,204041,692,6,4181376,False,"[525, 160, 38, 0]",10,lib/tests/builtin/host-runtime.zy,trim
selected,debug,0,213916,692,6,4207124,False,"[525, 160, 38, 0]",11,lib/tests/builtin/host-runtime.zy,trim_direct
selected,debug,0,227499,692,6,4893417,False,"[525, 160, 38, 0]",11,lib/tests/builtin/host-runtime.zy,baseline
selected,debug,0,213000,692,6,4934999,False,"[525, 160, 38, 0]",11,lib/tests/builtin/host-runtime.zy,trim
selected,debug,0,199584,692,6,4150749,False,"[525, 160, 38, 0]",11,lib/tests/builtin/host-runtime.zy,direct
selected,debug,0,220041,692,6,4212623,False,"[525, 160, 38, 0]",12,lib/tests/builtin/host-runtime.zy,baseline
selected,debug,0,232666,692,6,4282584,False,"[525, 160, 38, 0]",12,lib/tests/builtin/host-runtime.zy,trim
selected,debug,0,196543,692,6,4189500,False,"[525, 160, 38, 0]",12,lib/tests/builtin/host-runtime.zy,direct
selected,debug,0,198166,692,6,4146041,False,"[525, 160, 38, 0]",12,lib/tests/builtin/host-runtime.zy,trim_direct
selected,debug,0,204125,692,6,4168833,False,"[525, 160, 38, 0]",13,lib/tests/builtin/host-runtime.zy,trim
selected,debug,0,195207,692,6,4136126,False,"[525, 160, 38, 0]",13,lib/tests/builtin/host-runtime.zy,direct
selected,debug,0,211999,692,6,4351625,False,"[525, 160, 38, 0]",13,lib/tests/builtin/host-runtime.zy,trim_direct
selected,debug,0,229458,692,6,4367583,False,"[525, 160, 38, 0]",13,lib/tests/builtin/host-runtime.zy,baseline
selected,debug,0,204750,692,6,4123751,False,"[525, 160, 38, 0]",14,lib/tests/builtin/host-runtime.zy,direct
selected,debug,0,199916,692,6,4261999,False,"[525, 160, 38, 0]",14,lib/tests/builtin/host-runtime.zy,trim_direct
selected,debug,0,216585,692,6,4463794,False,"[525, 160, 38, 0]",14,lib/tests/builtin/host-runtime.zy,baseline
selected,debug,0,218542,692,6,4601542,False,"[525, 160, 38, 0]",14,lib/tests/builtin/host-runtime.zy,trim
selected,debug,0,204792,692,6,4148584,False,"[525, 160, 38, 0]",15,lib/tests/builtin/host-runtime.zy,trim_direct
selected,debug,0,270916,692,6,4218958,False,"[525, 160, 38, 0]",15,lib/tests/builtin/host-runtime.zy,baseline
selected,debug,0,212918,692,6,4387042,False,"[525, 160, 38, 0]",15,lib/tests/builtin/host-runtime.zy,trim
selected,debug,0,209498,692,6,4409251,False,"[525, 160, 38, 0]",15,lib/tests/builtin/host-runtime.zy,direct
selected,debug,0,221625,692,6,4234750,False,"[525, 160, 38, 0]",16,lib/tests/builtin/host-runtime.zy,baseline
selected,debug,0,209249,692,6,4477831,False,"[525, 160, 38, 0]",16,lib/tests/builtin/host-runtime.zy,trim
selected,debug,0,205792,692,6,4179165,False,"[525, 160, 38, 0]",16,lib/tests/builtin/host-runtime.zy,direct
selected,debug,0,199916,692,6,4144708,False,"[525, 160, 38, 0]",16,lib/tests/builtin/host-runtime.zy,trim_direct
selected,debug,0,220625,692,6,4300040,False,"[525, 160, 38, 0]",17,lib/tests/builtin/host-runtime.zy,trim
selected,debug,0,210417,692,6,4166960,False,"[525, 160, 38, 0]",17,lib/tests/builtin/host-runtime.zy,direct
selected,debug,0,197918,692,6,4151250,False,"[525, 160, 38, 0]",17,lib/tests/builtin/host-runtime.zy,trim_direct
selected,debug,0,202667,692,6,4164501,False,"[525, 160, 38, 0]",17,lib/tests/builtin/host-runtime.zy,baseline
selected,debug,0,206041,692,6,4155709,False,"[525, 160, 38, 0]",18,lib/tests/builtin/host-runtime.zy,direct
selected,debug,0,209085,692,6,4224875,False,"[525, 160, 38, 0]",18,lib/tests/builtin/host-runtime.zy,trim_direct
selected,debug,0,208375,692,6,4283375,False,"[525, 160, 38, 0]",18,lib/tests/builtin/host-runtime.zy,baseline
selected,debug,0,196833,692,6,4101249,False,"[525, 160, 38, 0]",18,lib/tests/builtin/host-runtime.zy,trim
selected,debug,0,197334,692,6,4114416,False,"[525, 160, 38, 0]",19,lib/tests/builtin/host-runtime.zy,trim_direct
selected,debug,0,199499,692,6,4130167,False,"[525, 160, 38, 0]",19,lib/tests/builtin/host-runtime.zy,baseline
selected,debug,0,194166,692,6,4080625,False,"[525, 160, 38, 0]",19,lib/tests/builtin/host-runtime.zy,trim
selected,debug,0,202374,692,6,4041583,False,"[525, 160, 38, 0]",19,lib/tests/builtin/host-runtime.zy,direct
selected,debug,0,200666,692,6,4210834,False,"[525, 160, 38, 0]",20,lib/tests/builtin/host-runtime.zy,baseline
selected,debug,0,195500,692,6,4148376,False,"[525, 160, 38, 0]",20,lib/tests/builtin/host-runtime.zy,trim
selected,debug,0,195540,692,6,3991543,False,"[525, 160, 38, 0]",20,lib/tests/builtin/host-runtime.zy,direct
selected,debug,0,196418,692,6,4082376,False,"[525, 160, 38, 0]",20,lib/tests/builtin/host-runtime.zy,trim_direct
selected,debug,0,189167,692,6,3986835,False,"[525, 160, 38, 0]",21,lib/tests/builtin/host-runtime.zy,trim
selected,debug,0,189541,692,6,4062001,False,"[525, 160, 38, 0]",21,lib/tests/builtin/host-runtime.zy,direct
selected,debug,0,187833,692,6,4009751,False,"[525, 160, 38, 0]",21,lib/tests/builtin/host-runtime.zy,trim_direct
selected,debug,0,193000,692,6,4081293,False,"[525, 160, 38, 0]",21,lib/tests/builtin/host-runtime.zy,baseline
selected,debug,0,194000,692,6,3999708,False,"[525, 160, 38, 0]",22,lib/tests/builtin/host-runtime.zy,direct
selected,debug,0,206250,692,6,4428790,False,"[525, 160, 38, 0]",22,lib/tests/builtin/host-runtime.zy,trim_direct
selected,debug,0,202625,692,6,4209916,False,"[525, 160, 38, 0]",22,lib/tests/builtin/host-runtime.zy,baseline
selected,debug,0,197749,692,6,4138960,False,"[525, 160, 38, 0]",22,lib/tests/builtin/host-runtime.zy,trim
selected,debug,0,208040,692,6,4269582,False,"[525, 160, 38, 0]",23,lib/tests/builtin/host-runtime.zy,trim_direct
selected,debug,0,199958,692,6,4066250,False,"[525, 160, 38, 0]",23,lib/tests/builtin/host-runtime.zy,baseline
selected,debug,0,205958,692,6,4361999,False,"[525, 160, 38, 0]",23,lib/tests/builtin/host-runtime.zy,trim
selected,debug,0,191917,692,6,4011583,False,"[525, 160, 38, 0]",23,lib/tests/builtin/host-runtime.zy,direct
selected,debug,0,216374,692,6,4397416,False,"[525, 160, 38, 0]",24,lib/tests/builtin/host-runtime.zy,baseline
selected,debug,0,189208,692,6,4076333,False,"[525, 160, 38, 0]",24,lib/tests/builtin/host-runtime.zy,trim
selected,debug,0,197124,692,6,4174583,False,"[525, 160, 38, 0]",24,lib/tests/builtin/host-runtime.zy,direct
selected,debug,0,196251,692,6,4042501,False,"[525, 160, 38, 0]",24,lib/tests/builtin/host-runtime.zy,trim_direct
selected,debug,0,198835,692,6,4174540,False,"[525, 160, 38, 0]",25,lib/tests/builtin/host-runtime.zy,trim
selected,debug,0,193458,692,6,4071085,False,"[525, 160, 38, 0]",25,lib/tests/builtin/host-runtime.zy,direct
selected,debug,0,199749,692,6,4137916,False,"[525, 160, 38, 0]",25,lib/tests/builtin/host-runtime.zy,trim_direct
selected,debug,0,194167,692,6,3975958,False,"[525, 160, 38, 0]",25,lib/tests/builtin/host-runtime.zy,baseline
selected,debug,0,198001,692,6,4088209,False,"[525, 160, 38, 0]",26,lib/tests/builtin/host-runtime.zy,direct
selected,debug,0,233583,692,6,4366502,False,"[525, 160, 38, 0]",26,lib/tests/builtin/host-runtime.zy,trim_direct
selected,debug,0,212499,692,6,4355500,False,"[525, 160, 38, 0]",26,lib/tests/builtin/host-runtime.zy,baseline
selected,debug,0,205958,692,6,4073251,False,"[525, 160, 38, 0]",26,lib/tests/builtin/host-runtime.zy,trim
selected,debug,0,196749,692,6,4141124,False,"[525, 160, 38, 0]",27,lib/tests/builtin/host-runtime.zy,trim_direct
selected,debug,0,194583,692,6,3985251,False,"[525, 160, 38, 0]",27,lib/tests/builtin/host-runtime.zy,baseline
selected,debug,0,198499,692,6,4133708,False,"[525, 160, 38, 0]",27,lib/tests/builtin/host-runtime.zy,trim
selected,debug,0,193959,692,6,3947333,False,"[525, 160, 38, 0]",27,lib/tests/builtin/host-runtime.zy,direct
selected,debug,0,198000,692,6,4184543,False,"[525, 160, 38, 0]",28,lib/tests/builtin/host-runtime.zy,baseline
selected,debug,0,197751,692,6,4246501,False,"[525, 160, 38, 0]",28,lib/tests/builtin/host-runtime.zy,trim
selected,debug,0,217001,692,6,4028333,False,"[525, 160, 38, 0]",28,lib/tests/builtin/host-runtime.zy,direct
selected,debug,0,202293,692,6,3984584,False,"[525, 160, 38, 0]",28,lib/tests/builtin/host-runtime.zy,trim_direct
selected,debug,0,191708,692,6,4038834,False,"[525, 160, 38, 0]",29,lib/tests/builtin/host-runtime.zy,trim
selected,debug,0,197959,692,6,4055251,False,"[525, 160, 38, 0]",29,lib/tests/builtin/host-runtime.zy,direct
selected,debug,0,197332,692,6,4061417,False,"[525, 160, 38, 0]",29,lib/tests/builtin/host-runtime.zy,trim_direct
selected,debug,0,187249,692,6,3951001,False,"[525, 160, 38, 0]",29,lib/tests/builtin/host-runtime.zy,baseline
selected,debug,0,201667,692,6,3931499,False,"[525, 160, 38, 0]",30,lib/tests/builtin/host-runtime.zy,direct
selected,debug,0,198000,692,6,4106916,False,"[525, 160, 38, 0]",30,lib/tests/builtin/host-runtime.zy,trim_direct
selected,debug,0,205375,692,6,4262082,False,"[525, 160, 38, 0]",30,lib/tests/builtin/host-runtime.zy,baseline
selected,debug,0,220875,692,6,4186625,False,"[525, 160, 38, 0]",30,lib/tests/builtin/host-runtime.zy,trim
selected,debug,0,211458,692,6,4365709,False,"[525, 160, 38, 0]",31,lib/tests/builtin/host-runtime.zy,trim_direct
selected,debug,0,210333,692,6,4068835,False,"[525, 160, 38, 0]",31,lib/tests/builtin/host-runtime.zy,baseline
selected,debug,0,194541,692,6,4161999,False,"[525, 160, 38, 0]",31,lib/tests/builtin/host-runtime.zy,trim
selected,debug,0,211334,692,6,4290833,False,"[525, 160, 38, 0]",31,lib/tests/builtin/host-runtime.zy,direct
selected,debug,0,261914,692,10,5049751,True,"[383, 160, 38, 39]",0,lib/tests/builtin/host-runtime.zy,baseline
selected,debug,0,263417,692,10,5122582,True,"[383, 160, 38, 39]",0,lib/tests/builtin/host-runtime.zy,trim
selected,debug,0,260332,692,10,4974792,True,"[383, 160, 38, 39]",0,lib/tests/builtin/host-runtime.zy,direct
selected,debug,0,302042,692,10,4972417,True,"[383, 160, 38, 39]",0,lib/tests/builtin/host-runtime.zy,trim_direct
selected,debug,0,273334,692,10,5490417,True,"[383, 160, 38, 39]",1,lib/tests/builtin/host-runtime.zy,trim
selected,debug,0,324084,692,10,5294041,True,"[383, 160, 38, 39]",1,lib/tests/builtin/host-runtime.zy,direct
selected,debug,0,279961,692,10,5278125,True,"[383, 160, 38, 39]",1,lib/tests/builtin/host-runtime.zy,trim_direct
selected,debug,0,357873,692,10,5142874,True,"[383, 160, 38, 39]",1,lib/tests/builtin/host-runtime.zy,baseline
selected,debug,0,269334,692,10,5207333,True,"[383, 160, 38, 39]",2,lib/tests/builtin/host-runtime.zy,direct
selected,debug,0,273458,692,10,5197249,True,"[383, 160, 38, 39]",2,lib/tests/builtin/host-runtime.zy,trim_direct
selected,debug,0,279792,692,10,5638831,True,"[383, 160, 38, 39]",2,lib/tests/builtin/host-runtime.zy,baseline
selected,debug,0,317790,692,10,5680584,True,"[383, 160, 38, 39]",2,lib/tests/builtin/host-runtime.zy,trim
selected,debug,0,285084,692,10,5445626,True,"[383, 160, 38, 39]",3,lib/tests/builtin/host-runtime.zy,trim_direct
selected,debug,0,305707,692,10,6108958,True,"[383, 160, 38, 39]",3,lib/tests/builtin/host-runtime.zy,baseline
selected,debug,0,278791,692,10,5292875,True,"[383, 160, 38, 39]",3,lib/tests/builtin/host-runtime.zy,trim
selected,debug,0,279919,692,10,5222749,True,"[383, 160, 38, 39]",3,lib/tests/builtin/host-runtime.zy,direct
selected,debug,0,262042,692,10,5232499,True,"[383, 160, 38, 39]",4,lib/tests/builtin/host-runtime.zy,baseline
selected,debug,0,266001,692,10,5107500,True,"[383, 160, 38, 39]",4,lib/tests/builtin/host-runtime.zy,trim
selected,debug,0,313376,692,10,5266541,True,"[383, 160, 38, 39]",4,lib/tests/builtin/host-runtime.zy,direct
selected,debug,0,271667,692,10,5064543,True,"[383, 160, 38, 39]",4,lib/tests/builtin/host-runtime.zy,trim_direct
selected,debug,0,267458,692,10,5302375,True,"[383, 160, 38, 39]",5,lib/tests/builtin/host-runtime.zy,trim
selected,debug,0,269666,692,10,5208165,True,"[383, 160, 38, 39]",5,lib/tests/builtin/host-runtime.zy,direct
selected,debug,0,274332,692,10,5061124,True,"[383, 160, 38, 39]",5,lib/tests/builtin/host-runtime.zy,trim_direct
selected,debug,0,271667,692,10,5141999,True,"[383, 160, 38, 39]",5,lib/tests/builtin/host-runtime.zy,baseline
selected,debug,0,268416,692,10,5135876,True,"[383, 160, 38, 39]",6,lib/tests/builtin/host-runtime.zy,direct
selected,debug,0,294959,692,10,5099084,True,"[383, 160, 38, 39]",6,lib/tests/builtin/host-runtime.zy,trim_direct
selected,debug,0,278709,692,10,5250792,True,"[383, 160, 38, 39]",6,lib/tests/builtin/host-runtime.zy,baseline
selected,debug,0,281793,692,10,5203666,True,"[383, 160, 38, 39]",6,lib/tests/builtin/host-runtime.zy,trim
selected,debug,0,279375,692,10,5167667,True,"[383, 160, 38, 39]",7,lib/tests/builtin/host-runtime.zy,trim_direct
selected,debug,0,270167,692,10,5154583,True,"[383, 160, 38, 39]",7,lib/tests/builtin/host-runtime.zy,baseline
selected,debug,0,261666,692,10,5150167,True,"[383, 160, 38, 39]",7,lib/tests/builtin/host-runtime.zy,trim
selected,debug,0,282376,692,10,5128292,True,"[383, 160, 38, 39]",7,lib/tests/builtin/host-runtime.zy,direct
selected,debug,0,293875,692,10,5400667,True,"[383, 160, 38, 39]",8,lib/tests/builtin/host-runtime.zy,baseline
selected,debug,0,273625,692,10,5310873,True,"[383, 160, 38, 39]",8,lib/tests/builtin/host-runtime.zy,trim
selected,debug,0,291376,692,10,5401832,True,"[383, 160, 38, 39]",8,lib/tests/builtin/host-runtime.zy,direct
selected,debug,0,334247,692,10,5700167,True,"[383, 160, 38, 39]",8,lib/tests/builtin/host-runtime.zy,trim_direct
selected,debug,0,294041,692,10,5478749,True,"[383, 160, 38, 39]",9,lib/tests/builtin/host-runtime.zy,trim
selected,debug,0,347294,692,10,5367458,True,"[383, 160, 38, 39]",9,lib/tests/builtin/host-runtime.zy,direct
selected,debug,0,273209,692,10,5079502,True,"[383, 160, 38, 39]",9,lib/tests/builtin/host-runtime.zy,trim_direct
selected,debug,0,275416,692,10,5263209,True,"[383, 160, 38, 39]",9,lib/tests/builtin/host-runtime.zy,baseline
selected,debug,0,266585,692,10,5005460,True,"[383, 160, 38, 39]",10,lib/tests/builtin/host-runtime.zy,direct
selected,debug,0,261375,692,10,5032332,True,"[383, 160, 38, 39]",10,lib/tests/builtin/host-runtime.zy,trim_direct
selected,debug,0,280417,692,10,5516166,True,"[383, 160, 38, 39]",10,lib/tests/builtin/host-runtime.zy,baseline
selected,debug,0,281669,692,10,5100791,True,"[383, 160, 38, 39]",10,lib/tests/builtin/host-runtime.zy,trim
selected,debug,0,296125,692,10,5293000,True,"[383, 160, 38, 39]",11,lib/tests/builtin/host-runtime.zy,trim_direct
selected,debug,0,262126,692,10,5289958,True,"[383, 160, 38, 39]",11,lib/tests/builtin/host-runtime.zy,baseline
selected,debug,0,424168,692,10,6550792,True,"[383, 160, 38, 39]",11,lib/tests/builtin/host-runtime.zy,trim
selected,debug,0,361125,692,10,6400082,True,"[383, 160, 38, 39]",11,lib/tests/builtin/host-runtime.zy,direct
selected,debug,0,428832,692,10,6411416,True,"[383, 160, 38, 39]",12,lib/tests/builtin/host-runtime.zy,baseline
selected,debug,0,304166,692,10,5348458,True,"[383, 160, 38, 39]",12,lib/tests/builtin/host-runtime.zy,trim
selected,debug,0,292459,692,10,5368668,True,"[383, 160, 38, 39]",12,lib/tests/builtin/host-runtime.zy,direct
selected,debug,0,275625,692,10,5174957,True,"[383, 160, 38, 39]",12,lib/tests/builtin/host-runtime.zy,trim_direct
selected,debug,0,304331,692,10,5217749,True,"[383, 160, 38, 39]",13,lib/tests/builtin/host-runtime.zy,trim
selected,debug,0,283335,692,10,5266585,True,"[383, 160, 38, 39]",13,lib/tests/builtin/host-runtime.zy,direct
selected,debug,0,264375,692,10,5010499,True,"[383, 160, 38, 39]",13,lib/tests/builtin/host-runtime.zy,trim_direct
selected,debug,0,262958,692,10,5056875,True,"[383, 160, 38, 39]",13,lib/tests/builtin/host-runtime.zy,baseline
selected,debug,0,282581,692,10,5608335,True,"[383, 160, 38, 39]",14,lib/tests/builtin/host-runtime.zy,direct
selected,debug,0,294166,692,10,5506251,True,"[383, 160, 38, 39]",14,lib/tests/builtin/host-runtime.zy,trim_direct
selected,debug,0,265707,692,10,5062500,True,"[383, 160, 38, 39]",14,lib/tests/builtin/host-runtime.zy,baseline
selected,debug,0,268750,692,10,5261916,True,"[383, 160, 38, 39]",14,lib/tests/builtin/host-runtime.zy,trim
selected,debug,0,324497,692,10,5003999,True,"[383, 160, 38, 39]",15,lib/tests/builtin/host-runtime.zy,trim_direct
selected,debug,0,273666,692,10,5121791,True,"[383, 160, 38, 39]",15,lib/tests/builtin/host-runtime.zy,baseline
selected,debug,0,267498,692,10,4873709,True,"[383, 160, 38, 39]",15,lib/tests/builtin/host-runtime.zy,trim
selected,debug,0,265500,692,10,4940499,True,"[383, 160, 38, 39]",15,lib/tests/builtin/host-runtime.zy,direct
selected,debug,0,266959,692,10,4938499,True,"[383, 160, 38, 39]",16,lib/tests/builtin/host-runtime.zy,baseline
selected,debug,0,272166,692,10,5108250,True,"[383, 160, 38, 39]",16,lib/tests/builtin/host-runtime.zy,trim
selected,debug,0,264375,692,10,5244999,True,"[383, 160, 38, 39]",16,lib/tests/builtin/host-runtime.zy,direct
selected,debug,0,267082,692,10,5082207,True,"[383, 160, 38, 39]",16,lib/tests/builtin/host-runtime.zy,trim_direct
selected,debug,0,280456,692,10,5438667,True,"[383, 160, 38, 39]",17,lib/tests/builtin/host-runtime.zy,trim
selected,debug,0,320166,692,10,5207958,True,"[383, 160, 38, 39]",17,lib/tests/builtin/host-runtime.zy,direct
selected,debug,0,298083,692,10,5062291,True,"[383, 160, 38, 39]",17,lib/tests/builtin/host-runtime.zy,trim_direct
selected,debug,0,258623,692,10,4909335,True,"[383, 160, 38, 39]",17,lib/tests/builtin/host-runtime.zy,baseline
selected,debug,0,257458,692,10,4995792,True,"[383, 160, 38, 39]",18,lib/tests/builtin/host-runtime.zy,direct
selected,debug,0,376583,692,10,5162001,True,"[383, 160, 38, 39]",18,lib/tests/builtin/host-runtime.zy,trim_direct
selected,debug,0,265332,692,10,5181583,True,"[383, 160, 38, 39]",18,lib/tests/builtin/host-runtime.zy,baseline
selected,debug,0,258793,692,10,4972623,True,"[383, 160, 38, 39]",18,lib/tests/builtin/host-runtime.zy,trim
selected,debug,0,270625,692,10,5171334,True,"[383, 160, 38, 39]",19,lib/tests/builtin/host-runtime.zy,trim_direct
selected,debug,0,383998,692,10,6464583,True,"[383, 160, 38, 39]",19,lib/tests/builtin/host-runtime.zy,baseline
selected,debug,0,431332,692,10,6516833,True,"[383, 160, 38, 39]",19,lib/tests/builtin/host-runtime.zy,trim
selected,debug,0,286125,692,10,5456207,True,"[383, 160, 38, 39]",19,lib/tests/builtin/host-runtime.zy,direct
selected,debug,0,322292,692,10,6212584,True,"[383, 160, 38, 39]",20,lib/tests/builtin/host-runtime.zy,baseline
selected,debug,0,302457,692,10,5294751,True,"[383, 160, 38, 39]",20,lib/tests/builtin/host-runtime.zy,trim
selected,debug,0,343748,692,10,5334082,True,"[383, 160, 38, 39]",20,lib/tests/builtin/host-runtime.zy,direct
selected,debug,0,322459,692,10,6011583,True,"[383, 160, 38, 39]",20,lib/tests/builtin/host-runtime.zy,trim_direct
selected,debug,0,386335,692,10,5935626,True,"[383, 160, 38, 39]",21,lib/tests/builtin/host-runtime.zy,trim
selected,debug,0,309917,692,10,5721126,True,"[383, 160, 38, 39]",21,lib/tests/builtin/host-runtime.zy,direct
selected,debug,0,286832,692,10,5348417,True,"[383, 160, 38, 39]",21,lib/tests/builtin/host-runtime.zy,trim_direct
selected,debug,0,277752,692,10,5014168,True,"[383, 160, 38, 39]",21,lib/tests/builtin/host-runtime.zy,baseline
selected,debug,0,267831,692,10,5117791,True,"[383, 160, 38, 39]",22,lib/tests/builtin/host-runtime.zy,direct
selected,debug,0,315167,692,10,5391207,True,"[383, 160, 38, 39]",22,lib/tests/builtin/host-runtime.zy,trim_direct
selected,debug,0,306543,692,10,5266835,True,"[383, 160, 38, 39]",22,lib/tests/builtin/host-runtime.zy,baseline
selected,debug,0,288292,692,10,5414916,True,"[383, 160, 38, 39]",22,lib/tests/builtin/host-runtime.zy,trim
selected,debug,0,302168,692,10,5210960,True,"[383, 160, 38, 39]",23,lib/tests/builtin/host-runtime.zy,trim_direct
selected,debug,0,314001,692,10,5978667,True,"[383, 160, 38, 39]",23,lib/tests/builtin/host-runtime.zy,baseline
selected,debug,0,283418,692,10,5193377,True,"[383, 160, 38, 39]",23,lib/tests/builtin/host-runtime.zy,trim
selected,debug,0,283752,692,10,4917958,True,"[383, 160, 38, 39]",23,lib/tests/builtin/host-runtime.zy,direct
selected,debug,0,266626,692,10,5075793,True,"[383, 160, 38, 39]",24,lib/tests/builtin/host-runtime.zy,baseline
selected,debug,0,268833,692,10,5013333,True,"[383, 160, 38, 39]",24,lib/tests/builtin/host-runtime.zy,trim
selected,debug,0,262625,692,10,5072542,True,"[383, 160, 38, 39]",24,lib/tests/builtin/host-runtime.zy,direct
selected,debug,0,286251,692,10,5756501,True,"[383, 160, 38, 39]",24,lib/tests/builtin/host-runtime.zy,trim_direct
selected,debug,0,293751,692,10,5841497,True,"[383, 160, 38, 39]",25,lib/tests/builtin/host-runtime.zy,trim
selected,debug,0,298085,692,10,5335791,True,"[383, 160, 38, 39]",25,lib/tests/builtin/host-runtime.zy,direct
selected,debug,0,269335,692,10,5127418,True,"[383, 160, 38, 39]",25,lib/tests/builtin/host-runtime.zy,trim_direct
selected,debug,0,268209,692,10,5075917,True,"[383, 160, 38, 39]",25,lib/tests/builtin/host-runtime.zy,baseline
selected,debug,0,261418,692,10,5022374,True,"[383, 160, 38, 39]",26,lib/tests/builtin/host-runtime.zy,direct
selected,debug,0,284415,692,10,5239958,True,"[383, 160, 38, 39]",26,lib/tests/builtin/host-runtime.zy,trim_direct
selected,debug,0,273334,692,10,5152250,True,"[383, 160, 38, 39]",26,lib/tests/builtin/host-runtime.zy,baseline
selected,debug,0,282874,692,10,5434166,True,"[383, 160, 38, 39]",26,lib/tests/builtin/host-runtime.zy,trim
selected,debug,0,284417,692,10,5218334,True,"[383, 160, 38, 39]",27,lib/tests/builtin/host-runtime.zy,trim_direct
selected,debug,0,274999,692,10,5162583,True,"[383, 160, 38, 39]",27,lib/tests/builtin/host-runtime.zy,baseline
selected,debug,0,278082,692,10,5320500,True,"[383, 160, 38, 39]",27,lib/tests/builtin/host-runtime.zy,trim
selected,debug,0,370834,692,10,5145791,True,"[383, 160, 38, 39]",27,lib/tests/builtin/host-runtime.zy,direct
selected,debug,0,268790,692,10,5447792,True,"[383, 160, 38, 39]",28,lib/tests/builtin/host-runtime.zy,baseline
selected,debug,0,329208,692,10,5218499,True,"[383, 160, 38, 39]",28,lib/tests/builtin/host-runtime.zy,trim
selected,debug,0,303709,692,10,5121123,True,"[383, 160, 38, 39]",28,lib/tests/builtin/host-runtime.zy,direct
selected,debug,0,279834,692,10,5152999,True,"[383, 160, 38, 39]",28,lib/tests/builtin/host-runtime.zy,trim_direct
selected,debug,0,263039,692,10,5129833,True,"[383, 160, 38, 39]",29,lib/tests/builtin/host-runtime.zy,trim
selected,debug,0,262167,692,10,4964000,True,"[383, 160, 38, 39]",29,lib/tests/builtin/host-runtime.zy,direct
selected,debug,0,267623,692,10,4998460,True,"[383, 160, 38, 39]",29,lib/tests/builtin/host-runtime.zy,trim_direct
selected,debug,0,260834,692,10,4978332,True,"[383, 160, 38, 39]",29,lib/tests/builtin/host-runtime.zy,baseline
selected,debug,0,284707,692,10,4993164,True,"[383, 160, 38, 39]",30,lib/tests/builtin/host-runtime.zy,direct
selected,debug,0,267168,692,10,4953124,True,"[383, 160, 38, 39]",30,lib/tests/builtin/host-runtime.zy,trim_direct
selected,debug,0,266541,692,10,5140208,True,"[383, 160, 38, 39]",30,lib/tests/builtin/host-runtime.zy,baseline
selected,debug,0,268584,692,10,5243251,True,"[383, 160, 38, 39]",30,lib/tests/builtin/host-runtime.zy,trim
selected,debug,0,281957,692,10,5299706,True,"[383, 160, 38, 39]",31,lib/tests/builtin/host-runtime.zy,trim_direct
selected,debug,0,260874,692,10,5209249,True,"[383, 160, 38, 39]",31,lib/tests/builtin/host-runtime.zy,baseline
selected,debug,0,297541,692,10,5289875,True,"[383, 160, 38, 39]",31,lib/tests/builtin/host-runtime.zy,trim
selected,debug,0,306083,692,10,5182169,True,"[383, 160, 38, 39]",31,lib/tests/builtin/host-runtime.zy,direct
selected,debug,0,296252,251,21,5062793,False,"[191, 52, 14, 0]",0,lib/tests/delimcc/reset-shift-k.zy,baseline
selected,debug,0,263832,251,21,5106085,False,"[191, 52, 14, 0]",0,lib/tests/delimcc/reset-shift-k.zy,trim
selected,debug,0,256081,251,21,4996545,False,"[191, 52, 14, 0]",0,lib/tests/delimcc/reset-shift-k.zy,direct
selected,debug,0,257373,251,21,5005503,False,"[191, 52, 14, 0]",0,lib/tests/delimcc/reset-shift-k.zy,trim_direct
selected,debug,0,257415,251,21,5048833,False,"[191, 52, 14, 0]",1,lib/tests/delimcc/reset-shift-k.zy,trim
selected,debug,0,254083,251,21,4992043,False,"[191, 52, 14, 0]",1,lib/tests/delimcc/reset-shift-k.zy,direct
selected,debug,0,256417,251,21,4984460,False,"[191, 52, 14, 0]",1,lib/tests/delimcc/reset-shift-k.zy,trim_direct
selected,debug,0,275416,251,21,5086374,False,"[191, 52, 14, 0]",1,lib/tests/delimcc/reset-shift-k.zy,baseline
selected,debug,0,332793,251,21,5876750,False,"[191, 52, 14, 0]",2,lib/tests/delimcc/reset-shift-k.zy,direct
selected,debug,0,265623,251,21,5079289,False,"[191, 52, 14, 0]",2,lib/tests/delimcc/reset-shift-k.zy,trim_direct
selected,debug,0,257836,251,21,5206667,False,"[191, 52, 14, 0]",2,lib/tests/delimcc/reset-shift-k.zy,baseline
selected,debug,0,249790,251,21,5248581,False,"[191, 52, 14, 0]",2,lib/tests/delimcc/reset-shift-k.zy,trim
selected,debug,0,286041,251,21,5036540,False,"[191, 52, 14, 0]",3,lib/tests/delimcc/reset-shift-k.zy,trim_direct
selected,debug,0,245585,251,21,4906333,False,"[191, 52, 14, 0]",3,lib/tests/delimcc/reset-shift-k.zy,baseline
selected,debug,0,256209,251,21,5009417,False,"[191, 52, 14, 0]",3,lib/tests/delimcc/reset-shift-k.zy,trim
selected,debug,0,240627,251,21,4828291,False,"[191, 52, 14, 0]",3,lib/tests/delimcc/reset-shift-k.zy,direct
selected,debug,0,243414,251,21,4907579,False,"[191, 52, 14, 0]",4,lib/tests/delimcc/reset-shift-k.zy,baseline
selected,debug,0,306375,251,21,5008292,False,"[191, 52, 14, 0]",4,lib/tests/delimcc/reset-shift-k.zy,trim
selected,debug,0,252123,251,21,4790042,False,"[191, 52, 14, 0]",4,lib/tests/delimcc/reset-shift-k.zy,direct
selected,debug,0,242081,251,21,4931084,False,"[191, 52, 14, 0]",4,lib/tests/delimcc/reset-shift-k.zy,trim_direct
selected,debug,0,250167,251,21,4895453,False,"[191, 52, 14, 0]",5,lib/tests/delimcc/reset-shift-k.zy,trim
selected,debug,0,237251,251,21,4670707,False,"[191, 52, 14, 0]",5,lib/tests/delimcc/reset-shift-k.zy,direct
selected,debug,0,243375,251,21,4835791,False,"[191, 52, 14, 0]",5,lib/tests/delimcc/reset-shift-k.zy,trim_direct
selected,debug,0,259335,251,21,5041961,False,"[191, 52, 14, 0]",5,lib/tests/delimcc/reset-shift-k.zy,baseline
selected,debug,0,249334,251,21,4930542,False,"[191, 52, 14, 0]",6,lib/tests/delimcc/reset-shift-k.zy,direct
selected,debug,0,251668,251,21,5033038,False,"[191, 52, 14, 0]",6,lib/tests/delimcc/reset-shift-k.zy,trim_direct
selected,debug,0,255627,251,21,5551333,False,"[191, 52, 14, 0]",6,lib/tests/delimcc/reset-shift-k.zy,baseline
selected,debug,0,269040,251,21,5284041,False,"[191, 52, 14, 0]",6,lib/tests/delimcc/reset-shift-k.zy,trim
selected,debug,0,283751,251,21,5484085,False,"[191, 52, 14, 0]",7,lib/tests/delimcc/reset-shift-k.zy,trim_direct
selected,debug,0,258123,251,21,5203331,False,"[191, 52, 14, 0]",7,lib/tests/delimcc/reset-shift-k.zy,baseline
selected,debug,0,253084,251,21,5152629,False,"[191, 52, 14, 0]",7,lib/tests/delimcc/reset-shift-k.zy,trim
selected,debug,0,264543,251,21,5244085,False,"[191, 52, 14, 0]",7,lib/tests/delimcc/reset-shift-k.zy,direct
selected,debug,0,255336,251,21,5244669,False,"[191, 52, 14, 0]",8,lib/tests/delimcc/reset-shift-k.zy,baseline
selected,debug,0,263000,251,21,5715335,False,"[191, 52, 14, 0]",8,lib/tests/delimcc/reset-shift-k.zy,trim
selected,debug,0,255167,251,21,4937624,False,"[191, 52, 14, 0]",8,lib/tests/delimcc/reset-shift-k.zy,direct
selected,debug,0,253293,251,21,5133206,False,"[191, 52, 14, 0]",8,lib/tests/delimcc/reset-shift-k.zy,trim_direct
selected,debug,0,303165,251,21,5188168,False,"[191, 52, 14, 0]",9,lib/tests/delimcc/reset-shift-k.zy,trim
selected,debug,0,391835,251,21,4970250,False,"[191, 52, 14, 0]",9,lib/tests/delimcc/reset-shift-k.zy,direct
selected,debug,0,319917,251,21,5732461,False,"[191, 52, 14, 0]",9,lib/tests/delimcc/reset-shift-k.zy,trim_direct
selected,debug,0,253500,251,21,5113708,False,"[191, 52, 14, 0]",9,lib/tests/delimcc/reset-shift-k.zy,baseline
selected,debug,0,267375,251,21,4899832,False,"[191, 52, 14, 0]",10,lib/tests/delimcc/reset-shift-k.zy,direct
selected,debug,0,269545,251,21,5200542,False,"[191, 52, 14, 0]",10,lib/tests/delimcc/reset-shift-k.zy,trim_direct
selected,debug,0,254708,251,21,5427584,False,"[191, 52, 14, 0]",10,lib/tests/delimcc/reset-shift-k.zy,baseline
selected,debug,0,248458,251,21,5186833,False,"[191, 52, 14, 0]",10,lib/tests/delimcc/reset-shift-k.zy,trim
selected,debug,0,315292,251,21,5088291,False,"[191, 52, 14, 0]",11,lib/tests/delimcc/reset-shift-k.zy,trim_direct
selected,debug,0,259457,251,21,5262830,False,"[191, 52, 14, 0]",11,lib/tests/delimcc/reset-shift-k.zy,baseline
selected,debug,0,258251,251,21,5226083,False,"[191, 52, 14, 0]",11,lib/tests/delimcc/reset-shift-k.zy,trim
selected,debug,0,271542,251,21,5177668,False,"[191, 52, 14, 0]",11,lib/tests/delimcc/reset-shift-k.zy,direct
selected,debug,0,284459,251,21,5510000,False,"[191, 52, 14, 0]",12,lib/tests/delimcc/reset-shift-k.zy,baseline
selected,debug,0,315667,251,21,5147916,False,"[191, 52, 14, 0]",12,lib/tests/delimcc/reset-shift-k.zy,trim
selected,debug,0,408041,251,21,5243497,False,"[191, 52, 14, 0]",12,lib/tests/delimcc/reset-shift-k.zy,direct
selected,debug,0,265415,251,21,5040544,False,"[191, 52, 14, 0]",12,lib/tests/delimcc/reset-shift-k.zy,trim_direct
selected,debug,0,261334,251,21,5343581,False,"[191, 52, 14, 0]",13,lib/tests/delimcc/reset-shift-k.zy,trim
selected,debug,0,254083,251,21,5332082,False,"[191, 52, 14, 0]",13,lib/tests/delimcc/reset-shift-k.zy,direct
selected,debug,0,252918,251,21,5179167,False,"[191, 52, 14, 0]",13,lib/tests/delimcc/reset-shift-k.zy,trim_direct
selected,debug,0,261333,251,21,5549334,False,"[191, 52, 14, 0]",13,lib/tests/delimcc/reset-shift-k.zy,baseline
selected,debug,0,264665,251,21,5169753,False,"[191, 52, 14, 0]",14,lib/tests/delimcc/reset-shift-k.zy,direct
selected,debug,0,264251,251,21,5375668,False,"[191, 52, 14, 0]",14,lib/tests/delimcc/reset-shift-k.zy,trim_direct
selected,debug,0,245666,251,21,4986003,False,"[191, 52, 14, 0]",14,lib/tests/delimcc/reset-shift-k.zy,baseline
selected,debug,0,280459,251,21,5314958,False,"[191, 52, 14, 0]",14,lib/tests/delimcc/reset-shift-k.zy,trim
selected,debug,0,262204,251,21,5263793,False,"[191, 52, 14, 0]",15,lib/tests/delimcc/reset-shift-k.zy,trim_direct
selected,debug,0,282625,251,21,5086168,False,"[191, 52, 14, 0]",15,lib/tests/delimcc/reset-shift-k.zy,baseline
selected,debug,0,291172,251,21,5635377,False,"[191, 52, 14, 0]",15,lib/tests/delimcc/reset-shift-k.zy,trim
selected,debug,0,273374,251,21,5009917,False,"[191, 52, 14, 0]",15,lib/tests/delimcc/reset-shift-k.zy,direct
selected,debug,0,325292,251,21,5419499,False,"[191, 52, 14, 0]",16,lib/tests/delimcc/reset-shift-k.zy,baseline
selected,debug,0,259001,251,21,5230621,False,"[191, 52, 14, 0]",16,lib/tests/delimcc/reset-shift-k.zy,trim
selected,debug,0,336087,251,21,5024418,False,"[191, 52, 14, 0]",16,lib/tests/delimcc/reset-shift-k.zy,direct
selected,debug,0,267294,251,21,5076416,False,"[191, 52, 14, 0]",16,lib/tests/delimcc/reset-shift-k.zy,trim_direct
selected,debug,0,262209,251,21,5400207,False,"[191, 52, 14, 0]",17,lib/tests/delimcc/reset-shift-k.zy,trim
selected,debug,0,301331,251,21,4950751,False,"[191, 52, 14, 0]",17,lib/tests/delimcc/reset-shift-k.zy,direct
selected,debug,0,251872,251,21,4926377,False,"[191, 52, 14, 0]",17,lib/tests/delimcc/reset-shift-k.zy,trim_direct
selected,debug,0,240375,251,21,4796667,False,"[191, 52, 14, 0]",17,lib/tests/delimcc/reset-shift-k.zy,baseline
selected,debug,0,294210,251,21,5241958,False,"[191, 52, 14, 0]",18,lib/tests/delimcc/reset-shift-k.zy,direct
selected,debug,0,263167,251,21,5071374,False,"[191, 52, 14, 0]",18,lib/tests/delimcc/reset-shift-k.zy,trim_direct
selected,debug,0,249164,251,21,5012498,False,"[191, 52, 14, 0]",18,lib/tests/delimcc/reset-shift-k.zy,baseline
selected,debug,0,242293,251,21,5086083,False,"[191, 52, 14, 0]",18,lib/tests/delimcc/reset-shift-k.zy,trim
selected,debug,0,239749,251,21,4818622,False,"[191, 52, 14, 0]",19,lib/tests/delimcc/reset-shift-k.zy,trim_direct
selected,debug,0,255872,251,21,5055083,False,"[191, 52, 14, 0]",19,lib/tests/delimcc/reset-shift-k.zy,baseline
selected,debug,0,339584,251,21,5372205,False,"[191, 52, 14, 0]",19,lib/tests/delimcc/reset-shift-k.zy,trim
selected,debug,0,276916,251,21,5643379,False,"[191, 52, 14, 0]",19,lib/tests/delimcc/reset-shift-k.zy,direct
selected,debug,0,269794,251,21,5733750,False,"[191, 52, 14, 0]",20,lib/tests/delimcc/reset-shift-k.zy,baseline
selected,debug,0,260540,251,21,5073292,False,"[191, 52, 14, 0]",20,lib/tests/delimcc/reset-shift-k.zy,trim
selected,debug,0,260374,251,21,5055709,False,"[191, 52, 14, 0]",20,lib/tests/delimcc/reset-shift-k.zy,direct
selected,debug,0,276001,251,21,5363375,False,"[191, 52, 14, 0]",20,lib/tests/delimcc/reset-shift-k.zy,trim_direct
selected,debug,0,267294,251,21,5619874,False,"[191, 52, 14, 0]",21,lib/tests/delimcc/reset-shift-k.zy,trim
selected,debug,0,251501,251,21,5139459,False,"[191, 52, 14, 0]",21,lib/tests/delimcc/reset-shift-k.zy,direct
selected,debug,0,261209,251,21,5008206,False,"[191, 52, 14, 0]",21,lib/tests/delimcc/reset-shift-k.zy,trim_direct
selected,debug,0,250544,251,21,4927706,False,"[191, 52, 14, 0]",21,lib/tests/delimcc/reset-shift-k.zy,baseline
selected,debug,0,260457,251,21,5217167,False,"[191, 52, 14, 0]",22,lib/tests/delimcc/reset-shift-k.zy,direct
selected,debug,0,284668,251,21,5049250,False,"[191, 52, 14, 0]",22,lib/tests/delimcc/reset-shift-k.zy,trim_direct
selected,debug,0,243252,251,21,5100210,False,"[191, 52, 14, 0]",22,lib/tests/delimcc/reset-shift-k.zy,baseline
selected,debug,0,263456,251,21,5044625,False,"[191, 52, 14, 0]",22,lib/tests/delimcc/reset-shift-k.zy,trim
selected,debug,0,264752,251,21,5441624,False,"[191, 52, 14, 0]",23,lib/tests/delimcc/reset-shift-k.zy,trim_direct
selected,debug,0,253921,251,21,5134208,False,"[191, 52, 14, 0]",23,lib/tests/delimcc/reset-shift-k.zy,baseline
selected,debug,0,262039,251,21,5137334,False,"[191, 52, 14, 0]",23,lib/tests/delimcc/reset-shift-k.zy,trim
selected,debug,0,243916,251,21,5067747,False,"[191, 52, 14, 0]",23,lib/tests/delimcc/reset-shift-k.zy,direct
selected,debug,0,317416,251,21,5105586,False,"[191, 52, 14, 0]",24,lib/tests/delimcc/reset-shift-k.zy,baseline
selected,debug,0,310999,251,21,5455252,False,"[191, 52, 14, 0]",24,lib/tests/delimcc/reset-shift-k.zy,trim
selected,debug,0,255291,251,21,5326334,False,"[191, 52, 14, 0]",24,lib/tests/delimcc/reset-shift-k.zy,direct
selected,debug,0,247752,251,21,4901957,False,"[191, 52, 14, 0]",24,lib/tests/delimcc/reset-shift-k.zy,trim_direct
selected,debug,0,263624,251,21,5376545,False,"[191, 52, 14, 0]",25,lib/tests/delimcc/reset-shift-k.zy,trim
selected,debug,0,274210,251,21,5029792,False,"[191, 52, 14, 0]",25,lib/tests/delimcc/reset-shift-k.zy,direct
selected,debug,0,276043,251,21,5404626,False,"[191, 52, 14, 0]",25,lib/tests/delimcc/reset-shift-k.zy,trim_direct
selected,debug,0,320876,251,21,5850916,False,"[191, 52, 14, 0]",25,lib/tests/delimcc/reset-shift-k.zy,baseline
selected,debug,0,268999,251,21,5119499,False,"[191, 52, 14, 0]",26,lib/tests/delimcc/reset-shift-k.zy,direct
selected,debug,0,261706,251,21,5089499,False,"[191, 52, 14, 0]",26,lib/tests/delimcc/reset-shift-k.zy,trim_direct
selected,debug,0,336210,251,21,5136458,False,"[191, 52, 14, 0]",26,lib/tests/delimcc/reset-shift-k.zy,baseline
selected,debug,0,260666,251,21,5371210,False,"[191, 52, 14, 0]",26,lib/tests/delimcc/reset-shift-k.zy,trim
selected,debug,0,280543,251,21,5447126,False,"[191, 52, 14, 0]",27,lib/tests/delimcc/reset-shift-k.zy,trim_direct
selected,debug,0,257086,251,21,4961461,False,"[191, 52, 14, 0]",27,lib/tests/delimcc/reset-shift-k.zy,baseline
selected,debug,0,276124,251,21,5325334,False,"[191, 52, 14, 0]",27,lib/tests/delimcc/reset-shift-k.zy,trim
selected,debug,0,260000,251,21,4948334,False,"[191, 52, 14, 0]",27,lib/tests/delimcc/reset-shift-k.zy,direct
selected,debug,0,247129,251,21,5083084,False,"[191, 52, 14, 0]",28,lib/tests/delimcc/reset-shift-k.zy,baseline
selected,debug,0,248998,251,21,5135790,False,"[191, 52, 14, 0]",28,lib/tests/delimcc/reset-shift-k.zy,trim
selected,debug,0,245167,251,21,4946127,False,"[191, 52, 14, 0]",28,lib/tests/delimcc/reset-shift-k.zy,direct
selected,debug,0,266916,251,21,5297210,False,"[191, 52, 14, 0]",28,lib/tests/delimcc/reset-shift-k.zy,trim_direct
selected,debug,0,254875,251,21,5147374,False,"[191, 52, 14, 0]",29,lib/tests/delimcc/reset-shift-k.zy,trim
selected,debug,0,250752,251,21,4975373,False,"[191, 52, 14, 0]",29,lib/tests/delimcc/reset-shift-k.zy,direct
selected,debug,0,260417,251,21,4854376,False,"[191, 52, 14, 0]",29,lib/tests/delimcc/reset-shift-k.zy,trim_direct
selected,debug,0,242296,251,21,4874207,False,"[191, 52, 14, 0]",29,lib/tests/delimcc/reset-shift-k.zy,baseline
selected,debug,0,266956,251,21,5087544,False,"[191, 52, 14, 0]",30,lib/tests/delimcc/reset-shift-k.zy,direct
selected,debug,0,266707,251,21,4959416,False,"[191, 52, 14, 0]",30,lib/tests/delimcc/reset-shift-k.zy,trim_direct
selected,debug,0,250127,251,21,4942413,False,"[191, 52, 14, 0]",30,lib/tests/delimcc/reset-shift-k.zy,baseline
selected,debug,0,243873,251,21,4961166,False,"[191, 52, 14, 0]",30,lib/tests/delimcc/reset-shift-k.zy,trim
selected,debug,0,259876,251,21,5189878,False,"[191, 52, 14, 0]",31,lib/tests/delimcc/reset-shift-k.zy,trim_direct
selected,debug,0,243042,251,21,4898292,False,"[191, 52, 14, 0]",31,lib/tests/delimcc/reset-shift-k.zy,baseline
selected,debug,0,314959,251,21,8510504,False,"[191, 52, 14, 0]",31,lib/tests/delimcc/reset-shift-k.zy,trim
selected,debug,0,319501,251,21,5762500,False,"[191, 52, 14, 0]",31,lib/tests/delimcc/reset-shift-k.zy,direct
selected,debug,0,245248,251,18,4625209,True,"[184, 51, 14, 13]",0,lib/tests/delimcc/reset-shift-k.zy,baseline
selected,debug,0,295875,251,18,4721376,True,"[184, 51, 14, 13]",0,lib/tests/delimcc/reset-shift-k.zy,trim
selected,debug,0,302833,251,18,4957166,True,"[184, 51, 14, 13]",0,lib/tests/delimcc/reset-shift-k.zy,direct
selected,debug,0,263460,251,18,4795502,True,"[184, 51, 14, 13]",0,lib/tests/delimcc/reset-shift-k.zy,trim_direct
selected,debug,0,253163,251,18,4706542,True,"[184, 51, 14, 13]",1,lib/tests/delimcc/reset-shift-k.zy,trim
selected,debug,0,250168,251,18,4581794,True,"[184, 51, 14, 13]",1,lib/tests/delimcc/reset-shift-k.zy,direct
selected,debug,0,254791,251,18,4688290,True,"[184, 51, 14, 13]",1,lib/tests/delimcc/reset-shift-k.zy,trim_direct
selected,debug,0,249126,251,18,4876208,True,"[184, 51, 14, 13]",1,lib/tests/delimcc/reset-shift-k.zy,baseline
selected,debug,0,245668,251,18,4519043,True,"[184, 51, 14, 13]",2,lib/tests/delimcc/reset-shift-k.zy,direct
selected,debug,0,259542,251,18,4670667,True,"[184, 51, 14, 13]",2,lib/tests/delimcc/reset-shift-k.zy,trim_direct
selected,debug,0,265124,251,18,4932082,True,"[184, 51, 14, 13]",2,lib/tests/delimcc/reset-shift-k.zy,baseline
selected,debug,0,267046,251,18,4222833,True,"[184, 51, 14, 13]",2,lib/tests/delimcc/reset-shift-k.zy,trim
selected,debug,0,249749,251,18,4590419,True,"[184, 51, 14, 13]",3,lib/tests/delimcc/reset-shift-k.zy,trim_direct
selected,debug,0,246458,251,18,4709248,True,"[184, 51, 14, 13]",3,lib/tests/delimcc/reset-shift-k.zy,baseline
selected,debug,0,280251,251,18,5079084,True,"[184, 51, 14, 13]",3,lib/tests/delimcc/reset-shift-k.zy,trim
selected,debug,0,213416,251,18,4105375,True,"[184, 51, 14, 13]",3,lib/tests/delimcc/reset-shift-k.zy,direct
selected,debug,0,221875,251,18,4219957,True,"[184, 51, 14, 13]",4,lib/tests/delimcc/reset-shift-k.zy,baseline
selected,debug,0,285752,251,18,4568959,True,"[184, 51, 14, 13]",4,lib/tests/delimcc/reset-shift-k.zy,trim
selected,debug,0,261084,251,18,4780586,True,"[184, 51, 14, 13]",4,lib/tests/delimcc/reset-shift-k.zy,direct
selected,debug,0,284876,251,18,4900416,True,"[184, 51, 14, 13]",4,lib/tests/delimcc/reset-shift-k.zy,trim_direct
selected,debug,0,261374,251,18,4537626,True,"[184, 51, 14, 13]",5,lib/tests/delimcc/reset-shift-k.zy,trim
selected,debug,0,242539,251,18,4654749,True,"[184, 51, 14, 13]",5,lib/tests/delimcc/reset-shift-k.zy,direct
selected,debug,0,239170,251,18,4416331,True,"[184, 51, 14, 13]",5,lib/tests/delimcc/reset-shift-k.zy,trim_direct
selected,debug,0,226457,251,18,4295083,True,"[184, 51, 14, 13]",5,lib/tests/delimcc/reset-shift-k.zy,baseline
selected,debug,0,226627,251,18,4290583,True,"[184, 51, 14, 13]",6,lib/tests/delimcc/reset-shift-k.zy,direct
selected,debug,0,227794,251,18,4131251,True,"[184, 51, 14, 13]",6,lib/tests/delimcc/reset-shift-k.zy,trim_direct
selected,debug,0,227336,251,18,4249833,True,"[184, 51, 14, 13]",6,lib/tests/delimcc/reset-shift-k.zy,baseline
selected,debug,0,220709,251,18,4236710,True,"[184, 51, 14, 13]",6,lib/tests/delimcc/reset-shift-k.zy,trim
selected,debug,0,236540,251,18,4173167,True,"[184, 51, 14, 13]",7,lib/tests/delimcc/reset-shift-k.zy,trim_direct
selected,debug,0,221083,251,18,4172206,True,"[184, 51, 14, 13]",7,lib/tests/delimcc/reset-shift-k.zy,baseline
selected,debug,0,239124,251,18,4434621,True,"[184, 51, 14, 13]",7,lib/tests/delimcc/reset-shift-k.zy,trim
selected,debug,0,226541,251,18,4187541,True,"[184, 51, 14, 13]",7,lib/tests/delimcc/reset-shift-k.zy,direct
selected,debug,0,217834,251,18,4172540,True,"[184, 51, 14, 13]",8,lib/tests/delimcc/reset-shift-k.zy,baseline
selected,debug,0,222458,251,18,4438002,True,"[184, 51, 14, 13]",8,lib/tests/delimcc/reset-shift-k.zy,trim
selected,debug,0,218959,251,18,4069999,True,"[184, 51, 14, 13]",8,lib/tests/delimcc/reset-shift-k.zy,direct
selected,debug,0,217834,251,18,4026708,True,"[184, 51, 14, 13]",8,lib/tests/delimcc/reset-shift-k.zy,trim_direct
selected,debug,0,217124,251,18,4152915,True,"[184, 51, 14, 13]",9,lib/tests/delimcc/reset-shift-k.zy,trim
selected,debug,0,209332,251,18,3979750,True,"[184, 51, 14, 13]",9,lib/tests/delimcc/reset-shift-k.zy,direct
selected,debug,0,212459,251,18,4095748,True,"[184, 51, 14, 13]",9,lib/tests/delimcc/reset-shift-k.zy,trim_direct
selected,debug,0,213583,251,18,4186375,True,"[184, 51, 14, 13]",9,lib/tests/delimcc/reset-shift-k.zy,baseline
selected,debug,0,215206,251,18,4105373,True,"[184, 51, 14, 13]",10,lib/tests/delimcc/reset-shift-k.zy,direct
selected,debug,0,213416,251,18,4045083,True,"[184, 51, 14, 13]",10,lib/tests/delimcc/reset-shift-k.zy,trim_direct
selected,debug,0,228915,251,18,4194085,True,"[184, 51, 14, 13]",10,lib/tests/delimcc/reset-shift-k.zy,baseline
selected,debug,0,224750,251,18,4168167,True,"[184, 51, 14, 13]",10,lib/tests/delimcc/reset-shift-k.zy,trim
selected,debug,0,219586,251,18,4449958,True,"[184, 51, 14, 13]",11,lib/tests/delimcc/reset-shift-k.zy,trim_direct
selected,debug,0,239001,251,18,4629168,True,"[184, 51, 14, 13]",11,lib/tests/delimcc/reset-shift-k.zy,baseline
selected,debug,0,224462,251,18,4518917,True,"[184, 51, 14, 13]",11,lib/tests/delimcc/reset-shift-k.zy,trim
selected,debug,0,215789,251,18,4114166,True,"[184, 51, 14, 13]",11,lib/tests/delimcc/reset-shift-k.zy,direct
selected,debug,0,213916,251,18,4447707,True,"[184, 51, 14, 13]",12,lib/tests/delimcc/reset-shift-k.zy,baseline
selected,debug,0,216000,251,18,4298125,True,"[184, 51, 14, 13]",12,lib/tests/delimcc/reset-shift-k.zy,trim
selected,debug,0,228124,251,18,4380542,True,"[184, 51, 14, 13]",12,lib/tests/delimcc/reset-shift-k.zy,direct
selected,debug,0,229831,251,18,4319582,True,"[184, 51, 14, 13]",12,lib/tests/delimcc/reset-shift-k.zy,trim_direct
selected,debug,0,223331,251,18,4509708,True,"[184, 51, 14, 13]",13,lib/tests/delimcc/reset-shift-k.zy,trim
selected,debug,0,223501,251,18,4330751,True,"[184, 51, 14, 13]",13,lib/tests/delimcc/reset-shift-k.zy,direct
selected,debug,0,225291,251,18,4406247,True,"[184, 51, 14, 13]",13,lib/tests/delimcc/reset-shift-k.zy,trim_direct
selected,debug,0,235917,251,18,4239124,True,"[184, 51, 14, 13]",13,lib/tests/delimcc/reset-shift-k.zy,baseline
selected,debug,0,237377,251,18,4477001,True,"[184, 51, 14, 13]",14,lib/tests/delimcc/reset-shift-k.zy,direct
selected,debug,0,291125,251,18,4347668,True,"[184, 51, 14, 13]",14,lib/tests/delimcc/reset-shift-k.zy,trim_direct
selected,debug,0,217665,251,18,4393959,True,"[184, 51, 14, 13]",14,lib/tests/delimcc/reset-shift-k.zy,baseline
selected,debug,0,218206,251,18,4228168,True,"[184, 51, 14, 13]",14,lib/tests/delimcc/reset-shift-k.zy,trim
selected,debug,0,277917,251,18,4181832,True,"[184, 51, 14, 13]",15,lib/tests/delimcc/reset-shift-k.zy,trim_direct
selected,debug,0,217041,251,18,4185168,True,"[184, 51, 14, 13]",15,lib/tests/delimcc/reset-shift-k.zy,baseline
selected,debug,0,211000,251,18,4175624,True,"[184, 51, 14, 13]",15,lib/tests/delimcc/reset-shift-k.zy,trim
selected,debug,0,211542,251,18,4140082,True,"[184, 51, 14, 13]",15,lib/tests/delimcc/reset-shift-k.zy,direct
selected,debug,0,211833,251,18,4094962,True,"[184, 51, 14, 13]",16,lib/tests/delimcc/reset-shift-k.zy,baseline
selected,debug,0,215791,251,18,4107794,True,"[184, 51, 14, 13]",16,lib/tests/delimcc/reset-shift-k.zy,trim
selected,debug,0,213247,251,18,4106336,True,"[184, 51, 14, 13]",16,lib/tests/delimcc/reset-shift-k.zy,direct
selected,debug,0,255832,251,18,4223080,True,"[184, 51, 14, 13]",16,lib/tests/delimcc/reset-shift-k.zy,trim_direct
selected,debug,0,229086,251,18,4302835,True,"[184, 51, 14, 13]",17,lib/tests/delimcc/reset-shift-k.zy,trim
selected,debug,0,220917,251,18,4180958,True,"[184, 51, 14, 13]",17,lib/tests/delimcc/reset-shift-k.zy,direct
selected,debug,0,214625,251,18,4088332,True,"[184, 51, 14, 13]",17,lib/tests/delimcc/reset-shift-k.zy,trim_direct
selected,debug,0,214752,251,18,4057795,True,"[184, 51, 14, 13]",17,lib/tests/delimcc/reset-shift-k.zy,baseline
selected,debug,0,215251,251,18,4259541,True,"[184, 51, 14, 13]",18,lib/tests/delimcc/reset-shift-k.zy,direct
selected,debug,0,229129,251,18,4177000,True,"[184, 51, 14, 13]",18,lib/tests/delimcc/reset-shift-k.zy,trim_direct
selected,debug,0,222083,251,18,4237664,True,"[184, 51, 14, 13]",18,lib/tests/delimcc/reset-shift-k.zy,baseline
selected,debug,0,213249,251,18,4245539,True,"[184, 51, 14, 13]",18,lib/tests/delimcc/reset-shift-k.zy,trim
selected,debug,0,214625,251,18,4187500,True,"[184, 51, 14, 13]",19,lib/tests/delimcc/reset-shift-k.zy,trim_direct
selected,debug,0,229375,251,18,4326043,True,"[184, 51, 14, 13]",19,lib/tests/delimcc/reset-shift-k.zy,baseline
selected,debug,0,221207,251,18,4240291,True,"[184, 51, 14, 13]",19,lib/tests/delimcc/reset-shift-k.zy,trim
selected,debug,0,230794,251,18,4107875,True,"[184, 51, 14, 13]",19,lib/tests/delimcc/reset-shift-k.zy,direct
selected,debug,0,213374,251,18,3991874,True,"[184, 51, 14, 13]",20,lib/tests/delimcc/reset-shift-k.zy,baseline
selected,debug,0,216959,251,18,4136585,True,"[184, 51, 14, 13]",20,lib/tests/delimcc/reset-shift-k.zy,trim
selected,debug,0,219124,251,18,4153082,True,"[184, 51, 14, 13]",20,lib/tests/delimcc/reset-shift-k.zy,direct
selected,debug,0,221917,251,18,4355165,True,"[184, 51, 14, 13]",20,lib/tests/delimcc/reset-shift-k.zy,trim_direct
selected,debug,0,213418,251,18,4234084,True,"[184, 51, 14, 13]",21,lib/tests/delimcc/reset-shift-k.zy,trim
selected,debug,0,210832,251,18,4004165,True,"[184, 51, 14, 13]",21,lib/tests/delimcc/reset-shift-k.zy,direct
selected,debug,0,263499,251,18,4394671,True,"[184, 51, 14, 13]",21,lib/tests/delimcc/reset-shift-k.zy,trim_direct
selected,debug,0,222294,251,18,4293709,True,"[184, 51, 14, 13]",21,lib/tests/delimcc/reset-shift-k.zy,baseline
selected,debug,0,221751,251,18,4272499,True,"[184, 51, 14, 13]",22,lib/tests/delimcc/reset-shift-k.zy,direct
selected,debug,0,211918,251,18,4147417,True,"[184, 51, 14, 13]",22,lib/tests/delimcc/reset-shift-k.zy,trim_direct
selected,debug,0,219791,251,18,4104707,True,"[184, 51, 14, 13]",22,lib/tests/delimcc/reset-shift-k.zy,baseline
selected,debug,0,212458,251,18,4191501,True,"[184, 51, 14, 13]",22,lib/tests/delimcc/reset-shift-k.zy,trim
selected,debug,0,229371,251,18,4077331,True,"[184, 51, 14, 13]",23,lib/tests/delimcc/reset-shift-k.zy,trim_direct
selected,debug,0,214625,251,18,4082960,True,"[184, 51, 14, 13]",23,lib/tests/delimcc/reset-shift-k.zy,baseline
selected,debug,0,220124,251,18,4335625,True,"[184, 51, 14, 13]",23,lib/tests/delimcc/reset-shift-k.zy,trim
selected,debug,0,212081,251,18,4235252,True,"[184, 51, 14, 13]",23,lib/tests/delimcc/reset-shift-k.zy,direct
selected,debug,0,209165,251,18,4060085,True,"[184, 51, 14, 13]",24,lib/tests/delimcc/reset-shift-k.zy,baseline
selected,debug,0,226542,251,18,4130705,True,"[184, 51, 14, 13]",24,lib/tests/delimcc/reset-shift-k.zy,trim
selected,debug,0,206746,251,18,4021292,True,"[184, 51, 14, 13]",24,lib/tests/delimcc/reset-shift-k.zy,direct
selected,debug,0,219207,251,18,4160582,True,"[184, 51, 14, 13]",24,lib/tests/delimcc/reset-shift-k.zy,trim_direct
selected,debug,0,215042,251,18,4199667,True,"[184, 51, 14, 13]",25,lib/tests/delimcc/reset-shift-k.zy,trim
selected,debug,0,209585,251,18,4116627,True,"[184, 51, 14, 13]",25,lib/tests/delimcc/reset-shift-k.zy,direct
selected,debug,0,222041,251,18,4033793,True,"[184, 51, 14, 13]",25,lib/tests/delimcc/reset-shift-k.zy,trim_direct
selected,debug,0,207455,251,18,4030461,True,"[184, 51, 14, 13]",25,lib/tests/delimcc/reset-shift-k.zy,baseline
selected,debug,0,209332,251,18,4057878,True,"[184, 51, 14, 13]",26,lib/tests/delimcc/reset-shift-k.zy,direct
selected,debug,0,208420,251,18,4027418,True,"[184, 51, 14, 13]",26,lib/tests/delimcc/reset-shift-k.zy,trim_direct
selected,debug,0,210916,251,18,4033497,True,"[184, 51, 14, 13]",26,lib/tests/delimcc/reset-shift-k.zy,baseline
selected,debug,0,205126,251,18,4077708,True,"[184, 51, 14, 13]",26,lib/tests/delimcc/reset-shift-k.zy,trim
selected,debug,0,208168,251,18,3994625,True,"[184, 51, 14, 13]",27,lib/tests/delimcc/reset-shift-k.zy,trim_direct
selected,debug,0,209125,251,18,4064122,True,"[184, 51, 14, 13]",27,lib/tests/delimcc/reset-shift-k.zy,baseline
selected,debug,0,215209,251,18,4056501,True,"[184, 51, 14, 13]",27,lib/tests/delimcc/reset-shift-k.zy,trim
selected,debug,0,218331,251,18,4064042,True,"[184, 51, 14, 13]",27,lib/tests/delimcc/reset-shift-k.zy,direct
selected,debug,0,220500,251,18,4087209,True,"[184, 51, 14, 13]",28,lib/tests/delimcc/reset-shift-k.zy,baseline
selected,debug,0,211622,251,18,4137878,True,"[184, 51, 14, 13]",28,lib/tests/delimcc/reset-shift-k.zy,trim
selected,debug,0,212210,251,18,4030543,True,"[184, 51, 14, 13]",28,lib/tests/delimcc/reset-shift-k.zy,direct
selected,debug,0,205623,251,18,3876081,True,"[184, 51, 14, 13]",28,lib/tests/delimcc/reset-shift-k.zy,trim_direct
selected,debug,0,217542,251,18,4258670,True,"[184, 51, 14, 13]",29,lib/tests/delimcc/reset-shift-k.zy,trim
selected,debug,0,210418,251,18,4066832,True,"[184, 51, 14, 13]",29,lib/tests/delimcc/reset-shift-k.zy,direct
selected,debug,0,211044,251,18,4134496,True,"[184, 51, 14, 13]",29,lib/tests/delimcc/reset-shift-k.zy,trim_direct
selected,debug,0,201043,251,18,4083334,True,"[184, 51, 14, 13]",29,lib/tests/delimcc/reset-shift-k.zy,baseline
selected,debug,0,212332,251,18,4002875,True,"[184, 51, 14, 13]",30,lib/tests/delimcc/reset-shift-k.zy,direct
selected,debug,0,212708,251,18,4112874,True,"[184, 51, 14, 13]",30,lib/tests/delimcc/reset-shift-k.zy,trim_direct
selected,debug,0,206336,251,18,4034460,True,"[184, 51, 14, 13]",30,lib/tests/delimcc/reset-shift-k.zy,baseline
selected,debug,0,206545,251,18,4118918,True,"[184, 51, 14, 13]",30,lib/tests/delimcc/reset-shift-k.zy,trim
selected,debug,0,208955,251,18,4143666,True,"[184, 51, 14, 13]",31,lib/tests/delimcc/reset-shift-k.zy,trim_direct
selected,debug,0,207416,251,18,4031544,True,"[184, 51, 14, 13]",31,lib/tests/delimcc/reset-shift-k.zy,baseline
selected,debug,0,207039,251,18,4116749,True,"[184, 51, 14, 13]",31,lib/tests/delimcc/reset-shift-k.zy,trim
selected,debug,0,206209,251,18,3975504,True,"[184, 51, 14, 13]",31,lib/tests/delimcc/reset-shift-k.zy,direct
selected,debug,0,240709,516,9,5057373,False,"[439, 163, 16, 0]",0,lib/tests/core/gc-stress.zy,baseline
selected,debug,0,225833,516,9,4573959,False,"[439, 163, 16, 0]",0,lib/tests/core/gc-stress.zy,trim
selected,debug,0,228541,516,9,4596751,False,"[439, 163, 16, 0]",0,lib/tests/core/gc-stress.zy,direct
selected,debug,0,220458,516,9,4488251,False,"[439, 163, 16, 0]",0,lib/tests/core/gc-stress.zy,trim_direct
selected,debug,0,223998,516,9,4633917,False,"[439, 163, 16, 0]",1,lib/tests/core/gc-stress.zy,trim
selected,debug,0,222875,516,9,4585332,False,"[439, 163, 16, 0]",1,lib/tests/core/gc-stress.zy,direct
selected,debug,0,221334,516,9,4480083,False,"[439, 163, 16, 0]",1,lib/tests/core/gc-stress.zy,trim_direct
selected,debug,0,221999,516,9,4497043,False,"[439, 163, 16, 0]",1,lib/tests/core/gc-stress.zy,baseline
selected,debug,0,231458,516,9,4462667,False,"[439, 163, 16, 0]",2,lib/tests/core/gc-stress.zy,direct
selected,debug,0,219876,516,9,4449916,False,"[439, 163, 16, 0]",2,lib/tests/core/gc-stress.zy,trim_direct
selected,debug,0,215291,516,9,4550250,False,"[439, 163, 16, 0]",2,lib/tests/core/gc-stress.zy,baseline
selected,debug,0,216499,516,9,4488166,False,"[439, 163, 16, 0]",2,lib/tests/core/gc-stress.zy,trim
selected,debug,0,220791,516,9,4409752,False,"[439, 163, 16, 0]",3,lib/tests/core/gc-stress.zy,trim_direct
selected,debug,0,216293,516,9,4465834,False,"[439, 163, 16, 0]",3,lib/tests/core/gc-stress.zy,baseline
selected,debug,0,226665,516,9,4502542,False,"[439, 163, 16, 0]",3,lib/tests/core/gc-stress.zy,trim
selected,debug,0,228334,516,9,4640375,False,"[439, 163, 16, 0]",3,lib/tests/core/gc-stress.zy,direct
selected,debug,0,238041,516,9,4629126,False,"[439, 163, 16, 0]",4,lib/tests/core/gc-stress.zy,baseline
selected,debug,0,221125,516,9,4531917,False,"[439, 163, 16, 0]",4,lib/tests/core/gc-stress.zy,trim
selected,debug,0,226583,516,9,4548210,False,"[439, 163, 16, 0]",4,lib/tests/core/gc-stress.zy,direct
selected,debug,0,252710,516,9,4805626,False,"[439, 163, 16, 0]",4,lib/tests/core/gc-stress.zy,trim_direct
selected,debug,0,213666,516,9,4550709,False,"[439, 163, 16, 0]",5,lib/tests/core/gc-stress.zy,trim
selected,debug,0,226999,516,9,4585248,False,"[439, 163, 16, 0]",5,lib/tests/core/gc-stress.zy,direct
selected,debug,0,223499,516,9,4546958,False,"[439, 163, 16, 0]",5,lib/tests/core/gc-stress.zy,trim_direct
selected,debug,0,231293,516,9,4709126,False,"[439, 163, 16, 0]",5,lib/tests/core/gc-stress.zy,baseline
selected,debug,0,215418,516,9,4459334,False,"[439, 163, 16, 0]",6,lib/tests/core/gc-stress.zy,direct
selected,debug,0,230751,516,9,4617208,False,"[439, 163, 16, 0]",6,lib/tests/core/gc-stress.zy,trim_direct
selected,debug,0,219750,516,9,4485667,False,"[439, 163, 16, 0]",6,lib/tests/core/gc-stress.zy,baseline
selected,debug,0,225167,516,9,4570625,False,"[439, 163, 16, 0]",6,lib/tests/core/gc-stress.zy,trim
selected,debug,0,216416,516,9,4447250,False,"[439, 163, 16, 0]",7,lib/tests/core/gc-stress.zy,trim_direct
selected,debug,0,217417,516,9,4479876,False,"[439, 163, 16, 0]",7,lib/tests/core/gc-stress.zy,baseline
selected,debug,0,218376,516,9,4500210,False,"[439, 163, 16, 0]",7,lib/tests/core/gc-stress.zy,trim
selected,debug,0,215709,516,9,4372457,False,"[439, 163, 16, 0]",7,lib/tests/core/gc-stress.zy,direct
selected,debug,0,214167,516,9,4446208,False,"[439, 163, 16, 0]",8,lib/tests/core/gc-stress.zy,baseline
selected,debug,0,221211,516,9,4551836,False,"[439, 163, 16, 0]",8,lib/tests/core/gc-stress.zy,trim
selected,debug,0,228458,516,9,4367541,False,"[439, 163, 16, 0]",8,lib/tests/core/gc-stress.zy,direct
selected,debug,0,224377,516,9,4525622,False,"[439, 163, 16, 0]",8,lib/tests/core/gc-stress.zy,trim_direct
selected,debug,0,220749,516,9,4613831,False,"[439, 163, 16, 0]",9,lib/tests/core/gc-stress.zy,trim
selected,debug,0,237335,516,9,4352043,False,"[439, 163, 16, 0]",9,lib/tests/core/gc-stress.zy,direct
selected,debug,0,218875,516,9,4509000,False,"[439, 163, 16, 0]",9,lib/tests/core/gc-stress.zy,trim_direct
selected,debug,0,216915,516,9,4392167,False,"[439, 163, 16, 0]",9,lib/tests/core/gc-stress.zy,baseline
selected,debug,0,225460,516,9,4435500,False,"[439, 163, 16, 0]",10,lib/tests/core/gc-stress.zy,direct
selected,debug,0,221374,516,9,4528040,False,"[439, 163, 16, 0]",10,lib/tests/core/gc-stress.zy,trim_direct
selected,debug,0,215831,516,9,4497833,False,"[439, 163, 16, 0]",10,lib/tests/core/gc-stress.zy,baseline
selected,debug,0,223126,516,9,4612206,False,"[439, 163, 16, 0]",10,lib/tests/core/gc-stress.zy,trim
selected,debug,0,219082,516,9,4516834,False,"[439, 163, 16, 0]",11,lib/tests/core/gc-stress.zy,trim_direct
selected,debug,0,216127,516,9,4581667,False,"[439, 163, 16, 0]",11,lib/tests/core/gc-stress.zy,baseline
selected,debug,0,232292,516,9,4475207,False,"[439, 163, 16, 0]",11,lib/tests/core/gc-stress.zy,trim
selected,debug,0,229374,516,9,4431416,False,"[439, 163, 16, 0]",11,lib/tests/core/gc-stress.zy,direct
selected,debug,0,229501,516,9,4654250,False,"[439, 163, 16, 0]",12,lib/tests/core/gc-stress.zy,baseline
selected,debug,0,222792,516,9,4576957,False,"[439, 163, 16, 0]",12,lib/tests/core/gc-stress.zy,trim
selected,debug,0,229211,516,9,4586290,False,"[439, 163, 16, 0]",12,lib/tests/core/gc-stress.zy,direct
selected,debug,0,236333,516,9,4618959,False,"[439, 163, 16, 0]",12,lib/tests/core/gc-stress.zy,trim_direct
selected,debug,0,217000,516,9,4466502,False,"[439, 163, 16, 0]",13,lib/tests/core/gc-stress.zy,trim
selected,debug,0,225291,516,9,4529582,False,"[439, 163, 16, 0]",13,lib/tests/core/gc-stress.zy,direct
selected,debug,0,219209,516,9,4543793,False,"[439, 163, 16, 0]",13,lib/tests/core/gc-stress.zy,trim_direct
selected,debug,0,215498,516,9,4489126,False,"[439, 163, 16, 0]",13,lib/tests/core/gc-stress.zy,baseline
selected,debug,0,240083,516,9,4538541,False,"[439, 163, 16, 0]",14,lib/tests/core/gc-stress.zy,direct
selected,debug,0,233209,516,9,4666833,False,"[439, 163, 16, 0]",14,lib/tests/core/gc-stress.zy,trim_direct
selected,debug,0,211500,516,9,4491667,False,"[439, 163, 16, 0]",14,lib/tests/core/gc-stress.zy,baseline
selected,debug,0,212875,516,9,4582250,False,"[439, 163, 16, 0]",14,lib/tests/core/gc-stress.zy,trim
selected,debug,0,223331,516,9,4616167,False,"[439, 163, 16, 0]",15,lib/tests/core/gc-stress.zy,trim_direct
selected,debug,0,210875,516,9,4428123,False,"[439, 163, 16, 0]",15,lib/tests/core/gc-stress.zy,baseline
selected,debug,0,213500,516,9,4487501,False,"[439, 163, 16, 0]",15,lib/tests/core/gc-stress.zy,trim
selected,debug,0,224583,516,9,4471208,False,"[439, 163, 16, 0]",15,lib/tests/core/gc-stress.zy,direct
selected,debug,0,220124,516,9,4512584,False,"[439, 163, 16, 0]",16,lib/tests/core/gc-stress.zy,baseline
selected,debug,0,224708,516,9,4605709,False,"[439, 163, 16, 0]",16,lib/tests/core/gc-stress.zy,trim
selected,debug,0,230124,516,9,4615707,False,"[439, 163, 16, 0]",16,lib/tests/core/gc-stress.zy,direct
selected,debug,0,221792,516,9,4556750,False,"[439, 163, 16, 0]",16,lib/tests/core/gc-stress.zy,trim_direct
selected,debug,0,229542,516,9,4476583,False,"[439, 163, 16, 0]",17,lib/tests/core/gc-stress.zy,trim
selected,debug,0,214418,516,9,4436917,False,"[439, 163, 16, 0]",17,lib/tests/core/gc-stress.zy,direct
selected,debug,0,217834,516,9,4441042,False,"[439, 163, 16, 0]",17,lib/tests/core/gc-stress.zy,trim_direct
selected,debug,0,226458,516,9,4531793,False,"[439, 163, 16, 0]",17,lib/tests/core/gc-stress.zy,baseline
selected,debug,0,225541,516,9,4541292,False,"[439, 163, 16, 0]",18,lib/tests/core/gc-stress.zy,direct
selected,debug,0,231167,516,9,4418416,False,"[439, 163, 16, 0]",18,lib/tests/core/gc-stress.zy,trim_direct
selected,debug,0,223125,516,9,4656292,False,"[439, 163, 16, 0]",18,lib/tests/core/gc-stress.zy,baseline
selected,debug,0,228959,516,9,4636956,False,"[439, 163, 16, 0]",18,lib/tests/core/gc-stress.zy,trim
selected,debug,0,232499,516,9,4433500,False,"[439, 163, 16, 0]",19,lib/tests/core/gc-stress.zy,trim_direct
selected,debug,0,219957,516,9,4468915,False,"[439, 163, 16, 0]",19,lib/tests/core/gc-stress.zy,baseline
selected,debug,0,220666,516,9,4615666,False,"[439, 163, 16, 0]",19,lib/tests/core/gc-stress.zy,trim
selected,debug,0,212917,516,9,4338207,False,"[439, 163, 16, 0]",19,lib/tests/core/gc-stress.zy,direct
selected,debug,0,215167,516,9,4408709,False,"[439, 163, 16, 0]",20,lib/tests/core/gc-stress.zy,baseline
selected,debug,0,230000,516,9,4712832,False,"[439, 163, 16, 0]",20,lib/tests/core/gc-stress.zy,trim
selected,debug,0,244832,516,9,4815165,False,"[439, 163, 16, 0]",20,lib/tests/core/gc-stress.zy,direct
selected,debug,0,342167,516,9,6598333,False,"[439, 163, 16, 0]",20,lib/tests/core/gc-stress.zy,trim_direct
selected,debug,0,321251,516,9,5493417,False,"[439, 163, 16, 0]",21,lib/tests/core/gc-stress.zy,trim
selected,debug,0,279667,516,9,5141125,False,"[439, 163, 16, 0]",21,lib/tests/core/gc-stress.zy,direct
selected,debug,0,234917,516,9,4559043,False,"[439, 163, 16, 0]",21,lib/tests/core/gc-stress.zy,trim_direct
selected,debug,0,294333,516,9,4522792,False,"[439, 163, 16, 0]",21,lib/tests/core/gc-stress.zy,baseline
selected,debug,0,236959,516,9,4576249,False,"[439, 163, 16, 0]",22,lib/tests/core/gc-stress.zy,direct
selected,debug,0,214293,516,9,4454665,False,"[439, 163, 16, 0]",22,lib/tests/core/gc-stress.zy,trim_direct
selected,debug,0,264167,516,9,4512584,False,"[439, 163, 16, 0]",22,lib/tests/core/gc-stress.zy,baseline
selected,debug,0,216751,516,9,4480291,False,"[439, 163, 16, 0]",22,lib/tests/core/gc-stress.zy,trim
selected,debug,0,231417,516,9,4645914,False,"[439, 163, 16, 0]",23,lib/tests/core/gc-stress.zy,trim_direct
selected,debug,0,219832,516,9,4547916,False,"[439, 163, 16, 0]",23,lib/tests/core/gc-stress.zy,baseline
selected,debug,0,217583,516,9,4584251,False,"[439, 163, 16, 0]",23,lib/tests/core/gc-stress.zy,trim
selected,debug,0,226292,516,9,4514544,False,"[439, 163, 16, 0]",23,lib/tests/core/gc-stress.zy,direct
selected,debug,0,221416,516,9,4524792,False,"[439, 163, 16, 0]",24,lib/tests/core/gc-stress.zy,baseline
selected,debug,0,219792,516,9,4568041,False,"[439, 163, 16, 0]",24,lib/tests/core/gc-stress.zy,trim
selected,debug,0,216166,516,9,4505789,False,"[439, 163, 16, 0]",24,lib/tests/core/gc-stress.zy,direct
selected,debug,0,227876,516,9,4495458,False,"[439, 163, 16, 0]",24,lib/tests/core/gc-stress.zy,trim_direct
selected,debug,0,219332,516,9,4552416,False,"[439, 163, 16, 0]",25,lib/tests/core/gc-stress.zy,trim
selected,debug,0,230250,516,9,4772500,False,"[439, 163, 16, 0]",25,lib/tests/core/gc-stress.zy,direct
selected,debug,0,226501,516,9,4596000,False,"[439, 163, 16, 0]",25,lib/tests/core/gc-stress.zy,trim_direct
selected,debug,0,221084,516,9,4548289,False,"[439, 163, 16, 0]",25,lib/tests/core/gc-stress.zy,baseline
selected,debug,0,221041,516,9,4482583,False,"[439, 163, 16, 0]",26,lib/tests/core/gc-stress.zy,direct
selected,debug,0,218373,516,9,4501456,False,"[439, 163, 16, 0]",26,lib/tests/core/gc-stress.zy,trim_direct
selected,debug,0,222209,516,9,4601541,False,"[439, 163, 16, 0]",26,lib/tests/core/gc-stress.zy,baseline
selected,debug,0,248544,516,9,5137165,False,"[439, 163, 16, 0]",26,lib/tests/core/gc-stress.zy,trim
selected,debug,0,301416,516,9,4750791,False,"[439, 163, 16, 0]",27,lib/tests/core/gc-stress.zy,trim_direct
selected,debug,0,225500,516,9,4596419,False,"[439, 163, 16, 0]",27,lib/tests/core/gc-stress.zy,baseline
selected,debug,0,226293,516,9,4702248,False,"[439, 163, 16, 0]",27,lib/tests/core/gc-stress.zy,trim
selected,debug,0,215167,516,9,4424166,False,"[439, 163, 16, 0]",27,lib/tests/core/gc-stress.zy,direct
selected,debug,0,222124,516,9,4595544,False,"[439, 163, 16, 0]",28,lib/tests/core/gc-stress.zy,baseline
selected,debug,0,241500,516,9,4796666,False,"[439, 163, 16, 0]",28,lib/tests/core/gc-stress.zy,trim
selected,debug,0,219831,516,9,4487166,False,"[439, 163, 16, 0]",28,lib/tests/core/gc-stress.zy,direct
selected,debug,0,222875,516,9,4724333,False,"[439, 163, 16, 0]",28,lib/tests/core/gc-stress.zy,trim_direct
selected,debug,0,217791,516,9,4578750,False,"[439, 163, 16, 0]",29,lib/tests/core/gc-stress.zy,trim
selected,debug,0,223292,516,9,4472916,False,"[439, 163, 16, 0]",29,lib/tests/core/gc-stress.zy,direct
selected,debug,0,220751,516,9,4509044,False,"[439, 163, 16, 0]",29,lib/tests/core/gc-stress.zy,trim_direct
selected,debug,0,222459,516,9,4612626,False,"[439, 163, 16, 0]",29,lib/tests/core/gc-stress.zy,baseline
selected,debug,0,211419,516,9,4397418,False,"[439, 163, 16, 0]",30,lib/tests/core/gc-stress.zy,direct
selected,debug,0,217876,516,9,4496166,False,"[439, 163, 16, 0]",30,lib/tests/core/gc-stress.zy,trim_direct
selected,debug,0,222375,516,9,4568042,False,"[439, 163, 16, 0]",30,lib/tests/core/gc-stress.zy,baseline
selected,debug,0,230084,516,9,4521751,False,"[439, 163, 16, 0]",30,lib/tests/core/gc-stress.zy,trim
selected,debug,0,228584,516,9,4458500,False,"[439, 163, 16, 0]",31,lib/tests/core/gc-stress.zy,trim_direct
selected,debug,0,213167,516,9,4413250,False,"[439, 163, 16, 0]",31,lib/tests/core/gc-stress.zy,baseline
selected,debug,0,216168,516,9,4476794,False,"[439, 163, 16, 0]",31,lib/tests/core/gc-stress.zy,trim
selected,debug,0,216542,516,9,4478168,False,"[439, 163, 16, 0]",31,lib/tests/core/gc-stress.zy,direct
selected,debug,0,247665,516,10,4797416,True,"[422, 163, 16, 15]",0,lib/tests/core/gc-stress.zy,baseline
selected,debug,0,241043,516,10,4856002,True,"[422, 163, 16, 15]",0,lib/tests/core/gc-stress.zy,trim
selected,debug,0,262125,516,10,4976540,True,"[422, 163, 16, 15]",0,lib/tests/core/gc-stress.zy,direct
selected,debug,0,325500,516,10,5080000,True,"[422, 163, 16, 15]",0,lib/tests/core/gc-stress.zy,trim_direct
selected,debug,0,254042,516,10,4842124,True,"[422, 163, 16, 15]",1,lib/tests/core/gc-stress.zy,trim
selected,debug,0,263292,516,10,5341750,True,"[422, 163, 16, 15]",1,lib/tests/core/gc-stress.zy,direct
selected,debug,0,241959,516,10,4917918,True,"[422, 163, 16, 15]",1,lib/tests/core/gc-stress.zy,trim_direct
selected,debug,0,266165,516,10,5025626,True,"[422, 163, 16, 15]",1,lib/tests/core/gc-stress.zy,baseline
selected,debug,0,251249,516,10,4958210,True,"[422, 163, 16, 15]",2,lib/tests/core/gc-stress.zy,direct
selected,debug,0,242626,516,10,4937875,True,"[422, 163, 16, 15]",2,lib/tests/core/gc-stress.zy,trim_direct
selected,debug,0,290000,516,10,4952125,True,"[422, 163, 16, 15]",2,lib/tests/core/gc-stress.zy,baseline
selected,debug,0,247249,516,10,5055626,True,"[422, 163, 16, 15]",2,lib/tests/core/gc-stress.zy,trim
selected,debug,0,253833,516,10,5081626,True,"[422, 163, 16, 15]",3,lib/tests/core/gc-stress.zy,trim_direct
selected,debug,0,254124,516,10,5117666,True,"[422, 163, 16, 15]",3,lib/tests/core/gc-stress.zy,baseline
selected,debug,0,237874,516,10,4903084,True,"[422, 163, 16, 15]",3,lib/tests/core/gc-stress.zy,trim
selected,debug,0,264335,516,10,4865832,True,"[422, 163, 16, 15]",3,lib/tests/core/gc-stress.zy,direct
selected,debug,0,261581,516,10,4981250,True,"[422, 163, 16, 15]",4,lib/tests/core/gc-stress.zy,baseline
selected,debug,0,250878,516,10,5112957,True,"[422, 163, 16, 15]",4,lib/tests/core/gc-stress.zy,trim
selected,debug,0,257458,516,10,5068917,True,"[422, 163, 16, 15]",4,lib/tests/core/gc-stress.zy,direct
selected,debug,0,246376,516,10,4948043,True,"[422, 163, 16, 15]",4,lib/tests/core/gc-stress.zy,trim_direct
selected,debug,0,259083,516,10,5124832,True,"[422, 163, 16, 15]",5,lib/tests/core/gc-stress.zy,trim
selected,debug,0,237417,516,10,4863790,True,"[422, 163, 16, 15]",5,lib/tests/core/gc-stress.zy,direct
selected,debug,0,249958,516,10,4854332,True,"[422, 163, 16, 15]",5,lib/tests/core/gc-stress.zy,trim_direct
selected,debug,0,245500,516,10,4895876,True,"[422, 163, 16, 15]",5,lib/tests/core/gc-stress.zy,baseline
selected,debug,0,243747,516,10,4839291,True,"[422, 163, 16, 15]",6,lib/tests/core/gc-stress.zy,direct
selected,debug,0,317999,516,10,5353000,True,"[422, 163, 16, 15]",6,lib/tests/core/gc-stress.zy,trim_direct
selected,debug,0,274584,516,10,5277792,True,"[422, 163, 16, 15]",6,lib/tests/core/gc-stress.zy,baseline
selected,debug,0,302335,516,10,5346917,True,"[422, 163, 16, 15]",6,lib/tests/core/gc-stress.zy,trim
selected,debug,0,258667,516,10,5120665,True,"[422, 163, 16, 15]",7,lib/tests/core/gc-stress.zy,trim_direct
selected,debug,0,261877,516,10,5270875,True,"[422, 163, 16, 15]",7,lib/tests/core/gc-stress.zy,baseline
selected,debug,0,276126,516,10,5325083,True,"[422, 163, 16, 15]",7,lib/tests/core/gc-stress.zy,trim
selected,debug,0,262792,516,10,5176710,True,"[422, 163, 16, 15]",7,lib/tests/core/gc-stress.zy,direct
selected,debug,0,291374,516,10,5834875,True,"[422, 163, 16, 15]",8,lib/tests/core/gc-stress.zy,baseline
selected,debug,0,282124,516,10,5480625,True,"[422, 163, 16, 15]",8,lib/tests/core/gc-stress.zy,trim
selected,debug,0,270209,516,10,5287668,True,"[422, 163, 16, 15]",8,lib/tests/core/gc-stress.zy,direct
selected,debug,0,289877,516,10,5550125,True,"[422, 163, 16, 15]",8,lib/tests/core/gc-stress.zy,trim_direct
selected,debug,0,315626,516,10,5118084,True,"[422, 163, 16, 15]",9,lib/tests/core/gc-stress.zy,trim
selected,debug,0,271250,516,10,5417249,True,"[422, 163, 16, 15]",9,lib/tests/core/gc-stress.zy,direct
selected,debug,0,378003,516,10,5176959,True,"[422, 163, 16, 15]",9,lib/tests/core/gc-stress.zy,trim_direct
selected,debug,0,266749,516,10,5539293,True,"[422, 163, 16, 15]",9,lib/tests/core/gc-stress.zy,baseline
selected,debug,0,291667,516,10,5467791,True,"[422, 163, 16, 15]",10,lib/tests/core/gc-stress.zy,direct
selected,debug,0,252499,516,10,5021417,True,"[422, 163, 16, 15]",10,lib/tests/core/gc-stress.zy,trim_direct
selected,debug,0,256334,516,10,5176044,True,"[422, 163, 16, 15]",10,lib/tests/core/gc-stress.zy,baseline
selected,debug,0,260375,516,10,5547667,True,"[422, 163, 16, 15]",10,lib/tests/core/gc-stress.zy,trim
selected,debug,0,282582,516,10,5348625,True,"[422, 163, 16, 15]",11,lib/tests/core/gc-stress.zy,trim_direct
selected,debug,0,289333,516,10,5812169,True,"[422, 163, 16, 15]",11,lib/tests/core/gc-stress.zy,baseline
selected,debug,0,284749,516,10,5511624,True,"[422, 163, 16, 15]",11,lib/tests/core/gc-stress.zy,trim
selected,debug,0,263918,516,10,4992541,True,"[422, 163, 16, 15]",11,lib/tests/core/gc-stress.zy,direct
selected,debug,0,282248,516,10,5715457,True,"[422, 163, 16, 15]",12,lib/tests/core/gc-stress.zy,baseline
selected,debug,0,422332,516,10,6558165,True,"[422, 163, 16, 15]",12,lib/tests/core/gc-stress.zy,trim
selected,debug,0,457877,516,10,6880793,True,"[422, 163, 16, 15]",12,lib/tests/core/gc-stress.zy,direct
selected,debug,0,355500,516,10,5991500,True,"[422, 163, 16, 15]",12,lib/tests/core/gc-stress.zy,trim_direct
selected,debug,0,342251,516,10,5711710,True,"[422, 163, 16, 15]",13,lib/tests/core/gc-stress.zy,trim
selected,debug,0,301998,516,10,5639499,True,"[422, 163, 16, 15]",13,lib/tests/core/gc-stress.zy,direct
selected,debug,0,275336,516,10,5267375,True,"[422, 163, 16, 15]",13,lib/tests/core/gc-stress.zy,trim_direct
selected,debug,0,275874,516,10,5386665,True,"[422, 163, 16, 15]",13,lib/tests/core/gc-stress.zy,baseline
selected,debug,0,261458,516,10,5136250,True,"[422, 163, 16, 15]",14,lib/tests/core/gc-stress.zy,direct
selected,debug,0,292336,516,10,5282083,True,"[422, 163, 16, 15]",14,lib/tests/core/gc-stress.zy,trim_direct
selected,debug,0,332083,516,10,5689792,True,"[422, 163, 16, 15]",14,lib/tests/core/gc-stress.zy,baseline
selected,debug,0,286875,516,10,5714709,True,"[422, 163, 16, 15]",14,lib/tests/core/gc-stress.zy,trim
selected,debug,0,298666,516,10,5299667,True,"[422, 163, 16, 15]",15,lib/tests/core/gc-stress.zy,trim_direct
selected,debug,0,277500,516,10,5460209,True,"[422, 163, 16, 15]",15,lib/tests/core/gc-stress.zy,baseline
selected,debug,0,278413,516,10,5436709,True,"[422, 163, 16, 15]",15,lib/tests/core/gc-stress.zy,trim
selected,debug,0,312708,516,10,5452209,True,"[422, 163, 16, 15]",15,lib/tests/core/gc-stress.zy,direct
selected,debug,0,286835,516,10,5378832,True,"[422, 163, 16, 15]",16,lib/tests/core/gc-stress.zy,baseline
selected,debug,0,257042,516,10,5143791,True,"[422, 163, 16, 15]",16,lib/tests/core/gc-stress.zy,trim
selected,debug,0,264665,516,10,5084374,True,"[422, 163, 16, 15]",16,lib/tests/core/gc-stress.zy,direct
selected,debug,0,266584,516,10,5207043,True,"[422, 163, 16, 15]",16,lib/tests/core/gc-stress.zy,trim_direct
selected,debug,0,303042,516,10,6034876,True,"[422, 163, 16, 15]",17,lib/tests/core/gc-stress.zy,trim
selected,debug,0,270542,516,10,5345750,True,"[422, 163, 16, 15]",17,lib/tests/core/gc-stress.zy,direct
selected,debug,0,277542,516,10,5381958,True,"[422, 163, 16, 15]",17,lib/tests/core/gc-stress.zy,trim_direct
selected,debug,0,277457,516,10,5284335,True,"[422, 163, 16, 15]",17,lib/tests/core/gc-stress.zy,baseline
selected,debug,0,266668,516,10,5266083,True,"[422, 163, 16, 15]",18,lib/tests/core/gc-stress.zy,direct
selected,debug,0,273625,516,10,5170875,True,"[422, 163, 16, 15]",18,lib/tests/core/gc-stress.zy,trim_direct
selected,debug,0,259209,516,10,5120290,True,"[422, 163, 16, 15]",18,lib/tests/core/gc-stress.zy,baseline
selected,debug,0,271833,516,10,5425503,True,"[422, 163, 16, 15]",18,lib/tests/core/gc-stress.zy,trim
selected,debug,0,284750,516,10,5068708,True,"[422, 163, 16, 15]",19,lib/tests/core/gc-stress.zy,trim_direct
selected,debug,0,263541,516,10,5085832,True,"[422, 163, 16, 15]",19,lib/tests/core/gc-stress.zy,baseline
selected,debug,0,245042,516,10,5009374,True,"[422, 163, 16, 15]",19,lib/tests/core/gc-stress.zy,trim
selected,debug,0,263667,516,10,5155748,True,"[422, 163, 16, 15]",19,lib/tests/core/gc-stress.zy,direct
selected,debug,0,277584,516,10,5210377,True,"[422, 163, 16, 15]",20,lib/tests/core/gc-stress.zy,baseline
selected,debug,0,254958,516,10,5213956,True,"[422, 163, 16, 15]",20,lib/tests/core/gc-stress.zy,trim
selected,debug,0,258418,516,10,4996208,True,"[422, 163, 16, 15]",20,lib/tests/core/gc-stress.zy,direct
selected,debug,0,252627,516,10,4992249,True,"[422, 163, 16, 15]",20,lib/tests/core/gc-stress.zy,trim_direct
selected,debug,0,252582,516,10,5030709,True,"[422, 163, 16, 15]",21,lib/tests/core/gc-stress.zy,trim
selected,debug,0,248000,516,10,5088169,True,"[422, 163, 16, 15]",21,lib/tests/core/gc-stress.zy,direct
selected,debug,0,263625,516,10,4874166,True,"[422, 163, 16, 15]",21,lib/tests/core/gc-stress.zy,trim_direct
selected,debug,0,252333,516,10,5008540,True,"[422, 163, 16, 15]",21,lib/tests/core/gc-stress.zy,baseline
selected,debug,0,251875,516,10,5006166,True,"[422, 163, 16, 15]",22,lib/tests/core/gc-stress.zy,direct
selected,debug,0,264084,516,10,5202292,True,"[422, 163, 16, 15]",22,lib/tests/core/gc-stress.zy,trim_direct
selected,debug,0,252750,516,10,5121708,True,"[422, 163, 16, 15]",22,lib/tests/core/gc-stress.zy,baseline
selected,debug,0,252915,516,10,5057542,True,"[422, 163, 16, 15]",22,lib/tests/core/gc-stress.zy,trim
selected,debug,0,245791,516,10,4898249,True,"[422, 163, 16, 15]",23,lib/tests/core/gc-stress.zy,trim_direct
selected,debug,0,254833,516,10,5019293,True,"[422, 163, 16, 15]",23,lib/tests/core/gc-stress.zy,baseline
selected,debug,0,290166,516,10,5055834,True,"[422, 163, 16, 15]",23,lib/tests/core/gc-stress.zy,trim
selected,debug,0,239252,516,10,4748249,True,"[422, 163, 16, 15]",23,lib/tests/core/gc-stress.zy,direct
selected,debug,0,259334,516,10,4955208,True,"[422, 163, 16, 15]",24,lib/tests/core/gc-stress.zy,baseline
selected,debug,0,256792,516,10,4938754,True,"[422, 163, 16, 15]",24,lib/tests/core/gc-stress.zy,trim
selected,debug,0,274627,516,10,5298916,True,"[422, 163, 16, 15]",24,lib/tests/core/gc-stress.zy,direct
selected,debug,0,253205,516,10,5069125,True,"[422, 163, 16, 15]",24,lib/tests/core/gc-stress.zy,trim_direct
selected,debug,0,243582,516,10,5052625,True,"[422, 163, 16, 15]",25,lib/tests/core/gc-stress.zy,trim
selected,debug,0,263498,516,10,5017876,True,"[422, 163, 16, 15]",25,lib/tests/core/gc-stress.zy,direct
selected,debug,0,264582,516,10,5189374,True,"[422, 163, 16, 15]",25,lib/tests/core/gc-stress.zy,trim_direct
selected,debug,0,277168,516,10,5063375,True,"[422, 163, 16, 15]",25,lib/tests/core/gc-stress.zy,baseline
selected,debug,0,271834,516,10,5149960,True,"[422, 163, 16, 15]",26,lib/tests/core/gc-stress.zy,direct
selected,debug,0,282084,516,10,5143877,True,"[422, 163, 16, 15]",26,lib/tests/core/gc-stress.zy,trim_direct
selected,debug,0,259458,516,10,5124707,True,"[422, 163, 16, 15]",26,lib/tests/core/gc-stress.zy,baseline
selected,debug,0,265415,516,10,5137583,True,"[422, 163, 16, 15]",26,lib/tests/core/gc-stress.zy,trim
selected,debug,0,249292,516,10,4916753,True,"[422, 163, 16, 15]",27,lib/tests/core/gc-stress.zy,trim_direct
selected,debug,0,265959,516,10,5034375,True,"[422, 163, 16, 15]",27,lib/tests/core/gc-stress.zy,baseline
selected,debug,0,261417,516,10,5179874,True,"[422, 163, 16, 15]",27,lib/tests/core/gc-stress.zy,trim
selected,debug,0,254417,516,10,4856542,True,"[422, 163, 16, 15]",27,lib/tests/core/gc-stress.zy,direct
selected,debug,0,247749,516,10,5050419,True,"[422, 163, 16, 15]",28,lib/tests/core/gc-stress.zy,baseline
selected,debug,0,255082,516,10,5087332,True,"[422, 163, 16, 15]",28,lib/tests/core/gc-stress.zy,trim
selected,debug,0,250122,516,10,4942627,True,"[422, 163, 16, 15]",28,lib/tests/core/gc-stress.zy,direct
selected,debug,0,246541,516,10,4843417,True,"[422, 163, 16, 15]",28,lib/tests/core/gc-stress.zy,trim_direct
selected,debug,0,251584,516,10,4949791,True,"[422, 163, 16, 15]",29,lib/tests/core/gc-stress.zy,trim
selected,debug,0,273835,516,10,4995458,True,"[422, 163, 16, 15]",29,lib/tests/core/gc-stress.zy,direct
selected,debug,0,252457,516,10,4937750,True,"[422, 163, 16, 15]",29,lib/tests/core/gc-stress.zy,trim_direct
selected,debug,0,251585,516,10,5041874,True,"[422, 163, 16, 15]",29,lib/tests/core/gc-stress.zy,baseline
selected,debug,0,248959,516,10,4837167,True,"[422, 163, 16, 15]",30,lib/tests/core/gc-stress.zy,direct
selected,debug,0,258999,516,10,5036166,True,"[422, 163, 16, 15]",30,lib/tests/core/gc-stress.zy,trim_direct
selected,debug,0,253207,516,10,5152708,True,"[422, 163, 16, 15]",30,lib/tests/core/gc-stress.zy,baseline
selected,debug,0,253126,516,10,5079668,True,"[422, 163, 16, 15]",30,lib/tests/core/gc-stress.zy,trim
selected,debug,0,296750,516,10,5431042,True,"[422, 163, 16, 15]",31,lib/tests/core/gc-stress.zy,trim_direct
selected,debug,0,273917,516,10,5264790,True,"[422, 163, 16, 15]",31,lib/tests/core/gc-stress.zy,baseline
selected,debug,0,262250,516,10,5142376,True,"[422, 163, 16, 15]",31,lib/tests/core/gc-stress.zy,trim
selected,debug,0,261001,516,10,5144377,True,"[422, 163, 16, 15]",31,lib/tests/core/gc-stress.zy,direct
selected,debug,1,241335,343,13,4813335,False,"[276, 90, 14, 0]",0,lib/tests/core/fact.zy,baseline
selected,debug,1,220125,343,13,4740083,False,"[276, 90, 14, 0]",0,lib/tests/core/fact.zy,trim
selected,debug,1,221377,343,13,4689211,False,"[276, 90, 14, 0]",0,lib/tests/core/fact.zy,direct
selected,debug,1,264500,343,13,4810791,False,"[276, 90, 14, 0]",0,lib/tests/core/fact.zy,trim_direct
selected,debug,1,231708,343,13,4670959,False,"[276, 90, 14, 0]",1,lib/tests/core/fact.zy,trim
selected,debug,1,215918,343,13,4612415,False,"[276, 90, 14, 0]",1,lib/tests/core/fact.zy,direct
selected,debug,1,219378,343,13,4795875,False,"[276, 90, 14, 0]",1,lib/tests/core/fact.zy,trim_direct
selected,debug,1,219668,343,13,4690291,False,"[276, 90, 14, 0]",1,lib/tests/core/fact.zy,baseline
selected,debug,1,218581,343,13,4659584,False,"[276, 90, 14, 0]",2,lib/tests/core/fact.zy,direct
selected,debug,1,218376,343,13,4495377,False,"[276, 90, 14, 0]",2,lib/tests/core/fact.zy,trim_direct
selected,debug,1,217539,343,13,4507126,False,"[276, 90, 14, 0]",2,lib/tests/core/fact.zy,baseline
selected,debug,1,221710,343,13,4701582,False,"[276, 90, 14, 0]",2,lib/tests/core/fact.zy,trim
selected,debug,1,211583,343,13,4635000,False,"[276, 90, 14, 0]",3,lib/tests/core/fact.zy,trim_direct
selected,debug,1,212957,343,13,4494207,False,"[276, 90, 14, 0]",3,lib/tests/core/fact.zy,baseline
selected,debug,1,234794,343,13,4528249,False,"[276, 90, 14, 0]",3,lib/tests/core/fact.zy,trim
selected,debug,1,227746,343,13,4765666,False,"[276, 90, 14, 0]",3,lib/tests/core/fact.zy,direct
selected,debug,1,218042,343,13,4660585,False,"[276, 90, 14, 0]",4,lib/tests/core/fact.zy,baseline
selected,debug,1,229211,343,13,4730832,False,"[276, 90, 14, 0]",4,lib/tests/core/fact.zy,trim
selected,debug,1,213623,343,13,4489372,False,"[276, 90, 14, 0]",4,lib/tests/core/fact.zy,direct
selected,debug,1,208708,343,13,4460000,False,"[276, 90, 14, 0]",4,lib/tests/core/fact.zy,trim_direct
selected,debug,1,219250,343,13,4777543,False,"[276, 90, 14, 0]",5,lib/tests/core/fact.zy,trim
selected,debug,1,217459,343,13,4451875,False,"[276, 90, 14, 0]",5,lib/tests/core/fact.zy,direct
selected,debug,1,211542,343,13,4553750,False,"[276, 90, 14, 0]",5,lib/tests/core/fact.zy,trim_direct
selected,debug,1,233706,343,13,4635752,False,"[276, 90, 14, 0]",5,lib/tests/core/fact.zy,baseline
selected,debug,1,214002,343,13,4476455,False,"[276, 90, 14, 0]",6,lib/tests/core/fact.zy,direct
selected,debug,1,221543,343,13,4551251,False,"[276, 90, 14, 0]",6,lib/tests/core/fact.zy,trim_direct
selected,debug,1,222126,343,13,4590958,False,"[276, 90, 14, 0]",6,lib/tests/core/fact.zy,baseline
selected,debug,1,210543,343,13,4506542,False,"[276, 90, 14, 0]",6,lib/tests/core/fact.zy,trim
selected,debug,1,214125,343,13,4426126,False,"[276, 90, 14, 0]",7,lib/tests/core/fact.zy,trim_direct
selected,debug,1,208165,343,13,4462085,False,"[276, 90, 14, 0]",7,lib/tests/core/fact.zy,baseline
selected,debug,1,208667,343,13,4452792,False,"[276, 90, 14, 0]",7,lib/tests/core/fact.zy,trim
selected,debug,1,215626,343,13,4494625,False,"[276, 90, 14, 0]",7,lib/tests/core/fact.zy,direct
selected,debug,1,215747,343,13,4494915,False,"[276, 90, 14, 0]",8,lib/tests/core/fact.zy,baseline
selected,debug,1,214751,343,13,4569581,False,"[276, 90, 14, 0]",8,lib/tests/core/fact.zy,trim
selected,debug,1,221583,343,13,4299834,False,"[276, 90, 14, 0]",8,lib/tests/core/fact.zy,direct
selected,debug,1,213709,343,13,4481583,False,"[276, 90, 14, 0]",8,lib/tests/core/fact.zy,trim_direct
selected,debug,1,202917,343,13,4447748,False,"[276, 90, 14, 0]",9,lib/tests/core/fact.zy,trim
selected,debug,1,201542,343,13,4387583,False,"[276, 90, 14, 0]",9,lib/tests/core/fact.zy,direct
selected,debug,1,208831,343,13,4411916,False,"[276, 90, 14, 0]",9,lib/tests/core/fact.zy,trim_direct
selected,debug,1,210000,343,13,4446875,False,"[276, 90, 14, 0]",9,lib/tests/core/fact.zy,baseline
selected,debug,1,204541,343,13,4390791,False,"[276, 90, 14, 0]",10,lib/tests/core/fact.zy,direct
selected,debug,1,210833,343,13,4517253,False,"[276, 90, 14, 0]",10,lib/tests/core/fact.zy,trim_direct
selected,debug,1,200459,343,13,4375124,False,"[276, 90, 14, 0]",10,lib/tests/core/fact.zy,baseline
selected,debug,1,218623,343,13,4525043,False,"[276, 90, 14, 0]",10,lib/tests/core/fact.zy,trim
selected,debug,1,208581,343,13,4473209,False,"[276, 90, 14, 0]",11,lib/tests/core/fact.zy,trim_direct
selected,debug,1,200502,343,13,4381332,False,"[276, 90, 14, 0]",11,lib/tests/core/fact.zy,baseline
selected,debug,1,208751,343,13,4501960,False,"[276, 90, 14, 0]",11,lib/tests/core/fact.zy,trim
selected,debug,1,210249,343,13,4458248,False,"[276, 90, 14, 0]",11,lib/tests/core/fact.zy,direct
selected,debug,1,208791,343,13,4492375,False,"[276, 90, 14, 0]",12,lib/tests/core/fact.zy,baseline
selected,debug,1,212125,343,13,4597293,False,"[276, 90, 14, 0]",12,lib/tests/core/fact.zy,trim
selected,debug,1,202706,343,13,4347124,False,"[276, 90, 14, 0]",12,lib/tests/core/fact.zy,direct
selected,debug,1,227413,343,13,4759291,False,"[276, 90, 14, 0]",12,lib/tests/core/fact.zy,trim_direct
selected,debug,1,226252,343,13,4691707,False,"[276, 90, 14, 0]",13,lib/tests/core/fact.zy,trim
selected,debug,1,234626,343,13,4461042,False,"[276, 90, 14, 0]",13,lib/tests/core/fact.zy,direct
selected,debug,1,217501,343,13,4561584,False,"[276, 90, 14, 0]",13,lib/tests/core/fact.zy,trim_direct
selected,debug,1,209167,343,13,4579958,False,"[276, 90, 14, 0]",13,lib/tests/core/fact.zy,baseline
selected,debug,1,208209,343,13,4450959,False,"[276, 90, 14, 0]",14,lib/tests/core/fact.zy,direct
selected,debug,1,232914,343,13,4589625,False,"[276, 90, 14, 0]",14,lib/tests/core/fact.zy,trim_direct
selected,debug,1,225085,343,13,4694375,False,"[276, 90, 14, 0]",14,lib/tests/core/fact.zy,baseline
selected,debug,1,219793,343,13,4661293,False,"[276, 90, 14, 0]",14,lib/tests/core/fact.zy,trim
selected,debug,1,210668,343,13,4570834,False,"[276, 90, 14, 0]",15,lib/tests/core/fact.zy,trim_direct
selected,debug,1,206835,343,13,4448705,False,"[276, 90, 14, 0]",15,lib/tests/core/fact.zy,baseline
selected,debug,1,209084,343,13,4594498,False,"[276, 90, 14, 0]",15,lib/tests/core/fact.zy,trim
selected,debug,1,207916,343,13,4515001,False,"[276, 90, 14, 0]",15,lib/tests/core/fact.zy,direct
selected,debug,1,198791,343,13,4315500,False,"[276, 90, 14, 0]",16,lib/tests/core/fact.zy,baseline
selected,debug,1,206667,343,13,4497416,False,"[276, 90, 14, 0]",16,lib/tests/core/fact.zy,trim
selected,debug,1,204000,343,13,4486625,False,"[276, 90, 14, 0]",16,lib/tests/core/fact.zy,direct
selected,debug,1,216583,343,13,4472957,False,"[276, 90, 14, 0]",16,lib/tests/core/fact.zy,trim_direct
selected,debug,1,212874,343,13,4550751,False,"[276, 90, 14, 0]",17,lib/tests/core/fact.zy,trim
selected,debug,1,214415,343,13,4400917,False,"[276, 90, 14, 0]",17,lib/tests/core/fact.zy,direct
selected,debug,1,203791,343,13,4442499,False,"[276, 90, 14, 0]",17,lib/tests/core/fact.zy,trim_direct
selected,debug,1,203791,343,13,4508667,False,"[276, 90, 14, 0]",17,lib/tests/core/fact.zy,baseline
selected,debug,1,201496,343,13,4310833,False,"[276, 90, 14, 0]",18,lib/tests/core/fact.zy,direct
selected,debug,1,204751,343,13,4413666,False,"[276, 90, 14, 0]",18,lib/tests/core/fact.zy,trim_direct
selected,debug,1,204420,343,13,4472166,False,"[276, 90, 14, 0]",18,lib/tests/core/fact.zy,baseline
selected,debug,1,213582,343,13,4617750,False,"[276, 90, 14, 0]",18,lib/tests/core/fact.zy,trim
selected,debug,1,206252,343,13,4384793,False,"[276, 90, 14, 0]",19,lib/tests/core/fact.zy,trim_direct
selected,debug,1,212418,343,13,4446543,False,"[276, 90, 14, 0]",19,lib/tests/core/fact.zy,baseline
selected,debug,1,218334,343,13,4588166,False,"[276, 90, 14, 0]",19,lib/tests/core/fact.zy,trim
selected,debug,1,207671,343,13,4346999,False,"[276, 90, 14, 0]",19,lib/tests/core/fact.zy,direct
selected,debug,1,200207,343,13,4391873,False,"[276, 90, 14, 0]",20,lib/tests/core/fact.zy,baseline
selected,debug,1,203458,343,13,4506084,False,"[276, 90, 14, 0]",20,lib/tests/core/fact.zy,trim
selected,debug,1,206541,343,13,4452208,False,"[276, 90, 14, 0]",20,lib/tests/core/fact.zy,direct
selected,debug,1,215750,343,13,4711247,False,"[276, 90, 14, 0]",20,lib/tests/core/fact.zy,trim_direct
selected,debug,1,219709,343,13,4726750,False,"[276, 90, 14, 0]",21,lib/tests/core/fact.zy,trim
selected,debug,1,215250,343,13,4530165,False,"[276, 90, 14, 0]",21,lib/tests/core/fact.zy,direct
selected,debug,1,227669,343,13,4682086,False,"[276, 90, 14, 0]",21,lib/tests/core/fact.zy,trim_direct
selected,debug,1,212707,343,13,4507083,False,"[276, 90, 14, 0]",21,lib/tests/core/fact.zy,baseline
selected,debug,1,221793,343,13,4520416,False,"[276, 90, 14, 0]",22,lib/tests/core/fact.zy,direct
selected,debug,1,206833,343,13,4640920,False,"[276, 90, 14, 0]",22,lib/tests/core/fact.zy,trim_direct
selected,debug,1,212460,343,13,4548749,False,"[276, 90, 14, 0]",22,lib/tests/core/fact.zy,baseline
selected,debug,1,215876,343,13,4600459,False,"[276, 90, 14, 0]",22,lib/tests/core/fact.zy,trim
selected,debug,1,213294,343,13,4613543,False,"[276, 90, 14, 0]",23,lib/tests/core/fact.zy,trim_direct
selected,debug,1,205961,343,13,4510626,False,"[276, 90, 14, 0]",23,lib/tests/core/fact.zy,baseline
selected,debug,1,222790,343,13,4621833,False,"[276, 90, 14, 0]",23,lib/tests/core/fact.zy,trim
selected,debug,1,198250,343,13,4348623,False,"[276, 90, 14, 0]",23,lib/tests/core/fact.zy,direct
selected,debug,1,207875,343,13,4477126,False,"[276, 90, 14, 0]",24,lib/tests/core/fact.zy,baseline
selected,debug,1,218791,343,13,4600414,False,"[276, 90, 14, 0]",24,lib/tests/core/fact.zy,trim
selected,debug,1,212416,343,13,4521917,False,"[276, 90, 14, 0]",24,lib/tests/core/fact.zy,direct
selected,debug,1,208334,343,13,4658998,False,"[276, 90, 14, 0]",24,lib/tests/core/fact.zy,trim_direct
selected,debug,1,234876,343,13,4809374,False,"[276, 90, 14, 0]",25,lib/tests/core/fact.zy,trim
selected,debug,1,227250,343,13,4626875,False,"[276, 90, 14, 0]",25,lib/tests/core/fact.zy,direct
selected,debug,1,226541,343,13,4759830,False,"[276, 90, 14, 0]",25,lib/tests/core/fact.zy,trim_direct
selected,debug,1,214833,343,13,4787501,False,"[276, 90, 14, 0]",25,lib/tests/core/fact.zy,baseline
selected,debug,1,229958,343,13,4924585,False,"[276, 90, 14, 0]",26,lib/tests/core/fact.zy,direct
selected,debug,1,203751,343,13,4505916,False,"[276, 90, 14, 0]",26,lib/tests/core/fact.zy,trim_direct
selected,debug,1,217670,343,13,4605627,False,"[276, 90, 14, 0]",26,lib/tests/core/fact.zy,baseline
selected,debug,1,213873,343,13,4536335,False,"[276, 90, 14, 0]",26,lib/tests/core/fact.zy,trim
selected,debug,1,229627,343,13,4562999,False,"[276, 90, 14, 0]",27,lib/tests/core/fact.zy,trim_direct
selected,debug,1,220582,343,13,4619331,False,"[276, 90, 14, 0]",27,lib/tests/core/fact.zy,baseline
selected,debug,1,211877,343,13,4594542,False,"[276, 90, 14, 0]",27,lib/tests/core/fact.zy,trim
selected,debug,1,224918,343,13,4928793,False,"[276, 90, 14, 0]",27,lib/tests/core/fact.zy,direct
selected,debug,1,223126,343,13,4883792,False,"[276, 90, 14, 0]",28,lib/tests/core/fact.zy,baseline
selected,debug,1,217876,343,13,4577751,False,"[276, 90, 14, 0]",28,lib/tests/core/fact.zy,trim
selected,debug,1,216791,343,13,4416626,False,"[276, 90, 14, 0]",28,lib/tests/core/fact.zy,direct
selected,debug,1,213125,343,13,4449542,False,"[276, 90, 14, 0]",28,lib/tests/core/fact.zy,trim_direct
selected,debug,1,213544,343,13,4587043,False,"[276, 90, 14, 0]",29,lib/tests/core/fact.zy,trim
selected,debug,1,214333,343,13,4794125,False,"[276, 90, 14, 0]",29,lib/tests/core/fact.zy,direct
selected,debug,1,229208,343,13,4556749,False,"[276, 90, 14, 0]",29,lib/tests/core/fact.zy,trim_direct
selected,debug,1,209168,343,13,4648999,False,"[276, 90, 14, 0]",29,lib/tests/core/fact.zy,baseline
selected,debug,1,221626,343,13,4473583,False,"[276, 90, 14, 0]",30,lib/tests/core/fact.zy,direct
selected,debug,1,209957,343,13,4514250,False,"[276, 90, 14, 0]",30,lib/tests/core/fact.zy,trim_direct
selected,debug,1,208958,343,13,4397082,False,"[276, 90, 14, 0]",30,lib/tests/core/fact.zy,baseline
selected,debug,1,214752,343,13,4600292,False,"[276, 90, 14, 0]",30,lib/tests/core/fact.zy,trim
selected,debug,1,210210,343,13,4466708,False,"[276, 90, 14, 0]",31,lib/tests/core/fact.zy,trim_direct
selected,debug,1,221542,343,13,4428709,False,"[276, 90, 14, 0]",31,lib/tests/core/fact.zy,baseline
selected,debug,1,208791,343,13,4561625,False,"[276, 90, 14, 0]",31,lib/tests/core/fact.zy,trim
selected,debug,1,206040,343,13,4338458,False,"[276, 90, 14, 0]",31,lib/tests/core/fact.zy,direct
selected,debug,1,230249,343,14,4802083,True,"[265, 89, 14, 13]",0,lib/tests/core/fact.zy,baseline
selected,debug,1,242166,343,14,4761834,True,"[265, 89, 14, 13]",0,lib/tests/core/fact.zy,trim
selected,debug,1,240749,343,14,4644794,True,"[265, 89, 14, 13]",0,lib/tests/core/fact.zy,direct
selected,debug,1,234957,343,14,4685459,True,"[265, 89, 14, 13]",0,lib/tests/core/fact.zy,trim_direct
selected,debug,1,247583,343,14,4892208,True,"[265, 89, 14, 13]",1,lib/tests/core/fact.zy,trim
selected,debug,1,238583,343,14,4789458,True,"[265, 89, 14, 13]",1,lib/tests/core/fact.zy,direct
selected,debug,1,237790,343,14,4754336,True,"[265, 89, 14, 13]",1,lib/tests/core/fact.zy,trim_direct
selected,debug,1,240167,343,14,4839166,True,"[265, 89, 14, 13]",1,lib/tests/core/fact.zy,baseline
selected,debug,1,236082,343,14,4727165,True,"[265, 89, 14, 13]",2,lib/tests/core/fact.zy,direct
selected,debug,1,228875,343,14,4680125,True,"[265, 89, 14, 13]",2,lib/tests/core/fact.zy,trim_direct
selected,debug,1,238252,343,14,4749830,True,"[265, 89, 14, 13]",2,lib/tests/core/fact.zy,baseline
selected,debug,1,232667,343,14,4868377,True,"[265, 89, 14, 13]",2,lib/tests/core/fact.zy,trim
selected,debug,1,244374,343,14,4885502,True,"[265, 89, 14, 13]",3,lib/tests/core/fact.zy,trim_direct
selected,debug,1,242333,343,14,4878042,True,"[265, 89, 14, 13]",3,lib/tests/core/fact.zy,baseline
selected,debug,1,234292,343,14,4812792,True,"[265, 89, 14, 13]",3,lib/tests/core/fact.zy,trim
selected,debug,1,229083,343,14,4800292,True,"[265, 89, 14, 13]",3,lib/tests/core/fact.zy,direct
selected,debug,1,235039,343,14,4930418,True,"[265, 89, 14, 13]",4,lib/tests/core/fact.zy,baseline
selected,debug,1,232334,343,14,4751791,True,"[265, 89, 14, 13]",4,lib/tests/core/fact.zy,trim
selected,debug,1,232000,343,14,4631001,True,"[265, 89, 14, 13]",4,lib/tests/core/fact.zy,direct
selected,debug,1,229334,343,14,4710878,True,"[265, 89, 14, 13]",4,lib/tests/core/fact.zy,trim_direct
selected,debug,1,251544,343,14,4822500,True,"[265, 89, 14, 13]",5,lib/tests/core/fact.zy,trim
selected,debug,1,232835,343,14,4625872,True,"[265, 89, 14, 13]",5,lib/tests/core/fact.zy,direct
selected,debug,1,220666,343,14,4622541,True,"[265, 89, 14, 13]",5,lib/tests/core/fact.zy,trim_direct
selected,debug,1,228164,343,14,4750626,True,"[265, 89, 14, 13]",5,lib/tests/core/fact.zy,baseline
selected,debug,1,230793,343,14,4690206,True,"[265, 89, 14, 13]",6,lib/tests/core/fact.zy,direct
selected,debug,1,228625,343,14,4729542,True,"[265, 89, 14, 13]",6,lib/tests/core/fact.zy,trim_direct
selected,debug,1,225293,343,14,4611916,True,"[265, 89, 14, 13]",6,lib/tests/core/fact.zy,baseline
selected,debug,1,228417,343,14,4748459,True,"[265, 89, 14, 13]",6,lib/tests/core/fact.zy,trim
selected,debug,1,229752,343,14,4661501,True,"[265, 89, 14, 13]",7,lib/tests/core/fact.zy,trim_direct
selected,debug,1,226208,343,14,4766000,True,"[265, 89, 14, 13]",7,lib/tests/core/fact.zy,baseline
selected,debug,1,226041,343,14,4767375,True,"[265, 89, 14, 13]",7,lib/tests/core/fact.zy,trim
selected,debug,1,226499,343,14,4635956,True,"[265, 89, 14, 13]",7,lib/tests/core/fact.zy,direct
selected,debug,1,241877,343,14,4760334,True,"[265, 89, 14, 13]",8,lib/tests/core/fact.zy,baseline
selected,debug,1,222750,343,14,4691249,True,"[265, 89, 14, 13]",8,lib/tests/core/fact.zy,trim
selected,debug,1,227042,343,14,4676834,True,"[265, 89, 14, 13]",8,lib/tests/core/fact.zy,direct
selected,debug,1,242582,343,14,4858502,True,"[265, 89, 14, 13]",8,lib/tests/core/fact.zy,trim_direct
selected,debug,1,281125,343,14,5109792,True,"[265, 89, 14, 13]",9,lib/tests/core/fact.zy,trim
selected,debug,1,238752,343,14,4668542,True,"[265, 89, 14, 13]",9,lib/tests/core/fact.zy,direct
selected,debug,1,301835,343,14,4690541,True,"[265, 89, 14, 13]",9,lib/tests/core/fact.zy,trim_direct
selected,debug,1,226211,343,14,4820915,True,"[265, 89, 14, 13]",9,lib/tests/core/fact.zy,baseline
selected,debug,1,229959,343,14,4662957,True,"[265, 89, 14, 13]",10,lib/tests/core/fact.zy,direct
selected,debug,1,234539,343,14,4740374,True,"[265, 89, 14, 13]",10,lib/tests/core/fact.zy,trim_direct
selected,debug,1,236708,343,14,4948416,True,"[265, 89, 14, 13]",10,lib/tests/core/fact.zy,baseline
selected,debug,1,277873,343,14,4969044,True,"[265, 89, 14, 13]",10,lib/tests/core/fact.zy,trim
selected,debug,1,230249,343,14,4687626,True,"[265, 89, 14, 13]",11,lib/tests/core/fact.zy,trim_direct
selected,debug,1,233376,343,14,4606418,True,"[265, 89, 14, 13]",11,lib/tests/core/fact.zy,baseline
selected,debug,1,231459,343,14,4738459,True,"[265, 89, 14, 13]",11,lib/tests/core/fact.zy,trim
selected,debug,1,247375,343,14,4747211,True,"[265, 89, 14, 13]",11,lib/tests/core/fact.zy,direct
selected,debug,1,225999,343,14,4752415,True,"[265, 89, 14, 13]",12,lib/tests/core/fact.zy,baseline
selected,debug,1,228628,343,14,4844211,True,"[265, 89, 14, 13]",12,lib/tests/core/fact.zy,trim
selected,debug,1,222627,343,14,4576705,True,"[265, 89, 14, 13]",12,lib/tests/core/fact.zy,direct
selected,debug,1,232998,343,14,4663997,True,"[265, 89, 14, 13]",12,lib/tests/core/fact.zy,trim_direct
selected,debug,1,230291,343,14,4727793,True,"[265, 89, 14, 13]",13,lib/tests/core/fact.zy,trim
selected,debug,1,230252,343,14,4722337,True,"[265, 89, 14, 13]",13,lib/tests/core/fact.zy,direct
selected,debug,1,232000,343,14,4623249,True,"[265, 89, 14, 13]",13,lib/tests/core/fact.zy,trim_direct
selected,debug,1,234125,343,14,4620583,True,"[265, 89, 14, 13]",13,lib/tests/core/fact.zy,baseline
selected,debug,1,234333,343,14,4720376,True,"[265, 89, 14, 13]",14,lib/tests/core/fact.zy,direct
selected,debug,1,239918,343,14,4743419,True,"[265, 89, 14, 13]",14,lib/tests/core/fact.zy,trim_direct
selected,debug,1,231376,343,14,4757499,True,"[265, 89, 14, 13]",14,lib/tests/core/fact.zy,baseline
selected,debug,1,223750,343,14,4781626,True,"[265, 89, 14, 13]",14,lib/tests/core/fact.zy,trim
selected,debug,1,224792,343,14,4636377,True,"[265, 89, 14, 13]",15,lib/tests/core/fact.zy,trim_direct
selected,debug,1,221667,343,14,4712498,True,"[265, 89, 14, 13]",15,lib/tests/core/fact.zy,baseline
selected,debug,1,223332,343,14,4818666,True,"[265, 89, 14, 13]",15,lib/tests/core/fact.zy,trim
selected,debug,1,214542,343,14,4577372,True,"[265, 89, 14, 13]",15,lib/tests/core/fact.zy,direct
selected,debug,1,232209,343,14,4785210,True,"[265, 89, 14, 13]",16,lib/tests/core/fact.zy,baseline
selected,debug,1,260584,343,14,5032294,True,"[265, 89, 14, 13]",16,lib/tests/core/fact.zy,trim
selected,debug,1,235709,343,14,4670791,True,"[265, 89, 14, 13]",16,lib/tests/core/fact.zy,direct
selected,debug,1,228207,343,14,4744959,True,"[265, 89, 14, 13]",16,lib/tests/core/fact.zy,trim_direct
selected,debug,1,231128,343,14,4788751,True,"[265, 89, 14, 13]",17,lib/tests/core/fact.zy,trim
selected,debug,1,230581,343,14,4693333,True,"[265, 89, 14, 13]",17,lib/tests/core/fact.zy,direct
selected,debug,1,238291,343,14,5013378,True,"[265, 89, 14, 13]",17,lib/tests/core/fact.zy,trim_direct
selected,debug,1,231583,343,14,5060124,True,"[265, 89, 14, 13]",17,lib/tests/core/fact.zy,baseline
selected,debug,1,228375,343,14,4664252,True,"[265, 89, 14, 13]",18,lib/tests/core/fact.zy,direct
selected,debug,1,226375,343,14,4788332,True,"[265, 89, 14, 13]",18,lib/tests/core/fact.zy,trim_direct
selected,debug,1,231123,343,14,4694292,True,"[265, 89, 14, 13]",18,lib/tests/core/fact.zy,baseline
selected,debug,1,226582,343,14,4827377,True,"[265, 89, 14, 13]",18,lib/tests/core/fact.zy,trim
selected,debug,1,222666,343,14,4738000,True,"[265, 89, 14, 13]",19,lib/tests/core/fact.zy,trim_direct
selected,debug,1,225706,343,14,4868458,True,"[265, 89, 14, 13]",19,lib/tests/core/fact.zy,baseline
selected,debug,1,229001,343,14,4859459,True,"[265, 89, 14, 13]",19,lib/tests/core/fact.zy,trim
selected,debug,1,225000,343,14,4610917,True,"[265, 89, 14, 13]",19,lib/tests/core/fact.zy,direct
selected,debug,1,226625,343,14,4786458,True,"[265, 89, 14, 13]",20,lib/tests/core/fact.zy,baseline
selected,debug,1,241750,343,14,4877289,True,"[265, 89, 14, 13]",20,lib/tests/core/fact.zy,trim
selected,debug,1,225916,343,14,4600582,True,"[265, 89, 14, 13]",20,lib/tests/core/fact.zy,direct
selected,debug,1,234956,343,14,4793044,True,"[265, 89, 14, 13]",20,lib/tests/core/fact.zy,trim_direct
selected,debug,1,241374,343,14,4896167,True,"[265, 89, 14, 13]",21,lib/tests/core/fact.zy,trim
selected,debug,1,231296,343,14,4618666,True,"[265, 89, 14, 13]",21,lib/tests/core/fact.zy,direct
selected,debug,1,228042,343,14,4742835,True,"[265, 89, 14, 13]",21,lib/tests/core/fact.zy,trim_direct
selected,debug,1,224960,343,14,4767084,True,"[265, 89, 14, 13]",21,lib/tests/core/fact.zy,baseline
selected,debug,1,235333,343,14,4759165,True,"[265, 89, 14, 13]",22,lib/tests/core/fact.zy,direct
selected,debug,1,222543,343,14,4658335,True,"[265, 89, 14, 13]",22,lib/tests/core/fact.zy,trim_direct
selected,debug,1,225043,343,14,4762666,True,"[265, 89, 14, 13]",22,lib/tests/core/fact.zy,baseline
selected,debug,1,228666,343,14,4776666,True,"[265, 89, 14, 13]",22,lib/tests/core/fact.zy,trim
selected,debug,1,233374,343,14,4760001,True,"[265, 89, 14, 13]",23,lib/tests/core/fact.zy,trim_direct
selected,debug,1,224667,343,14,4623710,True,"[265, 89, 14, 13]",23,lib/tests/core/fact.zy,baseline
selected,debug,1,238499,343,14,4939207,True,"[265, 89, 14, 13]",23,lib/tests/core/fact.zy,trim
selected,debug,1,246333,343,14,4908874,True,"[265, 89, 14, 13]",23,lib/tests/core/fact.zy,direct
selected,debug,1,226915,343,14,4691334,True,"[265, 89, 14, 13]",24,lib/tests/core/fact.zy,baseline
selected,debug,1,226916,343,14,4837375,True,"[265, 89, 14, 13]",24,lib/tests/core/fact.zy,trim
selected,debug,1,233999,343,14,4799707,True,"[265, 89, 14, 13]",24,lib/tests/core/fact.zy,direct
selected,debug,1,258709,343,14,4624206,True,"[265, 89, 14, 13]",24,lib/tests/core/fact.zy,trim_direct
selected,debug,1,230709,343,14,4944251,True,"[265, 89, 14, 13]",25,lib/tests/core/fact.zy,trim
selected,debug,1,240166,343,14,4791792,True,"[265, 89, 14, 13]",25,lib/tests/core/fact.zy,direct
selected,debug,1,240666,343,14,4860625,True,"[265, 89, 14, 13]",25,lib/tests/core/fact.zy,trim_direct
selected,debug,1,246710,343,14,4888458,True,"[265, 89, 14, 13]",25,lib/tests/core/fact.zy,baseline
selected,debug,1,241331,343,14,4986000,True,"[265, 89, 14, 13]",26,lib/tests/core/fact.zy,direct
selected,debug,1,236001,343,14,4748625,True,"[265, 89, 14, 13]",26,lib/tests/core/fact.zy,trim_direct
selected,debug,1,254498,343,14,4747458,True,"[265, 89, 14, 13]",26,lib/tests/core/fact.zy,baseline
selected,debug,1,236002,343,14,4714166,True,"[265, 89, 14, 13]",26,lib/tests/core/fact.zy,trim
selected,debug,1,225709,343,14,4675625,True,"[265, 89, 14, 13]",27,lib/tests/core/fact.zy,trim_direct
selected,debug,1,222916,343,14,4715789,True,"[265, 89, 14, 13]",27,lib/tests/core/fact.zy,baseline
selected,debug,1,234168,343,14,4708044,True,"[265, 89, 14, 13]",27,lib/tests/core/fact.zy,trim
selected,debug,1,232666,343,14,4747627,True,"[265, 89, 14, 13]",27,lib/tests/core/fact.zy,direct
selected,debug,1,229419,343,14,4725667,True,"[265, 89, 14, 13]",28,lib/tests/core/fact.zy,baseline
selected,debug,1,226457,343,14,4756167,True,"[265, 89, 14, 13]",28,lib/tests/core/fact.zy,trim
selected,debug,1,234542,343,14,4693332,True,"[265, 89, 14, 13]",28,lib/tests/core/fact.zy,direct
selected,debug,1,239874,343,14,4647834,True,"[265, 89, 14, 13]",28,lib/tests/core/fact.zy,trim_direct
selected,debug,1,234375,343,14,4686626,True,"[265, 89, 14, 13]",29,lib/tests/core/fact.zy,trim
selected,debug,1,227876,343,14,4707086,True,"[265, 89, 14, 13]",29,lib/tests/core/fact.zy,direct
selected,debug,1,233416,343,14,4788459,True,"[265, 89, 14, 13]",29,lib/tests/core/fact.zy,trim_direct
selected,debug,1,234084,343,14,4764084,True,"[265, 89, 14, 13]",29,lib/tests/core/fact.zy,baseline
selected,debug,1,241039,343,14,4834833,True,"[265, 89, 14, 13]",30,lib/tests/core/fact.zy,direct
selected,debug,1,316836,343,14,4655292,True,"[265, 89, 14, 13]",30,lib/tests/core/fact.zy,trim_direct
selected,debug,1,233877,343,14,4899581,True,"[265, 89, 14, 13]",30,lib/tests/core/fact.zy,baseline
selected,debug,1,246041,343,14,4857000,True,"[265, 89, 14, 13]",30,lib/tests/core/fact.zy,trim
selected,debug,1,242917,343,14,5022790,True,"[265, 89, 14, 13]",31,lib/tests/core/fact.zy,trim_direct
selected,debug,1,235875,343,14,4810583,True,"[265, 89, 14, 13]",31,lib/tests/core/fact.zy,baseline
selected,debug,1,236333,343,14,5137542,True,"[265, 89, 14, 13]",31,lib/tests/core/fact.zy,trim
selected,debug,1,224126,343,14,4601462,True,"[265, 89, 14, 13]",31,lib/tests/core/fact.zy,direct
selected,debug,1,242620,4,1024,1622526,False,"[2, 0, 0, 0]",0,lib/tests/core/pattern-alias.zy,baseline
selected,debug,1,249823,4,1024,1666010,False,"[2, 0, 0, 0]",0,lib/tests/core/pattern-alias.zy,trim
selected,debug,1,226928,4,1024,1539136,False,"[2, 0, 0, 0]",0,lib/tests/core/pattern-alias.zy,direct
selected,debug,1,236277,4,1024,1620001,False,"[2, 0, 0, 0]",0,lib/tests/core/pattern-alias.zy,trim_direct
selected,debug,1,241393,4,1024,1644239,False,"[2, 0, 0, 0]",1,lib/tests/core/pattern-alias.zy,trim
selected,debug,1,227029,4,1024,1515754,False,"[2, 0, 0, 0]",1,lib/tests/core/pattern-alias.zy,direct
selected,debug,1,246338,4,1024,1621438,False,"[2, 0, 0, 0]",1,lib/tests/core/pattern-alias.zy,trim_direct
selected,debug,1,239034,4,1024,1622357,False,"[2, 0, 0, 0]",1,lib/tests/core/pattern-alias.zy,baseline
selected,debug,1,236749,4,1024,1582707,False,"[2, 0, 0, 0]",2,lib/tests/core/pattern-alias.zy,direct
selected,debug,1,237888,4,1024,1629944,False,"[2, 0, 0, 0]",2,lib/tests/core/pattern-alias.zy,trim_direct
selected,debug,1,232088,4,1024,1569254,False,"[2, 0, 0, 0]",2,lib/tests/core/pattern-alias.zy,baseline
selected,debug,1,234969,4,1024,1591836,False,"[2, 0, 0, 0]",2,lib/tests/core/pattern-alias.zy,trim
selected,debug,1,235072,4,1024,1593332,False,"[2, 0, 0, 0]",3,lib/tests/core/pattern-alias.zy,trim_direct
selected,debug,1,244533,4,1024,1633746,False,"[2, 0, 0, 0]",3,lib/tests/core/pattern-alias.zy,baseline
selected,debug,1,239045,4,1024,1651118,False,"[2, 0, 0, 0]",3,lib/tests/core/pattern-alias.zy,trim
selected,debug,1,241493,4,1024,1541288,False,"[2, 0, 0, 0]",3,lib/tests/core/pattern-alias.zy,direct
selected,debug,1,237058,4,1024,1619863,False,"[2, 0, 0, 0]",4,lib/tests/core/pattern-alias.zy,baseline
selected,debug,1,237464,4,1024,1635893,False,"[2, 0, 0, 0]",4,lib/tests/core/pattern-alias.zy,trim
selected,debug,1,228557,4,1024,1511346,False,"[2, 0, 0, 0]",4,lib/tests/core/pattern-alias.zy,direct
selected,debug,1,243411,4,1024,1591832,False,"[2, 0, 0, 0]",4,lib/tests/core/pattern-alias.zy,trim_direct
selected,debug,1,247478,4,1024,1661132,False,"[2, 0, 0, 0]",5,lib/tests/core/pattern-alias.zy,trim
selected,debug,1,233752,4,1024,1556671,False,"[2, 0, 0, 0]",5,lib/tests/core/pattern-alias.zy,direct
selected,debug,1,255278,4,1024,1636474,False,"[2, 0, 0, 0]",5,lib/tests/core/pattern-alias.zy,trim_direct
selected,debug,1,233789,4,1024,1616262,False,"[2, 0, 0, 0]",5,lib/tests/core/pattern-alias.zy,baseline
selected,debug,1,231755,4,1024,1558366,False,"[2, 0, 0, 0]",6,lib/tests/core/pattern-alias.zy,direct
selected,debug,1,239575,4,1024,1606363,False,"[2, 0, 0, 0]",6,lib/tests/core/pattern-alias.zy,trim_direct
selected,debug,1,240863,4,1024,1623081,False,"[2, 0, 0, 0]",6,lib/tests/core/pattern-alias.zy,baseline
selected,debug,1,251710,4,1024,1611202,False,"[2, 0, 0, 0]",6,lib/tests/core/pattern-alias.zy,trim
selected,debug,1,247719,4,1024,1641512,False,"[2, 0, 0, 0]",7,lib/tests/core/pattern-alias.zy,trim_direct
selected,debug,1,246371,4,1024,1640628,False,"[2, 0, 0, 0]",7,lib/tests/core/pattern-alias.zy,baseline
selected,debug,1,245252,4,1024,1667822,False,"[2, 0, 0, 0]",7,lib/tests/core/pattern-alias.zy,trim
selected,debug,1,241948,4,1024,1620153,False,"[2, 0, 0, 0]",7,lib/tests/core/pattern-alias.zy,direct
selected,debug,1,264690,4,1024,1819091,False,"[2, 0, 0, 0]",8,lib/tests/core/pattern-alias.zy,baseline
selected,debug,1,253748,4,1024,1676338,False,"[2, 0, 0, 0]",8,lib/tests/core/pattern-alias.zy,trim
selected,debug,1,249250,4,1024,1673034,False,"[2, 0, 0, 0]",8,lib/tests/core/pattern-alias.zy,direct
selected,debug,1,278196,4,1024,1858668,False,"[2, 0, 0, 0]",8,lib/tests/core/pattern-alias.zy,trim_direct
selected,debug,1,252949,4,1024,1722508,False,"[2, 0, 0, 0]",9,lib/tests/core/pattern-alias.zy,trim
selected,debug,1,305219,4,1024,1784487,False,"[2, 0, 0, 0]",9,lib/tests/core/pattern-alias.zy,direct
selected,debug,1,268306,4,1024,1820834,False,"[2, 0, 0, 0]",9,lib/tests/core/pattern-alias.zy,trim_direct
selected,debug,1,265577,4,1024,1703400,False,"[2, 0, 0, 0]",9,lib/tests/core/pattern-alias.zy,baseline
selected,debug,1,285416,4,1024,1708126,False,"[2, 0, 0, 0]",10,lib/tests/core/pattern-alias.zy,direct
selected,debug,1,272263,4,1024,1861785,False,"[2, 0, 0, 0]",10,lib/tests/core/pattern-alias.zy,trim_direct
selected,debug,1,247328,4,1024,1706720,False,"[2, 0, 0, 0]",10,lib/tests/core/pattern-alias.zy,baseline
selected,debug,1,248368,4,1024,1704174,False,"[2, 0, 0, 0]",10,lib/tests/core/pattern-alias.zy,trim
selected,debug,1,240028,4,1024,1656322,False,"[2, 0, 0, 0]",11,lib/tests/core/pattern-alias.zy,trim_direct
selected,debug,1,278955,4,1024,1726666,False,"[2, 0, 0, 0]",11,lib/tests/core/pattern-alias.zy,baseline
selected,debug,1,260177,4,1024,1824528,False,"[2, 0, 0, 0]",11,lib/tests/core/pattern-alias.zy,trim
selected,debug,1,253947,4,1024,1745595,False,"[2, 0, 0, 0]",11,lib/tests/core/pattern-alias.zy,direct
selected,debug,1,258002,4,1024,1681166,False,"[2, 0, 0, 0]",12,lib/tests/core/pattern-alias.zy,baseline
selected,debug,1,268351,4,1024,1813178,False,"[2, 0, 0, 0]",12,lib/tests/core/pattern-alias.zy,trim
selected,debug,1,246966,4,1024,1629711,False,"[2, 0, 0, 0]",12,lib/tests/core/pattern-alias.zy,direct
selected,debug,1,245416,4,1024,1727914,False,"[2, 0, 0, 0]",12,lib/tests/core/pattern-alias.zy,trim_direct
selected,debug,1,253168,4,1024,1778837,False,"[2, 0, 0, 0]",13,lib/tests/core/pattern-alias.zy,trim
selected,debug,1,257288,4,1024,1677696,False,"[2, 0, 0, 0]",13,lib/tests/core/pattern-alias.zy,direct
selected,debug,1,240419,4,1024,1622950,False,"[2, 0, 0, 0]",13,lib/tests/core/pattern-alias.zy,trim_direct
selected,debug,1,245166,4,1024,1689848,False,"[2, 0, 0, 0]",13,lib/tests/core/pattern-alias.zy,baseline
selected,debug,1,257935,4,1024,1725918,False,"[2, 0, 0, 0]",14,lib/tests/core/pattern-alias.zy,direct
selected,debug,1,245539,4,1024,1720331,False,"[2, 0, 0, 0]",14,lib/tests/core/pattern-alias.zy,trim_direct
selected,debug,1,241451,4,1024,1645539,False,"[2, 0, 0, 0]",14,lib/tests/core/pattern-alias.zy,baseline
selected,debug,1,285005,4,1024,1773972,False,"[2, 0, 0, 0]",14,lib/tests/core/pattern-alias.zy,trim
selected,debug,1,266746,4,1024,1710515,False,"[2, 0, 0, 0]",15,lib/tests/core/pattern-alias.zy,trim_direct
selected,debug,1,239862,4,1024,1624457,False,"[2, 0, 0, 0]",15,lib/tests/core/pattern-alias.zy,baseline
selected,debug,1,248415,4,1024,1663598,False,"[2, 0, 0, 0]",15,lib/tests/core/pattern-alias.zy,trim
selected,debug,1,243799,4,1024,1640128,False,"[2, 0, 0, 0]",15,lib/tests/core/pattern-alias.zy,direct
selected,debug,1,247676,4,1024,1632218,False,"[2, 0, 0, 0]",16,lib/tests/core/pattern-alias.zy,baseline
selected,debug,1,253889,4,1024,1657800,False,"[2, 0, 0, 0]",16,lib/tests/core/pattern-alias.zy,trim
selected,debug,1,259709,4,1024,1657576,False,"[2, 0, 0, 0]",16,lib/tests/core/pattern-alias.zy,direct
selected,debug,1,255322,4,1024,1665308,False,"[2, 0, 0, 0]",16,lib/tests/core/pattern-alias.zy,trim_direct
selected,debug,1,248065,4,1024,1696273,False,"[2, 0, 0, 0]",17,lib/tests/core/pattern-alias.zy,trim
selected,debug,1,263296,4,1024,1828660,False,"[2, 0, 0, 0]",17,lib/tests/core/pattern-alias.zy,direct
selected,debug,1,262285,4,1024,1832588,False,"[2, 0, 0, 0]",17,lib/tests/core/pattern-alias.zy,trim_direct
selected,debug,1,270637,4,1024,1735383,False,"[2, 0, 0, 0]",17,lib/tests/core/pattern-alias.zy,baseline
selected,debug,1,261418,4,1024,1640950,False,"[2, 0, 0, 0]",18,lib/tests/core/pattern-alias.zy,direct
selected,debug,1,241179,4,1024,1662460,False,"[2, 0, 0, 0]",18,lib/tests/core/pattern-alias.zy,trim_direct
selected,debug,1,244969,4,1024,1684658,False,"[2, 0, 0, 0]",18,lib/tests/core/pattern-alias.zy,baseline
selected,debug,1,255171,4,1024,1665558,False,"[2, 0, 0, 0]",18,lib/tests/core/pattern-alias.zy,trim
selected,debug,1,245394,4,1024,1625589,False,"[2, 0, 0, 0]",19,lib/tests/core/pattern-alias.zy,trim_direct
selected,debug,1,239472,4,1024,1658491,False,"[2, 0, 0, 0]",19,lib/tests/core/pattern-alias.zy,baseline
selected,debug,1,242799,4,1024,1656633,False,"[2, 0, 0, 0]",19,lib/tests/core/pattern-alias.zy,trim
selected,debug,1,291288,4,1024,1673156,False,"[2, 0, 0, 0]",19,lib/tests/core/pattern-alias.zy,direct
selected,debug,1,249250,4,1024,1626895,False,"[2, 0, 0, 0]",20,lib/tests/core/pattern-alias.zy,baseline
selected,debug,1,248256,4,1024,1816422,False,"[2, 0, 0, 0]",20,lib/tests/core/pattern-alias.zy,trim
selected,debug,1,253932,4,1024,1623480,False,"[2, 0, 0, 0]",20,lib/tests/core/pattern-alias.zy,direct
selected,debug,1,250682,4,1024,1654517,False,"[2, 0, 0, 0]",20,lib/tests/core/pattern-alias.zy,trim_direct
selected,debug,1,242372,4,1024,1664231,False,"[2, 0, 0, 0]",21,lib/tests/core/pattern-alias.zy,trim
selected,debug,1,241622,4,1024,1596561,False,"[2, 0, 0, 0]",21,lib/tests/core/pattern-alias.zy,direct
selected,debug,1,234123,4,1024,1599880,False,"[2, 0, 0, 0]",21,lib/tests/core/pattern-alias.zy,trim_direct
selected,debug,1,245177,4,1024,1639920,False,"[2, 0, 0, 0]",21,lib/tests/core/pattern-alias.zy,baseline
selected,debug,1,248823,4,1024,1616998,False,"[2, 0, 0, 0]",22,lib/tests/core/pattern-alias.zy,direct
selected,debug,1,279912,4,1024,1691202,False,"[2, 0, 0, 0]",22,lib/tests/core/pattern-alias.zy,trim_direct
selected,debug,1,266745,4,1024,1723414,False,"[2, 0, 0, 0]",22,lib/tests/core/pattern-alias.zy,baseline
selected,debug,1,266426,4,1024,1826803,False,"[2, 0, 0, 0]",22,lib/tests/core/pattern-alias.zy,trim
selected,debug,1,252328,4,1024,1804110,False,"[2, 0, 0, 0]",23,lib/tests/core/pattern-alias.zy,trim_direct
selected,debug,1,255416,4,1024,1688287,False,"[2, 0, 0, 0]",23,lib/tests/core/pattern-alias.zy,baseline
selected,debug,1,249528,4,1024,1687370,False,"[2, 0, 0, 0]",23,lib/tests/core/pattern-alias.zy,trim
selected,debug,1,299171,4,1024,1721612,False,"[2, 0, 0, 0]",23,lib/tests/core/pattern-alias.zy,direct
selected,debug,1,291884,4,1024,1777256,False,"[2, 0, 0, 0]",24,lib/tests/core/pattern-alias.zy,baseline
selected,debug,1,244965,4,1024,1653287,False,"[2, 0, 0, 0]",24,lib/tests/core/pattern-alias.zy,trim
selected,debug,1,252498,4,1024,1650291,False,"[2, 0, 0, 0]",24,lib/tests/core/pattern-alias.zy,direct
selected,debug,1,257958,4,1024,1691786,False,"[2, 0, 0, 0]",24,lib/tests/core/pattern-alias.zy,trim_direct
selected,debug,1,243237,4,1024,1682521,False,"[2, 0, 0, 0]",25,lib/tests/core/pattern-alias.zy,trim
selected,debug,1,261040,4,1024,1818254,False,"[2, 0, 0, 0]",25,lib/tests/core/pattern-alias.zy,direct
selected,debug,1,247207,4,1024,1631715,False,"[2, 0, 0, 0]",25,lib/tests/core/pattern-alias.zy,trim_direct
selected,debug,1,243581,4,1024,1671549,False,"[2, 0, 0, 0]",25,lib/tests/core/pattern-alias.zy,baseline
selected,debug,1,254326,4,1024,1722278,False,"[2, 0, 0, 0]",26,lib/tests/core/pattern-alias.zy,direct
selected,debug,1,244079,4,1024,1666825,False,"[2, 0, 0, 0]",26,lib/tests/core/pattern-alias.zy,trim_direct
selected,debug,1,264373,4,1024,1773008,False,"[2, 0, 0, 0]",26,lib/tests/core/pattern-alias.zy,baseline
selected,debug,1,300088,4,1024,1825337,False,"[2, 0, 0, 0]",26,lib/tests/core/pattern-alias.zy,trim
selected,debug,1,265497,4,1024,1803293,False,"[2, 0, 0, 0]",27,lib/tests/core/pattern-alias.zy,trim_direct
selected,debug,1,243131,4,1024,1689434,False,"[2, 0, 0, 0]",27,lib/tests/core/pattern-alias.zy,baseline
selected,debug,1,258791,4,1024,1683677,False,"[2, 0, 0, 0]",27,lib/tests/core/pattern-alias.zy,trim
selected,debug,1,270583,4,1024,1639213,False,"[2, 0, 0, 0]",27,lib/tests/core/pattern-alias.zy,direct
selected,debug,1,288002,4,1024,1712525,False,"[2, 0, 0, 0]",28,lib/tests/core/pattern-alias.zy,baseline
selected,debug,1,283211,4,1024,1903046,False,"[2, 0, 0, 0]",28,lib/tests/core/pattern-alias.zy,trim
selected,debug,1,257011,4,1024,1630999,False,"[2, 0, 0, 0]",28,lib/tests/core/pattern-alias.zy,direct
selected,debug,1,246682,4,1024,1704272,False,"[2, 0, 0, 0]",28,lib/tests/core/pattern-alias.zy,trim_direct
selected,debug,1,257706,4,1024,1891283,False,"[2, 0, 0, 0]",29,lib/tests/core/pattern-alias.zy,trim
selected,debug,1,253416,4,1024,1674143,False,"[2, 0, 0, 0]",29,lib/tests/core/pattern-alias.zy,direct
selected,debug,1,244703,4,1024,1758712,False,"[2, 0, 0, 0]",29,lib/tests/core/pattern-alias.zy,trim_direct
selected,debug,1,299616,4,1024,1915826,False,"[2, 0, 0, 0]",29,lib/tests/core/pattern-alias.zy,baseline
selected,debug,1,311270,4,1024,1862846,False,"[2, 0, 0, 0]",30,lib/tests/core/pattern-alias.zy,direct
selected,debug,1,242535,4,1024,1657131,False,"[2, 0, 0, 0]",30,lib/tests/core/pattern-alias.zy,trim_direct
selected,debug,1,253346,4,1024,1649648,False,"[2, 0, 0, 0]",30,lib/tests/core/pattern-alias.zy,baseline
selected,debug,1,258895,4,1024,1766296,False,"[2, 0, 0, 0]",30,lib/tests/core/pattern-alias.zy,trim
selected,debug,1,248255,4,1024,1723225,False,"[2, 0, 0, 0]",31,lib/tests/core/pattern-alias.zy,trim_direct
selected,debug,1,249634,4,1024,1840796,False,"[2, 0, 0, 0]",31,lib/tests/core/pattern-alias.zy,baseline
selected,debug,1,244015,4,1024,1648922,False,"[2, 0, 0, 0]",31,lib/tests/core/pattern-alias.zy,trim
selected,debug,1,248171,4,1024,1689590,False,"[2, 0, 0, 0]",31,lib/tests/core/pattern-alias.zy,direct
selected,debug,1,336693,4,1024,1800299,True,"[2, 0, 0, 1]",0,lib/tests/core/pattern-alias.zy,baseline
selected,debug,1,327566,4,1024,1755377,True,"[2, 0, 0, 1]",0,lib/tests/core/pattern-alias.zy,trim
selected,debug,1,322758,4,1024,1824251,True,"[2, 0, 0, 1]",0,lib/tests/core/pattern-alias.zy,direct
selected,debug,1,333218,4,1024,1888297,True,"[2, 0, 0, 1]",0,lib/tests/core/pattern-alias.zy,trim_direct
selected,debug,1,336874,4,1024,1963294,True,"[2, 0, 0, 1]",1,lib/tests/core/pattern-alias.zy,trim
selected,debug,1,308828,4,1024,1679095,True,"[2, 0, 0, 1]",1,lib/tests/core/pattern-alias.zy,direct
selected,debug,1,325332,4,1024,1723379,True,"[2, 0, 0, 1]",1,lib/tests/core/pattern-alias.zy,trim_direct
selected,debug,1,310511,4,1024,1731707,True,"[2, 0, 0, 1]",1,lib/tests/core/pattern-alias.zy,baseline
selected,debug,1,317387,4,1024,1742620,True,"[2, 0, 0, 1]",2,lib/tests/core/pattern-alias.zy,direct
selected,debug,1,328463,4,1024,1852702,True,"[2, 0, 0, 1]",2,lib/tests/core/pattern-alias.zy,trim_direct
selected,debug,1,312501,4,1024,1796452,True,"[2, 0, 0, 1]",2,lib/tests/core/pattern-alias.zy,baseline
selected,debug,1,328429,4,1024,1914420,True,"[2, 0, 0, 1]",2,lib/tests/core/pattern-alias.zy,trim
selected,debug,1,326629,4,1024,1738263,True,"[2, 0, 0, 1]",3,lib/tests/core/pattern-alias.zy,trim_direct
selected,debug,1,321747,4,1024,1727392,True,"[2, 0, 0, 1]",3,lib/tests/core/pattern-alias.zy,baseline
selected,debug,1,319257,4,1024,1766476,True,"[2, 0, 0, 1]",3,lib/tests/core/pattern-alias.zy,trim
selected,debug,1,379105,4,1024,2295717,True,"[2, 0, 0, 1]",3,lib/tests/core/pattern-alias.zy,direct
selected,debug,1,389397,4,1024,1960006,True,"[2, 0, 0, 1]",4,lib/tests/core/pattern-alias.zy,baseline
selected,debug,1,339067,4,1024,1874442,True,"[2, 0, 0, 1]",4,lib/tests/core/pattern-alias.zy,trim
selected,debug,1,379415,4,1024,1863660,True,"[2, 0, 0, 1]",4,lib/tests/core/pattern-alias.zy,direct
selected,debug,1,312616,4,1024,1699726,True,"[2, 0, 0, 1]",4,lib/tests/core/pattern-alias.zy,trim_direct
selected,debug,1,347762,4,1024,1901494,True,"[2, 0, 0, 1]",5,lib/tests/core/pattern-alias.zy,trim
selected,debug,1,320182,4,1024,1768454,True,"[2, 0, 0, 1]",5,lib/tests/core/pattern-alias.zy,direct
selected,debug,1,346331,4,1024,1758583,True,"[2, 0, 0, 1]",5,lib/tests/core/pattern-alias.zy,trim_direct
selected,debug,1,337288,4,1024,1894500,True,"[2, 0, 0, 1]",5,lib/tests/core/pattern-alias.zy,baseline
selected,debug,1,340447,4,1024,1717792,True,"[2, 0, 0, 1]",6,lib/tests/core/pattern-alias.zy,direct
selected,debug,1,324637,4,1024,1899617,True,"[2, 0, 0, 1]",6,lib/tests/core/pattern-alias.zy,trim_direct
selected,debug,1,323552,4,1024,1834491,True,"[2, 0, 0, 1]",6,lib/tests/core/pattern-alias.zy,baseline
selected,debug,1,327257,4,1024,1868179,True,"[2, 0, 0, 1]",6,lib/tests/core/pattern-alias.zy,trim
selected,debug,1,313018,4,1024,1748538,True,"[2, 0, 0, 1]",7,lib/tests/core/pattern-alias.zy,trim_direct
selected,debug,1,315057,4,1024,1726098,True,"[2, 0, 0, 1]",7,lib/tests/core/pattern-alias.zy,baseline
selected,debug,1,369004,4,1024,1757255,True,"[2, 0, 0, 1]",7,lib/tests/core/pattern-alias.zy,trim
selected,debug,1,321467,4,1024,1688989,True,"[2, 0, 0, 1]",7,lib/tests/core/pattern-alias.zy,direct
selected,debug,1,329017,4,1024,1928567,True,"[2, 0, 0, 1]",8,lib/tests/core/pattern-alias.zy,baseline
selected,debug,1,314557,4,1024,1743987,True,"[2, 0, 0, 1]",8,lib/tests/core/pattern-alias.zy,trim
selected,debug,1,321418,4,1024,1693798,True,"[2, 0, 0, 1]",8,lib/tests/core/pattern-alias.zy,direct
selected,debug,1,333491,4,1024,1690794,True,"[2, 0, 0, 1]",8,lib/tests/core/pattern-alias.zy,trim_direct
selected,debug,1,325913,4,1024,1763132,True,"[2, 0, 0, 1]",9,lib/tests/core/pattern-alias.zy,trim
selected,debug,1,315281,4,1024,1766451,True,"[2, 0, 0, 1]",9,lib/tests/core/pattern-alias.zy,direct
selected,debug,1,309951,4,1024,1709548,True,"[2, 0, 0, 1]",9,lib/tests/core/pattern-alias.zy,trim_direct
selected,debug,1,347884,4,1024,1769964,True,"[2, 0, 0, 1]",9,lib/tests/core/pattern-alias.zy,baseline
selected,debug,1,317059,4,1024,1694161,True,"[2, 0, 0, 1]",10,lib/tests/core/pattern-alias.zy,direct
selected,debug,1,320097,4,1024,1680616,True,"[2, 0, 0, 1]",10,lib/tests/core/pattern-alias.zy,trim_direct
selected,debug,1,328467,4,1024,1735049,True,"[2, 0, 0, 1]",10,lib/tests/core/pattern-alias.zy,baseline
selected,debug,1,308842,4,1024,1681785,True,"[2, 0, 0, 1]",10,lib/tests/core/pattern-alias.zy,trim
selected,debug,1,317343,4,1024,1722329,True,"[2, 0, 0, 1]",11,lib/tests/core/pattern-alias.zy,trim_direct
selected,debug,1,334051,4,1024,1734553,True,"[2, 0, 0, 1]",11,lib/tests/core/pattern-alias.zy,baseline
selected,debug,1,319430,4,1024,1745373,True,"[2, 0, 0, 1]",11,lib/tests/core/pattern-alias.zy,trim
selected,debug,1,341615,4,1024,1898784,True,"[2, 0, 0, 1]",11,lib/tests/core/pattern-alias.zy,direct
selected,debug,1,318465,4,1024,1722364,True,"[2, 0, 0, 1]",12,lib/tests/core/pattern-alias.zy,baseline
selected,debug,1,319187,4,1024,1916897,True,"[2, 0, 0, 1]",12,lib/tests/core/pattern-alias.zy,trim
selected,debug,1,314855,4,1024,1710384,True,"[2, 0, 0, 1]",12,lib/tests/core/pattern-alias.zy,direct
selected,debug,1,361456,4,1024,1885540,True,"[2, 0, 0, 1]",12,lib/tests/core/pattern-alias.zy,trim_direct
selected,debug,1,323008,4,1024,1748825,True,"[2, 0, 0, 1]",13,lib/tests/core/pattern-alias.zy,trim
selected,debug,1,315931,4,1024,1694843,True,"[2, 0, 0, 1]",13,lib/tests/core/pattern-alias.zy,direct
selected,debug,1,338404,4,1024,1896247,True,"[2, 0, 0, 1]",13,lib/tests/core/pattern-alias.zy,trim_direct
selected,debug,1,316360,4,1024,1742021,True,"[2, 0, 0, 1]",13,lib/tests/core/pattern-alias.zy,baseline
selected,debug,1,331996,4,1024,1708791,True,"[2, 0, 0, 1]",14,lib/tests/core/pattern-alias.zy,direct
selected,debug,1,310130,4,1024,1672002,True,"[2, 0, 0, 1]",14,lib/tests/core/pattern-alias.zy,trim_direct
selected,debug,1,345871,4,1024,1883580,True,"[2, 0, 0, 1]",14,lib/tests/core/pattern-alias.zy,baseline
selected,debug,1,321434,4,1024,1760294,True,"[2, 0, 0, 1]",14,lib/tests/core/pattern-alias.zy,trim
selected,debug,1,318710,4,1024,1702197,True,"[2, 0, 0, 1]",15,lib/tests/core/pattern-alias.zy,trim_direct
selected,debug,1,337458,4,1024,1784012,True,"[2, 0, 0, 1]",15,lib/tests/core/pattern-alias.zy,baseline
selected,debug,1,340164,4,1024,1949424,True,"[2, 0, 0, 1]",15,lib/tests/core/pattern-alias.zy,trim
selected,debug,1,386172,4,1024,1846878,True,"[2, 0, 0, 1]",15,lib/tests/core/pattern-alias.zy,direct
selected,debug,1,341215,4,1024,1779985,True,"[2, 0, 0, 1]",16,lib/tests/core/pattern-alias.zy,baseline
selected,debug,1,336476,4,1024,1937782,True,"[2, 0, 0, 1]",16,lib/tests/core/pattern-alias.zy,trim
selected,debug,1,325526,4,1024,1737907,True,"[2, 0, 0, 1]",16,lib/tests/core/pattern-alias.zy,direct
selected,debug,1,319596,4,1024,1754502,True,"[2, 0, 0, 1]",16,lib/tests/core/pattern-alias.zy,trim_direct
selected,debug,1,330267,4,1024,1850855,True,"[2, 0, 0, 1]",17,lib/tests/core/pattern-alias.zy,trim
selected,debug,1,315667,4,1024,1755766,True,"[2, 0, 0, 1]",17,lib/tests/core/pattern-alias.zy,direct
selected,debug,1,324837,4,1024,1923540,True,"[2, 0, 0, 1]",17,lib/tests/core/pattern-alias.zy,trim_direct
selected,debug,1,321280,4,1024,1706943,True,"[2, 0, 0, 1]",17,lib/tests/core/pattern-alias.zy,baseline
selected,debug,1,325886,4,1024,1898806,True,"[2, 0, 0, 1]",18,lib/tests/core/pattern-alias.zy,direct
selected,debug,1,323548,4,1024,1751097,True,"[2, 0, 0, 1]",18,lib/tests/core/pattern-alias.zy,trim_direct
selected,debug,1,351986,4,1024,1862295,True,"[2, 0, 0, 1]",18,lib/tests/core/pattern-alias.zy,baseline
selected,debug,1,325430,4,1024,1773009,True,"[2, 0, 0, 1]",18,lib/tests/core/pattern-alias.zy,trim
selected,debug,1,315913,4,1024,1754587,True,"[2, 0, 0, 1]",19,lib/tests/core/pattern-alias.zy,trim_direct
selected,debug,1,387035,4,1024,1818490,True,"[2, 0, 0, 1]",19,lib/tests/core/pattern-alias.zy,baseline
selected,debug,1,323494,4,1024,1757188,True,"[2, 0, 0, 1]",19,lib/tests/core/pattern-alias.zy,trim
selected,debug,1,327571,4,1024,1865901,True,"[2, 0, 0, 1]",19,lib/tests/core/pattern-alias.zy,direct
selected,debug,1,349751,4,1024,1834073,True,"[2, 0, 0, 1]",20,lib/tests/core/pattern-alias.zy,baseline
selected,debug,1,354862,4,1024,1968077,True,"[2, 0, 0, 1]",20,lib/tests/core/pattern-alias.zy,trim
selected,debug,1,324583,4,1024,1682138,True,"[2, 0, 0, 1]",20,lib/tests/core/pattern-alias.zy,direct
selected,debug,1,329043,4,1024,1712187,True,"[2, 0, 0, 1]",20,lib/tests/core/pattern-alias.zy,trim_direct
selected,debug,1,332117,4,1024,1814747,True,"[2, 0, 0, 1]",21,lib/tests/core/pattern-alias.zy,trim
selected,debug,1,337545,4,1024,1861753,True,"[2, 0, 0, 1]",21,lib/tests/core/pattern-alias.zy,direct
selected,debug,1,365699,4,1024,1833166,True,"[2, 0, 0, 1]",21,lib/tests/core/pattern-alias.zy,trim_direct
selected,debug,1,314750,4,1024,1740052,True,"[2, 0, 0, 1]",21,lib/tests/core/pattern-alias.zy,baseline
selected,debug,1,379416,4,1024,1860294,True,"[2, 0, 0, 1]",22,lib/tests/core/pattern-alias.zy,direct
selected,debug,1,313522,4,1024,1681126,True,"[2, 0, 0, 1]",22,lib/tests/core/pattern-alias.zy,trim_direct
selected,debug,1,317594,4,1024,1689734,True,"[2, 0, 0, 1]",22,lib/tests/core/pattern-alias.zy,baseline
selected,debug,1,329862,4,1024,1887953,True,"[2, 0, 0, 1]",22,lib/tests/core/pattern-alias.zy,trim
selected,debug,1,330708,4,1024,1876822,True,"[2, 0, 0, 1]",23,lib/tests/core/pattern-alias.zy,trim_direct
selected,debug,1,314603,4,1024,1784791,True,"[2, 0, 0, 1]",23,lib/tests/core/pattern-alias.zy,baseline
selected,debug,1,321268,4,1024,1749493,True,"[2, 0, 0, 1]",23,lib/tests/core/pattern-alias.zy,trim
selected,debug,1,327018,4,1024,1810696,True,"[2, 0, 0, 1]",23,lib/tests/core/pattern-alias.zy,direct
selected,debug,1,312752,4,1024,1710690,True,"[2, 0, 0, 1]",24,lib/tests/core/pattern-alias.zy,baseline
selected,debug,1,310807,4,1024,1711569,True,"[2, 0, 0, 1]",24,lib/tests/core/pattern-alias.zy,trim
selected,debug,1,368197,4,1024,1839593,True,"[2, 0, 0, 1]",24,lib/tests/core/pattern-alias.zy,direct
selected,debug,1,328797,4,1024,1833660,True,"[2, 0, 0, 1]",24,lib/tests/core/pattern-alias.zy,trim_direct
selected,debug,1,322860,4,1024,1822924,True,"[2, 0, 0, 1]",25,lib/tests/core/pattern-alias.zy,trim
selected,debug,1,325265,4,1024,1717529,True,"[2, 0, 0, 1]",25,lib/tests/core/pattern-alias.zy,direct
selected,debug,1,343742,4,1024,1899837,True,"[2, 0, 0, 1]",25,lib/tests/core/pattern-alias.zy,trim_direct
selected,debug,1,326078,4,1024,1649079,True,"[2, 0, 0, 1]",25,lib/tests/core/pattern-alias.zy,baseline
selected,debug,1,321338,4,1024,1684750,True,"[2, 0, 0, 1]",26,lib/tests/core/pattern-alias.zy,direct
selected,debug,1,351707,4,1024,1814673,True,"[2, 0, 0, 1]",26,lib/tests/core/pattern-alias.zy,trim_direct
selected,debug,1,317559,4,1024,1759714,True,"[2, 0, 0, 1]",26,lib/tests/core/pattern-alias.zy,baseline
selected,debug,1,314218,4,1024,1821125,True,"[2, 0, 0, 1]",26,lib/tests/core/pattern-alias.zy,trim
selected,debug,1,309258,4,1024,1780765,True,"[2, 0, 0, 1]",27,lib/tests/core/pattern-alias.zy,trim_direct
selected,debug,1,318629,4,1024,1740573,True,"[2, 0, 0, 1]",27,lib/tests/core/pattern-alias.zy,baseline
selected,debug,1,362719,4,1024,2022524,True,"[2, 0, 0, 1]",27,lib/tests/core/pattern-alias.zy,trim
selected,debug,1,314649,4,1024,1774989,True,"[2, 0, 0, 1]",27,lib/tests/core/pattern-alias.zy,direct
selected,debug,1,323990,4,1024,1828183,True,"[2, 0, 0, 1]",28,lib/tests/core/pattern-alias.zy,baseline
selected,debug,1,327692,4,1024,1882372,True,"[2, 0, 0, 1]",28,lib/tests/core/pattern-alias.zy,trim
selected,debug,1,352409,4,1024,1909798,True,"[2, 0, 0, 1]",28,lib/tests/core/pattern-alias.zy,direct
selected,debug,1,320612,4,1024,1704227,True,"[2, 0, 0, 1]",28,lib/tests/core/pattern-alias.zy,trim_direct
selected,debug,1,340046,4,1024,1886266,True,"[2, 0, 0, 1]",29,lib/tests/core/pattern-alias.zy,trim
selected,debug,1,318227,4,1024,1665701,True,"[2, 0, 0, 1]",29,lib/tests/core/pattern-alias.zy,direct
selected,debug,1,316044,4,1024,1751085,True,"[2, 0, 0, 1]",29,lib/tests/core/pattern-alias.zy,trim_direct
selected,debug,1,365338,4,1024,1768204,True,"[2, 0, 0, 1]",29,lib/tests/core/pattern-alias.zy,baseline
selected,debug,1,318670,4,1024,1808732,True,"[2, 0, 0, 1]",30,lib/tests/core/pattern-alias.zy,direct
selected,debug,1,361976,4,1024,1768657,True,"[2, 0, 0, 1]",30,lib/tests/core/pattern-alias.zy,trim_direct
selected,debug,1,312154,4,1024,1720676,True,"[2, 0, 0, 1]",30,lib/tests/core/pattern-alias.zy,baseline
selected,debug,1,335786,4,1024,1869454,True,"[2, 0, 0, 1]",30,lib/tests/core/pattern-alias.zy,trim
selected,debug,1,312659,4,1024,1664100,True,"[2, 0, 0, 1]",31,lib/tests/core/pattern-alias.zy,trim_direct
selected,debug,1,316699,4,1024,1704724,True,"[2, 0, 0, 1]",31,lib/tests/core/pattern-alias.zy,baseline
selected,debug,1,330692,4,1024,1768773,True,"[2, 0, 0, 1]",31,lib/tests/core/pattern-alias.zy,trim
selected,debug,1,318834,4,1024,1754546,True,"[2, 0, 0, 1]",31,lib/tests/core/pattern-alias.zy,direct
selected,debug,1,246127,135,39,4830794,False,"[104, 26, 8, 0]",0,lib/tests/core/native-frames.zy,baseline
selected,debug,1,244124,135,39,4833877,False,"[104, 26, 8, 0]",0,lib/tests/core/native-frames.zy,trim
selected,debug,1,259457,135,39,4710084,False,"[104, 26, 8, 0]",0,lib/tests/core/native-frames.zy,direct
selected,debug,1,239166,135,39,4659999,False,"[104, 26, 8, 0]",0,lib/tests/core/native-frames.zy,trim_direct
selected,debug,1,242041,135,39,4758374,False,"[104, 26, 8, 0]",1,lib/tests/core/native-frames.zy,trim
selected,debug,1,243665,135,39,4700833,False,"[104, 26, 8, 0]",1,lib/tests/core/native-frames.zy,direct
selected,debug,1,244626,135,39,4761292,False,"[104, 26, 8, 0]",1,lib/tests/core/native-frames.zy,trim_direct
selected,debug,1,270540,135,39,4802043,False,"[104, 26, 8, 0]",1,lib/tests/core/native-frames.zy,baseline
selected,debug,1,269544,135,39,4765792,False,"[104, 26, 8, 0]",2,lib/tests/core/native-frames.zy,direct
selected,debug,1,816414,135,39,6443294,False,"[104, 26, 8, 0]",2,lib/tests/core/native-frames.zy,trim_direct
selected,debug,1,348754,135,39,5555750,False,"[104, 26, 8, 0]",2,lib/tests/core/native-frames.zy,baseline
selected,debug,1,305369,135,39,5203379,False,"[104, 26, 8, 0]",2,lib/tests/core/native-frames.zy,trim
selected,debug,1,250709,135,39,4852880,False,"[104, 26, 8, 0]",3,lib/tests/core/native-frames.zy,trim_direct
selected,debug,1,261044,135,39,5062711,False,"[104, 26, 8, 0]",3,lib/tests/core/native-frames.zy,baseline
selected,debug,1,269917,135,39,5321125,False,"[104, 26, 8, 0]",3,lib/tests/core/native-frames.zy,trim
selected,debug,1,249206,135,39,4862459,False,"[104, 26, 8, 0]",3,lib/tests/core/native-frames.zy,direct
selected,debug,1,286707,135,39,5024748,False,"[104, 26, 8, 0]",4,lib/tests/core/native-frames.zy,baseline
selected,debug,1,254126,135,39,4844917,False,"[104, 26, 8, 0]",4,lib/tests/core/native-frames.zy,trim
selected,debug,1,249750,135,39,4841165,False,"[104, 26, 8, 0]",4,lib/tests/core/native-frames.zy,direct
selected,debug,1,241043,135,39,4802624,False,"[104, 26, 8, 0]",4,lib/tests/core/native-frames.zy,trim_direct
selected,debug,1,232252,135,39,4809042,False,"[104, 26, 8, 0]",5,lib/tests/core/native-frames.zy,trim
selected,debug,1,242414,135,39,4616289,False,"[104, 26, 8, 0]",5,lib/tests/core/native-frames.zy,direct
selected,debug,1,237085,135,39,4620332,False,"[104, 26, 8, 0]",5,lib/tests/core/native-frames.zy,trim_direct
selected,debug,1,292371,135,39,4773582,False,"[104, 26, 8, 0]",5,lib/tests/core/native-frames.zy,baseline
selected,debug,1,234752,135,39,4663371,False,"[104, 26, 8, 0]",6,lib/tests/core/native-frames.zy,direct
selected,debug,1,239834,135,39,4766213,False,"[104, 26, 8, 0]",6,lib/tests/core/native-frames.zy,trim_direct
selected,debug,1,236755,135,39,4721707,False,"[104, 26, 8, 0]",6,lib/tests/core/native-frames.zy,baseline
selected,debug,1,236625,135,39,4729832,False,"[104, 26, 8, 0]",6,lib/tests/core/native-frames.zy,trim
selected,debug,1,238087,135,39,4659420,False,"[104, 26, 8, 0]",7,lib/tests/core/native-frames.zy,trim_direct
selected,debug,1,232126,135,39,4698082,False,"[104, 26, 8, 0]",7,lib/tests/core/native-frames.zy,baseline
selected,debug,1,238043,135,39,4755334,False,"[104, 26, 8, 0]",7,lib/tests/core/native-frames.zy,trim
selected,debug,1,225918,135,39,4510581,False,"[104, 26, 8, 0]",7,lib/tests/core/native-frames.zy,direct
selected,debug,1,228329,135,39,4633583,False,"[104, 26, 8, 0]",8,lib/tests/core/native-frames.zy,baseline
selected,debug,1,233794,135,39,4795001,False,"[104, 26, 8, 0]",8,lib/tests/core/native-frames.zy,trim
selected,debug,1,245041,135,39,4697627,False,"[104, 26, 8, 0]",8,lib/tests/core/native-frames.zy,direct
selected,debug,1,228042,135,39,4634667,False,"[104, 26, 8, 0]",8,lib/tests/core/native-frames.zy,trim_direct
selected,debug,1,226872,135,39,4614831,False,"[104, 26, 8, 0]",9,lib/tests/core/native-frames.zy,trim
selected,debug,1,228500,135,39,4559079,False,"[104, 26, 8, 0]",9,lib/tests/core/native-frames.zy,direct
selected,debug,1,231000,135,39,4646040,False,"[104, 26, 8, 0]",9,lib/tests/core/native-frames.zy,trim_direct
selected,debug,1,235204,135,39,4821370,False,"[104, 26, 8, 0]",9,lib/tests/core/native-frames.zy,baseline
selected,debug,1,234748,135,39,4743579,False,"[104, 26, 8, 0]",10,lib/tests/core/native-frames.zy,direct
selected,debug,1,242835,135,39,4738126,False,"[104, 26, 8, 0]",10,lib/tests/core/native-frames.zy,trim_direct
selected,debug,1,262455,135,39,4688709,False,"[104, 26, 8, 0]",10,lib/tests/core/native-frames.zy,baseline
selected,debug,1,225836,135,39,4728461,False,"[104, 26, 8, 0]",10,lib/tests/core/native-frames.zy,trim
selected,debug,1,234289,135,39,4655124,False,"[104, 26, 8, 0]",11,lib/tests/core/native-frames.zy,trim_direct
selected,debug,1,239914,135,39,4674753,False,"[104, 26, 8, 0]",11,lib/tests/core/native-frames.zy,baseline
selected,debug,1,226291,135,39,4684502,False,"[104, 26, 8, 0]",11,lib/tests/core/native-frames.zy,trim
selected,debug,1,239457,135,39,4737211,False,"[104, 26, 8, 0]",11,lib/tests/core/native-frames.zy,direct
selected,debug,1,229585,135,39,4745335,False,"[104, 26, 8, 0]",12,lib/tests/core/native-frames.zy,baseline
selected,debug,1,232501,135,39,4719500,False,"[104, 26, 8, 0]",12,lib/tests/core/native-frames.zy,trim
selected,debug,1,227087,135,39,4565583,False,"[104, 26, 8, 0]",12,lib/tests/core/native-frames.zy,direct
selected,debug,1,228789,135,39,4608667,False,"[104, 26, 8, 0]",12,lib/tests/core/native-frames.zy,trim_direct
selected,debug,1,234000,135,39,4690373,False,"[104, 26, 8, 0]",13,lib/tests/core/native-frames.zy,trim
selected,debug,1,223086,135,39,4524333,False,"[104, 26, 8, 0]",13,lib/tests/core/native-frames.zy,direct
selected,debug,1,234419,135,39,4580913,False,"[104, 26, 8, 0]",13,lib/tests/core/native-frames.zy,trim_direct
selected,debug,1,234001,135,39,4740295,False,"[104, 26, 8, 0]",13,lib/tests/core/native-frames.zy,baseline
selected,debug,1,235044,135,39,4605250,False,"[104, 26, 8, 0]",14,lib/tests/core/native-frames.zy,direct
selected,debug,1,229749,135,39,4563167,False,"[104, 26, 8, 0]",14,lib/tests/core/native-frames.zy,trim_direct
selected,debug,1,228917,135,39,4634665,False,"[104, 26, 8, 0]",14,lib/tests/core/native-frames.zy,baseline
selected,debug,1,226792,135,39,4690999,False,"[104, 26, 8, 0]",14,lib/tests/core/native-frames.zy,trim
selected,debug,1,234628,135,39,4594037,False,"[104, 26, 8, 0]",15,lib/tests/core/native-frames.zy,trim_direct
selected,debug,1,227210,135,39,4658417,False,"[104, 26, 8, 0]",15,lib/tests/core/native-frames.zy,baseline
selected,debug,1,235253,135,39,4713497,False,"[104, 26, 8, 0]",15,lib/tests/core/native-frames.zy,trim
selected,debug,1,229421,135,39,4533999,False,"[104, 26, 8, 0]",15,lib/tests/core/native-frames.zy,direct
selected,debug,1,232373,135,39,4682252,False,"[104, 26, 8, 0]",16,lib/tests/core/native-frames.zy,baseline
selected,debug,1,225038,135,39,4585670,False,"[104, 26, 8, 0]",16,lib/tests/core/native-frames.zy,trim
selected,debug,1,225168,135,39,4527584,False,"[104, 26, 8, 0]",16,lib/tests/core/native-frames.zy,direct
selected,debug,1,237458,135,39,4783876,False,"[104, 26, 8, 0]",16,lib/tests/core/native-frames.zy,trim_direct
selected,debug,1,230710,135,39,4821417,False,"[104, 26, 8, 0]",17,lib/tests/core/native-frames.zy,trim
selected,debug,1,229996,135,39,4592539,False,"[104, 26, 8, 0]",17,lib/tests/core/native-frames.zy,direct
selected,debug,1,242499,135,39,4654247,False,"[104, 26, 8, 0]",17,lib/tests/core/native-frames.zy,trim_direct
selected,debug,1,244957,135,39,5132630,False,"[104, 26, 8, 0]",17,lib/tests/core/native-frames.zy,baseline
selected,debug,1,233211,135,39,4831833,False,"[104, 26, 8, 0]",18,lib/tests/core/native-frames.zy,direct
selected,debug,1,243833,135,39,4767038,False,"[104, 26, 8, 0]",18,lib/tests/core/native-frames.zy,trim_direct
selected,debug,1,238294,135,39,4885040,False,"[104, 26, 8, 0]",18,lib/tests/core/native-frames.zy,baseline
selected,debug,1,227542,135,39,4690125,False,"[104, 26, 8, 0]",18,lib/tests/core/native-frames.zy,trim
selected,debug,1,231664,135,39,4615457,False,"[104, 26, 8, 0]",19,lib/tests/core/native-frames.zy,trim_direct
selected,debug,1,227710,135,39,4684250,False,"[104, 26, 8, 0]",19,lib/tests/core/native-frames.zy,baseline
selected,debug,1,231582,135,39,4768461,False,"[104, 26, 8, 0]",19,lib/tests/core/native-frames.zy,trim
selected,debug,1,229791,135,39,4518458,False,"[104, 26, 8, 0]",19,lib/tests/core/native-frames.zy,direct
selected,debug,1,225663,135,39,4614626,False,"[104, 26, 8, 0]",20,lib/tests/core/native-frames.zy,baseline
selected,debug,1,240708,135,39,4757462,False,"[104, 26, 8, 0]",20,lib/tests/core/native-frames.zy,trim
selected,debug,1,227834,135,39,4554045,False,"[104, 26, 8, 0]",20,lib/tests/core/native-frames.zy,direct
selected,debug,1,246878,135,39,4705747,False,"[104, 26, 8, 0]",20,lib/tests/core/native-frames.zy,trim_direct
selected,debug,1,235207,135,39,4821457,False,"[104, 26, 8, 0]",21,lib/tests/core/native-frames.zy,trim
selected,debug,1,231414,135,39,4714254,False,"[104, 26, 8, 0]",21,lib/tests/core/native-frames.zy,direct
selected,debug,1,226165,135,39,4612001,False,"[104, 26, 8, 0]",21,lib/tests/core/native-frames.zy,trim_direct
selected,debug,1,228000,135,39,4567125,False,"[104, 26, 8, 0]",21,lib/tests/core/native-frames.zy,baseline
selected,debug,1,246001,135,39,4626541,False,"[104, 26, 8, 0]",22,lib/tests/core/native-frames.zy,direct
selected,debug,1,227379,135,39,4569165,False,"[104, 26, 8, 0]",22,lib/tests/core/native-frames.zy,trim_direct
selected,debug,1,229501,135,39,4705919,False,"[104, 26, 8, 0]",22,lib/tests/core/native-frames.zy,baseline
selected,debug,1,227498,135,39,4681998,False,"[104, 26, 8, 0]",22,lib/tests/core/native-frames.zy,trim
selected,debug,1,236290,135,39,4712708,False,"[104, 26, 8, 0]",23,lib/tests/core/native-frames.zy,trim_direct
selected,debug,1,231334,135,39,4738873,False,"[104, 26, 8, 0]",23,lib/tests/core/native-frames.zy,baseline
selected,debug,1,239837,135,39,4852918,False,"[104, 26, 8, 0]",23,lib/tests/core/native-frames.zy,trim
selected,debug,1,245585,135,39,4917169,False,"[104, 26, 8, 0]",23,lib/tests/core/native-frames.zy,direct
selected,debug,1,236834,135,39,4858960,False,"[104, 26, 8, 0]",24,lib/tests/core/native-frames.zy,baseline
selected,debug,1,242086,135,39,4905838,False,"[104, 26, 8, 0]",24,lib/tests/core/native-frames.zy,trim
selected,debug,1,237581,135,39,4632083,False,"[104, 26, 8, 0]",24,lib/tests/core/native-frames.zy,direct
selected,debug,1,236627,135,39,4741130,False,"[104, 26, 8, 0]",24,lib/tests/core/native-frames.zy,trim_direct
selected,debug,1,234711,135,39,4740585,False,"[104, 26, 8, 0]",25,lib/tests/core/native-frames.zy,trim
selected,debug,1,233881,135,39,4690457,False,"[104, 26, 8, 0]",25,lib/tests/core/native-frames.zy,direct
selected,debug,1,230880,135,39,4612084,False,"[104, 26, 8, 0]",25,lib/tests/core/native-frames.zy,trim_direct
selected,debug,1,239083,135,39,4761792,False,"[104, 26, 8, 0]",25,lib/tests/core/native-frames.zy,baseline
selected,debug,1,234669,135,39,4642420,False,"[104, 26, 8, 0]",26,lib/tests/core/native-frames.zy,direct
selected,debug,1,231500,135,39,4677873,False,"[104, 26, 8, 0]",26,lib/tests/core/native-frames.zy,trim_direct
selected,debug,1,235999,135,39,4696789,False,"[104, 26, 8, 0]",26,lib/tests/core/native-frames.zy,baseline
selected,debug,1,245413,135,39,4771960,False,"[104, 26, 8, 0]",26,lib/tests/core/native-frames.zy,trim
selected,debug,1,227457,135,39,4661294,False,"[104, 26, 8, 0]",27,lib/tests/core/native-frames.zy,trim_direct
selected,debug,1,234625,135,39,4657794,False,"[104, 26, 8, 0]",27,lib/tests/core/native-frames.zy,baseline
selected,debug,1,227668,135,39,4655456,False,"[104, 26, 8, 0]",27,lib/tests/core/native-frames.zy,trim
selected,debug,1,231957,135,39,4651500,False,"[104, 26, 8, 0]",27,lib/tests/core/native-frames.zy,direct
selected,debug,1,230624,135,39,4729498,False,"[104, 26, 8, 0]",28,lib/tests/core/native-frames.zy,baseline
selected,debug,1,233668,135,39,4717378,False,"[104, 26, 8, 0]",28,lib/tests/core/native-frames.zy,trim
selected,debug,1,232916,135,39,4781002,False,"[104, 26, 8, 0]",28,lib/tests/core/native-frames.zy,direct
selected,debug,1,227998,135,39,4515878,False,"[104, 26, 8, 0]",28,lib/tests/core/native-frames.zy,trim_direct
selected,debug,1,233129,135,39,4779958,False,"[104, 26, 8, 0]",29,lib/tests/core/native-frames.zy,trim
selected,debug,1,233415,135,39,4749580,False,"[104, 26, 8, 0]",29,lib/tests/core/native-frames.zy,direct
selected,debug,1,228584,135,39,4593623,False,"[104, 26, 8, 0]",29,lib/tests/core/native-frames.zy,trim_direct
selected,debug,1,263041,135,39,5088332,False,"[104, 26, 8, 0]",29,lib/tests/core/native-frames.zy,baseline
selected,debug,1,252996,135,39,4934463,False,"[104, 26, 8, 0]",30,lib/tests/core/native-frames.zy,direct
selected,debug,1,246498,135,39,4858458,False,"[104, 26, 8, 0]",30,lib/tests/core/native-frames.zy,trim_direct
selected,debug,1,237251,135,39,4874164,False,"[104, 26, 8, 0]",30,lib/tests/core/native-frames.zy,baseline
selected,debug,1,247582,135,39,4982915,False,"[104, 26, 8, 0]",30,lib/tests/core/native-frames.zy,trim
selected,debug,1,233667,135,39,4803963,False,"[104, 26, 8, 0]",31,lib/tests/core/native-frames.zy,trim_direct
selected,debug,1,236208,135,39,4842210,False,"[104, 26, 8, 0]",31,lib/tests/core/native-frames.zy,baseline
selected,debug,1,230789,135,39,4739835,False,"[104, 26, 8, 0]",31,lib/tests/core/native-frames.zy,trim
selected,debug,1,227873,135,39,4598752,False,"[104, 26, 8, 0]",31,lib/tests/core/native-frames.zy,direct
selected,debug,1,272546,135,43,4963667,True,"[97, 25, 8, 9]",0,lib/tests/core/native-frames.zy,baseline
selected,debug,1,272958,135,43,5013668,True,"[97, 25, 8, 9]",0,lib/tests/core/native-frames.zy,trim
selected,debug,1,263957,135,43,4852043,True,"[97, 25, 8, 9]",0,lib/tests/core/native-frames.zy,direct
selected,debug,1,274498,135,43,4808788,True,"[97, 25, 8, 9]",0,lib/tests/core/native-frames.zy,trim_direct
selected,debug,1,269748,135,43,4854206,True,"[97, 25, 8, 9]",1,lib/tests/core/native-frames.zy,trim
selected,debug,1,260247,135,43,4914126,True,"[97, 25, 8, 9]",1,lib/tests/core/native-frames.zy,direct
selected,debug,1,254706,135,43,4830715,True,"[97, 25, 8, 9]",1,lib/tests/core/native-frames.zy,trim_direct
selected,debug,1,269832,135,43,4890164,True,"[97, 25, 8, 9]",1,lib/tests/core/native-frames.zy,baseline
selected,debug,1,271292,135,43,4829249,True,"[97, 25, 8, 9]",2,lib/tests/core/native-frames.zy,direct
selected,debug,1,278460,135,43,4915085,True,"[97, 25, 8, 9]",2,lib/tests/core/native-frames.zy,trim_direct
selected,debug,1,252874,135,43,4796253,True,"[97, 25, 8, 9]",2,lib/tests/core/native-frames.zy,baseline
selected,debug,1,254911,135,43,4914957,True,"[97, 25, 8, 9]",2,lib/tests/core/native-frames.zy,trim
selected,debug,1,251751,135,43,4753377,True,"[97, 25, 8, 9]",3,lib/tests/core/native-frames.zy,trim_direct
selected,debug,1,251580,135,43,4852832,True,"[97, 25, 8, 9]",3,lib/tests/core/native-frames.zy,baseline
selected,debug,1,257210,135,43,4872792,True,"[97, 25, 8, 9]",3,lib/tests/core/native-frames.zy,trim
selected,debug,1,259913,135,43,4885959,True,"[97, 25, 8, 9]",3,lib/tests/core/native-frames.zy,direct
selected,debug,1,348793,135,43,5004710,True,"[97, 25, 8, 9]",4,lib/tests/core/native-frames.zy,baseline
selected,debug,1,265667,135,43,5192337,True,"[97, 25, 8, 9]",4,lib/tests/core/native-frames.zy,trim
selected,debug,1,253873,135,43,4809334,True,"[97, 25, 8, 9]",4,lib/tests/core/native-frames.zy,direct
selected,debug,1,259083,135,43,4851541,True,"[97, 25, 8, 9]",4,lib/tests/core/native-frames.zy,trim_direct
selected,debug,1,258878,135,43,4991753,True,"[97, 25, 8, 9]",5,lib/tests/core/native-frames.zy,trim
selected,debug,1,269832,135,43,5037962,True,"[97, 25, 8, 9]",5,lib/tests/core/native-frames.zy,direct
selected,debug,1,257210,135,43,4989961,True,"[97, 25, 8, 9]",5,lib/tests/core/native-frames.zy,trim_direct
selected,debug,1,262253,135,43,4917123,True,"[97, 25, 8, 9]",5,lib/tests/core/native-frames.zy,baseline
selected,debug,1,266123,135,43,4842751,True,"[97, 25, 8, 9]",6,lib/tests/core/native-frames.zy,direct
selected,debug,1,260454,135,43,4878502,True,"[97, 25, 8, 9]",6,lib/tests/core/native-frames.zy,trim_direct
selected,debug,1,258753,135,43,4877834,True,"[97, 25, 8, 9]",6,lib/tests/core/native-frames.zy,baseline
selected,debug,1,260625,135,43,5018752,True,"[97, 25, 8, 9]",6,lib/tests/core/native-frames.zy,trim
selected,debug,1,256710,135,43,4881417,True,"[97, 25, 8, 9]",7,lib/tests/core/native-frames.zy,trim_direct
selected,debug,1,260872,135,43,4901876,True,"[97, 25, 8, 9]",7,lib/tests/core/native-frames.zy,baseline
selected,debug,1,259207,135,43,5009085,True,"[97, 25, 8, 9]",7,lib/tests/core/native-frames.zy,trim
selected,debug,1,253957,135,43,4709416,True,"[97, 25, 8, 9]",7,lib/tests/core/native-frames.zy,direct
selected,debug,1,255623,135,43,4945457,True,"[97, 25, 8, 9]",8,lib/tests/core/native-frames.zy,baseline
selected,debug,1,264714,135,43,4966377,True,"[97, 25, 8, 9]",8,lib/tests/core/native-frames.zy,trim
selected,debug,1,254796,135,43,4820760,True,"[97, 25, 8, 9]",8,lib/tests/core/native-frames.zy,direct
selected,debug,1,262872,135,43,4860377,True,"[97, 25, 8, 9]",8,lib/tests/core/native-frames.zy,trim_direct
selected,debug,1,252460,135,43,4828248,True,"[97, 25, 8, 9]",9,lib/tests/core/native-frames.zy,trim
selected,debug,1,252961,135,43,4792749,True,"[97, 25, 8, 9]",9,lib/tests/core/native-frames.zy,direct
selected,debug,1,262294,135,43,4910956,True,"[97, 25, 8, 9]",9,lib/tests/core/native-frames.zy,trim_direct
selected,debug,1,252625,135,43,4823826,True,"[97, 25, 8, 9]",9,lib/tests/core/native-frames.zy,baseline
selected,debug,1,267169,135,43,5100205,True,"[97, 25, 8, 9]",10,lib/tests/core/native-frames.zy,direct
selected,debug,1,261252,135,43,4869168,True,"[97, 25, 8, 9]",10,lib/tests/core/native-frames.zy,trim_direct
selected,debug,1,259538,135,43,4897955,True,"[97, 25, 8, 9]",10,lib/tests/core/native-frames.zy,baseline
selected,debug,1,256875,135,43,4868791,True,"[97, 25, 8, 9]",10,lib/tests/core/native-frames.zy,trim
selected,debug,1,278543,135,43,4971005,True,"[97, 25, 8, 9]",11,lib/tests/core/native-frames.zy,trim_direct
selected,debug,1,281375,135,43,5263000,True,"[97, 25, 8, 9]",11,lib/tests/core/native-frames.zy,baseline
selected,debug,1,279585,135,43,5071292,True,"[97, 25, 8, 9]",11,lib/tests/core/native-frames.zy,trim
selected,debug,1,261794,135,43,4853960,True,"[97, 25, 8, 9]",11,lib/tests/core/native-frames.zy,direct
selected,debug,1,259127,135,43,4867205,True,"[97, 25, 8, 9]",12,lib/tests/core/native-frames.zy,baseline
selected,debug,1,256003,135,43,4936456,True,"[97, 25, 8, 9]",12,lib/tests/core/native-frames.zy,trim
selected,debug,1,253835,135,43,4795377,True,"[97, 25, 8, 9]",12,lib/tests/core/native-frames.zy,direct
selected,debug,1,260710,135,43,4830496,True,"[97, 25, 8, 9]",12,lib/tests/core/native-frames.zy,trim_direct
selected,debug,1,269290,135,43,4994120,True,"[97, 25, 8, 9]",13,lib/tests/core/native-frames.zy,trim
selected,debug,1,262665,135,43,4936624,True,"[97, 25, 8, 9]",13,lib/tests/core/native-frames.zy,direct
selected,debug,1,272580,135,43,4862960,True,"[97, 25, 8, 9]",13,lib/tests/core/native-frames.zy,trim_direct
selected,debug,1,254752,135,43,4863791,True,"[97, 25, 8, 9]",13,lib/tests/core/native-frames.zy,baseline
selected,debug,1,253832,135,43,4826711,True,"[97, 25, 8, 9]",14,lib/tests/core/native-frames.zy,direct
selected,debug,1,251499,135,43,4772875,True,"[97, 25, 8, 9]",14,lib/tests/core/native-frames.zy,trim_direct
selected,debug,1,252418,135,43,4863123,True,"[97, 25, 8, 9]",14,lib/tests/core/native-frames.zy,baseline
selected,debug,1,259999,135,43,5061580,True,"[97, 25, 8, 9]",14,lib/tests/core/native-frames.zy,trim
selected,debug,1,265497,135,43,4941250,True,"[97, 25, 8, 9]",15,lib/tests/core/native-frames.zy,trim_direct
selected,debug,1,289961,135,43,4903832,True,"[97, 25, 8, 9]",15,lib/tests/core/native-frames.zy,baseline
selected,debug,1,260331,135,43,4982915,True,"[97, 25, 8, 9]",15,lib/tests/core/native-frames.zy,trim
selected,debug,1,255876,135,43,4698167,True,"[97, 25, 8, 9]",15,lib/tests/core/native-frames.zy,direct
selected,debug,1,257373,135,43,4934291,True,"[97, 25, 8, 9]",16,lib/tests/core/native-frames.zy,baseline
selected,debug,1,275788,135,43,5348125,True,"[97, 25, 8, 9]",16,lib/tests/core/native-frames.zy,trim
selected,debug,1,277959,135,43,4833124,True,"[97, 25, 8, 9]",16,lib/tests/core/native-frames.zy,direct
selected,debug,1,261916,135,43,5007707,True,"[97, 25, 8, 9]",16,lib/tests/core/native-frames.zy,trim_direct
selected,debug,1,271249,135,43,5029376,True,"[97, 25, 8, 9]",17,lib/tests/core/native-frames.zy,trim
selected,debug,1,263792,135,43,4986291,True,"[97, 25, 8, 9]",17,lib/tests/core/native-frames.zy,direct
selected,debug,1,257629,135,43,4814792,True,"[97, 25, 8, 9]",17,lib/tests/core/native-frames.zy,trim_direct
selected,debug,1,285793,135,43,5115663,True,"[97, 25, 8, 9]",17,lib/tests/core/native-frames.zy,baseline
selected,debug,1,264251,135,43,4875042,True,"[97, 25, 8, 9]",18,lib/tests/core/native-frames.zy,direct
selected,debug,1,277376,135,43,4963211,True,"[97, 25, 8, 9]",18,lib/tests/core/native-frames.zy,trim_direct
selected,debug,1,258126,135,43,4820831,True,"[97, 25, 8, 9]",18,lib/tests/core/native-frames.zy,baseline
selected,debug,1,262916,135,43,4910873,True,"[97, 25, 8, 9]",18,lib/tests/core/native-frames.zy,trim
selected,debug,1,255039,135,43,4867459,True,"[97, 25, 8, 9]",19,lib/tests/core/native-frames.zy,trim_direct
selected,debug,1,257251,135,43,4816831,True,"[97, 25, 8, 9]",19,lib/tests/core/native-frames.zy,baseline
selected,debug,1,261373,135,43,4962668,True,"[97, 25, 8, 9]",19,lib/tests/core/native-frames.zy,trim
selected,debug,1,258415,135,43,4804377,True,"[97, 25, 8, 9]",19,lib/tests/core/native-frames.zy,direct
selected,debug,1,259085,135,43,4916828,True,"[97, 25, 8, 9]",20,lib/tests/core/native-frames.zy,baseline
selected,debug,1,252790,135,43,4873171,True,"[97, 25, 8, 9]",20,lib/tests/core/native-frames.zy,trim
selected,debug,1,254706,135,43,4760748,True,"[97, 25, 8, 9]",20,lib/tests/core/native-frames.zy,direct
selected,debug,1,263792,135,43,4976707,True,"[97, 25, 8, 9]",20,lib/tests/core/native-frames.zy,trim_direct
selected,debug,1,269212,135,43,5026330,True,"[97, 25, 8, 9]",21,lib/tests/core/native-frames.zy,trim
selected,debug,1,256121,135,43,4863500,True,"[97, 25, 8, 9]",21,lib/tests/core/native-frames.zy,direct
selected,debug,1,264835,135,43,4862377,True,"[97, 25, 8, 9]",21,lib/tests/core/native-frames.zy,trim_direct
selected,debug,1,257375,135,43,4889757,True,"[97, 25, 8, 9]",21,lib/tests/core/native-frames.zy,baseline
selected,debug,1,257835,135,43,4787916,True,"[97, 25, 8, 9]",22,lib/tests/core/native-frames.zy,direct
selected,debug,1,307920,135,43,5153000,True,"[97, 25, 8, 9]",22,lib/tests/core/native-frames.zy,trim_direct
selected,debug,1,305038,135,43,5113667,True,"[97, 25, 8, 9]",22,lib/tests/core/native-frames.zy,baseline
selected,debug,1,271042,135,43,4941208,True,"[97, 25, 8, 9]",22,lib/tests/core/native-frames.zy,trim
selected,debug,1,272794,135,43,5141124,True,"[97, 25, 8, 9]",23,lib/tests/core/native-frames.zy,trim_direct
selected,debug,1,262289,135,43,4922045,True,"[97, 25, 8, 9]",23,lib/tests/core/native-frames.zy,baseline
selected,debug,1,268461,135,43,5169752,True,"[97, 25, 8, 9]",23,lib/tests/core/native-frames.zy,trim
selected,debug,1,254749,135,43,4839250,True,"[97, 25, 8, 9]",23,lib/tests/core/native-frames.zy,direct
selected,debug,1,263207,135,43,4857709,True,"[97, 25, 8, 9]",24,lib/tests/core/native-frames.zy,baseline
selected,debug,1,262042,135,43,4944911,True,"[97, 25, 8, 9]",24,lib/tests/core/native-frames.zy,trim
selected,debug,1,262503,135,43,4976580,True,"[97, 25, 8, 9]",24,lib/tests/core/native-frames.zy,direct
selected,debug,1,262372,135,43,4995334,True,"[97, 25, 8, 9]",24,lib/tests/core/native-frames.zy,trim_direct
selected,debug,1,265542,135,43,4878751,True,"[97, 25, 8, 9]",25,lib/tests/core/native-frames.zy,trim
selected,debug,1,259625,135,43,4889667,True,"[97, 25, 8, 9]",25,lib/tests/core/native-frames.zy,direct
selected,debug,1,252836,135,43,4790414,True,"[97, 25, 8, 9]",25,lib/tests/core/native-frames.zy,trim_direct
selected,debug,1,258458,135,43,4971208,True,"[97, 25, 8, 9]",25,lib/tests/core/native-frames.zy,baseline
selected,debug,1,250417,135,43,4787542,True,"[97, 25, 8, 9]",26,lib/tests/core/native-frames.zy,direct
selected,debug,1,275123,135,43,4981246,True,"[97, 25, 8, 9]",26,lib/tests/core/native-frames.zy,trim_direct
selected,debug,1,267501,135,43,4940542,True,"[97, 25, 8, 9]",26,lib/tests/core/native-frames.zy,baseline
selected,debug,1,256671,135,43,4851085,True,"[97, 25, 8, 9]",26,lib/tests/core/native-frames.zy,trim
selected,debug,1,262256,135,43,4863331,True,"[97, 25, 8, 9]",27,lib/tests/core/native-frames.zy,trim_direct
selected,debug,1,255291,135,43,4924414,True,"[97, 25, 8, 9]",27,lib/tests/core/native-frames.zy,baseline
selected,debug,1,265415,135,43,4995000,True,"[97, 25, 8, 9]",27,lib/tests/core/native-frames.zy,trim
selected,debug,1,255958,135,43,4831625,True,"[97, 25, 8, 9]",27,lib/tests/core/native-frames.zy,direct
selected,debug,1,254540,135,43,4873705,True,"[97, 25, 8, 9]",28,lib/tests/core/native-frames.zy,baseline
selected,debug,1,259707,135,43,4981165,True,"[97, 25, 8, 9]",28,lib/tests/core/native-frames.zy,trim
selected,debug,1,265083,135,43,4983705,True,"[97, 25, 8, 9]",28,lib/tests/core/native-frames.zy,direct
selected,debug,1,281999,135,43,5071750,True,"[97, 25, 8, 9]",28,lib/tests/core/native-frames.zy,trim_direct
selected,debug,1,263671,135,43,4938374,True,"[97, 25, 8, 9]",29,lib/tests/core/native-frames.zy,trim
selected,debug,1,275044,135,43,5023836,True,"[97, 25, 8, 9]",29,lib/tests/core/native-frames.zy,direct
selected,debug,1,265000,135,43,4882541,True,"[97, 25, 8, 9]",29,lib/tests/core/native-frames.zy,trim_direct
selected,debug,1,298126,135,43,4918626,True,"[97, 25, 8, 9]",29,lib/tests/core/native-frames.zy,baseline
selected,debug,1,263332,135,43,4796872,True,"[97, 25, 8, 9]",30,lib/tests/core/native-frames.zy,direct
selected,debug,1,261413,135,43,4814999,True,"[97, 25, 8, 9]",30,lib/tests/core/native-frames.zy,trim_direct
selected,debug,1,261416,135,43,4942753,True,"[97, 25, 8, 9]",30,lib/tests/core/native-frames.zy,baseline
selected,debug,1,261958,135,43,5057835,True,"[97, 25, 8, 9]",30,lib/tests/core/native-frames.zy,trim
selected,debug,1,253208,135,43,4839498,True,"[97, 25, 8, 9]",31,lib/tests/core/native-frames.zy,trim_direct
selected,debug,1,263042,135,43,4856791,True,"[97, 25, 8, 9]",31,lib/tests/core/native-frames.zy,baseline
selected,debug,1,268834,135,43,4973502,True,"[97, 25, 8, 9]",31,lib/tests/core/native-frames.zy,trim
selected,debug,1,257837,135,43,4843786,True,"[97, 25, 8, 9]",31,lib/tests/core/native-frames.zy,direct
selected,debug,1,266250,131,45,5099284,False,"[93, 26, 7, 0]",0,lib/tests/builtin/host-return.zy,baseline
selected,debug,1,256293,131,45,5060667,False,"[93, 26, 7, 0]",0,lib/tests/builtin/host-return.zy,trim
selected,debug,1,256835,131,45,4945294,False,"[93, 26, 7, 0]",0,lib/tests/builtin/host-return.zy,direct
selected,debug,1,259710,131,45,4952665,False,"[93, 26, 7, 0]",0,lib/tests/builtin/host-return.zy,trim_direct
selected,debug,1,260456,131,45,5153086,False,"[93, 26, 7, 0]",1,lib/tests/builtin/host-return.zy,trim
selected,debug,1,259212,131,45,4989999,False,"[93, 26, 7, 0]",1,lib/tests/builtin/host-return.zy,direct
selected,debug,1,258831,131,45,5141629,False,"[93, 26, 7, 0]",1,lib/tests/builtin/host-return.zy,trim_direct
selected,debug,1,260122,131,45,5228291,False,"[93, 26, 7, 0]",1,lib/tests/builtin/host-return.zy,baseline
selected,debug,1,256585,131,45,5138332,False,"[93, 26, 7, 0]",2,lib/tests/builtin/host-return.zy,direct
selected,debug,1,252000,131,45,5009789,False,"[93, 26, 7, 0]",2,lib/tests/builtin/host-return.zy,trim_direct
selected,debug,1,258416,131,45,5160001,False,"[93, 26, 7, 0]",2,lib/tests/builtin/host-return.zy,baseline
selected,debug,1,261416,131,45,5360585,False,"[93, 26, 7, 0]",2,lib/tests/builtin/host-return.zy,trim
selected,debug,1,273421,131,45,5144958,False,"[93, 26, 7, 0]",3,lib/tests/builtin/host-return.zy,trim_direct
selected,debug,1,255540,131,45,5190707,False,"[93, 26, 7, 0]",3,lib/tests/builtin/host-return.zy,baseline
selected,debug,1,254753,131,45,5115625,False,"[93, 26, 7, 0]",3,lib/tests/builtin/host-return.zy,trim
selected,debug,1,252333,131,45,5014125,False,"[93, 26, 7, 0]",3,lib/tests/builtin/host-return.zy,direct
selected,debug,1,252878,131,45,5071122,False,"[93, 26, 7, 0]",4,lib/tests/builtin/host-return.zy,baseline
selected,debug,1,254919,131,45,5185123,False,"[93, 26, 7, 0]",4,lib/tests/builtin/host-return.zy,trim
selected,debug,1,254418,131,45,5027502,False,"[93, 26, 7, 0]",4,lib/tests/builtin/host-return.zy,direct
selected,debug,1,250961,131,45,5045538,False,"[93, 26, 7, 0]",4,lib/tests/builtin/host-return.zy,trim_direct
selected,debug,1,261294,131,45,5093911,False,"[93, 26, 7, 0]",5,lib/tests/builtin/host-return.zy,trim
selected,debug,1,253626,131,45,5050206,False,"[93, 26, 7, 0]",5,lib/tests/builtin/host-return.zy,direct
selected,debug,1,253087,131,45,5012212,False,"[93, 26, 7, 0]",5,lib/tests/builtin/host-return.zy,trim_direct
selected,debug,1,247293,131,45,4966083,False,"[93, 26, 7, 0]",5,lib/tests/builtin/host-return.zy,baseline
selected,debug,1,253170,131,45,4931710,False,"[93, 26, 7, 0]",6,lib/tests/builtin/host-return.zy,direct
selected,debug,1,252624,131,45,4941584,False,"[93, 26, 7, 0]",6,lib/tests/builtin/host-return.zy,trim_direct
selected,debug,1,250168,131,45,5101333,False,"[93, 26, 7, 0]",6,lib/tests/builtin/host-return.zy,baseline
selected,debug,1,254041,131,45,5080708,False,"[93, 26, 7, 0]",6,lib/tests/builtin/host-return.zy,trim
selected,debug,1,258708,131,45,5049794,False,"[93, 26, 7, 0]",7,lib/tests/builtin/host-return.zy,trim_direct
selected,debug,1,253539,131,45,5090626,False,"[93, 26, 7, 0]",7,lib/tests/builtin/host-return.zy,baseline
selected,debug,1,250331,131,45,4976916,False,"[93, 26, 7, 0]",7,lib/tests/builtin/host-return.zy,trim
selected,debug,1,255914,131,45,5059663,False,"[93, 26, 7, 0]",7,lib/tests/builtin/host-return.zy,direct
selected,debug,1,286001,131,45,5313256,False,"[93, 26, 7, 0]",8,lib/tests/builtin/host-return.zy,baseline
selected,debug,1,281498,131,45,5331582,False,"[93, 26, 7, 0]",8,lib/tests/builtin/host-return.zy,trim
selected,debug,1,263419,131,45,5221162,False,"[93, 26, 7, 0]",8,lib/tests/builtin/host-return.zy,direct
selected,debug,1,273918,131,45,5133586,False,"[93, 26, 7, 0]",8,lib/tests/builtin/host-return.zy,trim_direct
selected,debug,1,270335,131,45,5251332,False,"[93, 26, 7, 0]",9,lib/tests/builtin/host-return.zy,trim
selected,debug,1,256247,131,45,4981458,False,"[93, 26, 7, 0]",9,lib/tests/builtin/host-return.zy,direct
selected,debug,1,265916,131,45,5207501,False,"[93, 26, 7, 0]",9,lib/tests/builtin/host-return.zy,trim_direct
selected,debug,1,261499,131,45,5082247,False,"[93, 26, 7, 0]",9,lib/tests/builtin/host-return.zy,baseline
selected,debug,1,263171,131,45,4999831,False,"[93, 26, 7, 0]",10,lib/tests/builtin/host-return.zy,direct
selected,debug,1,269376,131,45,5194001,False,"[93, 26, 7, 0]",10,lib/tests/builtin/host-return.zy,trim_direct
selected,debug,1,260294,131,45,5079419,False,"[93, 26, 7, 0]",10,lib/tests/builtin/host-return.zy,baseline
selected,debug,1,256962,131,45,5158668,False,"[93, 26, 7, 0]",10,lib/tests/builtin/host-return.zy,trim
selected,debug,1,265208,131,45,5077998,False,"[93, 26, 7, 0]",11,lib/tests/builtin/host-return.zy,trim_direct
selected,debug,1,253292,131,45,5097789,False,"[93, 26, 7, 0]",11,lib/tests/builtin/host-return.zy,baseline
selected,debug,1,256078,131,45,5104589,False,"[93, 26, 7, 0]",11,lib/tests/builtin/host-return.zy,trim
selected,debug,1,258252,131,45,5157749,False,"[93, 26, 7, 0]",11,lib/tests/builtin/host-return.zy,direct
selected,debug,1,263877,131,45,5239037,False,"[93, 26, 7, 0]",12,lib/tests/builtin/host-return.zy,baseline
selected,debug,1,254372,131,45,5146706,False,"[93, 26, 7, 0]",12,lib/tests/builtin/host-return.zy,trim
selected,debug,1,262249,131,45,5168874,False,"[93, 26, 7, 0]",12,lib/tests/builtin/host-return.zy,direct
selected,debug,1,257127,131,45,5156829,False,"[93, 26, 7, 0]",12,lib/tests/builtin/host-return.zy,trim_direct
selected,debug,1,268085,131,45,5302165,False,"[93, 26, 7, 0]",13,lib/tests/builtin/host-return.zy,trim
selected,debug,1,258714,131,45,4986384,False,"[93, 26, 7, 0]",13,lib/tests/builtin/host-return.zy,direct
selected,debug,1,259961,131,45,5029833,False,"[93, 26, 7, 0]",13,lib/tests/builtin/host-return.zy,trim_direct
selected,debug,1,293503,131,45,5345124,False,"[93, 26, 7, 0]",13,lib/tests/builtin/host-return.zy,baseline
selected,debug,1,275043,131,45,5301290,False,"[93, 26, 7, 0]",14,lib/tests/builtin/host-return.zy,direct
selected,debug,1,261586,131,45,5225623,False,"[93, 26, 7, 0]",14,lib/tests/builtin/host-return.zy,trim_direct
selected,debug,1,257296,131,45,5155459,False,"[93, 26, 7, 0]",14,lib/tests/builtin/host-return.zy,baseline
selected,debug,1,268459,131,45,5150795,False,"[93, 26, 7, 0]",14,lib/tests/builtin/host-return.zy,trim
selected,debug,1,262457,131,45,5123415,False,"[93, 26, 7, 0]",15,lib/tests/builtin/host-return.zy,trim_direct
selected,debug,1,257662,131,45,5165623,False,"[93, 26, 7, 0]",15,lib/tests/builtin/host-return.zy,baseline
selected,debug,1,269082,131,45,5198627,False,"[93, 26, 7, 0]",15,lib/tests/builtin/host-return.zy,trim
selected,debug,1,256378,131,45,5062083,False,"[93, 26, 7, 0]",15,lib/tests/builtin/host-return.zy,direct
selected,debug,1,261413,131,45,5116004,False,"[93, 26, 7, 0]",16,lib/tests/builtin/host-return.zy,baseline
selected,debug,1,256830,131,45,5085371,False,"[93, 26, 7, 0]",16,lib/tests/builtin/host-return.zy,trim
selected,debug,1,261796,131,45,5008125,False,"[93, 26, 7, 0]",16,lib/tests/builtin/host-return.zy,direct
selected,debug,1,253127,131,45,5040043,False,"[93, 26, 7, 0]",16,lib/tests/builtin/host-return.zy,trim_direct
selected,debug,1,252463,131,45,5094003,False,"[93, 26, 7, 0]",17,lib/tests/builtin/host-return.zy,trim
selected,debug,1,255128,131,45,5106210,False,"[93, 26, 7, 0]",17,lib/tests/builtin/host-return.zy,direct
selected,debug,1,262042,131,45,5092957,False,"[93, 26, 7, 0]",17,lib/tests/builtin/host-return.zy,trim_direct
selected,debug,1,249455,131,45,5058374,False,"[93, 26, 7, 0]",17,lib/tests/builtin/host-return.zy,baseline
selected,debug,1,269792,131,45,5109374,False,"[93, 26, 7, 0]",18,lib/tests/builtin/host-return.zy,direct
selected,debug,1,250464,131,45,5012292,False,"[93, 26, 7, 0]",18,lib/tests/builtin/host-return.zy,trim_direct
selected,debug,1,251419,131,45,5041581,False,"[93, 26, 7, 0]",18,lib/tests/builtin/host-return.zy,baseline
selected,debug,1,274415,131,45,5110038,False,"[93, 26, 7, 0]",18,lib/tests/builtin/host-return.zy,trim
selected,debug,1,256331,131,45,5006585,False,"[93, 26, 7, 0]",19,lib/tests/builtin/host-return.zy,trim_direct
selected,debug,1,249961,131,45,5039417,False,"[93, 26, 7, 0]",19,lib/tests/builtin/host-return.zy,baseline
selected,debug,1,264498,131,45,5249501,False,"[93, 26, 7, 0]",19,lib/tests/builtin/host-return.zy,trim
selected,debug,1,260419,131,45,5138169,False,"[93, 26, 7, 0]",19,lib/tests/builtin/host-return.zy,direct
selected,debug,1,253379,131,45,5165495,False,"[93, 26, 7, 0]",20,lib/tests/builtin/host-return.zy,baseline
selected,debug,1,264081,131,45,5329170,False,"[93, 26, 7, 0]",20,lib/tests/builtin/host-return.zy,trim
selected,debug,1,316208,131,45,5097999,False,"[93, 26, 7, 0]",20,lib/tests/builtin/host-return.zy,direct
selected,debug,1,277129,131,45,5236881,False,"[93, 26, 7, 0]",20,lib/tests/builtin/host-return.zy,trim_direct
selected,debug,1,263497,131,45,5084377,False,"[93, 26, 7, 0]",21,lib/tests/builtin/host-return.zy,trim
selected,debug,1,254537,131,45,5066082,False,"[93, 26, 7, 0]",21,lib/tests/builtin/host-return.zy,direct
selected,debug,1,258297,131,45,5175169,False,"[93, 26, 7, 0]",21,lib/tests/builtin/host-return.zy,trim_direct
selected,debug,1,256918,131,45,5039789,False,"[93, 26, 7, 0]",21,lib/tests/builtin/host-return.zy,baseline
selected,debug,1,259959,131,45,5065421,False,"[93, 26, 7, 0]",22,lib/tests/builtin/host-return.zy,direct
selected,debug,1,257003,131,45,5163917,False,"[93, 26, 7, 0]",22,lib/tests/builtin/host-return.zy,trim_direct
selected,debug,1,252043,131,45,5114209,False,"[93, 26, 7, 0]",22,lib/tests/builtin/host-return.zy,baseline
selected,debug,1,247625,131,45,5011376,False,"[93, 26, 7, 0]",22,lib/tests/builtin/host-return.zy,trim
selected,debug,1,252706,131,45,5022294,False,"[93, 26, 7, 0]",23,lib/tests/builtin/host-return.zy,trim_direct
selected,debug,1,255793,131,45,5188749,False,"[93, 26, 7, 0]",23,lib/tests/builtin/host-return.zy,baseline
selected,debug,1,267086,131,45,5167870,False,"[93, 26, 7, 0]",23,lib/tests/builtin/host-return.zy,trim
selected,debug,1,254960,131,45,5115874,False,"[93, 26, 7, 0]",23,lib/tests/builtin/host-return.zy,direct
selected,debug,1,247957,131,45,4959213,False,"[93, 26, 7, 0]",24,lib/tests/builtin/host-return.zy,baseline
selected,debug,1,255664,131,45,5199996,False,"[93, 26, 7, 0]",24,lib/tests/builtin/host-return.zy,trim
selected,debug,1,249832,131,45,5029503,False,"[93, 26, 7, 0]",24,lib/tests/builtin/host-return.zy,direct
selected,debug,1,257090,131,45,5151415,False,"[93, 26, 7, 0]",24,lib/tests/builtin/host-return.zy,trim_direct
selected,debug,1,259711,131,45,5079207,False,"[93, 26, 7, 0]",25,lib/tests/builtin/host-return.zy,trim
selected,debug,1,255543,131,45,5052082,False,"[93, 26, 7, 0]",25,lib/tests/builtin/host-return.zy,direct
selected,debug,1,258792,131,45,5065330,False,"[93, 26, 7, 0]",25,lib/tests/builtin/host-return.zy,trim_direct
selected,debug,1,253456,131,45,5084339,False,"[93, 26, 7, 0]",25,lib/tests/builtin/host-return.zy,baseline
selected,debug,1,251418,131,45,4950836,False,"[93, 26, 7, 0]",26,lib/tests/builtin/host-return.zy,direct
selected,debug,1,264957,131,45,5299043,False,"[93, 26, 7, 0]",26,lib/tests/builtin/host-return.zy,trim_direct
selected,debug,1,274333,131,45,5299667,False,"[93, 26, 7, 0]",26,lib/tests/builtin/host-return.zy,baseline
selected,debug,1,267084,131,45,5126461,False,"[93, 26, 7, 0]",26,lib/tests/builtin/host-return.zy,trim
selected,debug,1,256956,131,45,4998500,False,"[93, 26, 7, 0]",27,lib/tests/builtin/host-return.zy,trim_direct
selected,debug,1,264709,131,45,5261579,False,"[93, 26, 7, 0]",27,lib/tests/builtin/host-return.zy,baseline
selected,debug,1,266290,131,45,5263545,False,"[93, 26, 7, 0]",27,lib/tests/builtin/host-return.zy,trim
selected,debug,1,255665,131,45,5078166,False,"[93, 26, 7, 0]",27,lib/tests/builtin/host-return.zy,direct
selected,debug,1,251173,131,45,5049375,False,"[93, 26, 7, 0]",28,lib/tests/builtin/host-return.zy,baseline
selected,debug,1,253711,131,45,5128707,False,"[93, 26, 7, 0]",28,lib/tests/builtin/host-return.zy,trim
selected,debug,1,260837,131,45,5056790,False,"[93, 26, 7, 0]",28,lib/tests/builtin/host-return.zy,direct
selected,debug,1,259043,131,45,4985791,False,"[93, 26, 7, 0]",28,lib/tests/builtin/host-return.zy,trim_direct
selected,debug,1,258204,131,45,5110211,False,"[93, 26, 7, 0]",29,lib/tests/builtin/host-return.zy,trim
selected,debug,1,245417,131,45,4952754,False,"[93, 26, 7, 0]",29,lib/tests/builtin/host-return.zy,direct
selected,debug,1,254588,131,45,5068664,False,"[93, 26, 7, 0]",29,lib/tests/builtin/host-return.zy,trim_direct
selected,debug,1,251123,131,45,5086039,False,"[93, 26, 7, 0]",29,lib/tests/builtin/host-return.zy,baseline
selected,debug,1,253332,131,45,5113377,False,"[93, 26, 7, 0]",30,lib/tests/builtin/host-return.zy,direct
selected,debug,1,252332,131,45,5072375,False,"[93, 26, 7, 0]",30,lib/tests/builtin/host-return.zy,trim_direct
selected,debug,1,249707,131,45,5099250,False,"[93, 26, 7, 0]",30,lib/tests/builtin/host-return.zy,baseline
selected,debug,1,248418,131,45,5039165,False,"[93, 26, 7, 0]",30,lib/tests/builtin/host-return.zy,trim
selected,debug,1,255873,131,45,4998417,False,"[93, 26, 7, 0]",31,lib/tests/builtin/host-return.zy,trim_direct
selected,debug,1,252500,131,45,5127997,False,"[93, 26, 7, 0]",31,lib/tests/builtin/host-return.zy,baseline
selected,debug,1,245841,131,45,5044880,False,"[93, 26, 7, 0]",31,lib/tests/builtin/host-return.zy,trim
selected,debug,1,251752,131,45,5004744,False,"[93, 26, 7, 0]",31,lib/tests/builtin/host-return.zy,direct
selected,debug,1,280793,131,56,4852253,True,"[66, 24, 7, 8]",0,lib/tests/builtin/host-return.zy,baseline
selected,debug,1,300540,131,56,5167045,True,"[66, 24, 7, 8]",0,lib/tests/builtin/host-return.zy,trim
selected,debug,1,351996,131,56,5347873,True,"[66, 24, 7, 8]",0,lib/tests/builtin/host-return.zy,direct
selected,debug,1,286840,131,56,5176541,True,"[66, 24, 7, 8]",0,lib/tests/builtin/host-return.zy,trim_direct
selected,debug,1,279743,131,56,5093665,True,"[66, 24, 7, 8]",1,lib/tests/builtin/host-return.zy,trim
selected,debug,1,266206,131,56,4932752,True,"[66, 24, 7, 8]",1,lib/tests/builtin/host-return.zy,direct
selected,debug,1,275709,131,56,4875247,True,"[66, 24, 7, 8]",1,lib/tests/builtin/host-return.zy,trim_direct
selected,debug,1,286626,131,56,5095455,True,"[66, 24, 7, 8]",1,lib/tests/builtin/host-return.zy,baseline
selected,debug,1,274580,131,56,4978960,True,"[66, 24, 7, 8]",2,lib/tests/builtin/host-return.zy,direct
selected,debug,1,280706,131,56,4937586,True,"[66, 24, 7, 8]",2,lib/tests/builtin/host-return.zy,trim_direct
selected,debug,1,265373,131,56,4854793,True,"[66, 24, 7, 8]",2,lib/tests/builtin/host-return.zy,baseline
selected,debug,1,267461,131,56,4921872,True,"[66, 24, 7, 8]",2,lib/tests/builtin/host-return.zy,trim
selected,debug,1,268667,131,56,4900919,True,"[66, 24, 7, 8]",3,lib/tests/builtin/host-return.zy,trim_direct
selected,debug,1,272669,131,56,5037582,True,"[66, 24, 7, 8]",3,lib/tests/builtin/host-return.zy,baseline
selected,debug,1,267873,131,56,4957588,True,"[66, 24, 7, 8]",3,lib/tests/builtin/host-return.zy,trim
selected,debug,1,279046,131,56,4806837,True,"[66, 24, 7, 8]",3,lib/tests/builtin/host-return.zy,direct
selected,debug,1,269175,131,56,4899581,True,"[66, 24, 7, 8]",4,lib/tests/builtin/host-return.zy,baseline
selected,debug,1,273495,131,56,5009000,True,"[66, 24, 7, 8]",4,lib/tests/builtin/host-return.zy,trim
selected,debug,1,274872,131,56,4990834,True,"[66, 24, 7, 8]",4,lib/tests/builtin/host-return.zy,direct
selected,debug,1,275793,131,56,4893576,True,"[66, 24, 7, 8]",4,lib/tests/builtin/host-return.zy,trim_direct
selected,debug,1,268581,131,56,4900959,True,"[66, 24, 7, 8]",5,lib/tests/builtin/host-return.zy,trim
selected,debug,1,276080,131,56,4897665,True,"[66, 24, 7, 8]",5,lib/tests/builtin/host-return.zy,direct
selected,debug,1,275082,131,56,4908628,True,"[66, 24, 7, 8]",5,lib/tests/builtin/host-return.zy,trim_direct
selected,debug,1,261585,131,56,4823086,True,"[66, 24, 7, 8]",5,lib/tests/builtin/host-return.zy,baseline
selected,debug,1,266539,131,56,4838002,True,"[66, 24, 7, 8]",6,lib/tests/builtin/host-return.zy,direct
selected,debug,1,292833,131,56,5263249,True,"[66, 24, 7, 8]",6,lib/tests/builtin/host-return.zy,trim_direct
selected,debug,1,278250,131,56,5185417,True,"[66, 24, 7, 8]",6,lib/tests/builtin/host-return.zy,baseline
selected,debug,1,275460,131,56,4950417,True,"[66, 24, 7, 8]",6,lib/tests/builtin/host-return.zy,trim
selected,debug,1,274169,131,56,5021007,True,"[66, 24, 7, 8]",7,lib/tests/builtin/host-return.zy,trim_direct
selected,debug,1,267121,131,56,4953961,True,"[66, 24, 7, 8]",7,lib/tests/builtin/host-return.zy,baseline
selected,debug,1,279084,131,56,5176624,True,"[66, 24, 7, 8]",7,lib/tests/builtin/host-return.zy,trim
selected,debug,1,283171,131,56,4900880,True,"[66, 24, 7, 8]",7,lib/tests/builtin/host-return.zy,direct
selected,debug,1,271377,131,56,4935832,True,"[66, 24, 7, 8]",8,lib/tests/builtin/host-return.zy,baseline
selected,debug,1,274125,131,56,4970004,True,"[66, 24, 7, 8]",8,lib/tests/builtin/host-return.zy,trim
selected,debug,1,268536,131,56,4840961,True,"[66, 24, 7, 8]",8,lib/tests/builtin/host-return.zy,direct
selected,debug,1,265714,131,56,4867838,True,"[66, 24, 7, 8]",8,lib/tests/builtin/host-return.zy,trim_direct
selected,debug,1,269706,131,56,4904413,True,"[66, 24, 7, 8]",9,lib/tests/builtin/host-return.zy,trim
selected,debug,1,263917,131,56,4821168,True,"[66, 24, 7, 8]",9,lib/tests/builtin/host-return.zy,direct
selected,debug,1,264335,131,56,4837043,True,"[66, 24, 7, 8]",9,lib/tests/builtin/host-return.zy,trim_direct
selected,debug,1,271704,131,56,5045877,True,"[66, 24, 7, 8]",9,lib/tests/builtin/host-return.zy,baseline
selected,debug,1,271794,131,56,5037796,True,"[66, 24, 7, 8]",10,lib/tests/builtin/host-return.zy,direct
selected,debug,1,267124,131,56,4864623,True,"[66, 24, 7, 8]",10,lib/tests/builtin/host-return.zy,trim_direct
selected,debug,1,267498,131,56,4897253,True,"[66, 24, 7, 8]",10,lib/tests/builtin/host-return.zy,baseline
selected,debug,1,269954,131,56,4963923,True,"[66, 24, 7, 8]",10,lib/tests/builtin/host-return.zy,trim
selected,debug,1,276541,131,56,4837498,True,"[66, 24, 7, 8]",11,lib/tests/builtin/host-return.zy,trim_direct
selected,debug,1,290793,131,56,4873582,True,"[66, 24, 7, 8]",11,lib/tests/builtin/host-return.zy,baseline
selected,debug,1,269791,131,56,4925466,True,"[66, 24, 7, 8]",11,lib/tests/builtin/host-return.zy,trim
selected,debug,1,272539,131,56,4941999,True,"[66, 24, 7, 8]",11,lib/tests/builtin/host-return.zy,direct
selected,debug,1,287246,131,56,4929751,True,"[66, 24, 7, 8]",12,lib/tests/builtin/host-return.zy,baseline
selected,debug,1,327500,131,56,5166370,True,"[66, 24, 7, 8]",12,lib/tests/builtin/host-return.zy,trim
selected,debug,1,273789,131,56,5040210,True,"[66, 24, 7, 8]",12,lib/tests/builtin/host-return.zy,direct
selected,debug,1,295959,131,56,5033501,True,"[66, 24, 7, 8]",12,lib/tests/builtin/host-return.zy,trim_direct
selected,debug,1,272915,131,56,5023834,True,"[66, 24, 7, 8]",13,lib/tests/builtin/host-return.zy,trim
selected,debug,1,268499,131,56,4800717,True,"[66, 24, 7, 8]",13,lib/tests/builtin/host-return.zy,direct
selected,debug,1,271165,131,56,5066211,True,"[66, 24, 7, 8]",13,lib/tests/builtin/host-return.zy,trim_direct
selected,debug,1,259998,131,56,4876289,True,"[66, 24, 7, 8]",13,lib/tests/builtin/host-return.zy,baseline
selected,debug,1,268620,131,56,4932210,True,"[66, 24, 7, 8]",14,lib/tests/builtin/host-return.zy,direct
selected,debug,1,277046,131,56,4910376,True,"[66, 24, 7, 8]",14,lib/tests/builtin/host-return.zy,trim_direct
selected,debug,1,273044,131,56,4971334,True,"[66, 24, 7, 8]",14,lib/tests/builtin/host-return.zy,baseline
selected,debug,1,276251,131,56,4987705,True,"[66, 24, 7, 8]",14,lib/tests/builtin/host-return.zy,trim
selected,debug,1,272628,131,56,4935206,True,"[66, 24, 7, 8]",15,lib/tests/builtin/host-return.zy,trim_direct
selected,debug,1,266996,131,56,4932334,True,"[66, 24, 7, 8]",15,lib/tests/builtin/host-return.zy,baseline
selected,debug,1,268038,131,56,4936829,True,"[66, 24, 7, 8]",15,lib/tests/builtin/host-return.zy,trim
selected,debug,1,268170,131,56,4916333,True,"[66, 24, 7, 8]",15,lib/tests/builtin/host-return.zy,direct
selected,debug,1,275957,131,56,4967161,True,"[66, 24, 7, 8]",16,lib/tests/builtin/host-return.zy,baseline
selected,debug,1,265791,131,56,4886666,True,"[66, 24, 7, 8]",16,lib/tests/builtin/host-return.zy,trim
selected,debug,1,266912,131,56,4868042,True,"[66, 24, 7, 8]",16,lib/tests/builtin/host-return.zy,direct
selected,debug,1,273667,131,56,4904706,True,"[66, 24, 7, 8]",16,lib/tests/builtin/host-return.zy,trim_direct
selected,debug,1,278997,131,56,5016917,True,"[66, 24, 7, 8]",17,lib/tests/builtin/host-return.zy,trim
selected,debug,1,266292,131,56,4831126,True,"[66, 24, 7, 8]",17,lib/tests/builtin/host-return.zy,direct
selected,debug,1,269375,131,56,5002750,True,"[66, 24, 7, 8]",17,lib/tests/builtin/host-return.zy,trim_direct
selected,debug,1,265211,131,56,4866498,True,"[66, 24, 7, 8]",17,lib/tests/builtin/host-return.zy,baseline
selected,debug,1,281377,131,56,5124501,True,"[66, 24, 7, 8]",18,lib/tests/builtin/host-return.zy,direct
selected,debug,1,278039,131,56,5066789,True,"[66, 24, 7, 8]",18,lib/tests/builtin/host-return.zy,trim_direct
selected,debug,1,273497,131,56,5118004,True,"[66, 24, 7, 8]",18,lib/tests/builtin/host-return.zy,baseline
selected,debug,1,275248,131,56,4992542,True,"[66, 24, 7, 8]",18,lib/tests/builtin/host-return.zy,trim
selected,debug,1,277834,131,56,5175124,True,"[66, 24, 7, 8]",19,lib/tests/builtin/host-return.zy,trim_direct
selected,debug,1,276583,131,56,4984956,True,"[66, 24, 7, 8]",19,lib/tests/builtin/host-return.zy,baseline
selected,debug,1,272001,131,56,4997211,True,"[66, 24, 7, 8]",19,lib/tests/builtin/host-return.zy,trim
selected,debug,1,281085,131,56,4976041,True,"[66, 24, 7, 8]",19,lib/tests/builtin/host-return.zy,direct
selected,debug,1,285709,131,56,5025545,True,"[66, 24, 7, 8]",20,lib/tests/builtin/host-return.zy,baseline
selected,debug,1,272042,131,56,5035497,True,"[66, 24, 7, 8]",20,lib/tests/builtin/host-return.zy,trim
selected,debug,1,264711,131,56,4864368,True,"[66, 24, 7, 8]",20,lib/tests/builtin/host-return.zy,direct
selected,debug,1,270373,131,56,4862288,True,"[66, 24, 7, 8]",20,lib/tests/builtin/host-return.zy,trim_direct
selected,debug,1,266211,131,56,4882332,True,"[66, 24, 7, 8]",21,lib/tests/builtin/host-return.zy,trim
selected,debug,1,267503,131,56,4892211,True,"[66, 24, 7, 8]",21,lib/tests/builtin/host-return.zy,direct
selected,debug,1,279293,131,56,4953664,True,"[66, 24, 7, 8]",21,lib/tests/builtin/host-return.zy,trim_direct
selected,debug,1,270460,131,56,4959581,True,"[66, 24, 7, 8]",21,lib/tests/builtin/host-return.zy,baseline
selected,debug,1,259503,131,56,4804916,True,"[66, 24, 7, 8]",22,lib/tests/builtin/host-return.zy,direct
selected,debug,1,269958,131,56,4856372,True,"[66, 24, 7, 8]",22,lib/tests/builtin/host-return.zy,trim_direct
selected,debug,1,267001,131,56,4980580,True,"[66, 24, 7, 8]",22,lib/tests/builtin/host-return.zy,baseline
selected,debug,1,276795,131,56,4933375,True,"[66, 24, 7, 8]",22,lib/tests/builtin/host-return.zy,trim
selected,debug,1,297417,131,56,4881959,True,"[66, 24, 7, 8]",23,lib/tests/builtin/host-return.zy,trim_direct
selected,debug,1,283376,131,56,5058209,True,"[66, 24, 7, 8]",23,lib/tests/builtin/host-return.zy,baseline
selected,debug,1,273377,131,56,4916167,True,"[66, 24, 7, 8]",23,lib/tests/builtin/host-return.zy,trim
selected,debug,1,271250,131,56,4907705,True,"[66, 24, 7, 8]",23,lib/tests/builtin/host-return.zy,direct
selected,debug,1,303457,131,56,5329161,True,"[66, 24, 7, 8]",24,lib/tests/builtin/host-return.zy,baseline
selected,debug,1,276286,131,56,4963378,True,"[66, 24, 7, 8]",24,lib/tests/builtin/host-return.zy,trim
selected,debug,1,271203,131,56,4985164,True,"[66, 24, 7, 8]",24,lib/tests/builtin/host-return.zy,direct
selected,debug,1,276209,131,56,4966123,True,"[66, 24, 7, 8]",24,lib/tests/builtin/host-return.zy,trim_direct
selected,debug,1,279540,131,56,4989625,True,"[66, 24, 7, 8]",25,lib/tests/builtin/host-return.zy,trim
selected,debug,1,275162,131,56,4882790,True,"[66, 24, 7, 8]",25,lib/tests/builtin/host-return.zy,direct
selected,debug,1,266876,131,56,4887411,True,"[66, 24, 7, 8]",25,lib/tests/builtin/host-return.zy,trim_direct
selected,debug,1,265163,131,56,4862875,True,"[66, 24, 7, 8]",25,lib/tests/builtin/host-return.zy,baseline
selected,debug,1,275875,131,56,4953870,True,"[66, 24, 7, 8]",26,lib/tests/builtin/host-return.zy,direct
selected,debug,1,271920,131,56,4910337,True,"[66, 24, 7, 8]",26,lib/tests/builtin/host-return.zy,trim_direct
selected,debug,1,266330,131,56,4898089,True,"[66, 24, 7, 8]",26,lib/tests/builtin/host-return.zy,baseline
selected,debug,1,281169,131,56,4958499,True,"[66, 24, 7, 8]",26,lib/tests/builtin/host-return.zy,trim
selected,debug,1,278537,131,56,5015705,True,"[66, 24, 7, 8]",27,lib/tests/builtin/host-return.zy,trim_direct
selected,debug,1,275375,131,56,4909584,True,"[66, 24, 7, 8]",27,lib/tests/builtin/host-return.zy,baseline
selected,debug,1,266830,131,56,4890081,True,"[66, 24, 7, 8]",27,lib/tests/builtin/host-return.zy,trim
selected,debug,1,269082,131,56,4864880,True,"[66, 24, 7, 8]",27,lib/tests/builtin/host-return.zy,direct
selected,debug,1,269129,131,56,4905794,True,"[66, 24, 7, 8]",28,lib/tests/builtin/host-return.zy,baseline
selected,debug,1,269709,131,56,4936995,True,"[66, 24, 7, 8]",28,lib/tests/builtin/host-return.zy,trim
selected,debug,1,271960,131,56,4903661,True,"[66, 24, 7, 8]",28,lib/tests/builtin/host-return.zy,direct
selected,debug,1,288375,131,56,4967335,True,"[66, 24, 7, 8]",28,lib/tests/builtin/host-return.zy,trim_direct
selected,debug,1,280252,131,56,4957999,True,"[66, 24, 7, 8]",29,lib/tests/builtin/host-return.zy,trim
selected,debug,1,268457,131,56,4973916,True,"[66, 24, 7, 8]",29,lib/tests/builtin/host-return.zy,direct
selected,debug,1,263798,131,56,4812754,True,"[66, 24, 7, 8]",29,lib/tests/builtin/host-return.zy,trim_direct
selected,debug,1,283292,131,56,5200583,True,"[66, 24, 7, 8]",29,lib/tests/builtin/host-return.zy,baseline
selected,debug,1,278957,131,56,5038584,True,"[66, 24, 7, 8]",30,lib/tests/builtin/host-return.zy,direct
selected,debug,1,273629,131,56,5044548,True,"[66, 24, 7, 8]",30,lib/tests/builtin/host-return.zy,trim_direct
selected,debug,1,291961,131,56,4901666,True,"[66, 24, 7, 8]",30,lib/tests/builtin/host-return.zy,baseline
selected,debug,1,262167,131,56,4874626,True,"[66, 24, 7, 8]",30,lib/tests/builtin/host-return.zy,trim
selected,debug,1,283459,131,56,5153790,True,"[66, 24, 7, 8]",31,lib/tests/builtin/host-return.zy,trim_direct
selected,debug,1,295668,131,56,4995333,True,"[66, 24, 7, 8]",31,lib/tests/builtin/host-return.zy,baseline
selected,debug,1,269250,131,56,4980707,True,"[66, 24, 7, 8]",31,lib/tests/builtin/host-return.zy,trim
selected,debug,1,275998,131,56,4994459,True,"[66, 24, 7, 8]",31,lib/tests/builtin/host-return.zy,direct
selected,debug,1,230125,692,7,4738916,False,"[525, 160, 38, 0]",0,lib/tests/builtin/host-runtime.zy,baseline
selected,debug,1,227834,692,7,4758834,False,"[525, 160, 38, 0]",0,lib/tests/builtin/host-runtime.zy,trim
selected,debug,1,227791,692,7,4645416,False,"[525, 160, 38, 0]",0,lib/tests/builtin/host-runtime.zy,direct
selected,debug,1,253918,692,7,4947917,False,"[525, 160, 38, 0]",0,lib/tests/builtin/host-runtime.zy,trim_direct
selected,debug,1,225001,692,7,4891000,False,"[525, 160, 38, 0]",1,lib/tests/builtin/host-runtime.zy,trim
selected,debug,1,224667,692,7,4981459,False,"[525, 160, 38, 0]",1,lib/tests/builtin/host-runtime.zy,direct
selected,debug,1,339334,692,7,4708669,False,"[525, 160, 38, 0]",1,lib/tests/builtin/host-runtime.zy,trim_direct
selected,debug,1,239291,692,7,4948959,False,"[525, 160, 38, 0]",1,lib/tests/builtin/host-runtime.zy,baseline
selected,debug,1,219208,692,7,4674501,False,"[525, 160, 38, 0]",2,lib/tests/builtin/host-runtime.zy,direct
selected,debug,1,221833,692,7,4708209,False,"[525, 160, 38, 0]",2,lib/tests/builtin/host-runtime.zy,trim_direct
selected,debug,1,240084,692,7,4820874,False,"[525, 160, 38, 0]",2,lib/tests/builtin/host-runtime.zy,baseline
selected,debug,1,240248,692,7,4894710,False,"[525, 160, 38, 0]",2,lib/tests/builtin/host-runtime.zy,trim
selected,debug,1,223542,692,7,4738584,False,"[525, 160, 38, 0]",3,lib/tests/builtin/host-runtime.zy,trim_direct
selected,debug,1,223250,692,7,4689124,False,"[525, 160, 38, 0]",3,lib/tests/builtin/host-runtime.zy,baseline
selected,debug,1,231249,692,7,4809501,False,"[525, 160, 38, 0]",3,lib/tests/builtin/host-runtime.zy,trim
selected,debug,1,213626,692,7,4653293,False,"[525, 160, 38, 0]",3,lib/tests/builtin/host-runtime.zy,direct
selected,debug,1,214584,692,7,4718209,False,"[525, 160, 38, 0]",4,lib/tests/builtin/host-runtime.zy,baseline
selected,debug,1,218583,692,7,4811790,False,"[525, 160, 38, 0]",4,lib/tests/builtin/host-runtime.zy,trim
selected,debug,1,213750,692,7,4603834,False,"[525, 160, 38, 0]",4,lib/tests/builtin/host-runtime.zy,direct
selected,debug,1,233499,692,7,4818041,False,"[525, 160, 38, 0]",4,lib/tests/builtin/host-runtime.zy,trim_direct
selected,debug,1,225665,692,7,4813500,False,"[525, 160, 38, 0]",5,lib/tests/builtin/host-runtime.zy,trim
selected,debug,1,225877,692,7,4598376,False,"[525, 160, 38, 0]",5,lib/tests/builtin/host-runtime.zy,direct
selected,debug,1,215458,692,7,4672915,False,"[525, 160, 38, 0]",5,lib/tests/builtin/host-runtime.zy,trim_direct
selected,debug,1,219500,692,7,4708332,False,"[525, 160, 38, 0]",5,lib/tests/builtin/host-runtime.zy,baseline
selected,debug,1,222417,692,7,4602247,False,"[525, 160, 38, 0]",6,lib/tests/builtin/host-runtime.zy,direct
selected,debug,1,219376,692,7,4681875,False,"[525, 160, 38, 0]",6,lib/tests/builtin/host-runtime.zy,trim_direct
selected,debug,1,219916,692,7,4752666,False,"[525, 160, 38, 0]",6,lib/tests/builtin/host-runtime.zy,baseline
selected,debug,1,234125,692,7,4853041,False,"[525, 160, 38, 0]",6,lib/tests/builtin/host-runtime.zy,trim
selected,debug,1,221126,692,7,4768667,False,"[525, 160, 38, 0]",7,lib/tests/builtin/host-runtime.zy,trim_direct
selected,debug,1,225458,692,7,4779083,False,"[525, 160, 38, 0]",7,lib/tests/builtin/host-runtime.zy,baseline
selected,debug,1,225209,692,7,4716127,False,"[525, 160, 38, 0]",7,lib/tests/builtin/host-runtime.zy,trim
selected,debug,1,236334,692,7,4919041,False,"[525, 160, 38, 0]",7,lib/tests/builtin/host-runtime.zy,direct
selected,debug,1,227418,692,7,4955208,False,"[525, 160, 38, 0]",8,lib/tests/builtin/host-runtime.zy,baseline
selected,debug,1,218375,692,7,4737458,False,"[525, 160, 38, 0]",8,lib/tests/builtin/host-runtime.zy,trim
selected,debug,1,227084,692,7,4603001,False,"[525, 160, 38, 0]",8,lib/tests/builtin/host-runtime.zy,direct
selected,debug,1,226041,692,7,4770791,False,"[525, 160, 38, 0]",8,lib/tests/builtin/host-runtime.zy,trim_direct
selected,debug,1,227040,692,7,4864917,False,"[525, 160, 38, 0]",9,lib/tests/builtin/host-runtime.zy,trim
selected,debug,1,220793,692,7,4663086,False,"[525, 160, 38, 0]",9,lib/tests/builtin/host-runtime.zy,direct
selected,debug,1,226874,692,7,4882957,False,"[525, 160, 38, 0]",9,lib/tests/builtin/host-runtime.zy,trim_direct
selected,debug,1,231167,692,7,4866793,False,"[525, 160, 38, 0]",9,lib/tests/builtin/host-runtime.zy,baseline
selected,debug,1,220375,692,7,4584500,False,"[525, 160, 38, 0]",10,lib/tests/builtin/host-runtime.zy,direct
selected,debug,1,229542,692,7,4723376,False,"[525, 160, 38, 0]",10,lib/tests/builtin/host-runtime.zy,trim_direct
selected,debug,1,221666,692,7,4836417,False,"[525, 160, 38, 0]",10,lib/tests/builtin/host-runtime.zy,baseline
selected,debug,1,225876,692,7,4786209,False,"[525, 160, 38, 0]",10,lib/tests/builtin/host-runtime.zy,trim
selected,debug,1,226667,692,7,4851794,False,"[525, 160, 38, 0]",11,lib/tests/builtin/host-runtime.zy,trim_direct
selected,debug,1,216333,692,7,4600293,False,"[525, 160, 38, 0]",11,lib/tests/builtin/host-runtime.zy,baseline
selected,debug,1,217250,692,7,4710958,False,"[525, 160, 38, 0]",11,lib/tests/builtin/host-runtime.zy,trim
selected,debug,1,221002,692,7,4753125,False,"[525, 160, 38, 0]",11,lib/tests/builtin/host-runtime.zy,direct
selected,debug,1,221583,692,7,4736376,False,"[525, 160, 38, 0]",12,lib/tests/builtin/host-runtime.zy,baseline
selected,debug,1,218334,692,7,4739165,False,"[525, 160, 38, 0]",12,lib/tests/builtin/host-runtime.zy,trim
selected,debug,1,220752,692,7,4727501,False,"[525, 160, 38, 0]",12,lib/tests/builtin/host-runtime.zy,direct
selected,debug,1,224501,692,7,4751750,False,"[525, 160, 38, 0]",12,lib/tests/builtin/host-runtime.zy,trim_direct
selected,debug,1,219874,692,7,4802625,False,"[525, 160, 38, 0]",13,lib/tests/builtin/host-runtime.zy,trim
selected,debug,1,219625,692,7,4668082,False,"[525, 160, 38, 0]",13,lib/tests/builtin/host-runtime.zy,direct
selected,debug,1,213457,692,7,4583834,False,"[525, 160, 38, 0]",13,lib/tests/builtin/host-runtime.zy,trim_direct
selected,debug,1,215085,692,7,4728915,False,"[525, 160, 38, 0]",13,lib/tests/builtin/host-runtime.zy,baseline
selected,debug,1,221291,692,7,4699793,False,"[525, 160, 38, 0]",14,lib/tests/builtin/host-runtime.zy,direct
selected,debug,1,214334,692,7,4653960,False,"[525, 160, 38, 0]",14,lib/tests/builtin/host-runtime.zy,trim_direct
selected,debug,1,226790,692,7,4851293,False,"[525, 160, 38, 0]",14,lib/tests/builtin/host-runtime.zy,baseline
selected,debug,1,227373,692,7,4949543,False,"[525, 160, 38, 0]",14,lib/tests/builtin/host-runtime.zy,trim
selected,debug,1,233876,692,7,5126291,False,"[525, 160, 38, 0]",15,lib/tests/builtin/host-runtime.zy,trim_direct
selected,debug,1,227583,692,7,4768790,False,"[525, 160, 38, 0]",15,lib/tests/builtin/host-runtime.zy,baseline
selected,debug,1,236789,692,7,4835833,False,"[525, 160, 38, 0]",15,lib/tests/builtin/host-runtime.zy,trim
selected,debug,1,233333,692,7,4619624,False,"[525, 160, 38, 0]",15,lib/tests/builtin/host-runtime.zy,direct
selected,debug,1,218833,692,7,4754625,False,"[525, 160, 38, 0]",16,lib/tests/builtin/host-runtime.zy,baseline
selected,debug,1,230831,692,7,5073168,False,"[525, 160, 38, 0]",16,lib/tests/builtin/host-runtime.zy,trim
selected,debug,1,236291,692,7,4857917,False,"[525, 160, 38, 0]",16,lib/tests/builtin/host-runtime.zy,direct
selected,debug,1,238461,692,7,4793126,False,"[525, 160, 38, 0]",16,lib/tests/builtin/host-runtime.zy,trim_direct
selected,debug,1,241709,692,7,4784000,False,"[525, 160, 38, 0]",17,lib/tests/builtin/host-runtime.zy,trim
selected,debug,1,219791,692,7,4662750,False,"[525, 160, 38, 0]",17,lib/tests/builtin/host-runtime.zy,direct
selected,debug,1,244459,692,7,4741667,False,"[525, 160, 38, 0]",17,lib/tests/builtin/host-runtime.zy,trim_direct
selected,debug,1,223543,692,7,4796792,False,"[525, 160, 38, 0]",17,lib/tests/builtin/host-runtime.zy,baseline
selected,debug,1,213000,692,7,4603210,False,"[525, 160, 38, 0]",18,lib/tests/builtin/host-runtime.zy,direct
selected,debug,1,216499,692,7,4727958,False,"[525, 160, 38, 0]",18,lib/tests/builtin/host-runtime.zy,trim_direct
selected,debug,1,216958,692,7,4728167,False,"[525, 160, 38, 0]",18,lib/tests/builtin/host-runtime.zy,baseline
selected,debug,1,219624,692,7,4745582,False,"[525, 160, 38, 0]",18,lib/tests/builtin/host-runtime.zy,trim
selected,debug,1,231374,692,7,4765125,False,"[525, 160, 38, 0]",19,lib/tests/builtin/host-runtime.zy,trim_direct
selected,debug,1,215250,692,7,4719083,False,"[525, 160, 38, 0]",19,lib/tests/builtin/host-runtime.zy,baseline
selected,debug,1,228000,692,7,4718958,False,"[525, 160, 38, 0]",19,lib/tests/builtin/host-runtime.zy,trim
selected,debug,1,227625,692,7,4797293,False,"[525, 160, 38, 0]",19,lib/tests/builtin/host-runtime.zy,direct
selected,debug,1,211250,692,7,4681416,False,"[525, 160, 38, 0]",20,lib/tests/builtin/host-runtime.zy,baseline
selected,debug,1,215960,692,7,4701332,False,"[525, 160, 38, 0]",20,lib/tests/builtin/host-runtime.zy,trim
selected,debug,1,220542,692,7,4712500,False,"[525, 160, 38, 0]",20,lib/tests/builtin/host-runtime.zy,direct
selected,debug,1,224834,692,7,4800583,False,"[525, 160, 38, 0]",20,lib/tests/builtin/host-runtime.zy,trim_direct
selected,debug,1,217707,692,7,4711166,False,"[525, 160, 38, 0]",21,lib/tests/builtin/host-runtime.zy,trim
selected,debug,1,226083,692,7,4710415,False,"[525, 160, 38, 0]",21,lib/tests/builtin/host-runtime.zy,direct
selected,debug,1,225209,692,7,4787209,False,"[525, 160, 38, 0]",21,lib/tests/builtin/host-runtime.zy,trim_direct
selected,debug,1,259581,692,7,5928750,False,"[525, 160, 38, 0]",21,lib/tests/builtin/host-runtime.zy,baseline
selected,debug,1,351251,692,7,6700583,False,"[525, 160, 38, 0]",22,lib/tests/builtin/host-runtime.zy,direct
selected,debug,1,397582,692,7,6269752,False,"[525, 160, 38, 0]",22,lib/tests/builtin/host-runtime.zy,trim_direct
selected,debug,1,301167,692,7,5312956,False,"[525, 160, 38, 0]",22,lib/tests/builtin/host-runtime.zy,baseline
selected,debug,1,234127,692,7,5006418,False,"[525, 160, 38, 0]",22,lib/tests/builtin/host-runtime.zy,trim
selected,debug,1,224834,692,7,4842084,False,"[525, 160, 38, 0]",23,lib/tests/builtin/host-runtime.zy,trim_direct
selected,debug,1,218625,692,7,4734793,False,"[525, 160, 38, 0]",23,lib/tests/builtin/host-runtime.zy,baseline
selected,debug,1,231707,692,7,4834625,False,"[525, 160, 38, 0]",23,lib/tests/builtin/host-runtime.zy,trim
selected,debug,1,239041,692,7,4805334,False,"[525, 160, 38, 0]",23,lib/tests/builtin/host-runtime.zy,direct
selected,debug,1,238542,692,7,5048123,False,"[525, 160, 38, 0]",24,lib/tests/builtin/host-runtime.zy,baseline
selected,debug,1,220418,692,7,4779210,False,"[525, 160, 38, 0]",24,lib/tests/builtin/host-runtime.zy,trim
selected,debug,1,222749,692,7,4794209,False,"[525, 160, 38, 0]",24,lib/tests/builtin/host-runtime.zy,direct
selected,debug,1,220417,692,7,4645791,False,"[525, 160, 38, 0]",24,lib/tests/builtin/host-runtime.zy,trim_direct
selected,debug,1,257752,692,7,4852959,False,"[525, 160, 38, 0]",25,lib/tests/builtin/host-runtime.zy,trim
selected,debug,1,226959,692,7,4914706,False,"[525, 160, 38, 0]",25,lib/tests/builtin/host-runtime.zy,direct
selected,debug,1,227291,692,7,4839790,False,"[525, 160, 38, 0]",25,lib/tests/builtin/host-runtime.zy,trim_direct
selected,debug,1,220167,692,7,4762834,False,"[525, 160, 38, 0]",25,lib/tests/builtin/host-runtime.zy,baseline
selected,debug,1,220042,692,7,4637791,False,"[525, 160, 38, 0]",26,lib/tests/builtin/host-runtime.zy,direct
selected,debug,1,233333,692,7,4702375,False,"[525, 160, 38, 0]",26,lib/tests/builtin/host-runtime.zy,trim_direct
selected,debug,1,237084,692,7,4699334,False,"[525, 160, 38, 0]",26,lib/tests/builtin/host-runtime.zy,baseline
selected,debug,1,225666,692,7,4759708,False,"[525, 160, 38, 0]",26,lib/tests/builtin/host-runtime.zy,trim
selected,debug,1,224790,692,7,4664708,False,"[525, 160, 38, 0]",27,lib/tests/builtin/host-runtime.zy,trim_direct
selected,debug,1,225168,692,7,4757917,False,"[525, 160, 38, 0]",27,lib/tests/builtin/host-runtime.zy,baseline
selected,debug,1,221709,692,7,4692167,False,"[525, 160, 38, 0]",27,lib/tests/builtin/host-runtime.zy,trim
selected,debug,1,215166,692,7,4582500,False,"[525, 160, 38, 0]",27,lib/tests/builtin/host-runtime.zy,direct
selected,debug,1,227040,692,7,4770749,False,"[525, 160, 38, 0]",28,lib/tests/builtin/host-runtime.zy,baseline
selected,debug,1,242500,692,7,5045877,False,"[525, 160, 38, 0]",28,lib/tests/builtin/host-runtime.zy,trim
selected,debug,1,235832,692,7,4713833,False,"[525, 160, 38, 0]",28,lib/tests/builtin/host-runtime.zy,direct
selected,debug,1,224751,692,7,4666415,False,"[525, 160, 38, 0]",28,lib/tests/builtin/host-runtime.zy,trim_direct
selected,debug,1,231334,692,7,4860000,False,"[525, 160, 38, 0]",29,lib/tests/builtin/host-runtime.zy,trim
selected,debug,1,218124,692,7,4575040,False,"[525, 160, 38, 0]",29,lib/tests/builtin/host-runtime.zy,direct
selected,debug,1,230958,692,7,4697750,False,"[525, 160, 38, 0]",29,lib/tests/builtin/host-runtime.zy,trim_direct
selected,debug,1,228292,692,7,4820666,False,"[525, 160, 38, 0]",29,lib/tests/builtin/host-runtime.zy,baseline
selected,debug,1,232376,692,7,4875917,False,"[525, 160, 38, 0]",30,lib/tests/builtin/host-runtime.zy,direct
selected,debug,1,221752,692,7,4788083,False,"[525, 160, 38, 0]",30,lib/tests/builtin/host-runtime.zy,trim_direct
selected,debug,1,221791,692,7,4670249,False,"[525, 160, 38, 0]",30,lib/tests/builtin/host-runtime.zy,baseline
selected,debug,1,222416,692,7,4708456,False,"[525, 160, 38, 0]",30,lib/tests/builtin/host-runtime.zy,trim
selected,debug,1,219249,692,7,4748417,False,"[525, 160, 38, 0]",31,lib/tests/builtin/host-runtime.zy,trim_direct
selected,debug,1,226250,692,7,4713625,False,"[525, 160, 38, 0]",31,lib/tests/builtin/host-runtime.zy,baseline
selected,debug,1,226583,692,7,4808043,False,"[525, 160, 38, 0]",31,lib/tests/builtin/host-runtime.zy,trim
selected,debug,1,223709,692,7,4746376,False,"[525, 160, 38, 0]",31,lib/tests/builtin/host-runtime.zy,direct
selected,debug,1,264042,692,10,4971125,True,"[383, 160, 38, 39]",0,lib/tests/builtin/host-runtime.zy,baseline
selected,debug,1,253043,692,10,4830083,True,"[383, 160, 38, 39]",0,lib/tests/builtin/host-runtime.zy,trim
selected,debug,1,257876,692,10,4846419,True,"[383, 160, 38, 39]",0,lib/tests/builtin/host-runtime.zy,direct
selected,debug,1,258293,692,10,4907084,True,"[383, 160, 38, 39]",0,lib/tests/builtin/host-runtime.zy,trim_direct
selected,debug,1,243750,692,10,4854667,True,"[383, 160, 38, 39]",1,lib/tests/builtin/host-runtime.zy,trim
selected,debug,1,252501,692,10,4893293,True,"[383, 160, 38, 39]",1,lib/tests/builtin/host-runtime.zy,direct
selected,debug,1,258206,692,10,4996752,True,"[383, 160, 38, 39]",1,lib/tests/builtin/host-runtime.zy,trim_direct
selected,debug,1,257418,692,10,5276457,True,"[383, 160, 38, 39]",1,lib/tests/builtin/host-runtime.zy,baseline
selected,debug,1,253168,692,10,4908667,True,"[383, 160, 38, 39]",2,lib/tests/builtin/host-runtime.zy,direct
selected,debug,1,265918,692,10,4960959,True,"[383, 160, 38, 39]",2,lib/tests/builtin/host-runtime.zy,trim_direct
selected,debug,1,356667,692,10,5119248,True,"[383, 160, 38, 39]",2,lib/tests/builtin/host-runtime.zy,baseline
selected,debug,1,257668,692,10,4923041,True,"[383, 160, 38, 39]",2,lib/tests/builtin/host-runtime.zy,trim
selected,debug,1,254125,692,10,4984665,True,"[383, 160, 38, 39]",3,lib/tests/builtin/host-runtime.zy,trim_direct
selected,debug,1,246835,692,10,4821419,True,"[383, 160, 38, 39]",3,lib/tests/builtin/host-runtime.zy,baseline
selected,debug,1,254458,692,10,4975792,True,"[383, 160, 38, 39]",3,lib/tests/builtin/host-runtime.zy,trim
selected,debug,1,255291,692,10,4954125,True,"[383, 160, 38, 39]",3,lib/tests/builtin/host-runtime.zy,direct
selected,debug,1,248584,692,10,4874667,True,"[383, 160, 38, 39]",4,lib/tests/builtin/host-runtime.zy,baseline
selected,debug,1,244749,692,10,4856334,True,"[383, 160, 38, 39]",4,lib/tests/builtin/host-runtime.zy,trim
selected,debug,1,251251,692,10,4874166,True,"[383, 160, 38, 39]",4,lib/tests/builtin/host-runtime.zy,direct
selected,debug,1,263333,692,10,4911373,True,"[383, 160, 38, 39]",4,lib/tests/builtin/host-runtime.zy,trim_direct
selected,debug,1,257418,692,10,4918833,True,"[383, 160, 38, 39]",5,lib/tests/builtin/host-runtime.zy,trim
selected,debug,1,253333,692,10,4766039,True,"[383, 160, 38, 39]",5,lib/tests/builtin/host-runtime.zy,direct
selected,debug,1,260001,692,10,4873334,True,"[383, 160, 38, 39]",5,lib/tests/builtin/host-runtime.zy,trim_direct
selected,debug,1,266457,692,10,4856625,True,"[383, 160, 38, 39]",5,lib/tests/builtin/host-runtime.zy,baseline
selected,debug,1,270291,692,10,4865538,True,"[383, 160, 38, 39]",6,lib/tests/builtin/host-runtime.zy,direct
selected,debug,1,254625,692,10,4972501,True,"[383, 160, 38, 39]",6,lib/tests/builtin/host-runtime.zy,trim_direct
selected,debug,1,251668,692,10,4945585,True,"[383, 160, 38, 39]",6,lib/tests/builtin/host-runtime.zy,baseline
selected,debug,1,253291,692,10,4952001,True,"[383, 160, 38, 39]",6,lib/tests/builtin/host-runtime.zy,trim
selected,debug,1,241834,692,10,4800249,True,"[383, 160, 38, 39]",7,lib/tests/builtin/host-runtime.zy,trim_direct
selected,debug,1,239417,692,10,4724377,True,"[383, 160, 38, 39]",7,lib/tests/builtin/host-runtime.zy,baseline
selected,debug,1,256706,692,10,5122542,True,"[383, 160, 38, 39]",7,lib/tests/builtin/host-runtime.zy,trim
selected,debug,1,260294,692,10,4999251,True,"[383, 160, 38, 39]",7,lib/tests/builtin/host-runtime.zy,direct
selected,debug,1,262333,692,10,5018832,True,"[383, 160, 38, 39]",8,lib/tests/builtin/host-runtime.zy,baseline
selected,debug,1,258083,692,10,5054041,True,"[383, 160, 38, 39]",8,lib/tests/builtin/host-runtime.zy,trim
selected,debug,1,256374,692,10,4923874,True,"[383, 160, 38, 39]",8,lib/tests/builtin/host-runtime.zy,direct
selected,debug,1,256628,692,10,5038957,True,"[383, 160, 38, 39]",8,lib/tests/builtin/host-runtime.zy,trim_direct
selected,debug,1,250168,692,10,5135875,True,"[383, 160, 38, 39]",9,lib/tests/builtin/host-runtime.zy,trim
selected,debug,1,262376,692,10,5012127,True,"[383, 160, 38, 39]",9,lib/tests/builtin/host-runtime.zy,direct
selected,debug,1,253373,692,10,5023958,True,"[383, 160, 38, 39]",9,lib/tests/builtin/host-runtime.zy,trim_direct
selected,debug,1,263627,692,10,4902499,True,"[383, 160, 38, 39]",9,lib/tests/builtin/host-runtime.zy,baseline
selected,debug,1,257167,692,10,4832167,True,"[383, 160, 38, 39]",10,lib/tests/builtin/host-runtime.zy,direct
selected,debug,1,256376,692,10,4906501,True,"[383, 160, 38, 39]",10,lib/tests/builtin/host-runtime.zy,trim_direct
selected,debug,1,252789,692,10,4930458,True,"[383, 160, 38, 39]",10,lib/tests/builtin/host-runtime.zy,baseline
selected,debug,1,260043,692,10,4958500,True,"[383, 160, 38, 39]",10,lib/tests/builtin/host-runtime.zy,trim
selected,debug,1,262791,692,10,5004832,True,"[383, 160, 38, 39]",11,lib/tests/builtin/host-runtime.zy,trim_direct
selected,debug,1,250543,692,10,4858044,True,"[383, 160, 38, 39]",11,lib/tests/builtin/host-runtime.zy,baseline
selected,debug,1,271040,692,10,5039334,True,"[383, 160, 38, 39]",11,lib/tests/builtin/host-runtime.zy,trim
selected,debug,1,250335,692,10,4926375,True,"[383, 160, 38, 39]",11,lib/tests/builtin/host-runtime.zy,direct
selected,debug,1,255956,692,10,5040666,True,"[383, 160, 38, 39]",12,lib/tests/builtin/host-runtime.zy,baseline
selected,debug,1,261209,692,10,5069582,True,"[383, 160, 38, 39]",12,lib/tests/builtin/host-runtime.zy,trim
selected,debug,1,270791,692,10,5114167,True,"[383, 160, 38, 39]",12,lib/tests/builtin/host-runtime.zy,direct
selected,debug,1,260583,692,10,4955250,True,"[383, 160, 38, 39]",12,lib/tests/builtin/host-runtime.zy,trim_direct
selected,debug,1,273958,692,10,5185875,True,"[383, 160, 38, 39]",13,lib/tests/builtin/host-runtime.zy,trim
selected,debug,1,247500,692,10,4992917,True,"[383, 160, 38, 39]",13,lib/tests/builtin/host-runtime.zy,direct
selected,debug,1,248251,692,10,4931583,True,"[383, 160, 38, 39]",13,lib/tests/builtin/host-runtime.zy,trim_direct
selected,debug,1,260458,692,10,5089668,True,"[383, 160, 38, 39]",13,lib/tests/builtin/host-runtime.zy,baseline
selected,debug,1,269169,692,10,5311459,True,"[383, 160, 38, 39]",14,lib/tests/builtin/host-runtime.zy,direct
selected,debug,1,271958,692,10,4935790,True,"[383, 160, 38, 39]",14,lib/tests/builtin/host-runtime.zy,trim_direct
selected,debug,1,256834,692,10,5000875,True,"[383, 160, 38, 39]",14,lib/tests/builtin/host-runtime.zy,baseline
selected,debug,1,337876,692,10,5047085,True,"[383, 160, 38, 39]",14,lib/tests/builtin/host-runtime.zy,trim
selected,debug,1,265292,692,10,4964336,True,"[383, 160, 38, 39]",15,lib/tests/builtin/host-runtime.zy,trim_direct
selected,debug,1,276626,692,10,5020457,True,"[383, 160, 38, 39]",15,lib/tests/builtin/host-runtime.zy,baseline
selected,debug,1,260041,692,10,4948042,True,"[383, 160, 38, 39]",15,lib/tests/builtin/host-runtime.zy,trim
selected,debug,1,261540,692,10,4935125,True,"[383, 160, 38, 39]",15,lib/tests/builtin/host-runtime.zy,direct
selected,debug,1,261082,692,10,4988958,True,"[383, 160, 38, 39]",16,lib/tests/builtin/host-runtime.zy,baseline
selected,debug,1,259959,692,10,4941707,True,"[383, 160, 38, 39]",16,lib/tests/builtin/host-runtime.zy,trim
selected,debug,1,278958,692,10,4993918,True,"[383, 160, 38, 39]",16,lib/tests/builtin/host-runtime.zy,direct
selected,debug,1,258000,692,10,4930919,True,"[383, 160, 38, 39]",16,lib/tests/builtin/host-runtime.zy,trim_direct
selected,debug,1,258165,692,10,4974959,True,"[383, 160, 38, 39]",17,lib/tests/builtin/host-runtime.zy,trim
selected,debug,1,247334,692,10,4757251,True,"[383, 160, 38, 39]",17,lib/tests/builtin/host-runtime.zy,direct
selected,debug,1,255290,692,10,4928999,True,"[383, 160, 38, 39]",17,lib/tests/builtin/host-runtime.zy,trim_direct
selected,debug,1,250250,692,10,4912168,True,"[383, 160, 38, 39]",17,lib/tests/builtin/host-runtime.zy,baseline
selected,debug,1,247627,692,10,4803249,True,"[383, 160, 38, 39]",18,lib/tests/builtin/host-runtime.zy,direct
selected,debug,1,280207,692,10,5041668,True,"[383, 160, 38, 39]",18,lib/tests/builtin/host-runtime.zy,trim_direct
selected,debug,1,255084,692,10,4978335,True,"[383, 160, 38, 39]",18,lib/tests/builtin/host-runtime.zy,baseline
selected,debug,1,277875,692,10,5065916,True,"[383, 160, 38, 39]",18,lib/tests/builtin/host-runtime.zy,trim
selected,debug,1,253458,692,10,4933293,True,"[383, 160, 38, 39]",19,lib/tests/builtin/host-runtime.zy,trim_direct
selected,debug,1,260542,692,10,4879667,True,"[383, 160, 38, 39]",19,lib/tests/builtin/host-runtime.zy,baseline
selected,debug,1,253541,692,10,4959083,True,"[383, 160, 38, 39]",19,lib/tests/builtin/host-runtime.zy,trim
selected,debug,1,252791,692,10,4921502,True,"[383, 160, 38, 39]",19,lib/tests/builtin/host-runtime.zy,direct
selected,debug,1,267751,692,10,5183169,True,"[383, 160, 38, 39]",20,lib/tests/builtin/host-runtime.zy,baseline
selected,debug,1,294584,692,10,5458416,True,"[383, 160, 38, 39]",20,lib/tests/builtin/host-runtime.zy,trim
selected,debug,1,271250,692,10,5019499,True,"[383, 160, 38, 39]",20,lib/tests/builtin/host-runtime.zy,direct
selected,debug,1,256249,692,10,4975459,True,"[383, 160, 38, 39]",20,lib/tests/builtin/host-runtime.zy,trim_direct
selected,debug,1,262583,692,10,4872792,True,"[383, 160, 38, 39]",21,lib/tests/builtin/host-runtime.zy,trim
selected,debug,1,249583,692,10,4793168,True,"[383, 160, 38, 39]",21,lib/tests/builtin/host-runtime.zy,direct
selected,debug,1,253001,692,10,4844999,True,"[383, 160, 38, 39]",21,lib/tests/builtin/host-runtime.zy,trim_direct
selected,debug,1,248040,692,10,4975251,True,"[383, 160, 38, 39]",21,lib/tests/builtin/host-runtime.zy,baseline
selected,debug,1,254293,692,10,4989209,True,"[383, 160, 38, 39]",22,lib/tests/builtin/host-runtime.zy,direct
selected,debug,1,253331,692,10,4922624,True,"[383, 160, 38, 39]",22,lib/tests/builtin/host-runtime.zy,trim_direct
selected,debug,1,251625,692,10,4913792,True,"[383, 160, 38, 39]",22,lib/tests/builtin/host-runtime.zy,baseline
selected,debug,1,254668,692,10,5077999,True,"[383, 160, 38, 39]",22,lib/tests/builtin/host-runtime.zy,trim
selected,debug,1,251459,692,10,4785584,True,"[383, 160, 38, 39]",23,lib/tests/builtin/host-runtime.zy,trim_direct
selected,debug,1,254499,692,10,4901791,True,"[383, 160, 38, 39]",23,lib/tests/builtin/host-runtime.zy,baseline
selected,debug,1,259419,692,10,4952792,True,"[383, 160, 38, 39]",23,lib/tests/builtin/host-runtime.zy,trim
selected,debug,1,263541,692,10,5084166,True,"[383, 160, 38, 39]",23,lib/tests/builtin/host-runtime.zy,direct
selected,debug,1,255499,692,10,4956667,True,"[383, 160, 38, 39]",24,lib/tests/builtin/host-runtime.zy,baseline
selected,debug,1,271000,692,10,5044001,True,"[383, 160, 38, 39]",24,lib/tests/builtin/host-runtime.zy,trim
selected,debug,1,250958,692,10,4872917,True,"[383, 160, 38, 39]",24,lib/tests/builtin/host-runtime.zy,direct
selected,debug,1,260665,692,10,5010250,True,"[383, 160, 38, 39]",24,lib/tests/builtin/host-runtime.zy,trim_direct
selected,debug,1,275999,692,10,5270415,True,"[383, 160, 38, 39]",25,lib/tests/builtin/host-runtime.zy,trim
selected,debug,1,280168,692,10,5234416,True,"[383, 160, 38, 39]",25,lib/tests/builtin/host-runtime.zy,direct
selected,debug,1,275957,692,10,5368209,True,"[383, 160, 38, 39]",25,lib/tests/builtin/host-runtime.zy,trim_direct
selected,debug,1,322958,692,10,5680749,True,"[383, 160, 38, 39]",25,lib/tests/builtin/host-runtime.zy,baseline
selected,debug,1,300791,692,10,5590835,True,"[383, 160, 38, 39]",26,lib/tests/builtin/host-runtime.zy,direct
selected,debug,1,276248,692,10,5111834,True,"[383, 160, 38, 39]",26,lib/tests/builtin/host-runtime.zy,trim_direct
selected,debug,1,268832,692,10,5121708,True,"[383, 160, 38, 39]",26,lib/tests/builtin/host-runtime.zy,baseline
selected,debug,1,274709,692,10,5175707,True,"[383, 160, 38, 39]",26,lib/tests/builtin/host-runtime.zy,trim
selected,debug,1,410210,692,10,5236792,True,"[383, 160, 38, 39]",27,lib/tests/builtin/host-runtime.zy,trim_direct
selected,debug,1,277958,692,10,5517293,True,"[383, 160, 38, 39]",27,lib/tests/builtin/host-runtime.zy,baseline
selected,debug,1,363165,692,10,5291002,True,"[383, 160, 38, 39]",27,lib/tests/builtin/host-runtime.zy,trim
selected,debug,1,263291,692,10,5107376,True,"[383, 160, 38, 39]",27,lib/tests/builtin/host-runtime.zy,direct
selected,debug,1,265584,692,10,5158001,True,"[383, 160, 38, 39]",28,lib/tests/builtin/host-runtime.zy,baseline
selected,debug,1,265917,692,10,5366834,True,"[383, 160, 38, 39]",28,lib/tests/builtin/host-runtime.zy,trim
selected,debug,1,267333,692,10,5394751,True,"[383, 160, 38, 39]",28,lib/tests/builtin/host-runtime.zy,direct
selected,debug,1,272084,692,10,5241792,True,"[383, 160, 38, 39]",28,lib/tests/builtin/host-runtime.zy,trim_direct
selected,debug,1,266875,692,10,5168210,True,"[383, 160, 38, 39]",29,lib/tests/builtin/host-runtime.zy,trim
selected,debug,1,302084,692,10,5128958,True,"[383, 160, 38, 39]",29,lib/tests/builtin/host-runtime.zy,direct
selected,debug,1,267916,692,10,4951042,True,"[383, 160, 38, 39]",29,lib/tests/builtin/host-runtime.zy,trim_direct
selected,debug,1,255209,692,10,4912915,True,"[383, 160, 38, 39]",29,lib/tests/builtin/host-runtime.zy,baseline
selected,debug,1,260499,692,10,4965790,True,"[383, 160, 38, 39]",30,lib/tests/builtin/host-runtime.zy,direct
selected,debug,1,249791,692,10,4868833,True,"[383, 160, 38, 39]",30,lib/tests/builtin/host-runtime.zy,trim_direct
selected,debug,1,253541,692,10,4992084,True,"[383, 160, 38, 39]",30,lib/tests/builtin/host-runtime.zy,baseline
selected,debug,1,297124,692,10,5177334,True,"[383, 160, 38, 39]",30,lib/tests/builtin/host-runtime.zy,trim
selected,debug,1,303292,692,10,5183165,True,"[383, 160, 38, 39]",31,lib/tests/builtin/host-runtime.zy,trim_direct
selected,debug,1,303168,692,10,5780334,True,"[383, 160, 38, 39]",31,lib/tests/builtin/host-runtime.zy,baseline
selected,debug,1,293040,692,10,5617582,True,"[383, 160, 38, 39]",31,lib/tests/builtin/host-runtime.zy,trim
selected,debug,1,366040,692,10,5358915,True,"[383, 160, 38, 39]",31,lib/tests/builtin/host-runtime.zy,direct
selected,debug,1,199711,251,18,4148208,False,"[191, 52, 14, 0]",0,lib/tests/delimcc/reset-shift-k.zy,baseline
selected,debug,1,223418,251,18,4776876,False,"[191, 52, 14, 0]",0,lib/tests/delimcc/reset-shift-k.zy,trim
selected,debug,1,214375,251,18,4555292,False,"[191, 52, 14, 0]",0,lib/tests/delimcc/reset-shift-k.zy,direct
selected,debug,1,218706,251,18,4198706,False,"[191, 52, 14, 0]",0,lib/tests/delimcc/reset-shift-k.zy,trim_direct
selected,debug,1,209541,251,18,4295540,False,"[191, 52, 14, 0]",1,lib/tests/delimcc/reset-shift-k.zy,trim
selected,debug,1,253458,251,18,4492834,False,"[191, 52, 14, 0]",1,lib/tests/delimcc/reset-shift-k.zy,direct
selected,debug,1,205209,251,18,4222583,False,"[191, 52, 14, 0]",1,lib/tests/delimcc/reset-shift-k.zy,trim_direct
selected,debug,1,198210,251,18,4218627,False,"[191, 52, 14, 0]",1,lib/tests/delimcc/reset-shift-k.zy,baseline
selected,debug,1,194664,251,18,4042417,False,"[191, 52, 14, 0]",2,lib/tests/delimcc/reset-shift-k.zy,direct
selected,debug,1,202831,251,18,4296420,False,"[191, 52, 14, 0]",2,lib/tests/delimcc/reset-shift-k.zy,trim_direct
selected,debug,1,206998,251,18,4427919,False,"[191, 52, 14, 0]",2,lib/tests/delimcc/reset-shift-k.zy,baseline
selected,debug,1,199583,251,18,4207458,False,"[191, 52, 14, 0]",2,lib/tests/delimcc/reset-shift-k.zy,trim
selected,debug,1,199125,251,18,4183999,False,"[191, 52, 14, 0]",3,lib/tests/delimcc/reset-shift-k.zy,trim_direct
selected,debug,1,224709,251,18,4489542,False,"[191, 52, 14, 0]",3,lib/tests/delimcc/reset-shift-k.zy,baseline
selected,debug,1,203747,251,18,4327708,False,"[191, 52, 14, 0]",3,lib/tests/delimcc/reset-shift-k.zy,trim
selected,debug,1,274960,251,18,4513585,False,"[191, 52, 14, 0]",3,lib/tests/delimcc/reset-shift-k.zy,direct
selected,debug,1,209625,251,18,4246999,False,"[191, 52, 14, 0]",4,lib/tests/delimcc/reset-shift-k.zy,baseline
selected,debug,1,222082,251,18,4419709,False,"[191, 52, 14, 0]",4,lib/tests/delimcc/reset-shift-k.zy,trim
selected,debug,1,202873,251,18,4268082,False,"[191, 52, 14, 0]",4,lib/tests/delimcc/reset-shift-k.zy,direct
selected,debug,1,204958,251,18,4324707,False,"[191, 52, 14, 0]",4,lib/tests/delimcc/reset-shift-k.zy,trim_direct
selected,debug,1,214626,251,18,4293709,False,"[191, 52, 14, 0]",5,lib/tests/delimcc/reset-shift-k.zy,trim
selected,debug,1,199836,251,18,4143002,False,"[191, 52, 14, 0]",5,lib/tests/delimcc/reset-shift-k.zy,direct
selected,debug,1,202207,251,18,4294875,False,"[191, 52, 14, 0]",5,lib/tests/delimcc/reset-shift-k.zy,trim_direct
selected,debug,1,209250,251,18,4253336,False,"[191, 52, 14, 0]",5,lib/tests/delimcc/reset-shift-k.zy,baseline
selected,debug,1,207708,251,18,4180709,False,"[191, 52, 14, 0]",6,lib/tests/delimcc/reset-shift-k.zy,direct
selected,debug,1,200878,251,18,4240708,False,"[191, 52, 14, 0]",6,lib/tests/delimcc/reset-shift-k.zy,trim_direct
selected,debug,1,195666,251,18,4133417,False,"[191, 52, 14, 0]",6,lib/tests/delimcc/reset-shift-k.zy,baseline
selected,debug,1,199582,251,18,4188456,False,"[191, 52, 14, 0]",6,lib/tests/delimcc/reset-shift-k.zy,trim
selected,debug,1,195832,251,18,4130291,False,"[191, 52, 14, 0]",7,lib/tests/delimcc/reset-shift-k.zy,trim_direct
selected,debug,1,222789,251,18,4168124,False,"[191, 52, 14, 0]",7,lib/tests/delimcc/reset-shift-k.zy,baseline
selected,debug,1,201751,251,18,4203671,False,"[191, 52, 14, 0]",7,lib/tests/delimcc/reset-shift-k.zy,trim
selected,debug,1,195627,251,18,4069832,False,"[191, 52, 14, 0]",7,lib/tests/delimcc/reset-shift-k.zy,direct
selected,debug,1,208462,251,18,4210290,False,"[191, 52, 14, 0]",8,lib/tests/delimcc/reset-shift-k.zy,baseline
selected,debug,1,199833,251,18,4198498,False,"[191, 52, 14, 0]",8,lib/tests/delimcc/reset-shift-k.zy,trim
selected,debug,1,193958,251,18,4005293,False,"[191, 52, 14, 0]",8,lib/tests/delimcc/reset-shift-k.zy,direct
selected,debug,1,200668,251,18,4206752,False,"[191, 52, 14, 0]",8,lib/tests/delimcc/reset-shift-k.zy,trim_direct
selected,debug,1,192040,251,18,4064208,False,"[191, 52, 14, 0]",9,lib/tests/delimcc/reset-shift-k.zy,trim
selected,debug,1,210335,251,18,4279082,False,"[191, 52, 14, 0]",9,lib/tests/delimcc/reset-shift-k.zy,direct
selected,debug,1,198000,251,18,4179248,False,"[191, 52, 14, 0]",9,lib/tests/delimcc/reset-shift-k.zy,trim_direct
selected,debug,1,210498,251,18,4652583,False,"[191, 52, 14, 0]",9,lib/tests/delimcc/reset-shift-k.zy,baseline
selected,debug,1,205252,251,18,4249876,False,"[191, 52, 14, 0]",10,lib/tests/delimcc/reset-shift-k.zy,direct
selected,debug,1,203040,251,18,4215664,False,"[191, 52, 14, 0]",10,lib/tests/delimcc/reset-shift-k.zy,trim_direct
selected,debug,1,205289,251,18,4191334,False,"[191, 52, 14, 0]",10,lib/tests/delimcc/reset-shift-k.zy,baseline
selected,debug,1,205543,251,18,4262834,False,"[191, 52, 14, 0]",10,lib/tests/delimcc/reset-shift-k.zy,trim
selected,debug,1,191373,251,18,4076084,False,"[191, 52, 14, 0]",11,lib/tests/delimcc/reset-shift-k.zy,trim_direct
selected,debug,1,197000,251,18,4165210,False,"[191, 52, 14, 0]",11,lib/tests/delimcc/reset-shift-k.zy,baseline
selected,debug,1,221628,251,18,4404167,False,"[191, 52, 14, 0]",11,lib/tests/delimcc/reset-shift-k.zy,trim
selected,debug,1,201083,251,18,4305001,False,"[191, 52, 14, 0]",11,lib/tests/delimcc/reset-shift-k.zy,direct
selected,debug,1,188249,251,18,4063541,False,"[191, 52, 14, 0]",12,lib/tests/delimcc/reset-shift-k.zy,baseline
selected,debug,1,200666,251,18,4242372,False,"[191, 52, 14, 0]",12,lib/tests/delimcc/reset-shift-k.zy,trim
selected,debug,1,214541,251,18,4532208,False,"[191, 52, 14, 0]",12,lib/tests/delimcc/reset-shift-k.zy,direct
selected,debug,1,209498,251,18,4316583,False,"[191, 52, 14, 0]",12,lib/tests/delimcc/reset-shift-k.zy,trim_direct
selected,debug,1,217959,251,18,4328205,False,"[191, 52, 14, 0]",13,lib/tests/delimcc/reset-shift-k.zy,trim
selected,debug,1,202960,251,18,4122747,False,"[191, 52, 14, 0]",13,lib/tests/delimcc/reset-shift-k.zy,direct
selected,debug,1,239750,251,18,4887084,False,"[191, 52, 14, 0]",13,lib/tests/delimcc/reset-shift-k.zy,trim_direct
selected,debug,1,249791,251,18,4899000,False,"[191, 52, 14, 0]",13,lib/tests/delimcc/reset-shift-k.zy,baseline
selected,debug,1,251667,251,18,4743290,False,"[191, 52, 14, 0]",14,lib/tests/delimcc/reset-shift-k.zy,direct
selected,debug,1,223250,251,18,4296042,False,"[191, 52, 14, 0]",14,lib/tests/delimcc/reset-shift-k.zy,trim_direct
selected,debug,1,254708,251,18,4993247,False,"[191, 52, 14, 0]",14,lib/tests/delimcc/reset-shift-k.zy,baseline
selected,debug,1,213916,251,18,4368418,False,"[191, 52, 14, 0]",14,lib/tests/delimcc/reset-shift-k.zy,trim
selected,debug,1,210083,251,18,4048165,False,"[191, 52, 14, 0]",15,lib/tests/delimcc/reset-shift-k.zy,trim_direct
selected,debug,1,198749,251,18,4153332,False,"[191, 52, 14, 0]",15,lib/tests/delimcc/reset-shift-k.zy,baseline
selected,debug,1,200123,251,18,4183457,False,"[191, 52, 14, 0]",15,lib/tests/delimcc/reset-shift-k.zy,trim
selected,debug,1,205417,251,18,4095167,False,"[191, 52, 14, 0]",15,lib/tests/delimcc/reset-shift-k.zy,direct
selected,debug,1,199171,251,18,4222459,False,"[191, 52, 14, 0]",16,lib/tests/delimcc/reset-shift-k.zy,baseline
selected,debug,1,210082,251,18,4198501,False,"[191, 52, 14, 0]",16,lib/tests/delimcc/reset-shift-k.zy,trim
selected,debug,1,213416,251,18,4190333,False,"[191, 52, 14, 0]",16,lib/tests/delimcc/reset-shift-k.zy,direct
selected,debug,1,249670,251,18,4437209,False,"[191, 52, 14, 0]",16,lib/tests/delimcc/reset-shift-k.zy,trim_direct
selected,debug,1,278625,251,18,4658252,False,"[191, 52, 14, 0]",17,lib/tests/delimcc/reset-shift-k.zy,trim
selected,debug,1,278622,251,18,4598167,False,"[191, 52, 14, 0]",17,lib/tests/delimcc/reset-shift-k.zy,direct
selected,debug,1,221003,251,18,4485252,False,"[191, 52, 14, 0]",17,lib/tests/delimcc/reset-shift-k.zy,trim_direct
selected,debug,1,233999,251,18,4454334,False,"[191, 52, 14, 0]",17,lib/tests/delimcc/reset-shift-k.zy,baseline
selected,debug,1,213248,251,18,4364585,False,"[191, 52, 14, 0]",18,lib/tests/delimcc/reset-shift-k.zy,direct
selected,debug,1,238790,251,18,4417334,False,"[191, 52, 14, 0]",18,lib/tests/delimcc/reset-shift-k.zy,trim_direct
selected,debug,1,212043,251,18,4276003,False,"[191, 52, 14, 0]",18,lib/tests/delimcc/reset-shift-k.zy,baseline
selected,debug,1,207208,251,18,4506168,False,"[191, 52, 14, 0]",18,lib/tests/delimcc/reset-shift-k.zy,trim
selected,debug,1,204586,251,18,4340461,False,"[191, 52, 14, 0]",19,lib/tests/delimcc/reset-shift-k.zy,trim_direct
selected,debug,1,208210,251,18,4255334,False,"[191, 52, 14, 0]",19,lib/tests/delimcc/reset-shift-k.zy,baseline
selected,debug,1,199082,251,18,4283957,False,"[191, 52, 14, 0]",19,lib/tests/delimcc/reset-shift-k.zy,trim
selected,debug,1,206748,251,18,4191625,False,"[191, 52, 14, 0]",19,lib/tests/delimcc/reset-shift-k.zy,direct
selected,debug,1,227875,251,18,4122585,False,"[191, 52, 14, 0]",20,lib/tests/delimcc/reset-shift-k.zy,baseline
selected,debug,1,196751,251,18,4285624,False,"[191, 52, 14, 0]",20,lib/tests/delimcc/reset-shift-k.zy,trim
selected,debug,1,202294,251,18,4228501,False,"[191, 52, 14, 0]",20,lib/tests/delimcc/reset-shift-k.zy,direct
selected,debug,1,221876,251,18,4598458,False,"[191, 52, 14, 0]",20,lib/tests/delimcc/reset-shift-k.zy,trim_direct
selected,debug,1,212542,251,18,4264829,False,"[191, 52, 14, 0]",21,lib/tests/delimcc/reset-shift-k.zy,trim
selected,debug,1,208291,251,18,4386709,False,"[191, 52, 14, 0]",21,lib/tests/delimcc/reset-shift-k.zy,direct
selected,debug,1,228748,251,18,4263168,False,"[191, 52, 14, 0]",21,lib/tests/delimcc/reset-shift-k.zy,trim_direct
selected,debug,1,199456,251,18,4302624,False,"[191, 52, 14, 0]",21,lib/tests/delimcc/reset-shift-k.zy,baseline
selected,debug,1,203043,251,18,4183584,False,"[191, 52, 14, 0]",22,lib/tests/delimcc/reset-shift-k.zy,direct
selected,debug,1,200336,251,18,4204001,False,"[191, 52, 14, 0]",22,lib/tests/delimcc/reset-shift-k.zy,trim_direct
selected,debug,1,196040,251,18,4148373,False,"[191, 52, 14, 0]",22,lib/tests/delimcc/reset-shift-k.zy,baseline
selected,debug,1,206123,251,18,4283501,False,"[191, 52, 14, 0]",22,lib/tests/delimcc/reset-shift-k.zy,trim
selected,debug,1,200752,251,18,4140124,False,"[191, 52, 14, 0]",23,lib/tests/delimcc/reset-shift-k.zy,trim_direct
selected,debug,1,195582,251,18,4063000,False,"[191, 52, 14, 0]",23,lib/tests/delimcc/reset-shift-k.zy,baseline
selected,debug,1,205334,251,18,4231208,False,"[191, 52, 14, 0]",23,lib/tests/delimcc/reset-shift-k.zy,trim
selected,debug,1,193832,251,18,4139791,False,"[191, 52, 14, 0]",23,lib/tests/delimcc/reset-shift-k.zy,direct
selected,debug,1,196043,251,18,4217253,False,"[191, 52, 14, 0]",24,lib/tests/delimcc/reset-shift-k.zy,baseline
selected,debug,1,198625,251,18,4159833,False,"[191, 52, 14, 0]",24,lib/tests/delimcc/reset-shift-k.zy,trim
selected,debug,1,195998,251,18,4046751,False,"[191, 52, 14, 0]",24,lib/tests/delimcc/reset-shift-k.zy,direct
selected,debug,1,197043,251,18,4136083,False,"[191, 52, 14, 0]",24,lib/tests/delimcc/reset-shift-k.zy,trim_direct
selected,debug,1,203920,251,18,4444708,False,"[191, 52, 14, 0]",25,lib/tests/delimcc/reset-shift-k.zy,trim
selected,debug,1,221129,251,18,4609419,False,"[191, 52, 14, 0]",25,lib/tests/delimcc/reset-shift-k.zy,direct
selected,debug,1,199666,251,18,4204500,False,"[191, 52, 14, 0]",25,lib/tests/delimcc/reset-shift-k.zy,trim_direct
selected,debug,1,202625,251,18,4450084,False,"[191, 52, 14, 0]",25,lib/tests/delimcc/reset-shift-k.zy,baseline
selected,debug,1,216541,251,18,4498000,False,"[191, 52, 14, 0]",26,lib/tests/delimcc/reset-shift-k.zy,direct
selected,debug,1,201833,251,18,4166290,False,"[191, 52, 14, 0]",26,lib/tests/delimcc/reset-shift-k.zy,trim_direct
selected,debug,1,199251,251,18,4075418,False,"[191, 52, 14, 0]",26,lib/tests/delimcc/reset-shift-k.zy,baseline
selected,debug,1,212543,251,18,4185000,False,"[191, 52, 14, 0]",26,lib/tests/delimcc/reset-shift-k.zy,trim
selected,debug,1,203665,251,18,4097957,False,"[191, 52, 14, 0]",27,lib/tests/delimcc/reset-shift-k.zy,trim_direct
selected,debug,1,203127,251,18,4293998,False,"[191, 52, 14, 0]",27,lib/tests/delimcc/reset-shift-k.zy,baseline
selected,debug,1,213502,251,18,4556084,False,"[191, 52, 14, 0]",27,lib/tests/delimcc/reset-shift-k.zy,trim
selected,debug,1,294666,251,18,4280420,False,"[191, 52, 14, 0]",27,lib/tests/delimcc/reset-shift-k.zy,direct
selected,debug,1,206960,251,18,4255376,False,"[191, 52, 14, 0]",28,lib/tests/delimcc/reset-shift-k.zy,baseline
selected,debug,1,223666,251,18,4913376,False,"[191, 52, 14, 0]",28,lib/tests/delimcc/reset-shift-k.zy,trim
selected,debug,1,199124,251,18,4430916,False,"[191, 52, 14, 0]",28,lib/tests/delimcc/reset-shift-k.zy,direct
selected,debug,1,246793,251,18,4530791,False,"[191, 52, 14, 0]",28,lib/tests/delimcc/reset-shift-k.zy,trim_direct
selected,debug,1,287667,251,18,4765211,False,"[191, 52, 14, 0]",29,lib/tests/delimcc/reset-shift-k.zy,trim
selected,debug,1,248375,251,18,4721126,False,"[191, 52, 14, 0]",29,lib/tests/delimcc/reset-shift-k.zy,direct
selected,debug,1,215876,251,18,4560336,False,"[191, 52, 14, 0]",29,lib/tests/delimcc/reset-shift-k.zy,trim_direct
selected,debug,1,291455,251,18,4682083,False,"[191, 52, 14, 0]",29,lib/tests/delimcc/reset-shift-k.zy,baseline
selected,debug,1,216666,251,18,4561292,False,"[191, 52, 14, 0]",30,lib/tests/delimcc/reset-shift-k.zy,direct
selected,debug,1,208295,251,18,4451625,False,"[191, 52, 14, 0]",30,lib/tests/delimcc/reset-shift-k.zy,trim_direct
selected,debug,1,199418,251,18,4151168,False,"[191, 52, 14, 0]",30,lib/tests/delimcc/reset-shift-k.zy,baseline
selected,debug,1,244754,251,18,4507084,False,"[191, 52, 14, 0]",30,lib/tests/delimcc/reset-shift-k.zy,trim
selected,debug,1,210001,251,18,4516499,False,"[191, 52, 14, 0]",31,lib/tests/delimcc/reset-shift-k.zy,trim_direct
selected,debug,1,223669,251,18,4296416,False,"[191, 52, 14, 0]",31,lib/tests/delimcc/reset-shift-k.zy,baseline
selected,debug,1,200128,251,18,4262376,False,"[191, 52, 14, 0]",31,lib/tests/delimcc/reset-shift-k.zy,trim
selected,debug,1,260335,251,18,4653459,False,"[191, 52, 14, 0]",31,lib/tests/delimcc/reset-shift-k.zy,direct
selected,debug,1,289457,251,21,5118581,True,"[184, 51, 14, 13]",0,lib/tests/delimcc/reset-shift-k.zy,baseline
selected,debug,1,251542,251,21,4905917,True,"[184, 51, 14, 13]",0,lib/tests/delimcc/reset-shift-k.zy,trim
selected,debug,1,243627,251,21,4747166,True,"[184, 51, 14, 13]",0,lib/tests/delimcc/reset-shift-k.zy,direct
selected,debug,1,250627,251,21,4932419,True,"[184, 51, 14, 13]",0,lib/tests/delimcc/reset-shift-k.zy,trim_direct
selected,debug,1,246001,251,21,4926502,True,"[184, 51, 14, 13]",1,lib/tests/delimcc/reset-shift-k.zy,trim
selected,debug,1,238874,251,21,4808374,True,"[184, 51, 14, 13]",1,lib/tests/delimcc/reset-shift-k.zy,direct
selected,debug,1,248333,251,21,4802127,True,"[184, 51, 14, 13]",1,lib/tests/delimcc/reset-shift-k.zy,trim_direct
selected,debug,1,247125,251,21,4873834,True,"[184, 51, 14, 13]",1,lib/tests/delimcc/reset-shift-k.zy,baseline
selected,debug,1,243000,251,21,5055291,True,"[184, 51, 14, 13]",2,lib/tests/delimcc/reset-shift-k.zy,direct
selected,debug,1,247128,251,21,4908836,True,"[184, 51, 14, 13]",2,lib/tests/delimcc/reset-shift-k.zy,trim_direct
selected,debug,1,232042,251,21,4776497,True,"[184, 51, 14, 13]",2,lib/tests/delimcc/reset-shift-k.zy,baseline
selected,debug,1,239917,251,21,4946458,True,"[184, 51, 14, 13]",2,lib/tests/delimcc/reset-shift-k.zy,trim
selected,debug,1,241377,251,21,4737376,True,"[184, 51, 14, 13]",3,lib/tests/delimcc/reset-shift-k.zy,trim_direct
selected,debug,1,299791,251,21,5151210,True,"[184, 51, 14, 13]",3,lib/tests/delimcc/reset-shift-k.zy,baseline
selected,debug,1,244415,251,21,4824959,True,"[184, 51, 14, 13]",3,lib/tests/delimcc/reset-shift-k.zy,trim
selected,debug,1,247416,251,21,4741501,True,"[184, 51, 14, 13]",3,lib/tests/delimcc/reset-shift-k.zy,direct
selected,debug,1,236460,251,21,4783538,True,"[184, 51, 14, 13]",4,lib/tests/delimcc/reset-shift-k.zy,baseline
selected,debug,1,236421,251,21,4783251,True,"[184, 51, 14, 13]",4,lib/tests/delimcc/reset-shift-k.zy,trim
selected,debug,1,237874,251,21,4763248,True,"[184, 51, 14, 13]",4,lib/tests/delimcc/reset-shift-k.zy,direct
selected,debug,1,235417,251,21,4616584,True,"[184, 51, 14, 13]",4,lib/tests/delimcc/reset-shift-k.zy,trim_direct
selected,debug,1,240960,251,21,4934085,True,"[184, 51, 14, 13]",5,lib/tests/delimcc/reset-shift-k.zy,trim
selected,debug,1,238874,251,21,4675212,True,"[184, 51, 14, 13]",5,lib/tests/delimcc/reset-shift-k.zy,direct
selected,debug,1,233624,251,21,4629669,True,"[184, 51, 14, 13]",5,lib/tests/delimcc/reset-shift-k.zy,trim_direct
selected,debug,1,242373,251,21,4784960,True,"[184, 51, 14, 13]",5,lib/tests/delimcc/reset-shift-k.zy,baseline
selected,debug,1,237252,251,21,4748956,True,"[184, 51, 14, 13]",6,lib/tests/delimcc/reset-shift-k.zy,direct
selected,debug,1,239331,251,21,4821042,True,"[184, 51, 14, 13]",6,lib/tests/delimcc/reset-shift-k.zy,trim_direct
selected,debug,1,240626,251,21,4772291,True,"[184, 51, 14, 13]",6,lib/tests/delimcc/reset-shift-k.zy,baseline
selected,debug,1,239789,251,21,4986627,True,"[184, 51, 14, 13]",6,lib/tests/delimcc/reset-shift-k.zy,trim
selected,debug,1,255290,251,21,4817416,True,"[184, 51, 14, 13]",7,lib/tests/delimcc/reset-shift-k.zy,trim_direct
selected,debug,1,245251,251,21,4745792,True,"[184, 51, 14, 13]",7,lib/tests/delimcc/reset-shift-k.zy,baseline
selected,debug,1,240333,251,21,4789712,True,"[184, 51, 14, 13]",7,lib/tests/delimcc/reset-shift-k.zy,trim
selected,debug,1,238250,251,21,4741041,True,"[184, 51, 14, 13]",7,lib/tests/delimcc/reset-shift-k.zy,direct
selected,debug,1,253376,251,21,5063210,True,"[184, 51, 14, 13]",8,lib/tests/delimcc/reset-shift-k.zy,baseline
selected,debug,1,240250,251,21,4916003,True,"[184, 51, 14, 13]",8,lib/tests/delimcc/reset-shift-k.zy,trim
selected,debug,1,249125,251,21,4558584,True,"[184, 51, 14, 13]",8,lib/tests/delimcc/reset-shift-k.zy,direct
selected,debug,1,239667,251,21,4742377,True,"[184, 51, 14, 13]",8,lib/tests/delimcc/reset-shift-k.zy,trim_direct
selected,debug,1,255544,251,21,4935416,True,"[184, 51, 14, 13]",9,lib/tests/delimcc/reset-shift-k.zy,trim
selected,debug,1,243334,251,21,5008081,True,"[184, 51, 14, 13]",9,lib/tests/delimcc/reset-shift-k.zy,direct
selected,debug,1,238375,251,21,4897666,True,"[184, 51, 14, 13]",9,lib/tests/delimcc/reset-shift-k.zy,trim_direct
selected,debug,1,233873,251,21,4702916,True,"[184, 51, 14, 13]",9,lib/tests/delimcc/reset-shift-k.zy,baseline
selected,debug,1,235126,251,21,4613541,True,"[184, 51, 14, 13]",10,lib/tests/delimcc/reset-shift-k.zy,direct
selected,debug,1,251961,251,21,4978168,True,"[184, 51, 14, 13]",10,lib/tests/delimcc/reset-shift-k.zy,trim_direct
selected,debug,1,243373,251,21,4799955,True,"[184, 51, 14, 13]",10,lib/tests/delimcc/reset-shift-k.zy,baseline
selected,debug,1,249460,251,21,5104498,True,"[184, 51, 14, 13]",10,lib/tests/delimcc/reset-shift-k.zy,trim
selected,debug,1,244416,251,21,4857836,True,"[184, 51, 14, 13]",11,lib/tests/delimcc/reset-shift-k.zy,trim_direct
selected,debug,1,246957,251,21,4874707,True,"[184, 51, 14, 13]",11,lib/tests/delimcc/reset-shift-k.zy,baseline
selected,debug,1,240919,251,21,4970996,True,"[184, 51, 14, 13]",11,lib/tests/delimcc/reset-shift-k.zy,trim
selected,debug,1,250413,251,21,5029211,True,"[184, 51, 14, 13]",11,lib/tests/delimcc/reset-shift-k.zy,direct
selected,debug,1,253501,251,21,5103960,True,"[184, 51, 14, 13]",12,lib/tests/delimcc/reset-shift-k.zy,baseline
selected,debug,1,260458,251,21,5090292,True,"[184, 51, 14, 13]",12,lib/tests/delimcc/reset-shift-k.zy,trim
selected,debug,1,251209,251,21,4775043,True,"[184, 51, 14, 13]",12,lib/tests/delimcc/reset-shift-k.zy,direct
selected,debug,1,270082,251,21,5295041,True,"[184, 51, 14, 13]",12,lib/tests/delimcc/reset-shift-k.zy,trim_direct
selected,debug,1,273208,251,21,5144584,True,"[184, 51, 14, 13]",13,lib/tests/delimcc/reset-shift-k.zy,trim
selected,debug,1,248542,251,21,5074253,True,"[184, 51, 14, 13]",13,lib/tests/delimcc/reset-shift-k.zy,direct
selected,debug,1,250668,251,21,5070293,True,"[184, 51, 14, 13]",13,lib/tests/delimcc/reset-shift-k.zy,trim_direct
selected,debug,1,244623,251,21,4965876,True,"[184, 51, 14, 13]",13,lib/tests/delimcc/reset-shift-k.zy,baseline
selected,debug,1,259582,251,21,4952420,True,"[184, 51, 14, 13]",14,lib/tests/delimcc/reset-shift-k.zy,direct
selected,debug,1,274791,251,21,4989124,True,"[184, 51, 14, 13]",14,lib/tests/delimcc/reset-shift-k.zy,trim_direct
selected,debug,1,246707,251,21,4811085,True,"[184, 51, 14, 13]",14,lib/tests/delimcc/reset-shift-k.zy,baseline
selected,debug,1,252040,251,21,5001665,True,"[184, 51, 14, 13]",14,lib/tests/delimcc/reset-shift-k.zy,trim
selected,debug,1,268748,251,21,4979167,True,"[184, 51, 14, 13]",15,lib/tests/delimcc/reset-shift-k.zy,trim_direct
selected,debug,1,240247,251,21,4816333,True,"[184, 51, 14, 13]",15,lib/tests/delimcc/reset-shift-k.zy,baseline
selected,debug,1,260332,251,21,4857459,True,"[184, 51, 14, 13]",15,lib/tests/delimcc/reset-shift-k.zy,trim
selected,debug,1,251377,251,21,4743041,True,"[184, 51, 14, 13]",15,lib/tests/delimcc/reset-shift-k.zy,direct
selected,debug,1,233710,251,21,4751668,True,"[184, 51, 14, 13]",16,lib/tests/delimcc/reset-shift-k.zy,baseline
selected,debug,1,242335,251,21,4834290,True,"[184, 51, 14, 13]",16,lib/tests/delimcc/reset-shift-k.zy,trim
selected,debug,1,235084,251,21,4793085,True,"[184, 51, 14, 13]",16,lib/tests/delimcc/reset-shift-k.zy,direct
selected,debug,1,244251,251,21,4844709,True,"[184, 51, 14, 13]",16,lib/tests/delimcc/reset-shift-k.zy,trim_direct
selected,debug,1,238875,251,21,4864791,True,"[184, 51, 14, 13]",17,lib/tests/delimcc/reset-shift-k.zy,trim
selected,debug,1,231752,251,21,4617334,True,"[184, 51, 14, 13]",17,lib/tests/delimcc/reset-shift-k.zy,direct
selected,debug,1,234789,251,21,4667957,True,"[184, 51, 14, 13]",17,lib/tests/delimcc/reset-shift-k.zy,trim_direct
selected,debug,1,237000,251,21,4752623,True,"[184, 51, 14, 13]",17,lib/tests/delimcc/reset-shift-k.zy,baseline
selected,debug,1,249291,251,21,5338831,True,"[184, 51, 14, 13]",18,lib/tests/delimcc/reset-shift-k.zy,direct
selected,debug,1,293330,251,21,5113373,True,"[184, 51, 14, 13]",18,lib/tests/delimcc/reset-shift-k.zy,trim_direct
selected,debug,1,263124,251,21,5175458,True,"[184, 51, 14, 13]",18,lib/tests/delimcc/reset-shift-k.zy,baseline
selected,debug,1,254584,251,21,5068001,True,"[184, 51, 14, 13]",18,lib/tests/delimcc/reset-shift-k.zy,trim
selected,debug,1,270291,251,21,5131290,True,"[184, 51, 14, 13]",19,lib/tests/delimcc/reset-shift-k.zy,trim_direct
selected,debug,1,242792,251,21,4870919,True,"[184, 51, 14, 13]",19,lib/tests/delimcc/reset-shift-k.zy,baseline
selected,debug,1,258292,251,21,5166915,True,"[184, 51, 14, 13]",19,lib/tests/delimcc/reset-shift-k.zy,trim
selected,debug,1,308375,251,21,4911707,True,"[184, 51, 14, 13]",19,lib/tests/delimcc/reset-shift-k.zy,direct
selected,debug,1,242916,251,21,4864086,True,"[184, 51, 14, 13]",20,lib/tests/delimcc/reset-shift-k.zy,baseline
selected,debug,1,245708,251,21,4871796,True,"[184, 51, 14, 13]",20,lib/tests/delimcc/reset-shift-k.zy,trim
selected,debug,1,242626,251,21,4776792,True,"[184, 51, 14, 13]",20,lib/tests/delimcc/reset-shift-k.zy,direct
selected,debug,1,249539,251,21,4900040,True,"[184, 51, 14, 13]",20,lib/tests/delimcc/reset-shift-k.zy,trim_direct
selected,debug,1,257583,251,21,4850000,True,"[184, 51, 14, 13]",21,lib/tests/delimcc/reset-shift-k.zy,trim
selected,debug,1,233876,251,21,4728540,True,"[184, 51, 14, 13]",21,lib/tests/delimcc/reset-shift-k.zy,direct
selected,debug,1,272666,251,21,5142291,True,"[184, 51, 14, 13]",21,lib/tests/delimcc/reset-shift-k.zy,trim_direct
selected,debug,1,249545,251,21,4874501,True,"[184, 51, 14, 13]",21,lib/tests/delimcc/reset-shift-k.zy,baseline
selected,debug,1,256667,251,21,4938249,True,"[184, 51, 14, 13]",22,lib/tests/delimcc/reset-shift-k.zy,direct
selected,debug,1,248668,251,21,4747372,True,"[184, 51, 14, 13]",22,lib/tests/delimcc/reset-shift-k.zy,trim_direct
selected,debug,1,243414,251,21,4776252,True,"[184, 51, 14, 13]",22,lib/tests/delimcc/reset-shift-k.zy,baseline
selected,debug,1,242041,251,21,4807042,True,"[184, 51, 14, 13]",22,lib/tests/delimcc/reset-shift-k.zy,trim
selected,debug,1,240543,251,21,4833747,True,"[184, 51, 14, 13]",23,lib/tests/delimcc/reset-shift-k.zy,trim_direct
selected,debug,1,232750,251,21,4618836,True,"[184, 51, 14, 13]",23,lib/tests/delimcc/reset-shift-k.zy,baseline
selected,debug,1,231625,251,21,4757253,True,"[184, 51, 14, 13]",23,lib/tests/delimcc/reset-shift-k.zy,trim
selected,debug,1,238832,251,21,4690957,True,"[184, 51, 14, 13]",23,lib/tests/delimcc/reset-shift-k.zy,direct
selected,debug,1,235663,251,21,4721626,True,"[184, 51, 14, 13]",24,lib/tests/delimcc/reset-shift-k.zy,baseline
selected,debug,1,239790,251,21,4738587,True,"[184, 51, 14, 13]",24,lib/tests/delimcc/reset-shift-k.zy,trim
selected,debug,1,262874,251,21,4862916,True,"[184, 51, 14, 13]",24,lib/tests/delimcc/reset-shift-k.zy,direct
selected,debug,1,235708,251,21,4669666,True,"[184, 51, 14, 13]",24,lib/tests/delimcc/reset-shift-k.zy,trim_direct
selected,debug,1,246333,251,21,4978458,True,"[184, 51, 14, 13]",25,lib/tests/delimcc/reset-shift-k.zy,trim
selected,debug,1,240711,251,21,4663542,True,"[184, 51, 14, 13]",25,lib/tests/delimcc/reset-shift-k.zy,direct
selected,debug,1,234707,251,21,4684042,True,"[184, 51, 14, 13]",25,lib/tests/delimcc/reset-shift-k.zy,trim_direct
selected,debug,1,243709,251,21,4707043,True,"[184, 51, 14, 13]",25,lib/tests/delimcc/reset-shift-k.zy,baseline
selected,debug,1,240084,251,21,4638250,True,"[184, 51, 14, 13]",26,lib/tests/delimcc/reset-shift-k.zy,direct
selected,debug,1,242710,251,21,4693335,True,"[184, 51, 14, 13]",26,lib/tests/delimcc/reset-shift-k.zy,trim_direct
selected,debug,1,237209,251,21,4730039,True,"[184, 51, 14, 13]",26,lib/tests/delimcc/reset-shift-k.zy,baseline
selected,debug,1,249043,251,21,4941417,True,"[184, 51, 14, 13]",26,lib/tests/delimcc/reset-shift-k.zy,trim
selected,debug,1,236247,251,21,4773291,True,"[184, 51, 14, 13]",27,lib/tests/delimcc/reset-shift-k.zy,trim_direct
selected,debug,1,241624,251,21,4760584,True,"[184, 51, 14, 13]",27,lib/tests/delimcc/reset-shift-k.zy,baseline
selected,debug,1,239790,251,21,4819127,True,"[184, 51, 14, 13]",27,lib/tests/delimcc/reset-shift-k.zy,trim
selected,debug,1,235166,251,21,4735208,True,"[184, 51, 14, 13]",27,lib/tests/delimcc/reset-shift-k.zy,direct
selected,debug,1,237332,251,21,4886334,True,"[184, 51, 14, 13]",28,lib/tests/delimcc/reset-shift-k.zy,baseline
selected,debug,1,248711,251,21,5005997,True,"[184, 51, 14, 13]",28,lib/tests/delimcc/reset-shift-k.zy,trim
selected,debug,1,241957,251,21,4827710,True,"[184, 51, 14, 13]",28,lib/tests/delimcc/reset-shift-k.zy,direct
selected,debug,1,245503,251,21,4895713,True,"[184, 51, 14, 13]",28,lib/tests/delimcc/reset-shift-k.zy,trim_direct
selected,debug,1,241873,251,21,4896791,True,"[184, 51, 14, 13]",29,lib/tests/delimcc/reset-shift-k.zy,trim
selected,debug,1,234461,251,21,4687998,True,"[184, 51, 14, 13]",29,lib/tests/delimcc/reset-shift-k.zy,direct
selected,debug,1,238835,251,21,4789043,True,"[184, 51, 14, 13]",29,lib/tests/delimcc/reset-shift-k.zy,trim_direct
selected,debug,1,235502,251,21,4713539,True,"[184, 51, 14, 13]",29,lib/tests/delimcc/reset-shift-k.zy,baseline
selected,debug,1,246586,251,21,4599874,True,"[184, 51, 14, 13]",30,lib/tests/delimcc/reset-shift-k.zy,direct
selected,debug,1,238542,251,21,4725000,True,"[184, 51, 14, 13]",30,lib/tests/delimcc/reset-shift-k.zy,trim_direct
selected,debug,1,238710,251,21,4831165,True,"[184, 51, 14, 13]",30,lib/tests/delimcc/reset-shift-k.zy,baseline
selected,debug,1,230040,251,21,4716793,True,"[184, 51, 14, 13]",30,lib/tests/delimcc/reset-shift-k.zy,trim
selected,debug,1,239499,251,21,4787333,True,"[184, 51, 14, 13]",31,lib/tests/delimcc/reset-shift-k.zy,trim_direct
selected,debug,1,232748,251,21,4568542,True,"[184, 51, 14, 13]",31,lib/tests/delimcc/reset-shift-k.zy,baseline
selected,debug,1,239540,251,21,4742998,True,"[184, 51, 14, 13]",31,lib/tests/delimcc/reset-shift-k.zy,trim
selected,debug,1,249708,251,21,5055668,True,"[184, 51, 14, 13]",31,lib/tests/delimcc/reset-shift-k.zy,direct
selected,debug,1,222541,516,9,4477126,False,"[439, 163, 16, 0]",0,lib/tests/core/gc-stress.zy,baseline
selected,debug,1,236209,516,9,4818624,False,"[439, 163, 16, 0]",0,lib/tests/core/gc-stress.zy,trim
selected,debug,1,231499,516,9,4701999,False,"[439, 163, 16, 0]",0,lib/tests/core/gc-stress.zy,direct
selected,debug,1,220542,516,9,4593500,False,"[439, 163, 16, 0]",0,lib/tests/core/gc-stress.zy,trim_direct
selected,debug,1,226209,516,9,4692291,False,"[439, 163, 16, 0]",1,lib/tests/core/gc-stress.zy,trim
selected,debug,1,217248,516,9,4526250,False,"[439, 163, 16, 0]",1,lib/tests/core/gc-stress.zy,direct
selected,debug,1,217958,516,9,4487875,False,"[439, 163, 16, 0]",1,lib/tests/core/gc-stress.zy,trim_direct
selected,debug,1,223041,516,9,4580206,False,"[439, 163, 16, 0]",1,lib/tests/core/gc-stress.zy,baseline
selected,debug,1,235749,516,9,4666583,False,"[439, 163, 16, 0]",2,lib/tests/core/gc-stress.zy,direct
selected,debug,1,227335,516,9,4598044,False,"[439, 163, 16, 0]",2,lib/tests/core/gc-stress.zy,trim_direct
selected,debug,1,223208,516,9,4803748,False,"[439, 163, 16, 0]",2,lib/tests/core/gc-stress.zy,baseline
selected,debug,1,226418,516,9,4647876,False,"[439, 163, 16, 0]",2,lib/tests/core/gc-stress.zy,trim
selected,debug,1,211166,516,9,4431542,False,"[439, 163, 16, 0]",3,lib/tests/core/gc-stress.zy,trim_direct
selected,debug,1,213624,516,9,4474625,False,"[439, 163, 16, 0]",3,lib/tests/core/gc-stress.zy,baseline
selected,debug,1,220916,516,9,4616498,False,"[439, 163, 16, 0]",3,lib/tests/core/gc-stress.zy,trim
selected,debug,1,214459,516,9,4429875,False,"[439, 163, 16, 0]",3,lib/tests/core/gc-stress.zy,direct
selected,debug,1,219250,516,9,4607625,False,"[439, 163, 16, 0]",4,lib/tests/core/gc-stress.zy,baseline
selected,debug,1,229086,516,9,4757498,False,"[439, 163, 16, 0]",4,lib/tests/core/gc-stress.zy,trim
selected,debug,1,244333,516,9,4656958,False,"[439, 163, 16, 0]",4,lib/tests/core/gc-stress.zy,direct
selected,debug,1,218041,516,9,4647291,False,"[439, 163, 16, 0]",4,lib/tests/core/gc-stress.zy,trim_direct
selected,debug,1,215584,516,9,4602707,False,"[439, 163, 16, 0]",5,lib/tests/core/gc-stress.zy,trim
selected,debug,1,219084,516,9,4518208,False,"[439, 163, 16, 0]",5,lib/tests/core/gc-stress.zy,direct
selected,debug,1,215458,516,9,4405250,False,"[439, 163, 16, 0]",5,lib/tests/core/gc-stress.zy,trim_direct
selected,debug,1,220459,516,9,4638209,False,"[439, 163, 16, 0]",5,lib/tests/core/gc-stress.zy,baseline
selected,debug,1,246417,516,9,4799627,False,"[439, 163, 16, 0]",6,lib/tests/core/gc-stress.zy,direct
selected,debug,1,243292,516,9,4629791,False,"[439, 163, 16, 0]",6,lib/tests/core/gc-stress.zy,trim_direct
selected,debug,1,221459,516,9,4807539,False,"[439, 163, 16, 0]",6,lib/tests/core/gc-stress.zy,baseline
selected,debug,1,218957,516,9,4616334,False,"[439, 163, 16, 0]",6,lib/tests/core/gc-stress.zy,trim
selected,debug,1,250877,516,9,4752040,False,"[439, 163, 16, 0]",7,lib/tests/core/gc-stress.zy,trim_direct
selected,debug,1,227167,516,9,4890459,False,"[439, 163, 16, 0]",7,lib/tests/core/gc-stress.zy,baseline
selected,debug,1,333083,516,9,4854873,False,"[439, 163, 16, 0]",7,lib/tests/core/gc-stress.zy,trim
selected,debug,1,225834,516,9,4619791,False,"[439, 163, 16, 0]",7,lib/tests/core/gc-stress.zy,direct
selected,debug,1,242001,516,9,4926165,False,"[439, 163, 16, 0]",8,lib/tests/core/gc-stress.zy,baseline
selected,debug,1,234042,516,9,4812208,False,"[439, 163, 16, 0]",8,lib/tests/core/gc-stress.zy,trim
selected,debug,1,232791,516,9,4473624,False,"[439, 163, 16, 0]",8,lib/tests/core/gc-stress.zy,direct
selected,debug,1,216540,516,9,4525542,False,"[439, 163, 16, 0]",8,lib/tests/core/gc-stress.zy,trim_direct
selected,debug,1,229875,516,9,4887832,False,"[439, 163, 16, 0]",9,lib/tests/core/gc-stress.zy,trim
selected,debug,1,236668,516,9,4637082,False,"[439, 163, 16, 0]",9,lib/tests/core/gc-stress.zy,direct
selected,debug,1,219792,516,9,4570624,False,"[439, 163, 16, 0]",9,lib/tests/core/gc-stress.zy,trim_direct
selected,debug,1,223291,516,9,4721500,False,"[439, 163, 16, 0]",9,lib/tests/core/gc-stress.zy,baseline
selected,debug,1,242582,516,9,4908876,False,"[439, 163, 16, 0]",10,lib/tests/core/gc-stress.zy,direct
selected,debug,1,240333,516,9,4755708,False,"[439, 163, 16, 0]",10,lib/tests/core/gc-stress.zy,trim_direct
selected,debug,1,244582,516,9,5147039,False,"[439, 163, 16, 0]",10,lib/tests/core/gc-stress.zy,baseline
selected,debug,1,231333,516,9,5016001,False,"[439, 163, 16, 0]",10,lib/tests/core/gc-stress.zy,trim
selected,debug,1,417917,516,9,4776376,False,"[439, 163, 16, 0]",11,lib/tests/core/gc-stress.zy,trim_direct
selected,debug,1,235961,516,9,4643416,False,"[439, 163, 16, 0]",11,lib/tests/core/gc-stress.zy,baseline
selected,debug,1,224583,516,9,5034209,False,"[439, 163, 16, 0]",11,lib/tests/core/gc-stress.zy,trim
selected,debug,1,251084,516,9,5181959,False,"[439, 163, 16, 0]",11,lib/tests/core/gc-stress.zy,direct
selected,debug,1,253752,516,9,4961666,False,"[439, 163, 16, 0]",12,lib/tests/core/gc-stress.zy,baseline
selected,debug,1,226000,516,9,4815417,False,"[439, 163, 16, 0]",12,lib/tests/core/gc-stress.zy,trim
selected,debug,1,224335,516,9,4792458,False,"[439, 163, 16, 0]",12,lib/tests/core/gc-stress.zy,direct
selected,debug,1,242333,516,9,4817542,False,"[439, 163, 16, 0]",12,lib/tests/core/gc-stress.zy,trim_direct
selected,debug,1,220208,516,9,4742168,False,"[439, 163, 16, 0]",13,lib/tests/core/gc-stress.zy,trim
selected,debug,1,237041,516,9,4889583,False,"[439, 163, 16, 0]",13,lib/tests/core/gc-stress.zy,direct
selected,debug,1,249915,516,9,4894582,False,"[439, 163, 16, 0]",13,lib/tests/core/gc-stress.zy,trim_direct
selected,debug,1,271375,516,9,5025918,False,"[439, 163, 16, 0]",13,lib/tests/core/gc-stress.zy,baseline
selected,debug,1,242543,516,9,4611085,False,"[439, 163, 16, 0]",14,lib/tests/core/gc-stress.zy,direct
selected,debug,1,237208,516,9,4864375,False,"[439, 163, 16, 0]",14,lib/tests/core/gc-stress.zy,trim_direct
selected,debug,1,238709,516,9,5204959,False,"[439, 163, 16, 0]",14,lib/tests/core/gc-stress.zy,baseline
selected,debug,1,242542,516,9,4995708,False,"[439, 163, 16, 0]",14,lib/tests/core/gc-stress.zy,trim
selected,debug,1,231919,516,9,4720209,False,"[439, 163, 16, 0]",15,lib/tests/core/gc-stress.zy,trim_direct
selected,debug,1,228499,516,9,4764708,False,"[439, 163, 16, 0]",15,lib/tests/core/gc-stress.zy,baseline
selected,debug,1,231707,516,9,5033041,False,"[439, 163, 16, 0]",15,lib/tests/core/gc-stress.zy,trim
selected,debug,1,238877,516,9,4830418,False,"[439, 163, 16, 0]",15,lib/tests/core/gc-stress.zy,direct
selected,debug,1,245541,516,9,4788874,False,"[439, 163, 16, 0]",16,lib/tests/core/gc-stress.zy,baseline
selected,debug,1,261125,516,9,4877082,False,"[439, 163, 16, 0]",16,lib/tests/core/gc-stress.zy,trim
selected,debug,1,247540,516,9,4914042,False,"[439, 163, 16, 0]",16,lib/tests/core/gc-stress.zy,direct
selected,debug,1,226581,516,9,4771750,False,"[439, 163, 16, 0]",16,lib/tests/core/gc-stress.zy,trim_direct
selected,debug,1,221500,516,9,4613416,False,"[439, 163, 16, 0]",17,lib/tests/core/gc-stress.zy,trim
selected,debug,1,271334,516,9,4817917,False,"[439, 163, 16, 0]",17,lib/tests/core/gc-stress.zy,direct
selected,debug,1,241501,516,9,4919584,False,"[439, 163, 16, 0]",17,lib/tests/core/gc-stress.zy,trim_direct
selected,debug,1,235333,516,9,5000707,False,"[439, 163, 16, 0]",17,lib/tests/core/gc-stress.zy,baseline
selected,debug,1,241000,516,9,4806166,False,"[439, 163, 16, 0]",18,lib/tests/core/gc-stress.zy,direct
selected,debug,1,243208,516,9,5118707,False,"[439, 163, 16, 0]",18,lib/tests/core/gc-stress.zy,trim_direct
selected,debug,1,343126,516,9,5469333,False,"[439, 163, 16, 0]",18,lib/tests/core/gc-stress.zy,baseline
selected,debug,1,238332,516,9,4800625,False,"[439, 163, 16, 0]",18,lib/tests/core/gc-stress.zy,trim
selected,debug,1,263416,516,9,4830041,False,"[439, 163, 16, 0]",19,lib/tests/core/gc-stress.zy,trim_direct
selected,debug,1,248583,516,9,5380250,False,"[439, 163, 16, 0]",19,lib/tests/core/gc-stress.zy,baseline
selected,debug,1,253123,516,9,5057165,False,"[439, 163, 16, 0]",19,lib/tests/core/gc-stress.zy,trim
selected,debug,1,250500,516,9,5271709,False,"[439, 163, 16, 0]",19,lib/tests/core/gc-stress.zy,direct
selected,debug,1,239457,516,9,4886876,False,"[439, 163, 16, 0]",20,lib/tests/core/gc-stress.zy,baseline
selected,debug,1,236957,516,9,4879915,False,"[439, 163, 16, 0]",20,lib/tests/core/gc-stress.zy,trim
selected,debug,1,234915,516,9,5034043,False,"[439, 163, 16, 0]",20,lib/tests/core/gc-stress.zy,direct
selected,debug,1,252834,516,9,4862791,False,"[439, 163, 16, 0]",20,lib/tests/core/gc-stress.zy,trim_direct
selected,debug,1,232334,516,9,4887333,False,"[439, 163, 16, 0]",21,lib/tests/core/gc-stress.zy,trim
selected,debug,1,238166,516,9,4928626,False,"[439, 163, 16, 0]",21,lib/tests/core/gc-stress.zy,direct
selected,debug,1,218833,516,9,4690000,False,"[439, 163, 16, 0]",21,lib/tests/core/gc-stress.zy,trim_direct
selected,debug,1,293626,516,9,5019375,False,"[439, 163, 16, 0]",21,lib/tests/core/gc-stress.zy,baseline
selected,debug,1,223248,516,9,4611918,False,"[439, 163, 16, 0]",22,lib/tests/core/gc-stress.zy,direct
selected,debug,1,225874,516,9,4839542,False,"[439, 163, 16, 0]",22,lib/tests/core/gc-stress.zy,trim_direct
selected,debug,1,240624,516,9,4976958,False,"[439, 163, 16, 0]",22,lib/tests/core/gc-stress.zy,baseline
selected,debug,1,225000,516,9,4742501,False,"[439, 163, 16, 0]",22,lib/tests/core/gc-stress.zy,trim
selected,debug,1,240749,516,9,4786876,False,"[439, 163, 16, 0]",23,lib/tests/core/gc-stress.zy,trim_direct
selected,debug,1,244250,516,9,4714168,False,"[439, 163, 16, 0]",23,lib/tests/core/gc-stress.zy,baseline
selected,debug,1,225123,516,9,4775416,False,"[439, 163, 16, 0]",23,lib/tests/core/gc-stress.zy,trim
selected,debug,1,236082,516,9,4708416,False,"[439, 163, 16, 0]",23,lib/tests/core/gc-stress.zy,direct
selected,debug,1,248500,516,9,4815917,False,"[439, 163, 16, 0]",24,lib/tests/core/gc-stress.zy,baseline
selected,debug,1,231792,516,9,5014792,False,"[439, 163, 16, 0]",24,lib/tests/core/gc-stress.zy,trim
selected,debug,1,221915,516,9,4680835,False,"[439, 163, 16, 0]",24,lib/tests/core/gc-stress.zy,direct
selected,debug,1,244376,516,9,4852042,False,"[439, 163, 16, 0]",24,lib/tests/core/gc-stress.zy,trim_direct
selected,debug,1,238168,516,9,4847250,False,"[439, 163, 16, 0]",25,lib/tests/core/gc-stress.zy,trim
selected,debug,1,226165,516,9,4703332,False,"[439, 163, 16, 0]",25,lib/tests/core/gc-stress.zy,direct
selected,debug,1,239332,516,9,4992999,False,"[439, 163, 16, 0]",25,lib/tests/core/gc-stress.zy,trim_direct
selected,debug,1,227834,516,9,4782832,False,"[439, 163, 16, 0]",25,lib/tests/core/gc-stress.zy,baseline
selected,debug,1,252667,516,9,5577749,False,"[439, 163, 16, 0]",26,lib/tests/core/gc-stress.zy,direct
selected,debug,1,263124,516,9,5287792,False,"[439, 163, 16, 0]",26,lib/tests/core/gc-stress.zy,trim_direct
selected,debug,1,240460,516,9,4832626,False,"[439, 163, 16, 0]",26,lib/tests/core/gc-stress.zy,baseline
selected,debug,1,230166,516,9,4799625,False,"[439, 163, 16, 0]",26,lib/tests/core/gc-stress.zy,trim
selected,debug,1,282124,516,9,5069791,False,"[439, 163, 16, 0]",27,lib/tests/core/gc-stress.zy,trim_direct
selected,debug,1,375417,516,9,5058376,False,"[439, 163, 16, 0]",27,lib/tests/core/gc-stress.zy,baseline
selected,debug,1,270961,516,9,4959666,False,"[439, 163, 16, 0]",27,lib/tests/core/gc-stress.zy,trim
selected,debug,1,232666,516,9,4725083,False,"[439, 163, 16, 0]",27,lib/tests/core/gc-stress.zy,direct
selected,debug,1,232250,516,9,4924332,False,"[439, 163, 16, 0]",28,lib/tests/core/gc-stress.zy,baseline
selected,debug,1,235792,516,9,4745874,False,"[439, 163, 16, 0]",28,lib/tests/core/gc-stress.zy,trim
selected,debug,1,234460,516,9,4753334,False,"[439, 163, 16, 0]",28,lib/tests/core/gc-stress.zy,direct
selected,debug,1,222957,516,9,4558041,False,"[439, 163, 16, 0]",28,lib/tests/core/gc-stress.zy,trim_direct
selected,debug,1,267041,516,9,4822250,False,"[439, 163, 16, 0]",29,lib/tests/core/gc-stress.zy,trim
selected,debug,1,237375,516,9,4688500,False,"[439, 163, 16, 0]",29,lib/tests/core/gc-stress.zy,direct
selected,debug,1,230125,516,9,5008500,False,"[439, 163, 16, 0]",29,lib/tests/core/gc-stress.zy,trim_direct
selected,debug,1,239332,516,9,5024290,False,"[439, 163, 16, 0]",29,lib/tests/core/gc-stress.zy,baseline
selected,debug,1,245751,516,9,5198127,False,"[439, 163, 16, 0]",30,lib/tests/core/gc-stress.zy,direct
selected,debug,1,237916,516,9,4813292,False,"[439, 163, 16, 0]",30,lib/tests/core/gc-stress.zy,trim_direct
selected,debug,1,232501,516,9,4884375,False,"[439, 163, 16, 0]",30,lib/tests/core/gc-stress.zy,baseline
selected,debug,1,249835,516,9,4928044,False,"[439, 163, 16, 0]",30,lib/tests/core/gc-stress.zy,trim
selected,debug,1,234083,516,9,4681373,False,"[439, 163, 16, 0]",31,lib/tests/core/gc-stress.zy,trim_direct
selected,debug,1,230669,516,9,4731710,False,"[439, 163, 16, 0]",31,lib/tests/core/gc-stress.zy,baseline
selected,debug,1,239501,516,9,4948832,False,"[439, 163, 16, 0]",31,lib/tests/core/gc-stress.zy,trim
selected,debug,1,241959,516,9,4966958,False,"[439, 163, 16, 0]",31,lib/tests/core/gc-stress.zy,direct
selected,debug,1,249667,516,9,4884209,True,"[422, 163, 16, 15]",0,lib/tests/core/gc-stress.zy,baseline
selected,debug,1,250335,516,9,4734709,True,"[422, 163, 16, 15]",0,lib/tests/core/gc-stress.zy,trim
selected,debug,1,249668,516,9,4704250,True,"[422, 163, 16, 15]",0,lib/tests/core/gc-stress.zy,direct
selected,debug,1,239748,516,9,4574665,True,"[422, 163, 16, 15]",0,lib/tests/core/gc-stress.zy,trim_direct
selected,debug,1,278081,516,9,4694416,True,"[422, 163, 16, 15]",1,lib/tests/core/gc-stress.zy,trim
selected,debug,1,231291,516,9,4856833,True,"[422, 163, 16, 15]",1,lib/tests/core/gc-stress.zy,direct
selected,debug,1,226249,516,9,4620207,True,"[422, 163, 16, 15]",1,lib/tests/core/gc-stress.zy,trim_direct
selected,debug,1,236543,516,9,4828792,True,"[422, 163, 16, 15]",1,lib/tests/core/gc-stress.zy,baseline
selected,debug,1,235583,516,9,4640958,True,"[422, 163, 16, 15]",2,lib/tests/core/gc-stress.zy,direct
selected,debug,1,229249,516,9,4543168,True,"[422, 163, 16, 15]",2,lib/tests/core/gc-stress.zy,trim_direct
selected,debug,1,219668,516,9,4656624,True,"[422, 163, 16, 15]",2,lib/tests/core/gc-stress.zy,baseline
selected,debug,1,254836,516,9,5315876,True,"[422, 163, 16, 15]",2,lib/tests/core/gc-stress.zy,trim
selected,debug,1,238750,516,9,4561291,True,"[422, 163, 16, 15]",3,lib/tests/core/gc-stress.zy,trim_direct
selected,debug,1,236751,516,9,4697792,True,"[422, 163, 16, 15]",3,lib/tests/core/gc-stress.zy,baseline
selected,debug,1,233918,516,9,4480458,True,"[422, 163, 16, 15]",3,lib/tests/core/gc-stress.zy,trim
selected,debug,1,224001,516,9,4523166,True,"[422, 163, 16, 15]",3,lib/tests/core/gc-stress.zy,direct
selected,debug,1,238834,516,9,4781458,True,"[422, 163, 16, 15]",4,lib/tests/core/gc-stress.zy,baseline
selected,debug,1,271873,516,9,4762998,True,"[422, 163, 16, 15]",4,lib/tests/core/gc-stress.zy,trim
selected,debug,1,234999,516,9,4735999,True,"[422, 163, 16, 15]",4,lib/tests/core/gc-stress.zy,direct
selected,debug,1,226042,516,9,4659332,True,"[422, 163, 16, 15]",4,lib/tests/core/gc-stress.zy,trim_direct
selected,debug,1,272210,516,9,4907041,True,"[422, 163, 16, 15]",5,lib/tests/core/gc-stress.zy,trim
selected,debug,1,236708,516,9,4482748,True,"[422, 163, 16, 15]",5,lib/tests/core/gc-stress.zy,direct
selected,debug,1,240832,516,9,4449707,True,"[422, 163, 16, 15]",5,lib/tests/core/gc-stress.zy,trim_direct
selected,debug,1,262583,516,9,5084168,True,"[422, 163, 16, 15]",5,lib/tests/core/gc-stress.zy,baseline
selected,debug,1,252497,516,9,4695208,True,"[422, 163, 16, 15]",6,lib/tests/core/gc-stress.zy,direct
selected,debug,1,250166,516,9,4780333,True,"[422, 163, 16, 15]",6,lib/tests/core/gc-stress.zy,trim_direct
selected,debug,1,218624,516,9,4570499,True,"[422, 163, 16, 15]",6,lib/tests/core/gc-stress.zy,baseline
selected,debug,1,230541,516,9,4698168,True,"[422, 163, 16, 15]",6,lib/tests/core/gc-stress.zy,trim
selected,debug,1,231332,516,9,4540792,True,"[422, 163, 16, 15]",7,lib/tests/core/gc-stress.zy,trim_direct
selected,debug,1,222917,516,9,4707878,True,"[422, 163, 16, 15]",7,lib/tests/core/gc-stress.zy,baseline
selected,debug,1,237210,516,9,4599376,True,"[422, 163, 16, 15]",7,lib/tests/core/gc-stress.zy,trim
selected,debug,1,228209,516,9,4549500,True,"[422, 163, 16, 15]",7,lib/tests/core/gc-stress.zy,direct
selected,debug,1,287418,516,9,4760042,True,"[422, 163, 16, 15]",8,lib/tests/core/gc-stress.zy,baseline
selected,debug,1,222499,516,9,4475376,True,"[422, 163, 16, 15]",8,lib/tests/core/gc-stress.zy,trim
selected,debug,1,243124,516,9,4567502,True,"[422, 163, 16, 15]",8,lib/tests/core/gc-stress.zy,direct
selected,debug,1,227499,516,9,4550417,True,"[422, 163, 16, 15]",8,lib/tests/core/gc-stress.zy,trim_direct
selected,debug,1,283793,516,9,4525791,True,"[422, 163, 16, 15]",9,lib/tests/core/gc-stress.zy,trim
selected,debug,1,214334,516,9,4392375,True,"[422, 163, 16, 15]",9,lib/tests/core/gc-stress.zy,direct
selected,debug,1,218959,516,9,4466792,True,"[422, 163, 16, 15]",9,lib/tests/core/gc-stress.zy,trim_direct
selected,debug,1,222749,516,9,4496415,True,"[422, 163, 16, 15]",9,lib/tests/core/gc-stress.zy,baseline
selected,debug,1,232374,516,9,4393374,True,"[422, 163, 16, 15]",10,lib/tests/core/gc-stress.zy,direct
selected,debug,1,222669,516,9,4443791,True,"[422, 163, 16, 15]",10,lib/tests/core/gc-stress.zy,trim_direct
selected,debug,1,223249,516,9,4504125,True,"[422, 163, 16, 15]",10,lib/tests/core/gc-stress.zy,baseline
selected,debug,1,233418,516,9,4732000,True,"[422, 163, 16, 15]",10,lib/tests/core/gc-stress.zy,trim
selected,debug,1,235541,516,9,5186042,True,"[422, 163, 16, 15]",11,lib/tests/core/gc-stress.zy,trim_direct
selected,debug,1,217044,516,9,4571791,True,"[422, 163, 16, 15]",11,lib/tests/core/gc-stress.zy,baseline
selected,debug,1,244209,516,9,4707459,True,"[422, 163, 16, 15]",11,lib/tests/core/gc-stress.zy,trim
selected,debug,1,234627,516,9,4676709,True,"[422, 163, 16, 15]",11,lib/tests/core/gc-stress.zy,direct
selected,debug,1,237666,516,9,4748168,True,"[422, 163, 16, 15]",12,lib/tests/core/gc-stress.zy,baseline
selected,debug,1,247293,516,9,4583957,True,"[422, 163, 16, 15]",12,lib/tests/core/gc-stress.zy,trim
selected,debug,1,262043,516,9,4610584,True,"[422, 163, 16, 15]",12,lib/tests/core/gc-stress.zy,direct
selected,debug,1,225749,516,9,4428791,True,"[422, 163, 16, 15]",12,lib/tests/core/gc-stress.zy,trim_direct
selected,debug,1,237375,516,9,4836541,True,"[422, 163, 16, 15]",13,lib/tests/core/gc-stress.zy,trim
selected,debug,1,228124,516,9,4629750,True,"[422, 163, 16, 15]",13,lib/tests/core/gc-stress.zy,direct
selected,debug,1,232542,516,9,4502917,True,"[422, 163, 16, 15]",13,lib/tests/core/gc-stress.zy,trim_direct
selected,debug,1,219667,516,9,4409500,True,"[422, 163, 16, 15]",13,lib/tests/core/gc-stress.zy,baseline
selected,debug,1,218251,516,9,4335999,True,"[422, 163, 16, 15]",14,lib/tests/core/gc-stress.zy,direct
selected,debug,1,223169,516,9,4536543,True,"[422, 163, 16, 15]",14,lib/tests/core/gc-stress.zy,trim_direct
selected,debug,1,223750,516,9,4528498,True,"[422, 163, 16, 15]",14,lib/tests/core/gc-stress.zy,baseline
selected,debug,1,228749,516,9,4596876,True,"[422, 163, 16, 15]",14,lib/tests/core/gc-stress.zy,trim
selected,debug,1,226127,516,9,4460291,True,"[422, 163, 16, 15]",15,lib/tests/core/gc-stress.zy,trim_direct
selected,debug,1,223791,516,9,4560748,True,"[422, 163, 16, 15]",15,lib/tests/core/gc-stress.zy,baseline
selected,debug,1,221128,516,9,4522208,True,"[422, 163, 16, 15]",15,lib/tests/core/gc-stress.zy,trim
selected,debug,1,222416,516,9,4468376,True,"[422, 163, 16, 15]",15,lib/tests/core/gc-stress.zy,direct
selected,debug,1,210207,516,9,4291040,True,"[422, 163, 16, 15]",16,lib/tests/core/gc-stress.zy,baseline
selected,debug,1,220334,516,9,4384085,True,"[422, 163, 16, 15]",16,lib/tests/core/gc-stress.zy,trim
selected,debug,1,221251,516,9,4450542,True,"[422, 163, 16, 15]",16,lib/tests/core/gc-stress.zy,direct
selected,debug,1,232918,516,9,4452874,True,"[422, 163, 16, 15]",16,lib/tests/core/gc-stress.zy,trim_direct
selected,debug,1,236832,516,9,4567331,True,"[422, 163, 16, 15]",17,lib/tests/core/gc-stress.zy,trim
selected,debug,1,228000,516,9,4603834,True,"[422, 163, 16, 15]",17,lib/tests/core/gc-stress.zy,direct
selected,debug,1,289543,516,9,4767539,True,"[422, 163, 16, 15]",17,lib/tests/core/gc-stress.zy,trim_direct
selected,debug,1,231833,516,9,4608417,True,"[422, 163, 16, 15]",17,lib/tests/core/gc-stress.zy,baseline
selected,debug,1,220958,516,9,4367252,True,"[422, 163, 16, 15]",18,lib/tests/core/gc-stress.zy,direct
selected,debug,1,225083,516,9,4527332,True,"[422, 163, 16, 15]",18,lib/tests/core/gc-stress.zy,trim_direct
selected,debug,1,223625,516,9,4575416,True,"[422, 163, 16, 15]",18,lib/tests/core/gc-stress.zy,baseline
selected,debug,1,255501,516,9,4764877,True,"[422, 163, 16, 15]",18,lib/tests/core/gc-stress.zy,trim
selected,debug,1,223252,516,9,4503709,True,"[422, 163, 16, 15]",19,lib/tests/core/gc-stress.zy,trim_direct
selected,debug,1,229915,516,9,4625917,True,"[422, 163, 16, 15]",19,lib/tests/core/gc-stress.zy,baseline
selected,debug,1,227418,516,9,4543292,True,"[422, 163, 16, 15]",19,lib/tests/core/gc-stress.zy,trim
selected,debug,1,478916,516,9,5941457,True,"[422, 163, 16, 15]",19,lib/tests/core/gc-stress.zy,direct
selected,debug,1,361168,516,9,5744833,True,"[422, 163, 16, 15]",20,lib/tests/core/gc-stress.zy,baseline
selected,debug,1,429001,516,9,5999250,True,"[422, 163, 16, 15]",20,lib/tests/core/gc-stress.zy,trim
selected,debug,1,260790,516,9,4847166,True,"[422, 163, 16, 15]",20,lib/tests/core/gc-stress.zy,direct
selected,debug,1,227875,516,9,4623998,True,"[422, 163, 16, 15]",20,lib/tests/core/gc-stress.zy,trim_direct
selected,debug,1,232332,516,9,4651542,True,"[422, 163, 16, 15]",21,lib/tests/core/gc-stress.zy,trim
selected,debug,1,238665,516,9,4604293,True,"[422, 163, 16, 15]",21,lib/tests/core/gc-stress.zy,direct
selected,debug,1,235249,516,9,4537751,True,"[422, 163, 16, 15]",21,lib/tests/core/gc-stress.zy,trim_direct
selected,debug,1,258208,516,9,4868502,True,"[422, 163, 16, 15]",21,lib/tests/core/gc-stress.zy,baseline
selected,debug,1,219584,516,9,4528333,True,"[422, 163, 16, 15]",22,lib/tests/core/gc-stress.zy,direct
selected,debug,1,247294,516,9,4620878,True,"[422, 163, 16, 15]",22,lib/tests/core/gc-stress.zy,trim_direct
selected,debug,1,227708,516,9,4571125,True,"[422, 163, 16, 15]",22,lib/tests/core/gc-stress.zy,baseline
selected,debug,1,230209,516,9,4589375,True,"[422, 163, 16, 15]",22,lib/tests/core/gc-stress.zy,trim
selected,debug,1,221709,516,9,4640584,True,"[422, 163, 16, 15]",23,lib/tests/core/gc-stress.zy,trim_direct
selected,debug,1,239876,516,9,4591083,True,"[422, 163, 16, 15]",23,lib/tests/core/gc-stress.zy,baseline
selected,debug,1,227375,516,9,4652626,True,"[422, 163, 16, 15]",23,lib/tests/core/gc-stress.zy,trim
selected,debug,1,229749,516,9,4599667,True,"[422, 163, 16, 15]",23,lib/tests/core/gc-stress.zy,direct
selected,debug,1,237166,516,9,4572375,True,"[422, 163, 16, 15]",24,lib/tests/core/gc-stress.zy,baseline
selected,debug,1,237585,516,9,4660374,True,"[422, 163, 16, 15]",24,lib/tests/core/gc-stress.zy,trim
selected,debug,1,229624,516,9,4591499,True,"[422, 163, 16, 15]",24,lib/tests/core/gc-stress.zy,direct
selected,debug,1,235708,516,9,4539000,True,"[422, 163, 16, 15]",24,lib/tests/core/gc-stress.zy,trim_direct
selected,debug,1,228000,516,9,4745252,True,"[422, 163, 16, 15]",25,lib/tests/core/gc-stress.zy,trim
selected,debug,1,266709,516,9,4634164,True,"[422, 163, 16, 15]",25,lib/tests/core/gc-stress.zy,direct
selected,debug,1,228917,516,9,4553709,True,"[422, 163, 16, 15]",25,lib/tests/core/gc-stress.zy,trim_direct
selected,debug,1,233207,516,9,4495417,True,"[422, 163, 16, 15]",25,lib/tests/core/gc-stress.zy,baseline
selected,debug,1,238750,516,9,4496458,True,"[422, 163, 16, 15]",26,lib/tests/core/gc-stress.zy,direct
selected,debug,1,229914,516,9,4508916,True,"[422, 163, 16, 15]",26,lib/tests/core/gc-stress.zy,trim_direct
selected,debug,1,228167,516,9,4701123,True,"[422, 163, 16, 15]",26,lib/tests/core/gc-stress.zy,baseline
selected,debug,1,244042,516,9,4702626,True,"[422, 163, 16, 15]",26,lib/tests/core/gc-stress.zy,trim
selected,debug,1,237166,516,9,4758040,True,"[422, 163, 16, 15]",27,lib/tests/core/gc-stress.zy,trim_direct
selected,debug,1,232000,516,9,4607832,True,"[422, 163, 16, 15]",27,lib/tests/core/gc-stress.zy,baseline
selected,debug,1,223915,516,9,4494497,True,"[422, 163, 16, 15]",27,lib/tests/core/gc-stress.zy,trim
selected,debug,1,217539,516,9,4441291,True,"[422, 163, 16, 15]",27,lib/tests/core/gc-stress.zy,direct
selected,debug,1,224543,516,9,4511040,True,"[422, 163, 16, 15]",28,lib/tests/core/gc-stress.zy,baseline
selected,debug,1,221748,516,9,4421583,True,"[422, 163, 16, 15]",28,lib/tests/core/gc-stress.zy,trim
selected,debug,1,233126,516,9,4652875,True,"[422, 163, 16, 15]",28,lib/tests/core/gc-stress.zy,direct
selected,debug,1,329250,516,9,5295540,True,"[422, 163, 16, 15]",28,lib/tests/core/gc-stress.zy,trim_direct
selected,debug,1,254501,516,9,4916706,True,"[422, 163, 16, 15]",29,lib/tests/core/gc-stress.zy,trim
selected,debug,1,290416,516,9,4908334,True,"[422, 163, 16, 15]",29,lib/tests/core/gc-stress.zy,direct
selected,debug,1,245211,516,9,4717873,True,"[422, 163, 16, 15]",29,lib/tests/core/gc-stress.zy,trim_direct
selected,debug,1,244167,516,9,4750250,True,"[422, 163, 16, 15]",29,lib/tests/core/gc-stress.zy,baseline
selected,debug,1,253959,516,9,4617084,True,"[422, 163, 16, 15]",30,lib/tests/core/gc-stress.zy,direct
selected,debug,1,252415,516,9,4501041,True,"[422, 163, 16, 15]",30,lib/tests/core/gc-stress.zy,trim_direct
selected,debug,1,258207,516,9,4813290,True,"[422, 163, 16, 15]",30,lib/tests/core/gc-stress.zy,baseline
selected,debug,1,247499,516,9,4956375,True,"[422, 163, 16, 15]",30,lib/tests/core/gc-stress.zy,trim
selected,debug,1,274750,516,9,4989834,True,"[422, 163, 16, 15]",31,lib/tests/core/gc-stress.zy,trim_direct
selected,debug,1,239959,516,9,4864084,True,"[422, 163, 16, 15]",31,lib/tests/core/gc-stress.zy,baseline
selected,debug,1,241371,516,9,4802708,True,"[422, 163, 16, 15]",31,lib/tests/core/gc-stress.zy,trim
selected,debug,1,284167,516,9,4793333,True,"[422, 163, 16, 15]",31,lib/tests/core/gc-stress.zy,direct
selected,release,0,594626,343,96,4999501,False,"[276, 90, 14, 0]",0,lib/tests/core/fact.zy,baseline
selected,release,0,574918,343,96,4938793,False,"[276, 90, 14, 0]",0,lib/tests/core/fact.zy,trim
selected,release,0,593542,343,96,4828832,False,"[276, 90, 14, 0]",0,lib/tests/core/fact.zy,direct
selected,release,0,607544,343,96,4728337,False,"[276, 90, 14, 0]",0,lib/tests/core/fact.zy,trim_direct
selected,release,0,603367,343,96,4997922,False,"[276, 90, 14, 0]",1,lib/tests/core/fact.zy,trim
selected,release,0,579045,343,96,4811498,False,"[276, 90, 14, 0]",1,lib/tests/core/fact.zy,direct
selected,release,0,557674,343,96,4700079,False,"[276, 90, 14, 0]",1,lib/tests/core/fact.zy,trim_direct
selected,release,0,545045,343,96,4954789,False,"[276, 90, 14, 0]",1,lib/tests/core/fact.zy,baseline
selected,release,0,555586,343,96,4682913,False,"[276, 90, 14, 0]",2,lib/tests/core/fact.zy,direct
selected,release,0,560456,343,96,4669207,False,"[276, 90, 14, 0]",2,lib/tests/core/fact.zy,trim_direct
selected,release,0,551332,343,96,4955452,False,"[276, 90, 14, 0]",2,lib/tests/core/fact.zy,baseline
selected,release,0,544622,343,96,4892044,False,"[276, 90, 14, 0]",2,lib/tests/core/fact.zy,trim
selected,release,0,597420,343,96,4881998,False,"[276, 90, 14, 0]",3,lib/tests/core/fact.zy,trim_direct
selected,release,0,550877,343,96,4923172,False,"[276, 90, 14, 0]",3,lib/tests/core/fact.zy,baseline
selected,release,0,544754,343,96,5048790,False,"[276, 90, 14, 0]",3,lib/tests/core/fact.zy,trim
selected,release,0,586082,343,96,5009372,False,"[276, 90, 14, 0]",3,lib/tests/core/fact.zy,direct
selected,release,0,651162,343,96,5147500,False,"[276, 90, 14, 0]",4,lib/tests/core/fact.zy,baseline
selected,release,0,547412,343,96,5032333,False,"[276, 90, 14, 0]",4,lib/tests/core/fact.zy,trim
selected,release,0,552209,343,96,4859957,False,"[276, 90, 14, 0]",4,lib/tests/core/fact.zy,direct
selected,release,0,573373,343,96,4818547,False,"[276, 90, 14, 0]",4,lib/tests/core/fact.zy,trim_direct
selected,release,0,615209,343,96,4937085,False,"[276, 90, 14, 0]",5,lib/tests/core/fact.zy,trim
selected,release,0,581211,343,96,4813960,False,"[276, 90, 14, 0]",5,lib/tests/core/fact.zy,direct
selected,release,0,580462,343,96,4876464,False,"[276, 90, 14, 0]",5,lib/tests/core/fact.zy,trim_direct
selected,release,0,585205,343,96,5072042,False,"[276, 90, 14, 0]",5,lib/tests/core/fact.zy,baseline
selected,release,0,550626,343,96,4859088,False,"[276, 90, 14, 0]",6,lib/tests/core/fact.zy,direct
selected,release,0,555749,343,96,4731048,False,"[276, 90, 14, 0]",6,lib/tests/core/fact.zy,trim_direct
selected,release,0,620625,343,96,5335621,False,"[276, 90, 14, 0]",6,lib/tests/core/fact.zy,baseline
selected,release,0,590706,343,96,5133716,False,"[276, 90, 14, 0]",6,lib/tests/core/fact.zy,trim
selected,release,0,603962,343,96,4907833,False,"[276, 90, 14, 0]",7,lib/tests/core/fact.zy,trim_direct
selected,release,0,581578,343,96,5136045,False,"[276, 90, 14, 0]",7,lib/tests/core/fact.zy,baseline
selected,release,0,584668,343,96,5112748,False,"[276, 90, 14, 0]",7,lib/tests/core/fact.zy,trim
selected,release,0,586082,343,96,4906756,False,"[276, 90, 14, 0]",7,lib/tests/core/fact.zy,direct
selected,release,0,614540,343,96,5061417,False,"[276, 90, 14, 0]",8,lib/tests/core/fact.zy,baseline
selected,release,0,585505,343,96,4979744,False,"[276, 90, 14, 0]",8,lib/tests/core/fact.zy,trim
selected,release,0,563339,343,96,4996543,False,"[276, 90, 14, 0]",8,lib/tests/core/fact.zy,direct
selected,release,0,612249,343,96,4858626,False,"[276, 90, 14, 0]",8,lib/tests/core/fact.zy,trim_direct
selected,release,0,575337,343,96,5087409,False,"[276, 90, 14, 0]",9,lib/tests/core/fact.zy,trim
selected,release,0,625791,343,96,4986749,False,"[276, 90, 14, 0]",9,lib/tests/core/fact.zy,direct
selected,release,0,554336,343,96,4793287,False,"[276, 90, 14, 0]",9,lib/tests/core/fact.zy,trim_direct
selected,release,0,569706,343,96,4992541,False,"[276, 90, 14, 0]",9,lib/tests/core/fact.zy,baseline
selected,release,0,573541,343,96,4946957,False,"[276, 90, 14, 0]",10,lib/tests/core/fact.zy,direct
selected,release,0,591297,343,96,5105623,False,"[276, 90, 14, 0]",10,lib/tests/core/fact.zy,trim_direct
selected,release,0,610834,343,96,5170042,False,"[276, 90, 14, 0]",10,lib/tests/core/fact.zy,baseline
selected,release,0,560416,343,96,5102501,False,"[276, 90, 14, 0]",10,lib/tests/core/fact.zy,trim
selected,release,0,600748,343,96,4894751,False,"[276, 90, 14, 0]",11,lib/tests/core/fact.zy,trim_direct
selected,release,0,582336,343,96,5104340,False,"[276, 90, 14, 0]",11,lib/tests/core/fact.zy,baseline
selected,release,0,574584,343,96,5167038,False,"[276, 90, 14, 0]",11,lib/tests/core/fact.zy,trim
selected,release,0,614029,343,96,4966215,False,"[276, 90, 14, 0]",11,lib/tests/core/fact.zy,direct
selected,release,0,568043,343,96,5194915,False,"[276, 90, 14, 0]",12,lib/tests/core/fact.zy,baseline
selected,release,0,556958,343,96,5018505,False,"[276, 90, 14, 0]",12,lib/tests/core/fact.zy,trim
selected,release,0,547124,343,96,4824128,False,"[276, 90, 14, 0]",12,lib/tests/core/fact.zy,direct
selected,release,0,650332,343,96,4867999,False,"[276, 90, 14, 0]",12,lib/tests/core/fact.zy,trim_direct
selected,release,0,563580,343,96,5043043,False,"[276, 90, 14, 0]",13,lib/tests/core/fact.zy,trim
selected,release,0,565668,343,96,4867580,False,"[276, 90, 14, 0]",13,lib/tests/core/fact.zy,direct
selected,release,0,547459,343,96,4721875,False,"[276, 90, 14, 0]",13,lib/tests/core/fact.zy,trim_direct
selected,release,0,562582,343,96,5083996,False,"[276, 90, 14, 0]",13,lib/tests/core/fact.zy,baseline
selected,release,0,625707,343,96,5129124,False,"[276, 90, 14, 0]",14,lib/tests/core/fact.zy,direct
selected,release,0,759333,343,96,5666791,False,"[276, 90, 14, 0]",14,lib/tests/core/fact.zy,trim_direct
selected,release,0,871419,343,96,7039245,False,"[276, 90, 14, 0]",14,lib/tests/core/fact.zy,baseline
selected,release,0,759831,343,96,5661666,False,"[276, 90, 14, 0]",14,lib/tests/core/fact.zy,trim
selected,release,0,609625,343,96,4886882,False,"[276, 90, 14, 0]",15,lib/tests/core/fact.zy,trim_direct
selected,release,0,564920,343,96,5093747,False,"[276, 90, 14, 0]",15,lib/tests/core/fact.zy,baseline
selected,release,0,595413,343,96,4917754,False,"[276, 90, 14, 0]",15,lib/tests/core/fact.zy,trim
selected,release,0,563420,343,96,4895586,False,"[276, 90, 14, 0]",15,lib/tests/core/fact.zy,direct
selected,release,0,557881,343,96,5085167,False,"[276, 90, 14, 0]",16,lib/tests/core/fact.zy,baseline
selected,release,0,633330,343,96,5156088,False,"[276, 90, 14, 0]",16,lib/tests/core/fact.zy,trim
selected,release,0,645292,343,96,5213872,False,"[276, 90, 14, 0]",16,lib/tests/core/fact.zy,direct
selected,release,0,569375,343,96,4773413,False,"[276, 90, 14, 0]",16,lib/tests/core/fact.zy,trim_direct
selected,release,0,550956,343,96,4997878,False,"[276, 90, 14, 0]",17,lib/tests/core/fact.zy,trim
selected,release,0,564668,343,96,4942753,False,"[276, 90, 14, 0]",17,lib/tests/core/fact.zy,direct
selected,release,0,576667,343,96,4910120,False,"[276, 90, 14, 0]",17,lib/tests/core/fact.zy,trim_direct
selected,release,0,600913,343,96,4950168,False,"[276, 90, 14, 0]",17,lib/tests/core/fact.zy,baseline
selected,release,0,585047,343,96,4960877,False,"[276, 90, 14, 0]",18,lib/tests/core/fact.zy,direct
selected,release,0,534922,343,96,4751837,False,"[276, 90, 14, 0]",18,lib/tests/core/fact.zy,trim_direct
selected,release,0,551207,343,96,5053703,False,"[276, 90, 14, 0]",18,lib/tests/core/fact.zy,baseline
selected,release,0,559839,343,96,5043372,False,"[276, 90, 14, 0]",18,lib/tests/core/fact.zy,trim
selected,release,0,551578,343,96,4836626,False,"[276, 90, 14, 0]",19,lib/tests/core/fact.zy,trim_direct
selected,release,0,549214,343,96,5044367,False,"[276, 90, 14, 0]",19,lib/tests/core/fact.zy,baseline
selected,release,0,557211,343,96,5012873,False,"[276, 90, 14, 0]",19,lib/tests/core/fact.zy,trim
selected,release,0,550129,343,96,4914966,False,"[276, 90, 14, 0]",19,lib/tests/core/fact.zy,direct
selected,release,0,555004,343,96,5075750,False,"[276, 90, 14, 0]",20,lib/tests/core/fact.zy,baseline
selected,release,0,609583,343,96,5059716,False,"[276, 90, 14, 0]",20,lib/tests/core/fact.zy,trim
selected,release,0,571086,343,96,4945171,False,"[276, 90, 14, 0]",20,lib/tests/core/fact.zy,direct
selected,release,0,553620,343,96,4832002,False,"[276, 90, 14, 0]",20,lib/tests/core/fact.zy,trim_direct
selected,release,0,633080,343,96,5066830,False,"[276, 90, 14, 0]",21,lib/tests/core/fact.zy,trim
selected,release,0,569502,343,96,4935124,False,"[276, 90, 14, 0]",21,lib/tests/core/fact.zy,direct
selected,release,0,603874,343,96,4875708,False,"[276, 90, 14, 0]",21,lib/tests/core/fact.zy,trim_direct
selected,release,0,585708,343,96,5127451,False,"[276, 90, 14, 0]",21,lib/tests/core/fact.zy,baseline
selected,release,0,575706,343,96,4921711,False,"[276, 90, 14, 0]",22,lib/tests/core/fact.zy,direct
selected,release,0,568251,343,96,4928949,False,"[276, 90, 14, 0]",22,lib/tests/core/fact.zy,trim_direct
selected,release,0,570581,343,96,5124370,False,"[276, 90, 14, 0]",22,lib/tests/core/fact.zy,baseline
selected,release,0,579752,343,96,5425337,False,"[276, 90, 14, 0]",22,lib/tests/core/fact.zy,trim
selected,release,0,560004,343,96,4971912,False,"[276, 90, 14, 0]",23,lib/tests/core/fact.zy,trim_direct
selected,release,0,596660,343,96,5118579,False,"[276, 90, 14, 0]",23,lib/tests/core/fact.zy,baseline
selected,release,0,547000,343,96,4993748,False,"[276, 90, 14, 0]",23,lib/tests/core/fact.zy,trim
selected,release,0,566588,343,96,4998333,False,"[276, 90, 14, 0]",23,lib/tests/core/fact.zy,direct
selected,release,0,573706,343,96,5071290,False,"[276, 90, 14, 0]",24,lib/tests/core/fact.zy,baseline
selected,release,0,568960,343,96,5045167,False,"[276, 90, 14, 0]",24,lib/tests/core/fact.zy,trim
selected,release,0,570708,343,96,4818583,False,"[276, 90, 14, 0]",24,lib/tests/core/fact.zy,direct
selected,release,0,606164,343,96,5014751,False,"[276, 90, 14, 0]",24,lib/tests/core/fact.zy,trim_direct
selected,release,0,559872,343,96,5008121,False,"[276, 90, 14, 0]",25,lib/tests/core/fact.zy,trim
selected,release,0,567543,343,96,5140838,False,"[276, 90, 14, 0]",25,lib/tests/core/fact.zy,direct
selected,release,0,569625,343,96,4878128,False,"[276, 90, 14, 0]",25,lib/tests/core/fact.zy,trim_direct
selected,release,0,554216,343,96,4964574,False,"[276, 90, 14, 0]",25,lib/tests/core/fact.zy,baseline
selected,release,0,552369,343,96,4901789,False,"[276, 90, 14, 0]",26,lib/tests/core/fact.zy,direct
selected,release,0,581714,343,96,4866580,False,"[276, 90, 14, 0]",26,lib/tests/core/fact.zy,trim_direct
selected,release,0,569421,343,96,5050830,False,"[276, 90, 14, 0]",26,lib/tests/core/fact.zy,baseline
selected,release,0,571252,343,96,5178207,False,"[276, 90, 14, 0]",26,lib/tests/core/fact.zy,trim
selected,release,0,590670,343,96,4857041,False,"[276, 90, 14, 0]",27,lib/tests/core/fact.zy,trim_direct
selected,release,0,598751,343,96,5111873,False,"[276, 90, 14, 0]",27,lib/tests/core/fact.zy,baseline
selected,release,0,576954,343,96,4994416,False,"[276, 90, 14, 0]",27,lib/tests/core/fact.zy,trim
selected,release,0,609249,343,96,4870704,False,"[276, 90, 14, 0]",27,lib/tests/core/fact.zy,direct
selected,release,0,558830,343,96,5078456,False,"[276, 90, 14, 0]",28,lib/tests/core/fact.zy,baseline
selected,release,0,591708,343,96,5229165,False,"[276, 90, 14, 0]",28,lib/tests/core/fact.zy,trim
selected,release,0,560414,343,96,4890542,False,"[276, 90, 14, 0]",28,lib/tests/core/fact.zy,direct
selected,release,0,572415,343,96,4881129,False,"[276, 90, 14, 0]",28,lib/tests/core/fact.zy,trim_direct
selected,release,0,600211,343,96,5375498,False,"[276, 90, 14, 0]",29,lib/tests/core/fact.zy,trim
selected,release,0,569466,343,96,5042580,False,"[276, 90, 14, 0]",29,lib/tests/core/fact.zy,direct
selected,release,0,586251,343,96,4885627,False,"[276, 90, 14, 0]",29,lib/tests/core/fact.zy,trim_direct
selected,release,0,563833,343,96,5034751,False,"[276, 90, 14, 0]",29,lib/tests/core/fact.zy,baseline
selected,release,0,597008,343,96,4950880,False,"[276, 90, 14, 0]",30,lib/tests/core/fact.zy,direct
selected,release,0,613880,343,96,4931294,False,"[276, 90, 14, 0]",30,lib/tests/core/fact.zy,trim_direct
selected,release,0,593170,343,96,5067993,False,"[276, 90, 14, 0]",30,lib/tests/core/fact.zy,baseline
selected,release,0,539253,343,96,4907794,False,"[276, 90, 14, 0]",30,lib/tests/core/fact.zy,trim
selected,release,0,556421,343,96,4711458,False,"[276, 90, 14, 0]",31,lib/tests/core/fact.zy,trim_direct
selected,release,0,547922,343,96,4967959,False,"[276, 90, 14, 0]",31,lib/tests/core/fact.zy,baseline
selected,release,0,537752,343,96,4921501,False,"[276, 90, 14, 0]",31,lib/tests/core/fact.zy,trim
selected,release,0,531324,343,96,4863752,False,"[276, 90, 14, 0]",31,lib/tests/core/fact.zy,direct
selected,release,0,671749,343,102,5127332,True,"[265, 89, 14, 13]",0,lib/tests/core/fact.zy,baseline
selected,release,0,633869,343,102,5054588,True,"[265, 89, 14, 13]",0,lib/tests/core/fact.zy,trim
selected,release,0,568960,343,102,4936163,True,"[265, 89, 14, 13]",0,lib/tests/core/fact.zy,direct
selected,release,0,618090,343,102,5064962,True,"[265, 89, 14, 13]",0,lib/tests/core/fact.zy,trim_direct
selected,release,0,585340,343,102,5134542,True,"[265, 89, 14, 13]",1,lib/tests/core/fact.zy,trim
selected,release,0,572618,343,102,4998630,True,"[265, 89, 14, 13]",1,lib/tests/core/fact.zy,direct
selected,release,0,625340,343,102,4870460,True,"[265, 89, 14, 13]",1,lib/tests/core/fact.zy,trim_direct
selected,release,0,627788,343,102,5073584,True,"[265, 89, 14, 13]",1,lib/tests/core/fact.zy,baseline
selected,release,0,576956,343,102,5002876,True,"[265, 89, 14, 13]",2,lib/tests/core/fact.zy,direct
selected,release,0,594127,343,102,4840584,True,"[265, 89, 14, 13]",2,lib/tests/core/fact.zy,trim_direct
selected,release,0,577666,343,102,5128415,True,"[265, 89, 14, 13]",2,lib/tests/core/fact.zy,baseline
selected,release,0,586210,343,102,5146871,True,"[265, 89, 14, 13]",2,lib/tests/core/fact.zy,trim
selected,release,0,582461,343,102,4903170,True,"[265, 89, 14, 13]",3,lib/tests/core/fact.zy,trim_direct
selected,release,0,574873,343,102,5198716,True,"[265, 89, 14, 13]",3,lib/tests/core/fact.zy,baseline
selected,release,0,699036,343,102,5463874,True,"[265, 89, 14, 13]",3,lib/tests/core/fact.zy,trim
selected,release,0,586707,343,102,5061791,True,"[265, 89, 14, 13]",3,lib/tests/core/fact.zy,direct
selected,release,0,580416,343,102,5186544,True,"[265, 89, 14, 13]",4,lib/tests/core/fact.zy,baseline
selected,release,0,582334,343,102,5128792,True,"[265, 89, 14, 13]",4,lib/tests/core/fact.zy,trim
selected,release,0,584508,343,102,5035627,True,"[265, 89, 14, 13]",4,lib/tests/core/fact.zy,direct
selected,release,0,572752,343,102,4947210,True,"[265, 89, 14, 13]",4,lib/tests/core/fact.zy,trim_direct
selected,release,0,595545,343,102,5046832,True,"[265, 89, 14, 13]",5,lib/tests/core/fact.zy,trim
selected,release,0,587548,343,102,5034461,True,"[265, 89, 14, 13]",5,lib/tests/core/fact.zy,direct
selected,release,0,585245,343,102,5031587,True,"[265, 89, 14, 13]",5,lib/tests/core/fact.zy,trim_direct
selected,release,0,590212,343,102,5207168,True,"[265, 89, 14, 13]",5,lib/tests/core/fact.zy,baseline
selected,release,0,596293,343,102,5041503,True,"[265, 89, 14, 13]",6,lib/tests/core/fact.zy,direct
selected,release,0,575580,343,102,5010757,True,"[265, 89, 14, 13]",6,lib/tests/core/fact.zy,trim_direct
selected,release,0,600787,343,102,5276583,True,"[265, 89, 14, 13]",6,lib/tests/core/fact.zy,baseline
selected,release,0,580335,343,102,5123414,True,"[265, 89, 14, 13]",6,lib/tests/core/fact.zy,trim
selected,release,0,632707,343,102,5059246,True,"[265, 89, 14, 13]",7,lib/tests/core/fact.zy,trim_direct
selected,release,0,563624,343,102,5083795,True,"[265, 89, 14, 13]",7,lib/tests/core/fact.zy,baseline
selected,release,0,570748,343,102,5124295,True,"[265, 89, 14, 13]",7,lib/tests/core/fact.zy,trim
selected,release,0,586991,343,102,4826458,True,"[265, 89, 14, 13]",7,lib/tests/core/fact.zy,direct
selected,release,0,558041,343,102,5003748,True,"[265, 89, 14, 13]",8,lib/tests/core/fact.zy,baseline
selected,release,0,586284,343,102,5180330,True,"[265, 89, 14, 13]",8,lib/tests/core/fact.zy,trim
selected,release,0,559748,343,102,4932665,True,"[265, 89, 14, 13]",8,lib/tests/core/fact.zy,direct
selected,release,0,576335,343,102,4945669,True,"[265, 89, 14, 13]",8,lib/tests/core/fact.zy,trim_direct
selected,release,0,609669,343,102,5204001,True,"[265, 89, 14, 13]",9,lib/tests/core/fact.zy,trim
selected,release,0,602754,343,102,5057743,True,"[265, 89, 14, 13]",9,lib/tests/core/fact.zy,direct
selected,release,0,790538,343,102,6346753,True,"[265, 89, 14, 13]",9,lib/tests/core/fact.zy,trim_direct
selected,release,0,969166,343,102,7404836,True,"[265, 89, 14, 13]",9,lib/tests/core/fact.zy,baseline
selected,release,0,932244,343,102,6600665,True,"[265, 89, 14, 13]",10,lib/tests/core/fact.zy,direct
selected,release,0,653541,343,102,5169542,True,"[265, 89, 14, 13]",10,lib/tests/core/fact.zy,trim_direct
selected,release,0,674334,343,102,5287086,True,"[265, 89, 14, 13]",10,lib/tests/core/fact.zy,baseline
selected,release,0,597829,343,102,5113172,True,"[265, 89, 14, 13]",10,lib/tests/core/fact.zy,trim
selected,release,0,604917,343,102,5054412,True,"[265, 89, 14, 13]",11,lib/tests/core/fact.zy,trim_direct
selected,release,0,616122,343,102,5222663,True,"[265, 89, 14, 13]",11,lib/tests/core/fact.zy,baseline
selected,release,0,626327,343,102,5232582,True,"[265, 89, 14, 13]",11,lib/tests/core/fact.zy,trim
selected,release,0,591289,343,102,5023713,True,"[265, 89, 14, 13]",11,lib/tests/core/fact.zy,direct
selected,release,0,620703,343,102,5137964,True,"[265, 89, 14, 13]",12,lib/tests/core/fact.zy,baseline
selected,release,0,595583,343,102,5187246,True,"[265, 89, 14, 13]",12,lib/tests/core/fact.zy,trim
selected,release,0,564082,343,102,5038294,True,"[265, 89, 14, 13]",12,lib/tests/core/fact.zy,direct
selected,release,0,564166,343,102,4988624,True,"[265, 89, 14, 13]",12,lib/tests/core/fact.zy,trim_direct
selected,release,0,598253,343,102,5194503,True,"[265, 89, 14, 13]",13,lib/tests/core/fact.zy,trim
selected,release,0,587038,343,102,5014082,True,"[265, 89, 14, 13]",13,lib/tests/core/fact.zy,direct
selected,release,0,603794,343,102,5024383,True,"[265, 89, 14, 13]",13,lib/tests/core/fact.zy,trim_direct
selected,release,0,568537,343,102,5094547,True,"[265, 89, 14, 13]",13,lib/tests/core/fact.zy,baseline
selected,release,0,554333,343,102,4910246,True,"[265, 89, 14, 13]",14,lib/tests/core/fact.zy,direct
selected,release,0,571797,343,102,4976290,True,"[265, 89, 14, 13]",14,lib/tests/core/fact.zy,trim_direct
selected,release,0,563371,343,102,5175542,True,"[265, 89, 14, 13]",14,lib/tests/core/fact.zy,baseline
selected,release,0,570089,343,102,5179422,True,"[265, 89, 14, 13]",14,lib/tests/core/fact.zy,trim
selected,release,0,583246,343,102,4862914,True,"[265, 89, 14, 13]",15,lib/tests/core/fact.zy,trim_direct
selected,release,0,641465,343,102,5299457,True,"[265, 89, 14, 13]",15,lib/tests/core/fact.zy,baseline
selected,release,0,615669,343,102,5379661,True,"[265, 89, 14, 13]",15,lib/tests/core/fact.zy,trim
selected,release,0,573910,343,102,5041210,True,"[265, 89, 14, 13]",15,lib/tests/core/fact.zy,direct
selected,release,0,596498,343,102,5282290,True,"[265, 89, 14, 13]",16,lib/tests/core/fact.zy,baseline
selected,release,0,612667,343,102,5203248,True,"[265, 89, 14, 13]",16,lib/tests/core/fact.zy,trim
selected,release,0,627915,343,102,5100881,True,"[265, 89, 14, 13]",16,lib/tests/core/fact.zy,direct
selected,release,0,602627,343,102,5134000,True,"[265, 89, 14, 13]",16,lib/tests/core/fact.zy,trim_direct
selected,release,0,604208,343,102,5125419,True,"[265, 89, 14, 13]",17,lib/tests/core/fact.zy,trim
selected,release,0,585287,343,102,5014335,True,"[265, 89, 14, 13]",17,lib/tests/core/fact.zy,direct
selected,release,0,598960,343,102,5046205,True,"[265, 89, 14, 13]",17,lib/tests/core/fact.zy,trim_direct
selected,release,0,568289,343,102,5154588,True,"[265, 89, 14, 13]",17,lib/tests/core/fact.zy,baseline
selected,release,0,578087,343,102,5011506,True,"[265, 89, 14, 13]",18,lib/tests/core/fact.zy,direct
selected,release,0,593874,343,102,5014624,True,"[265, 89, 14, 13]",18,lib/tests/core/fact.zy,trim_direct
selected,release,0,605330,343,102,5233832,True,"[265, 89, 14, 13]",18,lib/tests/core/fact.zy,baseline
selected,release,0,548871,343,102,4956624,True,"[265, 89, 14, 13]",18,lib/tests/core/fact.zy,trim
selected,release,0,563836,343,102,4872042,True,"[265, 89, 14, 13]",19,lib/tests/core/fact.zy,trim_direct
selected,release,0,581956,343,102,5136169,True,"[265, 89, 14, 13]",19,lib/tests/core/fact.zy,baseline
selected,release,0,560828,343,102,5091290,True,"[265, 89, 14, 13]",19,lib/tests/core/fact.zy,trim
selected,release,0,570246,343,102,5026839,True,"[265, 89, 14, 13]",19,lib/tests/core/fact.zy,direct
selected,release,0,555458,343,102,5145419,True,"[265, 89, 14, 13]",20,lib/tests/core/fact.zy,baseline
selected,release,0,558580,343,102,5134170,True,"[265, 89, 14, 13]",20,lib/tests/core/fact.zy,trim
selected,release,0,571122,343,102,5014046,True,"[265, 89, 14, 13]",20,lib/tests/core/fact.zy,direct
selected,release,0,597833,343,102,5010541,True,"[265, 89, 14, 13]",20,lib/tests/core/fact.zy,trim_direct
selected,release,0,567537,343,102,5030299,True,"[265, 89, 14, 13]",21,lib/tests/core/fact.zy,trim
selected,release,0,576169,343,102,4994378,True,"[265, 89, 14, 13]",21,lib/tests/core/fact.zy,direct
selected,release,0,613996,343,102,5139708,True,"[265, 89, 14, 13]",21,lib/tests/core/fact.zy,trim_direct
selected,release,0,674458,343,102,5518620,True,"[265, 89, 14, 13]",21,lib/tests/core/fact.zy,baseline
selected,release,0,568493,343,102,5067631,True,"[265, 89, 14, 13]",22,lib/tests/core/fact.zy,direct
selected,release,0,588746,343,102,5062214,True,"[265, 89, 14, 13]",22,lib/tests/core/fact.zy,trim_direct
selected,release,0,594881,343,102,5250251,True,"[265, 89, 14, 13]",22,lib/tests/core/fact.zy,baseline
selected,release,0,601663,343,102,5162419,True,"[265, 89, 14, 13]",22,lib/tests/core/fact.zy,trim
selected,release,0,592956,343,102,5071165,True,"[265, 89, 14, 13]",23,lib/tests/core/fact.zy,trim_direct
selected,release,0,591542,343,102,5221120,True,"[265, 89, 14, 13]",23,lib/tests/core/fact.zy,baseline
selected,release,0,586212,343,102,5021293,True,"[265, 89, 14, 13]",23,lib/tests/core/fact.zy,trim
selected,release,0,595376,343,102,5078165,True,"[265, 89, 14, 13]",23,lib/tests/core/fact.zy,direct
selected,release,0,559543,343,102,5175036,True,"[265, 89, 14, 13]",24,lib/tests/core/fact.zy,baseline
selected,release,0,558704,343,102,5072089,True,"[265, 89, 14, 13]",24,lib/tests/core/fact.zy,trim
selected,release,0,567201,343,102,4992757,True,"[265, 89, 14, 13]",24,lib/tests/core/fact.zy,direct
selected,release,0,562123,343,102,4978839,True,"[265, 89, 14, 13]",24,lib/tests/core/fact.zy,trim_direct
selected,release,0,545167,343,102,4970416,True,"[265, 89, 14, 13]",25,lib/tests/core/fact.zy,trim
selected,release,0,561078,343,102,4826622,True,"[265, 89, 14, 13]",25,lib/tests/core/fact.zy,direct
selected,release,0,561164,343,102,4835051,True,"[265, 89, 14, 13]",25,lib/tests/core/fact.zy,trim_direct
selected,release,0,558918,343,102,5137250,True,"[265, 89, 14, 13]",25,lib/tests/core/fact.zy,baseline
selected,release,0,596955,343,102,4901001,True,"[265, 89, 14, 13]",26,lib/tests/core/fact.zy,direct
selected,release,0,557502,343,102,4840503,True,"[265, 89, 14, 13]",26,lib/tests/core/fact.zy,trim_direct
selected,release,0,564831,343,102,5100544,True,"[265, 89, 14, 13]",26,lib/tests/core/fact.zy,baseline
selected,release,0,559457,343,102,5047660,True,"[265, 89, 14, 13]",26,lib/tests/core/fact.zy,trim
selected,release,0,559665,343,102,4947664,True,"[265, 89, 14, 13]",27,lib/tests/core/fact.zy,trim_direct
selected,release,0,556579,343,102,5058088,True,"[265, 89, 14, 13]",27,lib/tests/core/fact.zy,baseline
selected,release,0,570541,343,102,5154959,True,"[265, 89, 14, 13]",27,lib/tests/core/fact.zy,trim
selected,release,0,572072,343,102,5016457,True,"[265, 89, 14, 13]",27,lib/tests/core/fact.zy,direct
selected,release,0,549416,343,102,5026878,True,"[265, 89, 14, 13]",28,lib/tests/core/fact.zy,baseline
selected,release,0,565994,343,102,5056502,True,"[265, 89, 14, 13]",28,lib/tests/core/fact.zy,trim
selected,release,0,579874,343,102,5010713,True,"[265, 89, 14, 13]",28,lib/tests/core/fact.zy,direct
selected,release,0,567210,343,102,4900835,True,"[265, 89, 14, 13]",28,lib/tests/core/fact.zy,trim_direct
selected,release,0,573333,343,102,5160336,True,"[265, 89, 14, 13]",29,lib/tests/core/fact.zy,trim
selected,release,0,552875,343,102,5001828,True,"[265, 89, 14, 13]",29,lib/tests/core/fact.zy,direct
selected,release,0,582420,343,102,4931292,True,"[265, 89, 14, 13]",29,lib/tests/core/fact.zy,trim_direct
selected,release,0,550425,343,102,4916792,True,"[265, 89, 14, 13]",29,lib/tests/core/fact.zy,baseline
selected,release,0,551915,343,102,4987750,True,"[265, 89, 14, 13]",30,lib/tests/core/fact.zy,direct
selected,release,0,558373,343,102,4972507,True,"[265, 89, 14, 13]",30,lib/tests/core/fact.zy,trim_direct
selected,release,0,599501,343,102,5074955,True,"[265, 89, 14, 13]",30,lib/tests/core/fact.zy,baseline
selected,release,0,575421,343,102,5203670,True,"[265, 89, 14, 13]",30,lib/tests/core/fact.zy,trim
selected,release,0,571627,343,102,5096662,True,"[265, 89, 14, 13]",31,lib/tests/core/fact.zy,trim_direct
selected,release,0,557245,343,102,5101665,True,"[265, 89, 14, 13]",31,lib/tests/core/fact.zy,baseline
selected,release,0,595077,343,102,5256960,True,"[265, 89, 14, 13]",31,lib/tests/core/fact.zy,trim
selected,release,0,651540,343,102,4988792,True,"[265, 89, 14, 13]",31,lib/tests/core/fact.zy,direct
selected,release,0,66381,4,1024,315721,False,"[2, 0, 0, 0]",0,lib/tests/core/pattern-alias.zy,baseline
selected,release,0,62820,4,1024,349842,False,"[2, 0, 0, 0]",0,lib/tests/core/pattern-alias.zy,trim
selected,release,0,60295,4,1024,312413,False,"[2, 0, 0, 0]",0,lib/tests/core/pattern-alias.zy,direct
selected,release,0,62369,4,1024,315036,False,"[2, 0, 0, 0]",0,lib/tests/core/pattern-alias.zy,trim_direct
selected,release,0,60404,4,1024,325743,False,"[2, 0, 0, 0]",1,lib/tests/core/pattern-alias.zy,trim
selected,release,0,62511,4,1024,325451,False,"[2, 0, 0, 0]",1,lib/tests/core/pattern-alias.zy,direct
selected,release,0,63507,4,1024,308372,False,"[2, 0, 0, 0]",1,lib/tests/core/pattern-alias.zy,trim_direct
selected,release,0,62379,4,1024,304374,False,"[2, 0, 0, 0]",1,lib/tests/core/pattern-alias.zy,baseline
selected,release,0,69002,4,1024,313667,False,"[2, 0, 0, 0]",2,lib/tests/core/pattern-alias.zy,direct
selected,release,0,62206,4,1024,324279,False,"[2, 0, 0, 0]",2,lib/tests/core/pattern-alias.zy,trim_direct
selected,release,0,66459,4,1024,342182,False,"[2, 0, 0, 0]",2,lib/tests/core/pattern-alias.zy,baseline
selected,release,0,59870,4,1024,305140,False,"[2, 0, 0, 0]",2,lib/tests/core/pattern-alias.zy,trim
selected,release,0,62426,4,1024,301591,False,"[2, 0, 0, 0]",3,lib/tests/core/pattern-alias.zy,trim_direct
selected,release,0,62842,4,1024,296748,False,"[2, 0, 0, 0]",3,lib/tests/core/pattern-alias.zy,baseline
selected,release,0,63301,4,1024,314201,False,"[2, 0, 0, 0]",3,lib/tests/core/pattern-alias.zy,trim
selected,release,0,62459,4,1024,321721,False,"[2, 0, 0, 0]",3,lib/tests/core/pattern-alias.zy,direct
selected,release,0,63625,4,1024,322029,False,"[2, 0, 0, 0]",4,lib/tests/core/pattern-alias.zy,baseline
selected,release,0,63661,4,1024,331373,False,"[2, 0, 0, 0]",4,lib/tests/core/pattern-alias.zy,trim
selected,release,0,63116,4,1024,317165,False,"[2, 0, 0, 0]",4,lib/tests/core/pattern-alias.zy,direct
selected,release,0,65633,4,1024,322324,False,"[2, 0, 0, 0]",4,lib/tests/core/pattern-alias.zy,trim_direct
selected,release,0,62426,4,1024,309748,False,"[2, 0, 0, 0]",5,lib/tests/core/pattern-alias.zy,trim
selected,release,0,68133,4,1024,316278,False,"[2, 0, 0, 0]",5,lib/tests/core/pattern-alias.zy,direct
selected,release,0,67376,4,1024,353574,False,"[2, 0, 0, 0]",5,lib/tests/core/pattern-alias.zy,trim_direct
selected,release,0,65047,4,1024,338375,False,"[2, 0, 0, 0]",5,lib/tests/core/pattern-alias.zy,baseline
selected,release,0,66291,4,1024,326721,False,"[2, 0, 0, 0]",6,lib/tests/core/pattern-alias.zy,direct
selected,release,0,65587,4,1024,329670,False,"[2, 0, 0, 0]",6,lib/tests/core/pattern-alias.zy,trim_direct
selected,release,0,71485,4,1024,319497,False,"[2, 0, 0, 0]",6,lib/tests/core/pattern-alias.zy,baseline
selected,release,0,63292,4,1024,315716,False,"[2, 0, 0, 0]",6,lib/tests/core/pattern-alias.zy,trim
selected,release,0,59492,4,1024,303335,False,"[2, 0, 0, 0]",7,lib/tests/core/pattern-alias.zy,trim_direct
selected,release,0,61033,4,1024,300830,False,"[2, 0, 0, 0]",7,lib/tests/core/pattern-alias.zy,baseline
selected,release,0,76124,4,1024,327209,False,"[2, 0, 0, 0]",7,lib/tests/core/pattern-alias.zy,trim
selected,release,0,64751,4,1024,321005,False,"[2, 0, 0, 0]",7,lib/tests/core/pattern-alias.zy,direct
selected,release,0,64756,4,1024,310125,False,"[2, 0, 0, 0]",8,lib/tests/core/pattern-alias.zy,baseline
selected,release,0,67290,4,1024,325287,False,"[2, 0, 0, 0]",8,lib/tests/core/pattern-alias.zy,trim
selected,release,0,64163,4,1024,310719,False,"[2, 0, 0, 0]",8,lib/tests/core/pattern-alias.zy,direct
selected,release,0,64833,4,1024,323220,False,"[2, 0, 0, 0]",8,lib/tests/core/pattern-alias.zy,trim_direct
selected,release,0,62960,4,1024,317616,False,"[2, 0, 0, 0]",9,lib/tests/core/pattern-alias.zy,trim
selected,release,0,69645,4,1024,331628,False,"[2, 0, 0, 0]",9,lib/tests/core/pattern-alias.zy,direct
selected,release,0,67216,4,1024,329669,False,"[2, 0, 0, 0]",9,lib/tests/core/pattern-alias.zy,trim_direct
selected,release,0,64368,4,1024,324327,False,"[2, 0, 0, 0]",9,lib/tests/core/pattern-alias.zy,baseline
selected,release,0,63829,4,1024,316123,False,"[2, 0, 0, 0]",10,lib/tests/core/pattern-alias.zy,direct
selected,release,0,64120,4,1024,317118,False,"[2, 0, 0, 0]",10,lib/tests/core/pattern-alias.zy,trim_direct
selected,release,0,64834,4,1024,331853,False,"[2, 0, 0, 0]",10,lib/tests/core/pattern-alias.zy,baseline
selected,release,0,64521,4,1024,327674,False,"[2, 0, 0, 0]",10,lib/tests/core/pattern-alias.zy,trim
selected,release,0,65233,4,1024,324044,False,"[2, 0, 0, 0]",11,lib/tests/core/pattern-alias.zy,trim_direct
selected,release,0,67321,4,1024,320395,False,"[2, 0, 0, 0]",11,lib/tests/core/pattern-alias.zy,baseline
selected,release,0,67743,4,1024,321805,False,"[2, 0, 0, 0]",11,lib/tests/core/pattern-alias.zy,trim
selected,release,0,64790,4,1024,317164,False,"[2, 0, 0, 0]",11,lib/tests/core/pattern-alias.zy,direct
selected,release,0,61077,4,1024,298333,False,"[2, 0, 0, 0]",12,lib/tests/core/pattern-alias.zy,baseline
selected,release,0,61748,4,1024,313621,False,"[2, 0, 0, 0]",12,lib/tests/core/pattern-alias.zy,trim
selected,release,0,61245,4,1024,314040,False,"[2, 0, 0, 0]",12,lib/tests/core/pattern-alias.zy,direct
selected,release,0,67000,4,1024,331027,False,"[2, 0, 0, 0]",12,lib/tests/core/pattern-alias.zy,trim_direct
selected,release,0,64966,4,1024,320321,False,"[2, 0, 0, 0]",13,lib/tests/core/pattern-alias.zy,trim
selected,release,0,65310,4,1024,314959,False,"[2, 0, 0, 0]",13,lib/tests/core/pattern-alias.zy,direct
selected,release,0,65038,4,1024,318956,False,"[2, 0, 0, 0]",13,lib/tests/core/pattern-alias.zy,trim_direct
selected,release,0,65582,4,1024,306594,False,"[2, 0, 0, 0]",13,lib/tests/core/pattern-alias.zy,baseline
selected,release,0,65324,4,1024,317790,False,"[2, 0, 0, 0]",14,lib/tests/core/pattern-alias.zy,direct
selected,release,0,71496,4,1024,346414,False,"[2, 0, 0, 0]",14,lib/tests/core/pattern-alias.zy,trim_direct
selected,release,0,70383,4,1024,337364,False,"[2, 0, 0, 0]",14,lib/tests/core/pattern-alias.zy,baseline
selected,release,0,67299,4,1024,327302,False,"[2, 0, 0, 0]",14,lib/tests/core/pattern-alias.zy,trim
selected,release,0,64909,4,1024,325741,False,"[2, 0, 0, 0]",15,lib/tests/core/pattern-alias.zy,trim_direct
selected,release,0,64919,4,1024,311674,False,"[2, 0, 0, 0]",15,lib/tests/core/pattern-alias.zy,baseline
selected,release,0,64927,4,1024,322588,False,"[2, 0, 0, 0]",15,lib/tests/core/pattern-alias.zy,trim
selected,release,0,64931,4,1024,320988,False,"[2, 0, 0, 0]",15,lib/tests/core/pattern-alias.zy,direct
selected,release,0,64581,4,1024,310168,False,"[2, 0, 0, 0]",16,lib/tests/core/pattern-alias.zy,baseline
selected,release,0,66322,4,1024,340745,False,"[2, 0, 0, 0]",16,lib/tests/core/pattern-alias.zy,trim
selected,release,0,62550,4,1024,311749,False,"[2, 0, 0, 0]",16,lib/tests/core/pattern-alias.zy,direct
selected,release,0,57545,4,1024,291079,False,"[2, 0, 0, 0]",16,lib/tests/core/pattern-alias.zy,trim_direct
selected,release,0,57321,4,1024,301419,False,"[2, 0, 0, 0]",17,lib/tests/core/pattern-alias.zy,trim
selected,release,0,58146,4,1024,291505,False,"[2, 0, 0, 0]",17,lib/tests/core/pattern-alias.zy,direct
selected,release,0,61324,4,1024,298835,False,"[2, 0, 0, 0]",17,lib/tests/core/pattern-alias.zy,trim_direct
selected,release,0,62340,4,1024,309537,False,"[2, 0, 0, 0]",17,lib/tests/core/pattern-alias.zy,baseline
selected,release,0,61713,4,1024,304624,False,"[2, 0, 0, 0]",18,lib/tests/core/pattern-alias.zy,direct
selected,release,0,63992,4,1024,312465,False,"[2, 0, 0, 0]",18,lib/tests/core/pattern-alias.zy,trim_direct
selected,release,0,63077,4,1024,309327,False,"[2, 0, 0, 0]",18,lib/tests/core/pattern-alias.zy,baseline
selected,release,0,62908,4,1024,327659,False,"[2, 0, 0, 0]",18,lib/tests/core/pattern-alias.zy,trim
selected,release,0,62117,4,1024,308952,False,"[2, 0, 0, 0]",19,lib/tests/core/pattern-alias.zy,trim_direct
selected,release,0,62043,4,1024,313031,False,"[2, 0, 0, 0]",19,lib/tests/core/pattern-alias.zy,baseline
selected,release,0,62879,4,1024,327510,False,"[2, 0, 0, 0]",19,lib/tests/core/pattern-alias.zy,trim
selected,release,0,62449,4,1024,317126,False,"[2, 0, 0, 0]",19,lib/tests/core/pattern-alias.zy,direct
selected,release,0,66706,4,1024,317987,False,"[2, 0, 0, 0]",20,lib/tests/core/pattern-alias.zy,baseline
selected,release,0,66212,4,1024,320194,False,"[2, 0, 0, 0]",20,lib/tests/core/pattern-alias.zy,trim
selected,release,0,65772,4,1024,324251,False,"[2, 0, 0, 0]",20,lib/tests/core/pattern-alias.zy,direct
selected,release,0,63716,4,1024,310580,False,"[2, 0, 0, 0]",20,lib/tests/core/pattern-alias.zy,trim_direct
selected,release,0,62335,4,1024,323225,False,"[2, 0, 0, 0]",21,lib/tests/core/pattern-alias.zy,trim
selected,release,0,64159,4,1024,305657,False,"[2, 0, 0, 0]",21,lib/tests/core/pattern-alias.zy,direct
selected,release,0,63622,4,1024,308417,False,"[2, 0, 0, 0]",21,lib/tests/core/pattern-alias.zy,trim_direct
selected,release,0,64167,4,1024,308172,False,"[2, 0, 0, 0]",21,lib/tests/core/pattern-alias.zy,baseline
selected,release,0,64480,4,1024,328542,False,"[2, 0, 0, 0]",22,lib/tests/core/pattern-alias.zy,direct
selected,release,0,66593,4,1024,330449,False,"[2, 0, 0, 0]",22,lib/tests/core/pattern-alias.zy,trim_direct
selected,release,0,62957,4,1024,316063,False,"[2, 0, 0, 0]",22,lib/tests/core/pattern-alias.zy,baseline
selected,release,0,63845,4,1024,324787,False,"[2, 0, 0, 0]",22,lib/tests/core/pattern-alias.zy,trim
selected,release,0,65860,4,1024,321166,False,"[2, 0, 0, 0]",23,lib/tests/core/pattern-alias.zy,trim_direct
selected,release,0,128757,4,1024,665056,False,"[2, 0, 0, 0]",23,lib/tests/core/pattern-alias.zy,baseline
selected,release,0,65041,4,1024,324885,False,"[2, 0, 0, 0]",23,lib/tests/core/pattern-alias.zy,trim
selected,release,0,62573,4,1024,294587,False,"[2, 0, 0, 0]",23,lib/tests/core/pattern-alias.zy,direct
selected,release,0,62088,4,1024,292495,False,"[2, 0, 0, 0]",24,lib/tests/core/pattern-alias.zy,baseline
selected,release,0,64283,4,1024,318705,False,"[2, 0, 0, 0]",24,lib/tests/core/pattern-alias.zy,trim
selected,release,0,71207,4,1024,302536,False,"[2, 0, 0, 0]",24,lib/tests/core/pattern-alias.zy,direct
selected,release,0,62031,4,1024,306086,False,"[2, 0, 0, 0]",24,lib/tests/core/pattern-alias.zy,trim_direct
selected,release,0,63743,4,1024,326439,False,"[2, 0, 0, 0]",25,lib/tests/core/pattern-alias.zy,trim
selected,release,0,63673,4,1024,307800,False,"[2, 0, 0, 0]",25,lib/tests/core/pattern-alias.zy,direct
selected,release,0,61036,4,1024,303677,False,"[2, 0, 0, 0]",25,lib/tests/core/pattern-alias.zy,trim_direct
selected,release,0,63285,4,1024,310159,False,"[2, 0, 0, 0]",25,lib/tests/core/pattern-alias.zy,baseline
selected,release,0,74881,4,1024,307102,False,"[2, 0, 0, 0]",26,lib/tests/core/pattern-alias.zy,direct
selected,release,0,64083,4,1024,311458,False,"[2, 0, 0, 0]",26,lib/tests/core/pattern-alias.zy,trim_direct
selected,release,0,63513,4,1024,314034,False,"[2, 0, 0, 0]",26,lib/tests/core/pattern-alias.zy,baseline
selected,release,0,71211,4,1024,347110,False,"[2, 0, 0, 0]",26,lib/tests/core/pattern-alias.zy,trim
selected,release,0,62382,4,1024,309400,False,"[2, 0, 0, 0]",27,lib/tests/core/pattern-alias.zy,trim_direct
selected,release,0,61443,4,1024,304973,False,"[2, 0, 0, 0]",27,lib/tests/core/pattern-alias.zy,baseline
selected,release,0,61784,4,1024,322302,False,"[2, 0, 0, 0]",27,lib/tests/core/pattern-alias.zy,trim
selected,release,0,61464,4,1024,306248,False,"[2, 0, 0, 0]",27,lib/tests/core/pattern-alias.zy,direct
selected,release,0,64088,4,1024,330719,False,"[2, 0, 0, 0]",28,lib/tests/core/pattern-alias.zy,baseline
selected,release,0,63328,4,1024,325793,False,"[2, 0, 0, 0]",28,lib/tests/core/pattern-alias.zy,trim
selected,release,0,62375,4,1024,308158,False,"[2, 0, 0, 0]",28,lib/tests/core/pattern-alias.zy,direct
selected,release,0,65587,4,1024,341660,False,"[2, 0, 0, 0]",28,lib/tests/core/pattern-alias.zy,trim_direct
selected,release,0,63760,4,1024,327808,False,"[2, 0, 0, 0]",29,lib/tests/core/pattern-alias.zy,trim
selected,release,0,61620,4,1024,313668,False,"[2, 0, 0, 0]",29,lib/tests/core/pattern-alias.zy,direct
selected,release,0,62280,4,1024,312011,False,"[2, 0, 0, 0]",29,lib/tests/core/pattern-alias.zy,trim_direct
selected,release,0,62564,4,1024,326336,False,"[2, 0, 0, 0]",29,lib/tests/core/pattern-alias.zy,baseline
selected,release,0,65495,4,1024,328481,False,"[2, 0, 0, 0]",30,lib/tests/core/pattern-alias.zy,direct
selected,release,0,64840,4,1024,326798,False,"[2, 0, 0, 0]",30,lib/tests/core/pattern-alias.zy,trim_direct
selected,release,0,62619,4,1024,304005,False,"[2, 0, 0, 0]",30,lib/tests/core/pattern-alias.zy,baseline
selected,release,0,62573,4,1024,311028,False,"[2, 0, 0, 0]",30,lib/tests/core/pattern-alias.zy,trim
selected,release,0,64424,4,1024,319171,False,"[2, 0, 0, 0]",31,lib/tests/core/pattern-alias.zy,trim_direct
selected,release,0,63621,4,1024,310226,False,"[2, 0, 0, 0]",31,lib/tests/core/pattern-alias.zy,baseline
selected,release,0,66789,4,1024,327572,False,"[2, 0, 0, 0]",31,lib/tests/core/pattern-alias.zy,trim
selected,release,0,64461,4,1024,325698,False,"[2, 0, 0, 0]",31,lib/tests/core/pattern-alias.zy,direct
selected,release,0,85492,4,1024,318918,True,"[2, 0, 0, 1]",0,lib/tests/core/pattern-alias.zy,baseline
selected,release,0,92904,4,1024,345554,True,"[2, 0, 0, 1]",0,lib/tests/core/pattern-alias.zy,trim
selected,release,0,83689,4,1024,353235,True,"[2, 0, 0, 1]",0,lib/tests/core/pattern-alias.zy,direct
selected,release,0,84357,4,1024,333978,True,"[2, 0, 0, 1]",0,lib/tests/core/pattern-alias.zy,trim_direct
selected,release,0,83525,4,1024,325198,True,"[2, 0, 0, 1]",1,lib/tests/core/pattern-alias.zy,trim
selected,release,0,84159,4,1024,338143,True,"[2, 0, 0, 1]",1,lib/tests/core/pattern-alias.zy,direct
selected,release,0,81338,4,1024,328646,True,"[2, 0, 0, 1]",1,lib/tests/core/pattern-alias.zy,trim_direct
selected,release,0,80586,4,1024,304878,True,"[2, 0, 0, 1]",1,lib/tests/core/pattern-alias.zy,baseline
selected,release,0,82454,4,1024,313908,True,"[2, 0, 0, 1]",2,lib/tests/core/pattern-alias.zy,direct
selected,release,0,82884,4,1024,318915,True,"[2, 0, 0, 1]",2,lib/tests/core/pattern-alias.zy,trim_direct
selected,release,0,83792,4,1024,310158,True,"[2, 0, 0, 1]",2,lib/tests/core/pattern-alias.zy,baseline
selected,release,0,81704,4,1024,331529,True,"[2, 0, 0, 1]",2,lib/tests/core/pattern-alias.zy,trim
selected,release,0,83491,4,1024,320494,True,"[2, 0, 0, 1]",3,lib/tests/core/pattern-alias.zy,trim_direct
selected,release,0,83636,4,1024,314408,True,"[2, 0, 0, 1]",3,lib/tests/core/pattern-alias.zy,baseline
selected,release,0,82814,4,1024,331434,True,"[2, 0, 0, 1]",3,lib/tests/core/pattern-alias.zy,trim
selected,release,0,79523,4,1024,315668,True,"[2, 0, 0, 1]",3,lib/tests/core/pattern-alias.zy,direct
selected,release,0,95965,4,1024,320499,True,"[2, 0, 0, 1]",4,lib/tests/core/pattern-alias.zy,baseline
selected,release,0,85670,4,1024,336777,True,"[2, 0, 0, 1]",4,lib/tests/core/pattern-alias.zy,trim
selected,release,0,86791,4,1024,340823,True,"[2, 0, 0, 1]",4,lib/tests/core/pattern-alias.zy,direct
selected,release,0,84328,4,1024,345234,True,"[2, 0, 0, 1]",4,lib/tests/core/pattern-alias.zy,trim_direct
selected,release,0,86893,4,1024,333992,True,"[2, 0, 0, 1]",5,lib/tests/core/pattern-alias.zy,trim
selected,release,0,85109,4,1024,331810,True,"[2, 0, 0, 1]",5,lib/tests/core/pattern-alias.zy,direct
selected,release,0,85661,4,1024,344879,True,"[2, 0, 0, 1]",5,lib/tests/core/pattern-alias.zy,trim_direct
selected,release,0,83393,4,1024,311161,True,"[2, 0, 0, 1]",5,lib/tests/core/pattern-alias.zy,baseline
selected,release,0,85393,4,1024,336873,True,"[2, 0, 0, 1]",6,lib/tests/core/pattern-alias.zy,direct
selected,release,0,85032,4,1024,331850,True,"[2, 0, 0, 1]",6,lib/tests/core/pattern-alias.zy,trim_direct
selected,release,0,84704,4,1024,316791,True,"[2, 0, 0, 1]",6,lib/tests/core/pattern-alias.zy,baseline
selected,release,0,85612,4,1024,331497,True,"[2, 0, 0, 1]",6,lib/tests/core/pattern-alias.zy,trim
selected,release,0,86401,4,1024,334277,True,"[2, 0, 0, 1]",7,lib/tests/core/pattern-alias.zy,trim_direct
selected,release,0,85706,4,1024,328119,True,"[2, 0, 0, 1]",7,lib/tests/core/pattern-alias.zy,baseline
selected,release,0,84543,4,1024,326389,True,"[2, 0, 0, 1]",7,lib/tests/core/pattern-alias.zy,trim
selected,release,0,84787,4,1024,332954,True,"[2, 0, 0, 1]",7,lib/tests/core/pattern-alias.zy,direct
selected,release,0,84265,4,1024,345048,True,"[2, 0, 0, 1]",8,lib/tests/core/pattern-alias.zy,baseline
selected,release,0,83816,4,1024,334754,True,"[2, 0, 0, 1]",8,lib/tests/core/pattern-alias.zy,trim
selected,release,0,78754,4,1024,325297,True,"[2, 0, 0, 1]",8,lib/tests/core/pattern-alias.zy,direct
selected,release,0,80037,4,1024,329896,True,"[2, 0, 0, 1]",8,lib/tests/core/pattern-alias.zy,trim_direct
selected,release,0,86074,4,1024,351345,True,"[2, 0, 0, 1]",9,lib/tests/core/pattern-alias.zy,trim
selected,release,0,83574,4,1024,345917,True,"[2, 0, 0, 1]",9,lib/tests/core/pattern-alias.zy,direct
selected,release,0,82583,4,1024,331686,True,"[2, 0, 0, 1]",9,lib/tests/core/pattern-alias.zy,trim_direct
selected,release,0,83432,4,1024,348397,True,"[2, 0, 0, 1]",9,lib/tests/core/pattern-alias.zy,baseline
selected,release,0,85278,4,1024,337562,True,"[2, 0, 0, 1]",10,lib/tests/core/pattern-alias.zy,direct
selected,release,0,83706,4,1024,332587,True,"[2, 0, 0, 1]",10,lib/tests/core/pattern-alias.zy,trim_direct
selected,release,0,82556,4,1024,328554,True,"[2, 0, 0, 1]",10,lib/tests/core/pattern-alias.zy,baseline
selected,release,0,81846,4,1024,334021,True,"[2, 0, 0, 1]",10,lib/tests/core/pattern-alias.zy,trim
selected,release,0,86101,4,1024,347279,True,"[2, 0, 0, 1]",11,lib/tests/core/pattern-alias.zy,trim_direct
selected,release,0,85879,4,1024,337322,True,"[2, 0, 0, 1]",11,lib/tests/core/pattern-alias.zy,baseline
selected,release,0,80750,4,1024,309915,True,"[2, 0, 0, 1]",11,lib/tests/core/pattern-alias.zy,trim
selected,release,0,84423,4,1024,327832,True,"[2, 0, 0, 1]",11,lib/tests/core/pattern-alias.zy,direct
selected,release,0,77515,4,1024,298720,True,"[2, 0, 0, 1]",12,lib/tests/core/pattern-alias.zy,baseline
selected,release,0,80412,4,1024,334748,True,"[2, 0, 0, 1]",12,lib/tests/core/pattern-alias.zy,trim
selected,release,0,80038,4,1024,317117,True,"[2, 0, 0, 1]",12,lib/tests/core/pattern-alias.zy,direct
selected,release,0,81633,4,1024,328494,True,"[2, 0, 0, 1]",12,lib/tests/core/pattern-alias.zy,trim_direct
selected,release,0,83599,4,1024,341925,True,"[2, 0, 0, 1]",13,lib/tests/core/pattern-alias.zy,trim
selected,release,0,82247,4,1024,322909,True,"[2, 0, 0, 1]",13,lib/tests/core/pattern-alias.zy,direct
selected,release,0,84040,4,1024,329366,True,"[2, 0, 0, 1]",13,lib/tests/core/pattern-alias.zy,trim_direct
selected,release,0,81684,4,1024,312531,True,"[2, 0, 0, 1]",13,lib/tests/core/pattern-alias.zy,baseline
selected,release,0,79927,4,1024,316249,True,"[2, 0, 0, 1]",14,lib/tests/core/pattern-alias.zy,direct
selected,release,0,88907,4,1024,337256,True,"[2, 0, 0, 1]",14,lib/tests/core/pattern-alias.zy,trim_direct
selected,release,0,87015,4,1024,322921,True,"[2, 0, 0, 1]",14,lib/tests/core/pattern-alias.zy,baseline
selected,release,0,81567,4,1024,337208,True,"[2, 0, 0, 1]",14,lib/tests/core/pattern-alias.zy,trim
selected,release,0,81297,4,1024,316888,True,"[2, 0, 0, 1]",15,lib/tests/core/pattern-alias.zy,trim_direct
selected,release,0,80259,4,1024,305193,True,"[2, 0, 0, 1]",15,lib/tests/core/pattern-alias.zy,baseline
selected,release,0,81005,4,1024,332662,True,"[2, 0, 0, 1]",15,lib/tests/core/pattern-alias.zy,trim
selected,release,0,81918,4,1024,333244,True,"[2, 0, 0, 1]",15,lib/tests/core/pattern-alias.zy,direct
selected,release,0,81020,4,1024,304753,True,"[2, 0, 0, 1]",16,lib/tests/core/pattern-alias.zy,baseline
selected,release,0,77155,4,1024,307286,True,"[2, 0, 0, 1]",16,lib/tests/core/pattern-alias.zy,trim
selected,release,0,77758,4,1024,303175,True,"[2, 0, 0, 1]",16,lib/tests/core/pattern-alias.zy,direct
selected,release,0,76954,4,1024,300715,True,"[2, 0, 0, 1]",16,lib/tests/core/pattern-alias.zy,trim_direct
selected,release,0,79459,4,1024,323765,True,"[2, 0, 0, 1]",17,lib/tests/core/pattern-alias.zy,trim
selected,release,0,80463,4,1024,314565,True,"[2, 0, 0, 1]",17,lib/tests/core/pattern-alias.zy,direct
selected,release,0,78471,4,1024,316542,True,"[2, 0, 0, 1]",17,lib/tests/core/pattern-alias.zy,trim_direct
selected,release,0,82682,4,1024,320003,True,"[2, 0, 0, 1]",17,lib/tests/core/pattern-alias.zy,baseline
selected,release,0,82677,4,1024,318581,True,"[2, 0, 0, 1]",18,lib/tests/core/pattern-alias.zy,direct
selected,release,0,80055,4,1024,315623,True,"[2, 0, 0, 1]",18,lib/tests/core/pattern-alias.zy,trim_direct
selected,release,0,80197,4,1024,313183,True,"[2, 0, 0, 1]",18,lib/tests/core/pattern-alias.zy,baseline
selected,release,0,80210,4,1024,327539,True,"[2, 0, 0, 1]",18,lib/tests/core/pattern-alias.zy,trim
selected,release,0,82548,4,1024,330771,True,"[2, 0, 0, 1]",19,lib/tests/core/pattern-alias.zy,trim_direct
selected,release,0,88014,4,1024,340572,True,"[2, 0, 0, 1]",19,lib/tests/core/pattern-alias.zy,baseline
selected,release,0,89010,4,1024,330731,True,"[2, 0, 0, 1]",19,lib/tests/core/pattern-alias.zy,trim
selected,release,0,89079,4,1024,339609,True,"[2, 0, 0, 1]",19,lib/tests/core/pattern-alias.zy,direct
selected,release,0,85883,4,1024,336249,True,"[2, 0, 0, 1]",20,lib/tests/core/pattern-alias.zy,baseline
selected,release,0,80298,4,1024,314670,True,"[2, 0, 0, 1]",20,lib/tests/core/pattern-alias.zy,trim
selected,release,0,80487,4,1024,318956,True,"[2, 0, 0, 1]",20,lib/tests/core/pattern-alias.zy,direct
selected,release,0,81626,4,1024,323093,True,"[2, 0, 0, 1]",20,lib/tests/core/pattern-alias.zy,trim_direct
selected,release,0,84966,4,1024,324596,True,"[2, 0, 0, 1]",21,lib/tests/core/pattern-alias.zy,trim
selected,release,0,79877,4,1024,321048,True,"[2, 0, 0, 1]",21,lib/tests/core/pattern-alias.zy,direct
selected,release,0,86043,4,1024,341808,True,"[2, 0, 0, 1]",21,lib/tests/core/pattern-alias.zy,trim_direct
selected,release,0,85302,4,1024,312496,True,"[2, 0, 0, 1]",21,lib/tests/core/pattern-alias.zy,baseline
selected,release,0,80037,4,1024,328327,True,"[2, 0, 0, 1]",22,lib/tests/core/pattern-alias.zy,direct
selected,release,0,84545,4,1024,321093,True,"[2, 0, 0, 1]",22,lib/tests/core/pattern-alias.zy,trim_direct
selected,release,0,83435,4,1024,322472,True,"[2, 0, 0, 1]",22,lib/tests/core/pattern-alias.zy,baseline
selected,release,0,83919,4,1024,323720,True,"[2, 0, 0, 1]",22,lib/tests/core/pattern-alias.zy,trim
selected,release,0,85161,4,1024,322293,True,"[2, 0, 0, 1]",23,lib/tests/core/pattern-alias.zy,trim_direct
selected,release,0,86620,4,1024,319034,True,"[2, 0, 0, 1]",23,lib/tests/core/pattern-alias.zy,baseline
selected,release,0,84705,4,1024,318703,True,"[2, 0, 0, 1]",23,lib/tests/core/pattern-alias.zy,trim
selected,release,0,87383,4,1024,346392,True,"[2, 0, 0, 1]",23,lib/tests/core/pattern-alias.zy,direct
selected,release,0,83004,4,1024,333446,True,"[2, 0, 0, 1]",24,lib/tests/core/pattern-alias.zy,baseline
selected,release,0,80991,4,1024,315448,True,"[2, 0, 0, 1]",24,lib/tests/core/pattern-alias.zy,trim
selected,release,0,79375,4,1024,335567,True,"[2, 0, 0, 1]",24,lib/tests/core/pattern-alias.zy,direct
selected,release,0,85577,4,1024,338459,True,"[2, 0, 0, 1]",24,lib/tests/core/pattern-alias.zy,trim_direct
selected,release,0,81291,4,1024,314747,True,"[2, 0, 0, 1]",25,lib/tests/core/pattern-alias.zy,trim
selected,release,0,77977,4,1024,324203,True,"[2, 0, 0, 1]",25,lib/tests/core/pattern-alias.zy,direct
selected,release,0,95449,4,1024,327741,True,"[2, 0, 0, 1]",25,lib/tests/core/pattern-alias.zy,trim_direct
selected,release,0,92345,4,1024,325673,True,"[2, 0, 0, 1]",25,lib/tests/core/pattern-alias.zy,baseline
selected,release,0,77672,4,1024,332456,True,"[2, 0, 0, 1]",26,lib/tests/core/pattern-alias.zy,direct
selected,release,0,80331,4,1024,328139,True,"[2, 0, 0, 1]",26,lib/tests/core/pattern-alias.zy,trim_direct
selected,release,0,80209,4,1024,319788,True,"[2, 0, 0, 1]",26,lib/tests/core/pattern-alias.zy,baseline
selected,release,0,81583,4,1024,332826,True,"[2, 0, 0, 1]",26,lib/tests/core/pattern-alias.zy,trim
selected,release,0,87135,4,1024,348614,True,"[2, 0, 0, 1]",27,lib/tests/core/pattern-alias.zy,trim_direct
selected,release,0,90728,4,1024,333527,True,"[2, 0, 0, 1]",27,lib/tests/core/pattern-alias.zy,baseline
selected,release,0,87657,4,1024,324418,True,"[2, 0, 0, 1]",27,lib/tests/core/pattern-alias.zy,trim
selected,release,0,85067,4,1024,337817,True,"[2, 0, 0, 1]",27,lib/tests/core/pattern-alias.zy,direct
selected,release,0,85709,4,1024,339254,True,"[2, 0, 0, 1]",28,lib/tests/core/pattern-alias.zy,baseline
selected,release,0,83101,4,1024,329582,True,"[2, 0, 0, 1]",28,lib/tests/core/pattern-alias.zy,trim
selected,release,0,77394,4,1024,330752,True,"[2, 0, 0, 1]",28,lib/tests/core/pattern-alias.zy,direct
selected,release,0,82921,4,1024,328372,True,"[2, 0, 0, 1]",28,lib/tests/core/pattern-alias.zy,trim_direct
selected,release,0,82366,4,1024,320658,True,"[2, 0, 0, 1]",29,lib/tests/core/pattern-alias.zy,trim
selected,release,0,77358,4,1024,330876,True,"[2, 0, 0, 1]",29,lib/tests/core/pattern-alias.zy,direct
selected,release,0,81742,4,1024,326879,True,"[2, 0, 0, 1]",29,lib/tests/core/pattern-alias.zy,trim_direct
selected,release,0,81169,4,1024,326161,True,"[2, 0, 0, 1]",29,lib/tests/core/pattern-alias.zy,baseline
selected,release,0,79401,4,1024,329512,True,"[2, 0, 0, 1]",30,lib/tests/core/pattern-alias.zy,direct
selected,release,0,83656,4,1024,327979,True,"[2, 0, 0, 1]",30,lib/tests/core/pattern-alias.zy,trim_direct
selected,release,0,84958,4,1024,336396,True,"[2, 0, 0, 1]",30,lib/tests/core/pattern-alias.zy,baseline
selected,release,0,84536,4,1024,337605,True,"[2, 0, 0, 1]",30,lib/tests/core/pattern-alias.zy,trim
selected,release,0,83631,4,1024,332915,True,"[2, 0, 0, 1]",31,lib/tests/core/pattern-alias.zy,trim_direct
selected,release,0,83494,4,1024,329239,True,"[2, 0, 0, 1]",31,lib/tests/core/pattern-alias.zy,baseline
selected,release,0,82451,4,1024,327171,True,"[2, 0, 0, 1]",31,lib/tests/core/pattern-alias.zy,trim
selected,release,0,80430,4,1024,339389,True,"[2, 0, 0, 1]",31,lib/tests/core/pattern-alias.zy,direct
selected,release,0,554130,135,259,4679083,False,"[104, 26, 8, 0]",0,lib/tests/core/native-frames.zy,baseline
selected,release,0,593284,135,259,4653082,False,"[104, 26, 8, 0]",0,lib/tests/core/native-frames.zy,trim
selected,release,0,613255,135,259,4617573,False,"[104, 26, 8, 0]",0,lib/tests/core/native-frames.zy,direct
selected,release,0,559573,135,259,4366172,False,"[104, 26, 8, 0]",0,lib/tests/core/native-frames.zy,trim_direct
selected,release,0,596454,135,259,4629083,False,"[104, 26, 8, 0]",1,lib/tests/core/native-frames.zy,trim
selected,release,0,575461,135,259,4626152,False,"[104, 26, 8, 0]",1,lib/tests/core/native-frames.zy,direct
selected,release,0,541244,135,259,4395546,False,"[104, 26, 8, 0]",1,lib/tests/core/native-frames.zy,trim_direct
selected,release,0,557372,135,259,4526423,False,"[104, 26, 8, 0]",1,lib/tests/core/native-frames.zy,baseline
selected,release,0,569537,135,259,4519412,False,"[104, 26, 8, 0]",2,lib/tests/core/native-frames.zy,direct
selected,release,0,560419,135,259,4514580,False,"[104, 26, 8, 0]",2,lib/tests/core/native-frames.zy,trim_direct
selected,release,0,593379,135,259,4863289,False,"[104, 26, 8, 0]",2,lib/tests/core/native-frames.zy,baseline
selected,release,0,570586,135,259,4595415,False,"[104, 26, 8, 0]",2,lib/tests/core/native-frames.zy,trim
selected,release,0,565541,135,259,4585965,False,"[104, 26, 8, 0]",3,lib/tests/core/native-frames.zy,trim_direct
selected,release,0,541347,135,259,4740246,False,"[104, 26, 8, 0]",3,lib/tests/core/native-frames.zy,baseline
selected,release,0,551413,135,259,4704098,False,"[104, 26, 8, 0]",3,lib/tests/core/native-frames.zy,trim
selected,release,0,542162,135,259,4527084,False,"[104, 26, 8, 0]",3,lib/tests/core/native-frames.zy,direct
selected,release,0,558751,135,259,4598745,False,"[104, 26, 8, 0]",4,lib/tests/core/native-frames.zy,baseline
selected,release,0,579876,135,259,4542908,False,"[104, 26, 8, 0]",4,lib/tests/core/native-frames.zy,trim
selected,release,0,570079,135,259,4581949,False,"[104, 26, 8, 0]",4,lib/tests/core/native-frames.zy,direct
selected,release,0,568421,135,259,4485659,False,"[104, 26, 8, 0]",4,lib/tests/core/native-frames.zy,trim_direct
selected,release,0,575629,135,259,4618510,False,"[104, 26, 8, 0]",5,lib/tests/core/native-frames.zy,trim
selected,release,0,588623,135,259,4650827,False,"[104, 26, 8, 0]",5,lib/tests/core/native-frames.zy,direct
selected,release,0,576043,135,259,4448577,False,"[104, 26, 8, 0]",5,lib/tests/core/native-frames.zy,trim_direct
selected,release,0,541037,135,259,4621915,False,"[104, 26, 8, 0]",5,lib/tests/core/native-frames.zy,baseline
selected,release,0,540413,135,259,4524049,False,"[104, 26, 8, 0]",6,lib/tests/core/native-frames.zy,direct
selected,release,0,546417,135,259,4374954,False,"[104, 26, 8, 0]",6,lib/tests/core/native-frames.zy,trim_direct
selected,release,0,569456,135,259,4659508,False,"[104, 26, 8, 0]",6,lib/tests/core/native-frames.zy,baseline
selected,release,0,561866,135,259,4637167,False,"[104, 26, 8, 0]",6,lib/tests/core/native-frames.zy,trim
selected,release,0,538258,135,259,4329080,False,"[104, 26, 8, 0]",7,lib/tests/core/native-frames.zy,trim_direct
selected,release,0,564495,135,259,4679874,False,"[104, 26, 8, 0]",7,lib/tests/core/native-frames.zy,baseline
selected,release,0,563514,135,259,4598546,False,"[104, 26, 8, 0]",7,lib/tests/core/native-frames.zy,trim
selected,release,0,533751,135,259,4452828,False,"[104, 26, 8, 0]",7,lib/tests/core/native-frames.zy,direct
selected,release,0,538797,135,259,4761378,False,"[104, 26, 8, 0]",8,lib/tests/core/native-frames.zy,baseline
selected,release,0,532127,135,259,4662209,False,"[104, 26, 8, 0]",8,lib/tests/core/native-frames.zy,trim
selected,release,0,555332,135,259,4564962,False,"[104, 26, 8, 0]",8,lib/tests/core/native-frames.zy,direct
selected,release,0,559950,135,259,4381747,False,"[104, 26, 8, 0]",8,lib/tests/core/native-frames.zy,trim_direct
selected,release,0,584795,135,259,4734120,False,"[104, 26, 8, 0]",9,lib/tests/core/native-frames.zy,trim
selected,release,0,649941,135,259,5078338,False,"[104, 26, 8, 0]",9,lib/tests/core/native-frames.zy,direct
selected,release,0,596626,135,259,4427922,False,"[104, 26, 8, 0]",9,lib/tests/core/native-frames.zy,trim_direct
selected,release,0,563167,135,259,4760089,False,"[104, 26, 8, 0]",9,lib/tests/core/native-frames.zy,baseline
selected,release,0,569126,135,259,4615335,False,"[104, 26, 8, 0]",10,lib/tests/core/native-frames.zy,direct
selected,release,0,578963,135,259,4569129,False,"[104, 26, 8, 0]",10,lib/tests/core/native-frames.zy,trim_direct
selected,release,0,581966,135,259,4762911,False,"[104, 26, 8, 0]",10,lib/tests/core/native-frames.zy,baseline
selected,release,0,589667,135,259,4687667,False,"[104, 26, 8, 0]",10,lib/tests/core/native-frames.zy,trim
selected,release,0,538412,135,259,4495837,False,"[104, 26, 8, 0]",11,lib/tests/core/native-frames.zy,trim_direct
selected,release,0,560420,135,259,4630247,False,"[104, 26, 8, 0]",11,lib/tests/core/native-frames.zy,baseline
selected,release,0,559460,135,259,4686584,False,"[104, 26, 8, 0]",11,lib/tests/core/native-frames.zy,trim
selected,release,0,533212,135,259,4479746,False,"[104, 26, 8, 0]",11,lib/tests/core/native-frames.zy,direct
selected,release,0,581285,135,259,4733878,False,"[104, 26, 8, 0]",12,lib/tests/core/native-frames.zy,baseline
selected,release,0,587985,135,259,4713422,False,"[104, 26, 8, 0]",12,lib/tests/core/native-frames.zy,trim
selected,release,0,575421,135,259,4630925,False,"[104, 26, 8, 0]",12,lib/tests/core/native-frames.zy,direct
selected,release,0,599246,135,259,4439582,False,"[104, 26, 8, 0]",12,lib/tests/core/native-frames.zy,trim_direct
selected,release,0,560262,135,259,4716864,False,"[104, 26, 8, 0]",13,lib/tests/core/native-frames.zy,trim
selected,release,0,598839,135,259,4653783,False,"[104, 26, 8, 0]",13,lib/tests/core/native-frames.zy,direct
selected,release,0,577004,135,259,4487624,False,"[104, 26, 8, 0]",13,lib/tests/core/native-frames.zy,trim_direct
selected,release,0,587617,135,259,4724664,False,"[104, 26, 8, 0]",13,lib/tests/core/native-frames.zy,baseline
selected,release,0,563542,135,259,4601918,False,"[104, 26, 8, 0]",14,lib/tests/core/native-frames.zy,direct
selected,release,0,554962,135,259,4398582,False,"[104, 26, 8, 0]",14,lib/tests/core/native-frames.zy,trim_direct
selected,release,0,553960,135,259,4694422,False,"[104, 26, 8, 0]",14,lib/tests/core/native-frames.zy,baseline
selected,release,0,576961,135,259,4694414,False,"[104, 26, 8, 0]",14,lib/tests/core/native-frames.zy,trim
selected,release,0,572081,135,259,4486162,False,"[104, 26, 8, 0]",15,lib/tests/core/native-frames.zy,trim_direct
selected,release,0,591337,135,259,4738285,False,"[104, 26, 8, 0]",15,lib/tests/core/native-frames.zy,baseline
selected,release,0,550793,135,259,4603997,False,"[104, 26, 8, 0]",15,lib/tests/core/native-frames.zy,trim
selected,release,0,560416,135,259,4761825,False,"[104, 26, 8, 0]",15,lib/tests/core/native-frames.zy,direct
selected,release,0,594576,135,259,4930138,False,"[104, 26, 8, 0]",16,lib/tests/core/native-frames.zy,baseline
selected,release,0,571709,135,259,4700709,False,"[104, 26, 8, 0]",16,lib/tests/core/native-frames.zy,trim
selected,release,0,549127,135,259,4658242,False,"[104, 26, 8, 0]",16,lib/tests/core/native-frames.zy,direct
selected,release,0,555243,135,259,4416915,False,"[104, 26, 8, 0]",16,lib/tests/core/native-frames.zy,trim_direct
selected,release,0,562367,135,259,4675578,False,"[104, 26, 8, 0]",17,lib/tests/core/native-frames.zy,trim
selected,release,0,553123,135,259,4706964,False,"[104, 26, 8, 0]",17,lib/tests/core/native-frames.zy,direct
selected,release,0,551754,135,259,4490911,False,"[104, 26, 8, 0]",17,lib/tests/core/native-frames.zy,trim_direct
selected,release,0,575011,135,259,4750082,False,"[104, 26, 8, 0]",17,lib/tests/core/native-frames.zy,baseline
selected,release,0,582081,135,259,4643751,False,"[104, 26, 8, 0]",18,lib/tests/core/native-frames.zy,direct
selected,release,0,554678,135,259,4392333,False,"[104, 26, 8, 0]",18,lib/tests/core/native-frames.zy,trim_direct
selected,release,0,593349,135,259,4689370,False,"[104, 26, 8, 0]",18,lib/tests/core/native-frames.zy,baseline
selected,release,0,533493,135,259,4640542,False,"[104, 26, 8, 0]",18,lib/tests/core/native-frames.zy,trim
selected,release,0,534735,135,259,4473335,False,"[104, 26, 8, 0]",19,lib/tests/core/native-frames.zy,trim_direct
selected,release,0,563793,135,259,4599664,False,"[104, 26, 8, 0]",19,lib/tests/core/native-frames.zy,baseline
selected,release,0,549002,135,259,4656717,False,"[104, 26, 8, 0]",19,lib/tests/core/native-frames.zy,trim
selected,release,0,545743,135,259,4600877,False,"[104, 26, 8, 0]",19,lib/tests/core/native-frames.zy,direct
selected,release,0,574757,135,259,4645332,False,"[104, 26, 8, 0]",20,lib/tests/core/native-frames.zy,baseline
selected,release,0,567508,135,259,4624213,False,"[104, 26, 8, 0]",20,lib/tests/core/native-frames.zy,trim
selected,release,0,560218,135,259,4513202,False,"[104, 26, 8, 0]",20,lib/tests/core/native-frames.zy,direct
selected,release,0,568546,135,259,4481219,False,"[104, 26, 8, 0]",20,lib/tests/core/native-frames.zy,trim_direct
selected,release,0,565718,135,259,4704382,False,"[104, 26, 8, 0]",21,lib/tests/core/native-frames.zy,trim
selected,release,0,571207,135,259,4599170,False,"[104, 26, 8, 0]",21,lib/tests/core/native-frames.zy,direct
selected,release,0,570136,135,259,4473167,False,"[104, 26, 8, 0]",21,lib/tests/core/native-frames.zy,trim_direct
selected,release,0,557042,135,259,4683701,False,"[104, 26, 8, 0]",21,lib/tests/core/native-frames.zy,baseline
selected,release,0,547386,135,259,4416240,False,"[104, 26, 8, 0]",22,lib/tests/core/native-frames.zy,direct
selected,release,0,598925,135,259,4589790,False,"[104, 26, 8, 0]",22,lib/tests/core/native-frames.zy,trim_direct
selected,release,0,548329,135,259,4768281,False,"[104, 26, 8, 0]",22,lib/tests/core/native-frames.zy,baseline
selected,release,0,596379,135,259,4796970,False,"[104, 26, 8, 0]",22,lib/tests/core/native-frames.zy,trim
selected,release,0,578831,135,259,4533207,False,"[104, 26, 8, 0]",23,lib/tests/core/native-frames.zy,trim_direct
selected,release,0,584836,135,259,4815252,False,"[104, 26, 8, 0]",23,lib/tests/core/native-frames.zy,baseline
selected,release,0,616046,135,259,4726749,False,"[104, 26, 8, 0]",23,lib/tests/core/native-frames.zy,trim
selected,release,0,565695,135,259,4667298,False,"[104, 26, 8, 0]",23,lib/tests/core/native-frames.zy,direct
selected,release,0,607792,135,259,4846294,False,"[104, 26, 8, 0]",24,lib/tests/core/native-frames.zy,baseline
selected,release,0,560334,135,259,4595995,False,"[104, 26, 8, 0]",24,lib/tests/core/native-frames.zy,trim
selected,release,0,565303,135,259,4505377,False,"[104, 26, 8, 0]",24,lib/tests/core/native-frames.zy,direct
selected,release,0,571168,135,259,4447757,False,"[104, 26, 8, 0]",24,lib/tests/core/native-frames.zy,trim_direct
selected,release,0,559873,135,259,4592418,False,"[104, 26, 8, 0]",25,lib/tests/core/native-frames.zy,trim
selected,release,0,564711,135,259,4601201,False,"[104, 26, 8, 0]",25,lib/tests/core/native-frames.zy,direct
selected,release,0,567665,135,259,4425757,False,"[104, 26, 8, 0]",25,lib/tests/core/native-frames.zy,trim_direct
selected,release,0,581927,135,259,4816001,False,"[104, 26, 8, 0]",25,lib/tests/core/native-frames.zy,baseline
selected,release,0,579914,135,259,4589296,False,"[104, 26, 8, 0]",26,lib/tests/core/native-frames.zy,direct
selected,release,0,589748,135,259,4498997,False,"[104, 26, 8, 0]",26,lib/tests/core/native-frames.zy,trim_direct
selected,release,0,590786,135,259,4820459,False,"[104, 26, 8, 0]",26,lib/tests/core/native-frames.zy,baseline
selected,release,0,588709,135,259,4703840,False,"[104, 26, 8, 0]",26,lib/tests/core/native-frames.zy,trim
selected,release,0,590998,135,259,4461005,False,"[104, 26, 8, 0]",27,lib/tests/core/native-frames.zy,trim_direct
selected,release,0,635963,135,259,4851626,False,"[104, 26, 8, 0]",27,lib/tests/core/native-frames.zy,baseline
selected,release,0,596123,135,259,4881336,False,"[104, 26, 8, 0]",27,lib/tests/core/native-frames.zy,trim
selected,release,0,584409,135,259,4730705,False,"[104, 26, 8, 0]",27,lib/tests/core/native-frames.zy,direct
selected,release,0,585913,135,259,4760453,False,"[104, 26, 8, 0]",28,lib/tests/core/native-frames.zy,baseline
selected,release,0,559967,135,259,4545790,False,"[104, 26, 8, 0]",28,lib/tests/core/native-frames.zy,trim
selected,release,0,564491,135,259,4568159,False,"[104, 26, 8, 0]",28,lib/tests/core/native-frames.zy,direct
selected,release,0,599624,135,259,4558792,False,"[104, 26, 8, 0]",28,lib/tests/core/native-frames.zy,trim_direct
selected,release,0,548704,135,259,4969344,False,"[104, 26, 8, 0]",29,lib/tests/core/native-frames.zy,trim
selected,release,0,627921,135,259,4976375,False,"[104, 26, 8, 0]",29,lib/tests/core/native-frames.zy,direct
selected,release,0,534246,135,259,4444992,False,"[104, 26, 8, 0]",29,lib/tests/core/native-frames.zy,trim_direct
selected,release,0,574492,135,259,4746549,False,"[104, 26, 8, 0]",29,lib/tests/core/native-frames.zy,baseline
selected,release,0,541244,135,259,4523211,False,"[104, 26, 8, 0]",30,lib/tests/core/native-frames.zy,direct
selected,release,0,570803,135,259,4422745,False,"[104, 26, 8, 0]",30,lib/tests/core/native-frames.zy,trim_direct
selected,release,0,611784,135,259,4845337,False,"[104, 26, 8, 0]",30,lib/tests/core/native-frames.zy,baseline
selected,release,0,600656,135,259,4708005,False,"[104, 26, 8, 0]",30,lib/tests/core/native-frames.zy,trim
selected,release,0,577780,135,259,4475252,False,"[104, 26, 8, 0]",31,lib/tests/core/native-frames.zy,trim_direct
selected,release,0,543888,135,259,4734080,False,"[104, 26, 8, 0]",31,lib/tests/core/native-frames.zy,baseline
selected,release,0,564382,135,259,4698181,False,"[104, 26, 8, 0]",31,lib/tests/core/native-frames.zy,trim
selected,release,0,583005,135,259,4503618,False,"[104, 26, 8, 0]",31,lib/tests/core/native-frames.zy,direct
selected,release,0,601920,135,275,4739905,True,"[97, 25, 8, 9]",0,lib/tests/core/native-frames.zy,baseline
selected,release,0,585243,135,275,4648742,True,"[97, 25, 8, 9]",0,lib/tests/core/native-frames.zy,trim
selected,release,0,609054,135,275,4474027,True,"[97, 25, 8, 9]",0,lib/tests/core/native-frames.zy,direct
selected,release,0,600588,135,275,4419664,True,"[97, 25, 8, 9]",0,lib/tests/core/native-frames.zy,trim_direct
selected,release,0,585305,135,275,4635497,True,"[97, 25, 8, 9]",1,lib/tests/core/native-frames.zy,trim
selected,release,0,573627,135,275,4599834,True,"[97, 25, 8, 9]",1,lib/tests/core/native-frames.zy,direct
selected,release,0,606959,135,275,4566237,True,"[97, 25, 8, 9]",1,lib/tests/core/native-frames.zy,trim_direct
selected,release,0,591465,135,275,4596050,True,"[97, 25, 8, 9]",1,lib/tests/core/native-frames.zy,baseline
selected,release,0,600001,135,275,4493124,True,"[97, 25, 8, 9]",2,lib/tests/core/native-frames.zy,direct
selected,release,0,562122,135,275,4333119,True,"[97, 25, 8, 9]",2,lib/tests/core/native-frames.zy,trim_direct
selected,release,0,590540,135,275,4631419,True,"[97, 25, 8, 9]",2,lib/tests/core/native-frames.zy,baseline
selected,release,0,558252,135,275,4604130,True,"[97, 25, 8, 9]",2,lib/tests/core/native-frames.zy,trim
selected,release,0,570286,135,275,4411544,True,"[97, 25, 8, 9]",3,lib/tests/core/native-frames.zy,trim_direct
selected,release,0,574004,135,275,4614794,True,"[97, 25, 8, 9]",3,lib/tests/core/native-frames.zy,baseline
selected,release,0,568746,135,275,4500703,True,"[97, 25, 8, 9]",3,lib/tests/core/native-frames.zy,trim
selected,release,0,584990,135,275,4647087,True,"[97, 25, 8, 9]",3,lib/tests/core/native-frames.zy,direct
selected,release,0,601960,135,275,4828755,True,"[97, 25, 8, 9]",4,lib/tests/core/native-frames.zy,baseline
selected,release,0,569534,135,275,4568165,True,"[97, 25, 8, 9]",4,lib/tests/core/native-frames.zy,trim
selected,release,0,568050,135,275,4444121,True,"[97, 25, 8, 9]",4,lib/tests/core/native-frames.zy,direct
selected,release,0,622088,135,275,4569952,True,"[97, 25, 8, 9]",4,lib/tests/core/native-frames.zy,trim_direct
selected,release,0,599112,135,275,4591306,True,"[97, 25, 8, 9]",5,lib/tests/core/native-frames.zy,trim
selected,release,0,587051,135,275,4598924,True,"[97, 25, 8, 9]",5,lib/tests/core/native-frames.zy,direct
selected,release,0,603204,135,275,4563294,True,"[97, 25, 8, 9]",5,lib/tests/core/native-frames.zy,trim_direct
selected,release,0,578617,135,275,4604574,True,"[97, 25, 8, 9]",5,lib/tests/core/native-frames.zy,baseline
selected,release,0,564424,135,275,4514593,True,"[97, 25, 8, 9]",6,lib/tests/core/native-frames.zy,direct
selected,release,0,591032,135,275,4475411,True,"[97, 25, 8, 9]",6,lib/tests/core/native-frames.zy,trim_direct
selected,release,0,568718,135,275,4634872,True,"[97, 25, 8, 9]",6,lib/tests/core/native-frames.zy,baseline
selected,release,0,566339,135,275,4601820,True,"[97, 25, 8, 9]",6,lib/tests/core/native-frames.zy,trim
selected,release,0,573087,135,275,4404209,True,"[97, 25, 8, 9]",7,lib/tests/core/native-frames.zy,trim_direct
selected,release,0,569039,135,275,4519635,True,"[97, 25, 8, 9]",7,lib/tests/core/native-frames.zy,baseline
selected,release,0,579575,135,275,4508164,True,"[97, 25, 8, 9]",7,lib/tests/core/native-frames.zy,trim
selected,release,0,566836,135,275,4452739,True,"[97, 25, 8, 9]",7,lib/tests/core/native-frames.zy,direct
selected,release,0,570294,135,275,4619672,True,"[97, 25, 8, 9]",8,lib/tests/core/native-frames.zy,baseline
selected,release,0,567039,135,275,4675246,True,"[97, 25, 8, 9]",8,lib/tests/core/native-frames.zy,trim
selected,release,0,547832,135,275,4489380,True,"[97, 25, 8, 9]",8,lib/tests/core/native-frames.zy,direct
selected,release,0,594717,135,275,4392789,True,"[97, 25, 8, 9]",8,lib/tests/core/native-frames.zy,trim_direct
selected,release,0,574456,135,275,4567873,True,"[97, 25, 8, 9]",9,lib/tests/core/native-frames.zy,trim
selected,release,0,549879,135,275,4414377,True,"[97, 25, 8, 9]",9,lib/tests/core/native-frames.zy,direct
selected,release,0,563328,135,275,4358377,True,"[97, 25, 8, 9]",9,lib/tests/core/native-frames.zy,trim_direct
selected,release,0,559453,135,275,4594971,True,"[97, 25, 8, 9]",9,lib/tests/core/native-frames.zy,baseline
selected,release,0,551460,135,275,4434173,True,"[97, 25, 8, 9]",10,lib/tests/core/native-frames.zy,direct
selected,release,0,575869,135,275,4414457,True,"[97, 25, 8, 9]",10,lib/tests/core/native-frames.zy,trim_direct
selected,release,0,574330,135,275,4617000,True,"[97, 25, 8, 9]",10,lib/tests/core/native-frames.zy,baseline
selected,release,0,552479,135,275,4619296,True,"[97, 25, 8, 9]",10,lib/tests/core/native-frames.zy,trim
selected,release,0,563285,135,275,4375743,True,"[97, 25, 8, 9]",11,lib/tests/core/native-frames.zy,trim_direct
selected,release,0,572626,135,275,4486033,True,"[97, 25, 8, 9]",11,lib/tests/core/native-frames.zy,baseline
selected,release,0,567074,135,275,4631179,True,"[97, 25, 8, 9]",11,lib/tests/core/native-frames.zy,trim
selected,release,0,561751,135,275,4472963,True,"[97, 25, 8, 9]",11,lib/tests/core/native-frames.zy,direct
selected,release,0,571588,135,275,4659375,True,"[97, 25, 8, 9]",12,lib/tests/core/native-frames.zy,baseline
selected,release,0,561379,135,275,4594663,True,"[97, 25, 8, 9]",12,lib/tests/core/native-frames.zy,trim
selected,release,0,572370,135,275,4494001,True,"[97, 25, 8, 9]",12,lib/tests/core/native-frames.zy,direct
selected,release,0,574072,135,275,4321958,True,"[97, 25, 8, 9]",12,lib/tests/core/native-frames.zy,trim_direct
selected,release,0,546297,135,275,4496048,True,"[97, 25, 8, 9]",13,lib/tests/core/native-frames.zy,trim
selected,release,0,551910,135,275,4421463,True,"[97, 25, 8, 9]",13,lib/tests/core/native-frames.zy,direct
selected,release,0,559841,135,275,4345749,True,"[97, 25, 8, 9]",13,lib/tests/core/native-frames.zy,trim_direct
selected,release,0,545372,135,275,4519704,True,"[97, 25, 8, 9]",13,lib/tests/core/native-frames.zy,baseline
selected,release,0,540281,135,275,4381538,True,"[97, 25, 8, 9]",14,lib/tests/core/native-frames.zy,direct
selected,release,0,544467,135,275,4354334,True,"[97, 25, 8, 9]",14,lib/tests/core/native-frames.zy,trim_direct
selected,release,0,568299,135,275,4614753,True,"[97, 25, 8, 9]",14,lib/tests/core/native-frames.zy,baseline
selected,release,0,580630,135,275,4507787,True,"[97, 25, 8, 9]",14,lib/tests/core/native-frames.zy,trim
selected,release,0,561085,135,275,4396079,True,"[97, 25, 8, 9]",15,lib/tests/core/native-frames.zy,trim_direct
selected,release,0,545086,135,275,4515715,True,"[97, 25, 8, 9]",15,lib/tests/core/native-frames.zy,baseline
selected,release,0,579047,135,275,4510122,True,"[97, 25, 8, 9]",15,lib/tests/core/native-frames.zy,trim
selected,release,0,571882,135,275,4490712,True,"[97, 25, 8, 9]",15,lib/tests/core/native-frames.zy,direct
selected,release,0,576203,135,275,4598703,True,"[97, 25, 8, 9]",16,lib/tests/core/native-frames.zy,baseline
selected,release,0,563838,135,275,4577206,True,"[97, 25, 8, 9]",16,lib/tests/core/native-frames.zy,trim
selected,release,0,566904,135,275,4502174,True,"[97, 25, 8, 9]",16,lib/tests/core/native-frames.zy,direct
selected,release,0,560215,135,275,4436236,True,"[97, 25, 8, 9]",16,lib/tests/core/native-frames.zy,trim_direct
selected,release,0,560080,135,275,4584783,True,"[97, 25, 8, 9]",17,lib/tests/core/native-frames.zy,trim
selected,release,0,567333,135,275,4614125,True,"[97, 25, 8, 9]",17,lib/tests/core/native-frames.zy,direct
selected,release,0,601589,135,275,4476581,True,"[97, 25, 8, 9]",17,lib/tests/core/native-frames.zy,trim_direct
selected,release,0,585024,135,275,4723584,True,"[97, 25, 8, 9]",17,lib/tests/core/native-frames.zy,baseline
selected,release,0,572920,135,275,4507577,True,"[97, 25, 8, 9]",18,lib/tests/core/native-frames.zy,direct
selected,release,0,568960,135,275,4383906,True,"[97, 25, 8, 9]",18,lib/tests/core/native-frames.zy,trim_direct
selected,release,0,583253,135,275,4569120,True,"[97, 25, 8, 9]",18,lib/tests/core/native-frames.zy,baseline
selected,release,0,569629,135,275,4613856,True,"[97, 25, 8, 9]",18,lib/tests/core/native-frames.zy,trim
selected,release,0,560920,135,275,4256251,True,"[97, 25, 8, 9]",19,lib/tests/core/native-frames.zy,trim_direct
selected,release,0,593668,135,275,4632128,True,"[97, 25, 8, 9]",19,lib/tests/core/native-frames.zy,baseline
selected,release,0,538990,135,275,4419414,True,"[97, 25, 8, 9]",19,lib/tests/core/native-frames.zy,trim
selected,release,0,547327,135,275,4475144,True,"[97, 25, 8, 9]",19,lib/tests/core/native-frames.zy,direct
selected,release,0,547292,135,275,4622120,True,"[97, 25, 8, 9]",20,lib/tests/core/native-frames.zy,baseline
selected,release,0,571250,135,275,4491918,True,"[97, 25, 8, 9]",20,lib/tests/core/native-frames.zy,trim
selected,release,0,591626,135,275,4492721,True,"[97, 25, 8, 9]",20,lib/tests/core/native-frames.zy,direct
selected,release,0,558331,135,275,4274701,True,"[97, 25, 8, 9]",20,lib/tests/core/native-frames.zy,trim_direct
selected,release,0,551345,135,275,4530530,True,"[97, 25, 8, 9]",21,lib/tests/core/native-frames.zy,trim
selected,release,0,555080,135,275,4421927,True,"[97, 25, 8, 9]",21,lib/tests/core/native-frames.zy,direct
selected,release,0,569788,135,275,4434580,True,"[97, 25, 8, 9]",21,lib/tests/core/native-frames.zy,trim_direct
selected,release,0,588056,135,275,4657462,True,"[97, 25, 8, 9]",21,lib/tests/core/native-frames.zy,baseline
selected,release,0,600079,135,275,4640869,True,"[97, 25, 8, 9]",22,lib/tests/core/native-frames.zy,direct
selected,release,0,572004,135,275,4452079,True,"[97, 25, 8, 9]",22,lib/tests/core/native-frames.zy,trim_direct
selected,release,0,569125,135,275,4530285,True,"[97, 25, 8, 9]",22,lib/tests/core/native-frames.zy,baseline
selected,release,0,584086,135,275,4547659,True,"[97, 25, 8, 9]",22,lib/tests/core/native-frames.zy,trim
selected,release,0,577249,135,275,4463330,True,"[97, 25, 8, 9]",23,lib/tests/core/native-frames.zy,trim_direct
selected,release,0,575120,135,275,4605274,True,"[97, 25, 8, 9]",23,lib/tests/core/native-frames.zy,baseline
selected,release,0,564011,135,275,4601912,True,"[97, 25, 8, 9]",23,lib/tests/core/native-frames.zy,trim
selected,release,0,558202,135,275,4390876,True,"[97, 25, 8, 9]",23,lib/tests/core/native-frames.zy,direct
selected,release,0,599409,135,275,4751996,True,"[97, 25, 8, 9]",24,lib/tests/core/native-frames.zy,baseline
selected,release,0,586097,135,275,4762076,True,"[97, 25, 8, 9]",24,lib/tests/core/native-frames.zy,trim
selected,release,0,598123,135,275,4701002,True,"[97, 25, 8, 9]",24,lib/tests/core/native-frames.zy,direct
selected,release,0,554419,135,275,4310492,True,"[97, 25, 8, 9]",24,lib/tests/core/native-frames.zy,trim_direct
selected,release,0,570047,135,275,4523841,True,"[97, 25, 8, 9]",25,lib/tests/core/native-frames.zy,trim
selected,release,0,568954,135,275,4472878,True,"[97, 25, 8, 9]",25,lib/tests/core/native-frames.zy,direct
selected,release,0,597920,135,275,4477545,True,"[97, 25, 8, 9]",25,lib/tests/core/native-frames.zy,trim_direct
selected,release,0,596830,135,275,4705700,True,"[97, 25, 8, 9]",25,lib/tests/core/native-frames.zy,baseline
selected,release,0,549345,135,275,4418913,True,"[97, 25, 8, 9]",26,lib/tests/core/native-frames.zy,direct
selected,release,0,545080,135,275,4324799,True,"[97, 25, 8, 9]",26,lib/tests/core/native-frames.zy,trim_direct
selected,release,0,568253,135,275,4541799,True,"[97, 25, 8, 9]",26,lib/tests/core/native-frames.zy,baseline
selected,release,0,590707,135,275,4537044,True,"[97, 25, 8, 9]",26,lib/tests/core/native-frames.zy,trim
selected,release,0,580277,135,275,4501219,True,"[97, 25, 8, 9]",27,lib/tests/core/native-frames.zy,trim_direct
selected,release,0,561047,135,275,4605608,True,"[97, 25, 8, 9]",27,lib/tests/core/native-frames.zy,baseline
selected,release,0,580087,135,275,4571331,True,"[97, 25, 8, 9]",27,lib/tests/core/native-frames.zy,trim
selected,release,0,570794,135,275,4518719,True,"[97, 25, 8, 9]",27,lib/tests/core/native-frames.zy,direct
selected,release,0,558748,135,275,4552086,True,"[97, 25, 8, 9]",28,lib/tests/core/native-frames.zy,baseline
selected,release,0,593952,135,275,4672421,True,"[97, 25, 8, 9]",28,lib/tests/core/native-frames.zy,trim
selected,release,0,568082,135,275,4499539,True,"[97, 25, 8, 9]",28,lib/tests/core/native-frames.zy,direct
selected,release,0,561359,135,275,4358197,True,"[97, 25, 8, 9]",28,lib/tests/core/native-frames.zy,trim_direct
selected,release,0,569989,135,275,4629532,True,"[97, 25, 8, 9]",29,lib/tests/core/native-frames.zy,trim
selected,release,0,557785,135,275,4523080,True,"[97, 25, 8, 9]",29,lib/tests/core/native-frames.zy,direct
selected,release,0,544165,135,275,4326958,True,"[97, 25, 8, 9]",29,lib/tests/core/native-frames.zy,trim_direct
selected,release,0,545789,135,275,4491791,True,"[97, 25, 8, 9]",29,lib/tests/core/native-frames.zy,baseline
selected,release,0,540075,135,275,4342751,True,"[97, 25, 8, 9]",30,lib/tests/core/native-frames.zy,direct
selected,release,0,566457,135,275,4360258,True,"[97, 25, 8, 9]",30,lib/tests/core/native-frames.zy,trim_direct
selected,release,0,560724,135,275,4523411,True,"[97, 25, 8, 9]",30,lib/tests/core/native-frames.zy,baseline
selected,release,0,602963,135,275,4611789,True,"[97, 25, 8, 9]",30,lib/tests/core/native-frames.zy,trim
selected,release,0,593881,135,275,4569907,True,"[97, 25, 8, 9]",31,lib/tests/core/native-frames.zy,trim_direct
selected,release,0,589993,135,275,4759669,True,"[97, 25, 8, 9]",31,lib/tests/core/native-frames.zy,baseline
selected,release,0,605282,135,275,4701889,True,"[97, 25, 8, 9]",31,lib/tests/core/native-frames.zy,trim
selected,release,0,629202,135,275,4619414,True,"[97, 25, 8, 9]",31,lib/tests/core/native-frames.zy,direct
selected,release,0,678969,131,296,5168989,False,"[93, 26, 7, 0]",0,lib/tests/builtin/host-return.zy,baseline
selected,release,0,627880,131,296,4982171,False,"[93, 26, 7, 0]",0,lib/tests/builtin/host-return.zy,trim
selected,release,0,635008,131,296,4882250,False,"[93, 26, 7, 0]",0,lib/tests/builtin/host-return.zy,direct
selected,release,0,630667,131,296,4840376,False,"[93, 26, 7, 0]",0,lib/tests/builtin/host-return.zy,trim_direct
selected,release,0,621418,131,296,5020255,False,"[93, 26, 7, 0]",1,lib/tests/builtin/host-return.zy,trim
selected,release,0,621508,131,296,4885756,False,"[93, 26, 7, 0]",1,lib/tests/builtin/host-return.zy,direct
selected,release,0,663784,131,296,4808250,False,"[93, 26, 7, 0]",1,lib/tests/builtin/host-return.zy,trim_direct
selected,release,0,666546,131,296,5149662,False,"[93, 26, 7, 0]",1,lib/tests/builtin/host-return.zy,baseline
selected,release,0,654498,131,296,4988924,False,"[93, 26, 7, 0]",2,lib/tests/builtin/host-return.zy,direct
selected,release,0,652171,131,296,4877423,False,"[93, 26, 7, 0]",2,lib/tests/builtin/host-return.zy,trim_direct
selected,release,0,635048,131,296,5196082,False,"[93, 26, 7, 0]",2,lib/tests/builtin/host-return.zy,baseline
selected,release,0,597915,131,296,4964015,False,"[93, 26, 7, 0]",2,lib/tests/builtin/host-return.zy,trim
selected,release,0,626794,131,296,4853712,False,"[93, 26, 7, 0]",3,lib/tests/builtin/host-return.zy,trim_direct
selected,release,0,620617,131,296,5064713,False,"[93, 26, 7, 0]",3,lib/tests/builtin/host-return.zy,baseline
selected,release,0,602737,131,296,4948755,False,"[93, 26, 7, 0]",3,lib/tests/builtin/host-return.zy,trim
selected,release,0,638659,131,296,5064671,False,"[93, 26, 7, 0]",3,lib/tests/builtin/host-return.zy,direct
selected,release,0,620672,131,296,5099334,False,"[93, 26, 7, 0]",4,lib/tests/builtin/host-return.zy,baseline
selected,release,0,624912,131,296,5100374,False,"[93, 26, 7, 0]",4,lib/tests/builtin/host-return.zy,trim
selected,release,0,612570,131,296,4924870,False,"[93, 26, 7, 0]",4,lib/tests/builtin/host-return.zy,direct
selected,release,0,628546,131,296,4892368,False,"[93, 26, 7, 0]",4,lib/tests/builtin/host-return.zy,trim_direct
selected,release,0,629996,131,296,5173540,False,"[93, 26, 7, 0]",5,lib/tests/builtin/host-return.zy,trim
selected,release,0,637406,131,296,5176542,False,"[93, 26, 7, 0]",5,lib/tests/builtin/host-return.zy,direct
selected,release,0,651835,131,296,4810675,False,"[93, 26, 7, 0]",5,lib/tests/builtin/host-return.zy,trim_direct
selected,release,0,687464,131,296,5333217,False,"[93, 26, 7, 0]",5,lib/tests/builtin/host-return.zy,baseline
selected,release,0,648201,131,296,4961245,False,"[93, 26, 7, 0]",6,lib/tests/builtin/host-return.zy,direct
selected,release,0,657279,131,296,4824217,False,"[93, 26, 7, 0]",6,lib/tests/builtin/host-return.zy,trim_direct
selected,release,0,626714,131,296,5148752,False,"[93, 26, 7, 0]",6,lib/tests/builtin/host-return.zy,baseline
selected,release,0,637587,131,296,5064763,False,"[93, 26, 7, 0]",6,lib/tests/builtin/host-return.zy,trim
selected,release,0,637573,131,296,5009998,False,"[93, 26, 7, 0]",7,lib/tests/builtin/host-return.zy,trim_direct
selected,release,0,618001,131,296,5153910,False,"[93, 26, 7, 0]",7,lib/tests/builtin/host-return.zy,baseline
selected,release,0,621916,131,296,5141510,False,"[93, 26, 7, 0]",7,lib/tests/builtin/host-return.zy,trim
selected,release,0,651918,131,296,4927623,False,"[93, 26, 7, 0]",7,lib/tests/builtin/host-return.zy,direct
selected,release,0,681389,131,296,5204372,False,"[93, 26, 7, 0]",8,lib/tests/builtin/host-return.zy,baseline
selected,release,0,727789,131,296,5628136,False,"[93, 26, 7, 0]",8,lib/tests/builtin/host-return.zy,trim
selected,release,0,653582,131,296,5086538,False,"[93, 26, 7, 0]",8,lib/tests/builtin/host-return.zy,direct
selected,release,0,666625,131,296,4952956,False,"[93, 26, 7, 0]",8,lib/tests/builtin/host-return.zy,trim_direct
selected,release,0,666249,131,296,5303549,False,"[93, 26, 7, 0]",9,lib/tests/builtin/host-return.zy,trim
selected,release,0,626917,131,296,5159379,False,"[93, 26, 7, 0]",9,lib/tests/builtin/host-return.zy,direct
selected,release,0,664168,131,296,4989907,False,"[93, 26, 7, 0]",9,lib/tests/builtin/host-return.zy,trim_direct
selected,release,0,642450,131,296,5221457,False,"[93, 26, 7, 0]",9,lib/tests/builtin/host-return.zy,baseline
selected,release,0,647994,131,296,4966496,False,"[93, 26, 7, 0]",10,lib/tests/builtin/host-return.zy,direct
selected,release,0,644870,131,296,4943113,False,"[93, 26, 7, 0]",10,lib/tests/builtin/host-return.zy,trim_direct
selected,release,0,661820,131,296,5163918,False,"[93, 26, 7, 0]",10,lib/tests/builtin/host-return.zy,baseline
selected,release,0,601924,131,296,5044090,False,"[93, 26, 7, 0]",10,lib/tests/builtin/host-return.zy,trim
selected,release,0,671791,131,296,4898659,False,"[93, 26, 7, 0]",11,lib/tests/builtin/host-return.zy,trim_direct
selected,release,0,718448,131,296,5462078,False,"[93, 26, 7, 0]",11,lib/tests/builtin/host-return.zy,baseline
selected,release,0,638306,131,296,5314418,False,"[93, 26, 7, 0]",11,lib/tests/builtin/host-return.zy,trim
selected,release,0,701510,131,296,5293578,False,"[93, 26, 7, 0]",11,lib/tests/builtin/host-return.zy,direct
selected,release,0,648175,131,296,5273164,False,"[93, 26, 7, 0]",12,lib/tests/builtin/host-return.zy,baseline
selected,release,0,695970,131,296,5242090,False,"[93, 26, 7, 0]",12,lib/tests/builtin/host-return.zy,trim
selected,release,0,652129,131,296,5028336,False,"[93, 26, 7, 0]",12,lib/tests/builtin/host-return.zy,direct
selected,release,0,648622,131,296,4989754,False,"[93, 26, 7, 0]",12,lib/tests/builtin/host-return.zy,trim_direct
selected,release,0,608041,131,296,5039586,False,"[93, 26, 7, 0]",13,lib/tests/builtin/host-return.zy,trim
selected,release,0,615329,131,296,4930330,False,"[93, 26, 7, 0]",13,lib/tests/builtin/host-return.zy,direct
selected,release,0,622459,131,296,4857874,False,"[93, 26, 7, 0]",13,lib/tests/builtin/host-return.zy,trim_direct
selected,release,0,645244,131,296,5224122,False,"[93, 26, 7, 0]",13,lib/tests/builtin/host-return.zy,baseline
selected,release,0,635541,131,296,4979498,False,"[93, 26, 7, 0]",14,lib/tests/builtin/host-return.zy,direct
selected,release,0,632834,131,296,4918747,False,"[93, 26, 7, 0]",14,lib/tests/builtin/host-return.zy,trim_direct
selected,release,0,615217,131,296,5138533,False,"[93, 26, 7, 0]",14,lib/tests/builtin/host-return.zy,baseline
selected,release,0,649125,131,296,5165777,False,"[93, 26, 7, 0]",14,lib/tests/builtin/host-return.zy,trim
selected,release,0,636747,131,296,4991251,False,"[93, 26, 7, 0]",15,lib/tests/builtin/host-return.zy,trim_direct
selected,release,0,669791,131,296,5238649,False,"[93, 26, 7, 0]",15,lib/tests/builtin/host-return.zy,baseline
selected,release,0,611371,131,296,5184130,False,"[93, 26, 7, 0]",15,lib/tests/builtin/host-return.zy,trim
selected,release,0,618922,131,296,5006045,False,"[93, 26, 7, 0]",15,lib/tests/builtin/host-return.zy,direct
selected,release,0,633829,131,296,5220703,False,"[93, 26, 7, 0]",16,lib/tests/builtin/host-return.zy,baseline
selected,release,0,651328,131,296,5233458,False,"[93, 26, 7, 0]",16,lib/tests/builtin/host-return.zy,trim
selected,release,0,659840,131,296,5098276,False,"[93, 26, 7, 0]",16,lib/tests/builtin/host-return.zy,direct
selected,release,0,630330,131,296,4977295,False,"[93, 26, 7, 0]",16,lib/tests/builtin/host-return.zy,trim_direct
selected,release,0,637336,131,296,5147095,False,"[93, 26, 7, 0]",17,lib/tests/builtin/host-return.zy,trim
selected,release,0,650466,131,296,5158784,False,"[93, 26, 7, 0]",17,lib/tests/builtin/host-return.zy,direct
selected,release,0,673363,131,296,5242875,False,"[93, 26, 7, 0]",17,lib/tests/builtin/host-return.zy,trim_direct
selected,release,0,646627,131,296,5296369,False,"[93, 26, 7, 0]",17,lib/tests/builtin/host-return.zy,baseline
selected,release,0,636503,131,296,5011798,False,"[93, 26, 7, 0]",18,lib/tests/builtin/host-return.zy,direct
selected,release,0,681250,131,296,5034246,False,"[93, 26, 7, 0]",18,lib/tests/builtin/host-return.zy,trim_direct
selected,release,0,657374,131,296,5229443,False,"[93, 26, 7, 0]",18,lib/tests/builtin/host-return.zy,baseline
selected,release,0,649375,131,296,5165795,False,"[93, 26, 7, 0]",18,lib/tests/builtin/host-return.zy,trim
selected,release,0,681708,131,296,4976536,False,"[93, 26, 7, 0]",19,lib/tests/builtin/host-return.zy,trim_direct
selected,release,0,626448,131,296,5175346,False,"[93, 26, 7, 0]",19,lib/tests/builtin/host-return.zy,baseline
selected,release,0,637919,131,296,5128664,False,"[93, 26, 7, 0]",19,lib/tests/builtin/host-return.zy,trim
selected,release,0,612203,131,296,5013909,False,"[93, 26, 7, 0]",19,lib/tests/builtin/host-return.zy,direct
selected,release,0,626625,131,296,5186076,False,"[93, 26, 7, 0]",20,lib/tests/builtin/host-return.zy,baseline
selected,release,0,636874,131,296,5223408,False,"[93, 26, 7, 0]",20,lib/tests/builtin/host-return.zy,trim
selected,release,0,624840,131,296,4995626,False,"[93, 26, 7, 0]",20,lib/tests/builtin/host-return.zy,direct
selected,release,0,632046,131,296,5011927,False,"[93, 26, 7, 0]",20,lib/tests/builtin/host-return.zy,trim_direct
selected,release,0,621910,131,296,5134796,False,"[93, 26, 7, 0]",21,lib/tests/builtin/host-return.zy,trim
selected,release,0,630218,131,296,4966539,False,"[93, 26, 7, 0]",21,lib/tests/builtin/host-return.zy,direct
selected,release,0,626623,131,296,4997963,False,"[93, 26, 7, 0]",21,lib/tests/builtin/host-return.zy,trim_direct
selected,release,0,708630,131,296,5187957,False,"[93, 26, 7, 0]",21,lib/tests/builtin/host-return.zy,baseline
selected,release,0,640841,131,296,5012967,False,"[93, 26, 7, 0]",22,lib/tests/builtin/host-return.zy,direct
selected,release,0,618678,131,296,4843258,False,"[93, 26, 7, 0]",22,lib/tests/builtin/host-return.zy,trim_direct
selected,release,0,640576,131,296,5148043,False,"[93, 26, 7, 0]",22,lib/tests/builtin/host-return.zy,baseline
selected,release,0,672996,131,296,5209335,False,"[93, 26, 7, 0]",22,lib/tests/builtin/host-return.zy,trim
selected,release,0,637632,131,296,4961626,False,"[93, 26, 7, 0]",23,lib/tests/builtin/host-return.zy,trim_direct
selected,release,0,617791,131,296,5148632,False,"[93, 26, 7, 0]",23,lib/tests/builtin/host-return.zy,baseline
selected,release,0,689073,131,296,5361082,False,"[93, 26, 7, 0]",23,lib/tests/builtin/host-return.zy,trim
selected,release,0,686457,131,296,5422657,False,"[93, 26, 7, 0]",23,lib/tests/builtin/host-return.zy,direct
selected,release,0,670786,131,296,5320456,False,"[93, 26, 7, 0]",24,lib/tests/builtin/host-return.zy,baseline
selected,release,0,646505,131,296,5187916,False,"[93, 26, 7, 0]",24,lib/tests/builtin/host-return.zy,trim
selected,release,0,668159,131,296,5114674,False,"[93, 26, 7, 0]",24,lib/tests/builtin/host-return.zy,direct
selected,release,0,629710,131,296,4887326,False,"[93, 26, 7, 0]",24,lib/tests/builtin/host-return.zy,trim_direct
selected,release,0,643794,131,296,5139658,False,"[93, 26, 7, 0]",25,lib/tests/builtin/host-return.zy,trim
selected,release,0,626328,131,296,5119459,False,"[93, 26, 7, 0]",25,lib/tests/builtin/host-return.zy,direct
selected,release,0,642628,131,296,5070622,False,"[93, 26, 7, 0]",25,lib/tests/builtin/host-return.zy,trim_direct
selected,release,0,626172,131,296,5205085,False,"[93, 26, 7, 0]",25,lib/tests/builtin/host-return.zy,baseline
selected,release,0,633209,131,296,4993293,False,"[93, 26, 7, 0]",26,lib/tests/builtin/host-return.zy,direct
selected,release,0,632462,131,296,4907624,False,"[93, 26, 7, 0]",26,lib/tests/builtin/host-return.zy,trim_direct
selected,release,0,633829,131,296,5180095,False,"[93, 26, 7, 0]",26,lib/tests/builtin/host-return.zy,baseline
selected,release,0,627955,131,296,5201704,False,"[93, 26, 7, 0]",26,lib/tests/builtin/host-return.zy,trim
selected,release,0,640217,131,296,4871919,False,"[93, 26, 7, 0]",27,lib/tests/builtin/host-return.zy,trim_direct
selected,release,0,678503,131,296,5289575,False,"[93, 26, 7, 0]",27,lib/tests/builtin/host-return.zy,baseline
selected,release,0,639915,131,296,5242744,False,"[93, 26, 7, 0]",27,lib/tests/builtin/host-return.zy,trim
selected,release,0,635245,131,296,5127804,False,"[93, 26, 7, 0]",27,lib/tests/builtin/host-return.zy,direct
selected,release,0,640712,131,296,5113999,False,"[93, 26, 7, 0]",28,lib/tests/builtin/host-return.zy,baseline
selected,release,0,669072,131,296,5220341,False,"[93, 26, 7, 0]",28,lib/tests/builtin/host-return.zy,trim
selected,release,0,601207,131,296,4895294,False,"[93, 26, 7, 0]",28,lib/tests/builtin/host-return.zy,direct
selected,release,0,637299,131,296,4850034,False,"[93, 26, 7, 0]",28,lib/tests/builtin/host-return.zy,trim_direct
selected,release,0,634996,131,296,5143123,False,"[93, 26, 7, 0]",29,lib/tests/builtin/host-return.zy,trim
selected,release,0,601251,131,296,4887959,False,"[93, 26, 7, 0]",29,lib/tests/builtin/host-return.zy,direct
selected,release,0,615288,131,296,4840294,False,"[93, 26, 7, 0]",29,lib/tests/builtin/host-return.zy,trim_direct
selected,release,0,648331,131,296,5303420,False,"[93, 26, 7, 0]",29,lib/tests/builtin/host-return.zy,baseline
selected,release,0,740073,131,296,5454366,False,"[93, 26, 7, 0]",30,lib/tests/builtin/host-return.zy,direct
selected,release,0,639427,131,296,4935535,False,"[93, 26, 7, 0]",30,lib/tests/builtin/host-return.zy,trim_direct
selected,release,0,629915,131,296,5104496,False,"[93, 26, 7, 0]",30,lib/tests/builtin/host-return.zy,baseline
selected,release,0,634292,131,296,5129577,False,"[93, 26, 7, 0]",30,lib/tests/builtin/host-return.zy,trim
selected,release,0,681082,131,296,5059416,False,"[93, 26, 7, 0]",31,lib/tests/builtin/host-return.zy,trim_direct
selected,release,0,638053,131,296,5238841,False,"[93, 26, 7, 0]",31,lib/tests/builtin/host-return.zy,baseline
selected,release,0,632205,131,296,5166207,False,"[93, 26, 7, 0]",31,lib/tests/builtin/host-return.zy,trim
selected,release,0,635588,131,296,5061416,False,"[93, 26, 7, 0]",31,lib/tests/builtin/host-return.zy,direct
selected,release,0,678065,131,374,4883954,True,"[66, 24, 7, 8]",0,lib/tests/builtin/host-return.zy,baseline
selected,release,0,693463,131,374,4792412,True,"[66, 24, 7, 8]",0,lib/tests/builtin/host-return.zy,trim
selected,release,0,750817,131,374,4952428,True,"[66, 24, 7, 8]",0,lib/tests/builtin/host-return.zy,direct
selected,release,0,667590,131,374,4693296,True,"[66, 24, 7, 8]",0,lib/tests/builtin/host-return.zy,trim_direct
selected,release,0,671078,131,374,4783253,True,"[66, 24, 7, 8]",1,lib/tests/builtin/host-return.zy,trim
selected,release,0,674678,131,374,4811119,True,"[66, 24, 7, 8]",1,lib/tests/builtin/host-return.zy,direct
selected,release,0,675912,131,374,4651079,True,"[66, 24, 7, 8]",1,lib/tests/builtin/host-return.zy,trim_direct
selected,release,0,666213,131,374,4884363,True,"[66, 24, 7, 8]",1,lib/tests/builtin/host-return.zy,baseline
selected,release,0,662706,131,374,4802298,True,"[66, 24, 7, 8]",2,lib/tests/builtin/host-return.zy,direct
selected,release,0,669510,131,374,4742877,True,"[66, 24, 7, 8]",2,lib/tests/builtin/host-return.zy,trim_direct
selected,release,0,681376,131,374,4949958,True,"[66, 24, 7, 8]",2,lib/tests/builtin/host-return.zy,baseline
selected,release,0,708671,131,374,5152872,True,"[66, 24, 7, 8]",2,lib/tests/builtin/host-return.zy,trim
selected,release,0,651700,131,374,4710003,True,"[66, 24, 7, 8]",3,lib/tests/builtin/host-return.zy,trim_direct
selected,release,0,685088,131,374,4879286,True,"[66, 24, 7, 8]",3,lib/tests/builtin/host-return.zy,baseline
selected,release,0,636963,131,374,4803166,True,"[66, 24, 7, 8]",3,lib/tests/builtin/host-return.zy,trim
selected,release,0,648969,131,374,4950748,True,"[66, 24, 7, 8]",3,lib/tests/builtin/host-return.zy,direct
selected,release,0,673335,131,374,4884206,True,"[66, 24, 7, 8]",4,lib/tests/builtin/host-return.zy,baseline
selected,release,0,604262,131,374,4752663,True,"[66, 24, 7, 8]",4,lib/tests/builtin/host-return.zy,trim
selected,release,0,629042,131,374,4728947,True,"[66, 24, 7, 8]",4,lib/tests/builtin/host-return.zy,direct
selected,release,0,663118,131,374,4707749,True,"[66, 24, 7, 8]",4,lib/tests/builtin/host-return.zy,trim_direct
selected,release,0,652682,131,374,4737031,True,"[66, 24, 7, 8]",5,lib/tests/builtin/host-return.zy,trim
selected,release,0,642295,131,374,4773464,True,"[66, 24, 7, 8]",5,lib/tests/builtin/host-return.zy,direct
selected,release,0,660283,131,374,4635335,True,"[66, 24, 7, 8]",5,lib/tests/builtin/host-return.zy,trim_direct
selected,release,0,667426,131,374,4823120,True,"[66, 24, 7, 8]",5,lib/tests/builtin/host-return.zy,baseline
selected,release,0,635263,131,374,4836161,True,"[66, 24, 7, 8]",6,lib/tests/builtin/host-return.zy,direct
selected,release,0,660585,131,374,4683586,True,"[66, 24, 7, 8]",6,lib/tests/builtin/host-return.zy,trim_direct
selected,release,0,641172,131,374,4904164,True,"[66, 24, 7, 8]",6,lib/tests/builtin/host-return.zy,baseline
selected,release,0,621881,131,374,4759338,True,"[66, 24, 7, 8]",6,lib/tests/builtin/host-return.zy,trim
selected,release,0,624330,131,374,4642218,True,"[66, 24, 7, 8]",7,lib/tests/builtin/host-return.zy,trim_direct
selected,release,0,672873,131,374,4900419,True,"[66, 24, 7, 8]",7,lib/tests/builtin/host-return.zy,baseline
selected,release,0,719127,131,374,5091703,True,"[66, 24, 7, 8]",7,lib/tests/builtin/host-return.zy,trim
selected,release,0,650870,131,374,4926518,True,"[66, 24, 7, 8]",7,lib/tests/builtin/host-return.zy,direct
selected,release,0,661913,131,374,5103457,True,"[66, 24, 7, 8]",8,lib/tests/builtin/host-return.zy,baseline
selected,release,0,719012,131,374,4845667,True,"[66, 24, 7, 8]",8,lib/tests/builtin/host-return.zy,trim
selected,release,0,666304,131,374,4820943,True,"[66, 24, 7, 8]",8,lib/tests/builtin/host-return.zy,direct
selected,release,0,643504,131,374,4674433,True,"[66, 24, 7, 8]",8,lib/tests/builtin/host-return.zy,trim_direct
selected,release,0,659285,131,374,4816656,True,"[66, 24, 7, 8]",9,lib/tests/builtin/host-return.zy,trim
selected,release,0,675242,131,374,4824959,True,"[66, 24, 7, 8]",9,lib/tests/builtin/host-return.zy,direct
selected,release,0,662169,131,374,4700205,True,"[66, 24, 7, 8]",9,lib/tests/builtin/host-return.zy,trim_direct
selected,release,0,626667,131,374,4844527,True,"[66, 24, 7, 8]",9,lib/tests/builtin/host-return.zy,baseline
selected,release,0,647299,131,374,4896246,True,"[66, 24, 7, 8]",10,lib/tests/builtin/host-return.zy,direct
selected,release,0,729789,131,374,5323218,True,"[66, 24, 7, 8]",10,lib/tests/builtin/host-return.zy,trim_direct
selected,release,0,684451,131,374,4928993,True,"[66, 24, 7, 8]",10,lib/tests/builtin/host-return.zy,baseline
selected,release,0,707216,131,374,5050867,True,"[66, 24, 7, 8]",10,lib/tests/builtin/host-return.zy,trim
selected,release,0,664284,131,374,4696500,True,"[66, 24, 7, 8]",11,lib/tests/builtin/host-return.zy,trim_direct
selected,release,0,659285,131,374,4903364,True,"[66, 24, 7, 8]",11,lib/tests/builtin/host-return.zy,baseline
selected,release,0,644662,131,374,4812120,True,"[66, 24, 7, 8]",11,lib/tests/builtin/host-return.zy,trim
selected,release,0,693197,131,374,5001959,True,"[66, 24, 7, 8]",11,lib/tests/builtin/host-return.zy,direct
selected,release,0,668740,131,374,4962880,True,"[66, 24, 7, 8]",12,lib/tests/builtin/host-return.zy,baseline
selected,release,0,616495,131,374,4733187,True,"[66, 24, 7, 8]",12,lib/tests/builtin/host-return.zy,trim
selected,release,0,659285,131,374,4821425,True,"[66, 24, 7, 8]",12,lib/tests/builtin/host-return.zy,direct
selected,release,0,679789,131,374,4840951,True,"[66, 24, 7, 8]",12,lib/tests/builtin/host-return.zy,trim_direct
selected,release,0,660383,131,374,4797833,True,"[66, 24, 7, 8]",13,lib/tests/builtin/host-return.zy,trim
selected,release,0,671374,131,374,4826330,True,"[66, 24, 7, 8]",13,lib/tests/builtin/host-return.zy,direct
selected,release,0,667837,131,374,4698755,True,"[66, 24, 7, 8]",13,lib/tests/builtin/host-return.zy,trim_direct
selected,release,0,659671,131,374,4889242,True,"[66, 24, 7, 8]",13,lib/tests/builtin/host-return.zy,baseline
selected,release,0,658337,131,374,4824348,True,"[66, 24, 7, 8]",14,lib/tests/builtin/host-return.zy,direct
selected,release,0,661911,131,374,4656873,True,"[66, 24, 7, 8]",14,lib/tests/builtin/host-return.zy,trim_direct
selected,release,0,680481,131,374,4874051,True,"[66, 24, 7, 8]",14,lib/tests/builtin/host-return.zy,baseline
selected,release,0,680928,131,374,4834929,True,"[66, 24, 7, 8]",14,lib/tests/builtin/host-return.zy,trim
selected,release,0,644748,131,374,4612876,True,"[66, 24, 7, 8]",15,lib/tests/builtin/host-return.zy,trim_direct
selected,release,0,646288,131,374,4891600,True,"[66, 24, 7, 8]",15,lib/tests/builtin/host-return.zy,baseline
selected,release,0,648669,131,374,4811251,True,"[66, 24, 7, 8]",15,lib/tests/builtin/host-return.zy,trim
selected,release,0,647197,131,374,4822732,True,"[66, 24, 7, 8]",15,lib/tests/builtin/host-return.zy,direct
selected,release,0,703798,131,374,5299692,True,"[66, 24, 7, 8]",16,lib/tests/builtin/host-return.zy,baseline
selected,release,0,718251,131,374,5324967,True,"[66, 24, 7, 8]",16,lib/tests/builtin/host-return.zy,trim
selected,release,0,723083,131,374,4938380,True,"[66, 24, 7, 8]",16,lib/tests/builtin/host-return.zy,direct
selected,release,0,631667,131,374,4618295,True,"[66, 24, 7, 8]",16,lib/tests/builtin/host-return.zy,trim_direct
selected,release,0,685797,131,374,4816291,True,"[66, 24, 7, 8]",17,lib/tests/builtin/host-return.zy,trim
selected,release,0,641714,131,374,4896781,True,"[66, 24, 7, 8]",17,lib/tests/builtin/host-return.zy,direct
selected,release,0,650034,131,374,4790785,True,"[66, 24, 7, 8]",17,lib/tests/builtin/host-return.zy,trim_direct
selected,release,0,630506,131,374,4861373,True,"[66, 24, 7, 8]",17,lib/tests/builtin/host-return.zy,baseline
selected,release,0,645833,131,374,4792674,True,"[66, 24, 7, 8]",18,lib/tests/builtin/host-return.zy,direct
selected,release,0,668947,131,374,4600968,True,"[66, 24, 7, 8]",18,lib/tests/builtin/host-return.zy,trim_direct
selected,release,0,683750,131,374,4957705,True,"[66, 24, 7, 8]",18,lib/tests/builtin/host-return.zy,baseline
selected,release,0,641042,131,374,4786625,True,"[66, 24, 7, 8]",18,lib/tests/builtin/host-return.zy,trim
selected,release,0,665454,131,374,4684664,True,"[66, 24, 7, 8]",19,lib/tests/builtin/host-return.zy,trim_direct
selected,release,0,642261,131,374,4927202,True,"[66, 24, 7, 8]",19,lib/tests/builtin/host-return.zy,baseline
selected,release,0,673080,131,374,4895035,True,"[66, 24, 7, 8]",19,lib/tests/builtin/host-return.zy,trim
selected,release,0,649957,131,374,4896475,True,"[66, 24, 7, 8]",19,lib/tests/builtin/host-return.zy,direct
selected,release,0,652998,131,374,4829758,True,"[66, 24, 7, 8]",20,lib/tests/builtin/host-return.zy,baseline
selected,release,0,644912,131,374,4744327,True,"[66, 24, 7, 8]",20,lib/tests/builtin/host-return.zy,trim
selected,release,0,655002,131,374,4846705,True,"[66, 24, 7, 8]",20,lib/tests/builtin/host-return.zy,direct
selected,release,0,649091,131,374,4673366,True,"[66, 24, 7, 8]",20,lib/tests/builtin/host-return.zy,trim_direct
selected,release,0,667205,131,374,4893167,True,"[66, 24, 7, 8]",21,lib/tests/builtin/host-return.zy,trim
selected,release,0,662496,131,374,4813032,True,"[66, 24, 7, 8]",21,lib/tests/builtin/host-return.zy,direct
selected,release,0,653717,131,374,4673710,True,"[66, 24, 7, 8]",21,lib/tests/builtin/host-return.zy,trim_direct
selected,release,0,650703,131,374,4872826,True,"[66, 24, 7, 8]",21,lib/tests/builtin/host-return.zy,baseline
selected,release,0,644542,131,374,4785874,True,"[66, 24, 7, 8]",22,lib/tests/builtin/host-return.zy,direct
selected,release,0,677297,131,374,4815882,True,"[66, 24, 7, 8]",22,lib/tests/builtin/host-return.zy,trim_direct
selected,release,0,670587,131,374,4923663,True,"[66, 24, 7, 8]",22,lib/tests/builtin/host-return.zy,baseline
selected,release,0,636089,131,374,4813587,True,"[66, 24, 7, 8]",22,lib/tests/builtin/host-return.zy,trim
selected,release,0,664869,131,374,4707428,True,"[66, 24, 7, 8]",23,lib/tests/builtin/host-return.zy,trim_direct
selected,release,0,667547,131,374,4992001,True,"[66, 24, 7, 8]",23,lib/tests/builtin/host-return.zy,baseline
selected,release,0,670962,131,374,4822012,True,"[66, 24, 7, 8]",23,lib/tests/builtin/host-return.zy,trim
selected,release,0,668010,131,374,4861252,True,"[66, 24, 7, 8]",23,lib/tests/builtin/host-return.zy,direct
selected,release,0,653418,131,374,4774597,True,"[66, 24, 7, 8]",24,lib/tests/builtin/host-return.zy,baseline
selected,release,0,673215,131,374,4816491,True,"[66, 24, 7, 8]",24,lib/tests/builtin/host-return.zy,trim
selected,release,0,639418,131,374,4838708,True,"[66, 24, 7, 8]",24,lib/tests/builtin/host-return.zy,direct
selected,release,0,651588,131,374,4583833,True,"[66, 24, 7, 8]",24,lib/tests/builtin/host-return.zy,trim_direct
selected,release,0,625652,131,374,4829462,True,"[66, 24, 7, 8]",25,lib/tests/builtin/host-return.zy,trim
selected,release,0,632163,131,374,4792662,True,"[66, 24, 7, 8]",25,lib/tests/builtin/host-return.zy,direct
selected,release,0,657530,131,374,4577754,True,"[66, 24, 7, 8]",25,lib/tests/builtin/host-return.zy,trim_direct
selected,release,0,668485,131,374,4899297,True,"[66, 24, 7, 8]",25,lib/tests/builtin/host-return.zy,baseline
selected,release,0,671825,131,374,4828425,True,"[66, 24, 7, 8]",26,lib/tests/builtin/host-return.zy,direct
selected,release,0,655387,131,374,4712294,True,"[66, 24, 7, 8]",26,lib/tests/builtin/host-return.zy,trim_direct
selected,release,0,687623,131,374,4883080,True,"[66, 24, 7, 8]",26,lib/tests/builtin/host-return.zy,baseline
selected,release,0,669321,131,374,4763417,True,"[66, 24, 7, 8]",26,lib/tests/builtin/host-return.zy,trim
selected,release,0,629660,131,374,4575499,True,"[66, 24, 7, 8]",27,lib/tests/builtin/host-return.zy,trim_direct
selected,release,0,636969,131,374,4824245,True,"[66, 24, 7, 8]",27,lib/tests/builtin/host-return.zy,baseline
selected,release,0,642276,131,374,4730527,True,"[66, 24, 7, 8]",27,lib/tests/builtin/host-return.zy,trim
selected,release,0,638247,131,374,4886707,True,"[66, 24, 7, 8]",27,lib/tests/builtin/host-return.zy,direct
selected,release,0,630878,131,374,4824500,True,"[66, 24, 7, 8]",28,lib/tests/builtin/host-return.zy,baseline
selected,release,0,644454,131,374,4763853,True,"[66, 24, 7, 8]",28,lib/tests/builtin/host-return.zy,trim
selected,release,0,679491,131,374,5018180,True,"[66, 24, 7, 8]",28,lib/tests/builtin/host-return.zy,direct
selected,release,0,650578,131,374,4710200,True,"[66, 24, 7, 8]",28,lib/tests/builtin/host-return.zy,trim_direct
selected,release,0,688535,131,374,4806717,True,"[66, 24, 7, 8]",29,lib/tests/builtin/host-return.zy,trim
selected,release,0,662874,131,374,4854468,True,"[66, 24, 7, 8]",29,lib/tests/builtin/host-return.zy,direct
selected,release,0,629798,131,374,4625138,True,"[66, 24, 7, 8]",29,lib/tests/builtin/host-return.zy,trim_direct
selected,release,0,673128,131,374,4883082,True,"[66, 24, 7, 8]",29,lib/tests/builtin/host-return.zy,baseline
selected,release,0,654480,131,374,4867753,True,"[66, 24, 7, 8]",30,lib/tests/builtin/host-return.zy,direct
selected,release,0,646209,131,374,4855907,True,"[66, 24, 7, 8]",30,lib/tests/builtin/host-return.zy,trim_direct
selected,release,0,646324,131,374,5024328,True,"[66, 24, 7, 8]",30,lib/tests/builtin/host-return.zy,baseline
selected,release,0,631586,131,374,4807362,True,"[66, 24, 7, 8]",30,lib/tests/builtin/host-return.zy,trim
selected,release,0,650029,131,374,4651203,True,"[66, 24, 7, 8]",31,lib/tests/builtin/host-return.zy,trim_direct
selected,release,0,630960,131,374,4824699,True,"[66, 24, 7, 8]",31,lib/tests/builtin/host-return.zy,baseline
selected,release,0,652746,131,374,4783963,True,"[66, 24, 7, 8]",31,lib/tests/builtin/host-return.zy,trim
selected,release,0,650576,131,374,4894960,True,"[66, 24, 7, 8]",31,lib/tests/builtin/host-return.zy,direct
selected,release,0,619835,692,47,4865999,False,"[525, 160, 38, 0]",0,lib/tests/builtin/host-runtime.zy,baseline
selected,release,0,682668,692,47,4993915,False,"[525, 160, 38, 0]",0,lib/tests/builtin/host-runtime.zy,trim
selected,release,0,638750,692,47,4829291,False,"[525, 160, 38, 0]",0,lib/tests/builtin/host-runtime.zy,direct
selected,release,0,582913,692,47,4623457,False,"[525, 160, 38, 0]",0,lib/tests/builtin/host-runtime.zy,trim_direct
selected,release,0,565707,692,47,4694249,False,"[525, 160, 38, 0]",1,lib/tests/builtin/host-runtime.zy,trim
selected,release,0,615629,692,47,4655417,False,"[525, 160, 38, 0]",1,lib/tests/builtin/host-runtime.zy,direct
selected,release,0,589544,692,47,4886792,False,"[525, 160, 38, 0]",1,lib/tests/builtin/host-runtime.zy,trim_direct
selected,release,0,638832,692,47,5043625,False,"[525, 160, 38, 0]",1,lib/tests/builtin/host-runtime.zy,baseline
selected,release,0,623459,692,47,4758378,False,"[525, 160, 38, 0]",2,lib/tests/builtin/host-runtime.zy,direct
selected,release,0,609290,692,47,4639791,False,"[525, 160, 38, 0]",2,lib/tests/builtin/host-runtime.zy,trim_direct
selected,release,0,608294,692,47,5000290,False,"[525, 160, 38, 0]",2,lib/tests/builtin/host-runtime.zy,baseline
selected,release,0,592918,692,47,4876624,False,"[525, 160, 38, 0]",2,lib/tests/builtin/host-runtime.zy,trim
selected,release,0,572123,692,47,4688210,False,"[525, 160, 38, 0]",3,lib/tests/builtin/host-runtime.zy,trim_direct
selected,release,0,636960,692,47,5047499,False,"[525, 160, 38, 0]",3,lib/tests/builtin/host-runtime.zy,baseline
selected,release,0,598751,692,47,4965538,False,"[525, 160, 38, 0]",3,lib/tests/builtin/host-runtime.zy,trim
selected,release,0,586832,692,47,4795289,False,"[525, 160, 38, 0]",3,lib/tests/builtin/host-runtime.zy,direct
selected,release,0,600915,692,47,4873625,False,"[525, 160, 38, 0]",4,lib/tests/builtin/host-runtime.zy,baseline
selected,release,0,591833,692,47,4936378,False,"[525, 160, 38, 0]",4,lib/tests/builtin/host-runtime.zy,trim
selected,release,0,576790,692,47,4780419,False,"[525, 160, 38, 0]",4,lib/tests/builtin/host-runtime.zy,direct
selected,release,0,581542,692,47,4618873,False,"[525, 160, 38, 0]",4,lib/tests/builtin/host-runtime.zy,trim_direct
selected,release,0,591958,692,47,4824958,False,"[525, 160, 38, 0]",5,lib/tests/builtin/host-runtime.zy,trim
selected,release,0,583793,692,47,4587582,False,"[525, 160, 38, 0]",5,lib/tests/builtin/host-runtime.zy,direct
selected,release,0,590416,692,47,4638834,False,"[525, 160, 38, 0]",5,lib/tests/builtin/host-runtime.zy,trim_direct
selected,release,0,616044,692,47,4947375,False,"[525, 160, 38, 0]",5,lib/tests/builtin/host-runtime.zy,baseline
selected,release,0,598548,692,47,4667245,False,"[525, 160, 38, 0]",6,lib/tests/builtin/host-runtime.zy,direct
selected,release,0,575084,692,47,4706914,False,"[525, 160, 38, 0]",6,lib/tests/builtin/host-runtime.zy,trim_direct
selected,release,0,564832,692,47,4799624,False,"[525, 160, 38, 0]",6,lib/tests/builtin/host-runtime.zy,baseline
selected,release,0,582998,692,47,4724625,False,"[525, 160, 38, 0]",6,lib/tests/builtin/host-runtime.zy,trim
selected,release,0,647997,692,47,4806127,False,"[525, 160, 38, 0]",7,lib/tests/builtin/host-runtime.zy,trim_direct
selected,release,0,645292,692,47,5131125,False,"[525, 160, 38, 0]",7,lib/tests/builtin/host-runtime.zy,baseline
selected,release,0,642584,692,47,4902002,False,"[525, 160, 38, 0]",7,lib/tests/builtin/host-runtime.zy,trim
selected,release,0,566411,692,47,4607625,False,"[525, 160, 38, 0]",7,lib/tests/builtin/host-runtime.zy,direct
selected,release,0,621496,692,47,4920165,False,"[525, 160, 38, 0]",8,lib/tests/builtin/host-runtime.zy,baseline
selected,release,0,601002,692,47,4790377,False,"[525, 160, 38, 0]",8,lib/tests/builtin/host-runtime.zy,trim
selected,release,0,705662,692,47,5476545,False,"[525, 160, 38, 0]",8,lib/tests/builtin/host-runtime.zy,direct
selected,release,0,625872,692,47,4704918,False,"[525, 160, 38, 0]",8,lib/tests/builtin/host-runtime.zy,trim_direct
selected,release,0,637832,692,47,4906836,False,"[525, 160, 38, 0]",9,lib/tests/builtin/host-runtime.zy,trim
selected,release,0,600000,692,47,4721828,False,"[525, 160, 38, 0]",9,lib/tests/builtin/host-runtime.zy,direct
selected,release,0,620374,692,47,4754627,False,"[525, 160, 38, 0]",9,lib/tests/builtin/host-runtime.zy,trim_direct
selected,release,0,616411,692,47,4975375,False,"[525, 160, 38, 0]",9,lib/tests/builtin/host-runtime.zy,baseline
selected,release,0,573419,692,47,4734047,False,"[525, 160, 38, 0]",10,lib/tests/builtin/host-runtime.zy,direct
selected,release,0,613206,692,47,4699962,False,"[525, 160, 38, 0]",10,lib/tests/builtin/host-runtime.zy,trim_direct
selected,release,0,590040,692,47,4821292,False,"[525, 160, 38, 0]",10,lib/tests/builtin/host-runtime.zy,baseline
selected,release,0,586248,692,47,4952752,False,"[525, 160, 38, 0]",10,lib/tests/builtin/host-runtime.zy,trim
selected,release,0,595708,692,47,4692586,False,"[525, 160, 38, 0]",11,lib/tests/builtin/host-runtime.zy,trim_direct
selected,release,0,646879,692,47,4883042,False,"[525, 160, 38, 0]",11,lib/tests/builtin/host-runtime.zy,baseline
selected,release,0,603837,692,47,4818659,False,"[525, 160, 38, 0]",11,lib/tests/builtin/host-runtime.zy,trim
selected,release,0,580164,692,47,4622292,False,"[525, 160, 38, 0]",11,lib/tests/builtin/host-runtime.zy,direct
selected,release,0,585414,692,47,4808253,False,"[525, 160, 38, 0]",12,lib/tests/builtin/host-runtime.zy,baseline
selected,release,0,580416,692,47,4780878,False,"[525, 160, 38, 0]",12,lib/tests/builtin/host-runtime.zy,trim
selected,release,0,555958,692,47,4694626,False,"[525, 160, 38, 0]",12,lib/tests/builtin/host-runtime.zy,direct
selected,release,0,569454,692,47,4712996,False,"[525, 160, 38, 0]",12,lib/tests/builtin/host-runtime.zy,trim_direct
selected,release,0,595583,692,47,4786291,False,"[525, 160, 38, 0]",13,lib/tests/builtin/host-runtime.zy,trim
selected,release,0,584085,692,47,4736206,False,"[525, 160, 38, 0]",13,lib/tests/builtin/host-runtime.zy,direct
selected,release,0,570999,692,47,4605542,False,"[525, 160, 38, 0]",13,lib/tests/builtin/host-runtime.zy,trim_direct
selected,release,0,611707,692,47,4902622,False,"[525, 160, 38, 0]",13,lib/tests/builtin/host-runtime.zy,baseline
selected,release,0,550500,692,47,4687709,False,"[525, 160, 38, 0]",14,lib/tests/builtin/host-runtime.zy,direct
selected,release,0,571880,692,47,4705745,False,"[525, 160, 38, 0]",14,lib/tests/builtin/host-runtime.zy,trim_direct
selected,release,0,642786,692,47,4945669,False,"[525, 160, 38, 0]",14,lib/tests/builtin/host-runtime.zy,baseline
selected,release,0,632250,692,47,4906707,False,"[525, 160, 38, 0]",14,lib/tests/builtin/host-runtime.zy,trim
selected,release,0,626252,692,47,4936708,False,"[525, 160, 38, 0]",15,lib/tests/builtin/host-runtime.zy,trim_direct
selected,release,0,928710,692,47,8352667,False,"[525, 160, 38, 0]",15,lib/tests/builtin/host-runtime.zy,baseline
selected,release,0,976372,692,47,6568212,False,"[525, 160, 38, 0]",15,lib/tests/builtin/host-runtime.zy,trim
selected,release,0,781539,692,47,5750541,False,"[525, 160, 38, 0]",15,lib/tests/builtin/host-runtime.zy,direct
selected,release,0,677129,692,47,5101583,False,"[525, 160, 38, 0]",16,lib/tests/builtin/host-runtime.zy,baseline
selected,release,0,616049,692,47,4999790,False,"[525, 160, 38, 0]",16,lib/tests/builtin/host-runtime.zy,trim
selected,release,0,602579,692,47,4810205,False,"[525, 160, 38, 0]",16,lib/tests/builtin/host-runtime.zy,direct
selected,release,0,569538,692,47,4741958,False,"[525, 160, 38, 0]",16,lib/tests/builtin/host-runtime.zy,trim_direct
selected,release,0,571331,692,47,4979045,False,"[525, 160, 38, 0]",17,lib/tests/builtin/host-runtime.zy,trim
selected,release,0,620832,692,47,4856039,False,"[525, 160, 38, 0]",17,lib/tests/builtin/host-runtime.zy,direct
selected,release,0,619291,692,47,4667502,False,"[525, 160, 38, 0]",17,lib/tests/builtin/host-runtime.zy,trim_direct
selected,release,0,652749,692,47,4914704,False,"[525, 160, 38, 0]",17,lib/tests/builtin/host-runtime.zy,baseline
selected,release,0,640047,692,47,4830584,False,"[525, 160, 38, 0]",18,lib/tests/builtin/host-runtime.zy,direct
selected,release,0,581418,692,47,4719332,False,"[525, 160, 38, 0]",18,lib/tests/builtin/host-runtime.zy,trim_direct
selected,release,0,623833,692,47,4879663,False,"[525, 160, 38, 0]",18,lib/tests/builtin/host-runtime.zy,baseline
selected,release,0,600711,692,47,4724834,False,"[525, 160, 38, 0]",18,lib/tests/builtin/host-runtime.zy,trim
selected,release,0,643165,692,47,4677499,False,"[525, 160, 38, 0]",19,lib/tests/builtin/host-runtime.zy,trim_direct
selected,release,0,624877,692,47,4908456,False,"[525, 160, 38, 0]",19,lib/tests/builtin/host-runtime.zy,baseline
selected,release,0,595794,692,47,4890913,False,"[525, 160, 38, 0]",19,lib/tests/builtin/host-runtime.zy,trim
selected,release,0,579456,692,47,4564292,False,"[525, 160, 38, 0]",19,lib/tests/builtin/host-runtime.zy,direct
selected,release,0,579005,692,47,4916246,False,"[525, 160, 38, 0]",20,lib/tests/builtin/host-runtime.zy,baseline
selected,release,0,587666,692,47,4854091,False,"[525, 160, 38, 0]",20,lib/tests/builtin/host-runtime.zy,trim
selected,release,0,598334,692,47,4786129,False,"[525, 160, 38, 0]",20,lib/tests/builtin/host-runtime.zy,direct
selected,release,0,568876,692,47,4706085,False,"[525, 160, 38, 0]",20,lib/tests/builtin/host-runtime.zy,trim_direct
selected,release,0,563665,692,47,4704042,False,"[525, 160, 38, 0]",21,lib/tests/builtin/host-runtime.zy,trim
selected,release,0,596458,692,47,4789708,False,"[525, 160, 38, 0]",21,lib/tests/builtin/host-runtime.zy,direct
selected,release,0,735500,692,47,4882831,False,"[525, 160, 38, 0]",21,lib/tests/builtin/host-runtime.zy,trim_direct
selected,release,0,658583,692,47,5156004,False,"[525, 160, 38, 0]",21,lib/tests/builtin/host-runtime.zy,baseline
selected,release,0,606794,692,47,4760377,False,"[525, 160, 38, 0]",22,lib/tests/builtin/host-runtime.zy,direct
selected,release,0,574373,692,47,4724165,False,"[525, 160, 38, 0]",22,lib/tests/builtin/host-runtime.zy,trim_direct
selected,release,0,583916,692,47,4910087,False,"[525, 160, 38, 0]",22,lib/tests/builtin/host-runtime.zy,baseline
selected,release,0,554790,692,47,4799497,False,"[525, 160, 38, 0]",22,lib/tests/builtin/host-runtime.zy,trim
selected,release,0,581536,692,47,4777084,False,"[525, 160, 38, 0]",23,lib/tests/builtin/host-runtime.zy,trim_direct
selected,release,0,616291,692,47,4941877,False,"[525, 160, 38, 0]",23,lib/tests/builtin/host-runtime.zy,baseline
selected,release,0,658623,692,47,4965084,False,"[525, 160, 38, 0]",23,lib/tests/builtin/host-runtime.zy,trim
selected,release,0,594583,692,47,4885626,False,"[525, 160, 38, 0]",23,lib/tests/builtin/host-runtime.zy,direct
selected,release,0,608960,692,47,4810213,False,"[525, 160, 38, 0]",24,lib/tests/builtin/host-runtime.zy,baseline
selected,release,0,603626,692,47,4824670,False,"[525, 160, 38, 0]",24,lib/tests/builtin/host-runtime.zy,trim
selected,release,0,617458,692,47,4749289,False,"[525, 160, 38, 0]",24,lib/tests/builtin/host-runtime.zy,direct
selected,release,0,596128,692,47,4745623,False,"[525, 160, 38, 0]",24,lib/tests/builtin/host-runtime.zy,trim_direct
selected,release,0,564750,692,47,4798165,False,"[525, 160, 38, 0]",25,lib/tests/builtin/host-runtime.zy,trim
selected,release,0,603584,692,47,4696708,False,"[525, 160, 38, 0]",25,lib/tests/builtin/host-runtime.zy,direct
selected,release,0,579746,692,47,4695828,False,"[525, 160, 38, 0]",25,lib/tests/builtin/host-runtime.zy,trim_direct
selected,release,0,603164,692,47,4828212,False,"[525, 160, 38, 0]",25,lib/tests/builtin/host-runtime.zy,baseline
selected,release,0,624499,692,47,4711334,False,"[525, 160, 38, 0]",26,lib/tests/builtin/host-runtime.zy,direct
selected,release,0,600955,692,47,4639375,False,"[525, 160, 38, 0]",26,lib/tests/builtin/host-runtime.zy,trim_direct
selected,release,0,574167,692,47,4814413,False,"[525, 160, 38, 0]",26,lib/tests/builtin/host-runtime.zy,baseline
selected,release,0,575131,692,47,4825748,False,"[525, 160, 38, 0]",26,lib/tests/builtin/host-runtime.zy,trim
selected,release,0,591829,692,47,4655086,False,"[525, 160, 38, 0]",27,lib/tests/builtin/host-runtime.zy,trim_direct
selected,release,0,586917,692,47,4914375,False,"[525, 160, 38, 0]",27,lib/tests/builtin/host-runtime.zy,baseline
selected,release,0,559663,692,47,4923459,False,"[525, 160, 38, 0]",27,lib/tests/builtin/host-runtime.zy,trim
selected,release,0,573914,692,47,4604333,False,"[525, 160, 38, 0]",27,lib/tests/builtin/host-runtime.zy,direct
selected,release,0,580958,692,47,4753796,False,"[525, 160, 38, 0]",28,lib/tests/builtin/host-runtime.zy,baseline
selected,release,0,637746,692,47,4917084,False,"[525, 160, 38, 0]",28,lib/tests/builtin/host-runtime.zy,trim
selected,release,0,617669,692,47,4815956,False,"[525, 160, 38, 0]",28,lib/tests/builtin/host-runtime.zy,direct
selected,release,0,628668,692,47,4735460,False,"[525, 160, 38, 0]",28,lib/tests/builtin/host-runtime.zy,trim_direct
selected,release,0,629168,692,47,4832167,False,"[525, 160, 38, 0]",29,lib/tests/builtin/host-runtime.zy,trim
selected,release,0,567332,692,47,4676162,False,"[525, 160, 38, 0]",29,lib/tests/builtin/host-runtime.zy,direct
selected,release,0,558914,692,47,4819165,False,"[525, 160, 38, 0]",29,lib/tests/builtin/host-runtime.zy,trim_direct
selected,release,0,556790,692,47,4961750,False,"[525, 160, 38, 0]",29,lib/tests/builtin/host-runtime.zy,baseline
selected,release,0,648833,692,47,4891129,False,"[525, 160, 38, 0]",30,lib/tests/builtin/host-runtime.zy,direct
selected,release,0,593164,692,47,4743165,False,"[525, 160, 38, 0]",30,lib/tests/builtin/host-runtime.zy,trim_direct
selected,release,0,582916,692,47,4947830,False,"[525, 160, 38, 0]",30,lib/tests/builtin/host-runtime.zy,baseline
selected,release,0,656335,692,47,4926043,False,"[525, 160, 38, 0]",30,lib/tests/builtin/host-runtime.zy,trim
selected,release,0,600586,692,47,4771249,False,"[525, 160, 38, 0]",31,lib/tests/builtin/host-runtime.zy,trim_direct
selected,release,0,578541,692,47,4876833,False,"[525, 160, 38, 0]",31,lib/tests/builtin/host-runtime.zy,baseline
selected,release,0,660788,692,47,4951622,False,"[525, 160, 38, 0]",31,lib/tests/builtin/host-runtime.zy,trim
selected,release,0,605374,692,47,4733879,False,"[525, 160, 38, 0]",31,lib/tests/builtin/host-runtime.zy,direct
selected,release,0,687331,692,66,4940626,True,"[383, 160, 38, 39]",0,lib/tests/builtin/host-runtime.zy,baseline
selected,release,0,667751,692,66,4936667,True,"[383, 160, 38, 39]",0,lib/tests/builtin/host-runtime.zy,trim
selected,release,0,673875,692,66,4756833,True,"[383, 160, 38, 39]",0,lib/tests/builtin/host-runtime.zy,direct
selected,release,0,635913,692,66,4840002,True,"[383, 160, 38, 39]",0,lib/tests/builtin/host-runtime.zy,trim_direct
selected,release,0,693040,692,66,5007121,True,"[383, 160, 38, 39]",1,lib/tests/builtin/host-runtime.zy,trim
selected,release,0,657916,692,66,4852455,True,"[383, 160, 38, 39]",1,lib/tests/builtin/host-runtime.zy,direct
selected,release,0,662208,692,66,4792788,True,"[383, 160, 38, 39]",1,lib/tests/builtin/host-runtime.zy,trim_direct
selected,release,0,701831,692,66,5006205,True,"[383, 160, 38, 39]",1,lib/tests/builtin/host-runtime.zy,baseline
selected,release,0,726792,692,66,4826793,True,"[383, 160, 38, 39]",2,lib/tests/builtin/host-runtime.zy,direct
selected,release,0,674333,692,66,4717292,True,"[383, 160, 38, 39]",2,lib/tests/builtin/host-runtime.zy,trim_direct
selected,release,0,621416,692,66,4837379,True,"[383, 160, 38, 39]",2,lib/tests/builtin/host-runtime.zy,baseline
selected,release,0,703244,692,66,5022125,True,"[383, 160, 38, 39]",2,lib/tests/builtin/host-runtime.zy,trim
selected,release,0,694961,692,66,4773786,True,"[383, 160, 38, 39]",3,lib/tests/builtin/host-runtime.zy,trim_direct
selected,release,0,642792,692,66,5019045,True,"[383, 160, 38, 39]",3,lib/tests/builtin/host-runtime.zy,baseline
selected,release,0,730961,692,66,5078205,True,"[383, 160, 38, 39]",3,lib/tests/builtin/host-runtime.zy,trim
selected,release,0,700918,692,66,4901462,True,"[383, 160, 38, 39]",3,lib/tests/builtin/host-runtime.zy,direct
selected,release,0,664792,692,66,5032499,True,"[383, 160, 38, 39]",4,lib/tests/builtin/host-runtime.zy,baseline
selected,release,0,658332,692,66,4968748,True,"[383, 160, 38, 39]",4,lib/tests/builtin/host-runtime.zy,trim
selected,release,0,668506,692,66,4793787,True,"[383, 160, 38, 39]",4,lib/tests/builtin/host-runtime.zy,direct
selected,release,0,647417,692,66,4820624,True,"[383, 160, 38, 39]",4,lib/tests/builtin/host-runtime.zy,trim_direct
selected,release,0,714997,692,66,5184582,True,"[383, 160, 38, 39]",5,lib/tests/builtin/host-runtime.zy,trim
selected,release,0,678665,692,66,4898536,True,"[383, 160, 38, 39]",5,lib/tests/builtin/host-runtime.zy,direct
selected,release,0,634127,692,66,4726381,True,"[383, 160, 38, 39]",5,lib/tests/builtin/host-runtime.zy,trim_direct
selected,release,0,629623,692,66,4887042,True,"[383, 160, 38, 39]",5,lib/tests/builtin/host-runtime.zy,baseline
selected,release,0,646253,692,66,4835671,True,"[383, 160, 38, 39]",6,lib/tests/builtin/host-runtime.zy,direct
selected,release,0,669670,692,66,4748959,True,"[383, 160, 38, 39]",6,lib/tests/builtin/host-runtime.zy,trim_direct
selected,release,0,695869,692,66,5042630,True,"[383, 160, 38, 39]",6,lib/tests/builtin/host-runtime.zy,baseline
selected,release,0,639045,692,66,4908041,True,"[383, 160, 38, 39]",6,lib/tests/builtin/host-runtime.zy,trim
selected,release,0,633710,692,66,4645626,True,"[383, 160, 38, 39]",7,lib/tests/builtin/host-runtime.zy,trim_direct
selected,release,0,597710,692,66,4746663,True,"[383, 160, 38, 39]",7,lib/tests/builtin/host-runtime.zy,baseline
selected,release,0,611254,692,66,4941663,True,"[383, 160, 38, 39]",7,lib/tests/builtin/host-runtime.zy,trim
selected,release,0,662582,692,66,4716128,True,"[383, 160, 38, 39]",7,lib/tests/builtin/host-runtime.zy,direct
selected,release,0,662466,692,66,4888461,True,"[383, 160, 38, 39]",8,lib/tests/builtin/host-runtime.zy,baseline
selected,release,0,684251,692,66,5191378,True,"[383, 160, 38, 39]",8,lib/tests/builtin/host-runtime.zy,trim
selected,release,0,638497,692,66,4730711,True,"[383, 160, 38, 39]",8,lib/tests/builtin/host-runtime.zy,direct
selected,release,0,622921,692,66,4646371,True,"[383, 160, 38, 39]",8,lib/tests/builtin/host-runtime.zy,trim_direct
selected,release,0,683171,692,66,4878206,True,"[383, 160, 38, 39]",9,lib/tests/builtin/host-runtime.zy,trim
selected,release,0,837372,692,66,5170714,True,"[383, 160, 38, 39]",9,lib/tests/builtin/host-runtime.zy,direct
selected,release,0,648334,692,66,4734249,True,"[383, 160, 38, 39]",9,lib/tests/builtin/host-runtime.zy,trim_direct
selected,release,0,679247,692,66,5076835,True,"[383, 160, 38, 39]",9,lib/tests/builtin/host-runtime.zy,baseline
selected,release,0,679625,692,66,4872793,True,"[383, 160, 38, 39]",10,lib/tests/builtin/host-runtime.zy,direct
selected,release,0,690417,692,66,4793497,True,"[383, 160, 38, 39]",10,lib/tests/builtin/host-runtime.zy,trim_direct
selected,release,0,733335,692,66,5058207,True,"[383, 160, 38, 39]",10,lib/tests/builtin/host-runtime.zy,baseline
selected,release,0,700002,692,66,4922419,True,"[383, 160, 38, 39]",10,lib/tests/builtin/host-runtime.zy,trim
selected,release,0,691501,692,66,4809127,True,"[383, 160, 38, 39]",11,lib/tests/builtin/host-runtime.zy,trim_direct
selected,release,0,625504,692,66,4810788,True,"[383, 160, 38, 39]",11,lib/tests/builtin/host-runtime.zy,baseline
selected,release,0,667130,692,66,4849582,True,"[383, 160, 38, 39]",11,lib/tests/builtin/host-runtime.zy,trim
selected,release,0,672003,692,66,4819705,True,"[383, 160, 38, 39]",11,lib/tests/builtin/host-runtime.zy,direct
selected,release,0,665581,692,66,4917256,True,"[383, 160, 38, 39]",12,lib/tests/builtin/host-runtime.zy,baseline
selected,release,0,647291,692,66,4891251,True,"[383, 160, 38, 39]",12,lib/tests/builtin/host-runtime.zy,trim
selected,release,0,628747,692,66,4656960,True,"[383, 160, 38, 39]",12,lib/tests/builtin/host-runtime.zy,direct
selected,release,0,671876,692,66,4753416,True,"[383, 160, 38, 39]",12,lib/tests/builtin/host-runtime.zy,trim_direct
selected,release,0,663414,692,66,4924579,True,"[383, 160, 38, 39]",13,lib/tests/builtin/host-runtime.zy,trim
selected,release,0,639334,692,66,4759002,True,"[383, 160, 38, 39]",13,lib/tests/builtin/host-runtime.zy,direct
selected,release,0,622745,692,66,4652419,True,"[383, 160, 38, 39]",13,lib/tests/builtin/host-runtime.zy,trim_direct
selected,release,0,703582,692,66,4916084,True,"[383, 160, 38, 39]",13,lib/tests/builtin/host-runtime.zy,baseline
selected,release,0,686083,692,66,5100123,True,"[383, 160, 38, 39]",14,lib/tests/builtin/host-runtime.zy,direct
selected,release,0,672788,692,66,4696627,True,"[383, 160, 38, 39]",14,lib/tests/builtin/host-runtime.zy,trim_direct
selected,release,0,658129,692,66,4857790,True,"[383, 160, 38, 39]",14,lib/tests/builtin/host-runtime.zy,baseline
selected,release,0,658961,692,66,4889540,True,"[383, 160, 38, 39]",14,lib/tests/builtin/host-runtime.zy,trim
selected,release,0,674833,692,66,4853166,True,"[383, 160, 38, 39]",15,lib/tests/builtin/host-runtime.zy,trim_direct
selected,release,0,742955,692,66,5000379,True,"[383, 160, 38, 39]",15,lib/tests/builtin/host-runtime.zy,baseline
selected,release,0,730837,692,66,5078831,True,"[383, 160, 38, 39]",15,lib/tests/builtin/host-runtime.zy,trim
selected,release,0,697333,692,66,4986080,True,"[383, 160, 38, 39]",15,lib/tests/builtin/host-runtime.zy,direct
selected,release,0,677916,692,66,4994086,True,"[383, 160, 38, 39]",16,lib/tests/builtin/host-runtime.zy,baseline
selected,release,0,657248,692,66,4961957,True,"[383, 160, 38, 39]",16,lib/tests/builtin/host-runtime.zy,trim
selected,release,0,723510,692,66,4923252,True,"[383, 160, 38, 39]",16,lib/tests/builtin/host-runtime.zy,direct
selected,release,0,640124,692,66,4832039,True,"[383, 160, 38, 39]",16,lib/tests/builtin/host-runtime.zy,trim_direct
selected,release,0,639413,692,66,4884126,True,"[383, 160, 38, 39]",17,lib/tests/builtin/host-runtime.zy,trim
selected,release,0,696169,692,66,4839873,True,"[383, 160, 38, 39]",17,lib/tests/builtin/host-runtime.zy,direct
selected,release,0,666003,692,66,4762499,True,"[383, 160, 38, 39]",17,lib/tests/builtin/host-runtime.zy,trim_direct
selected,release,0,637751,692,66,4845251,True,"[383, 160, 38, 39]",17,lib/tests/builtin/host-runtime.zy,baseline
selected,release,0,663919,692,66,4778748,True,"[383, 160, 38, 39]",18,lib/tests/builtin/host-runtime.zy,direct
selected,release,0,630459,692,66,4773335,True,"[383, 160, 38, 39]",18,lib/tests/builtin/host-runtime.zy,trim_direct
selected,release,0,619503,692,66,4822408,True,"[383, 160, 38, 39]",18,lib/tests/builtin/host-runtime.zy,baseline
selected,release,0,642035,692,66,4944413,True,"[383, 160, 38, 39]",18,lib/tests/builtin/host-runtime.zy,trim
selected,release,0,625081,692,66,4649246,True,"[383, 160, 38, 39]",19,lib/tests/builtin/host-runtime.zy,trim_direct
selected,release,0,663165,692,66,4909583,True,"[383, 160, 38, 39]",19,lib/tests/builtin/host-runtime.zy,baseline
selected,release,0,617125,692,66,4673417,True,"[383, 160, 38, 39]",19,lib/tests/builtin/host-runtime.zy,trim
selected,release,0,611416,692,66,4705087,True,"[383, 160, 38, 39]",19,lib/tests/builtin/host-runtime.zy,direct
selected,release,0,617624,692,66,4775457,True,"[383, 160, 38, 39]",20,lib/tests/builtin/host-runtime.zy,baseline
selected,release,0,665373,692,66,4917541,True,"[383, 160, 38, 39]",20,lib/tests/builtin/host-runtime.zy,trim
selected,release,0,610374,692,66,4685037,True,"[383, 160, 38, 39]",20,lib/tests/builtin/host-runtime.zy,direct
selected,release,0,664993,692,66,4711589,True,"[383, 160, 38, 39]",20,lib/tests/builtin/host-runtime.zy,trim_direct
selected,release,0,688249,692,66,4848163,True,"[383, 160, 38, 39]",21,lib/tests/builtin/host-runtime.zy,trim
selected,release,0,645173,692,66,4791203,True,"[383, 160, 38, 39]",21,lib/tests/builtin/host-runtime.zy,direct
selected,release,0,651206,692,66,4753375,True,"[383, 160, 38, 39]",21,lib/tests/builtin/host-runtime.zy,trim_direct
selected,release,0,657046,692,66,5070785,True,"[383, 160, 38, 39]",21,lib/tests/builtin/host-runtime.zy,baseline
selected,release,0,712704,692,66,5094917,True,"[383, 160, 38, 39]",22,lib/tests/builtin/host-runtime.zy,direct
selected,release,0,651582,692,66,4772666,True,"[383, 160, 38, 39]",22,lib/tests/builtin/host-runtime.zy,trim_direct
selected,release,0,645375,692,66,4944082,True,"[383, 160, 38, 39]",22,lib/tests/builtin/host-runtime.zy,baseline
selected,release,0,679000,692,66,4954457,True,"[383, 160, 38, 39]",22,lib/tests/builtin/host-runtime.zy,trim
selected,release,0,666370,692,66,4870916,True,"[383, 160, 38, 39]",23,lib/tests/builtin/host-runtime.zy,trim_direct
selected,release,0,642165,692,66,4952162,True,"[383, 160, 38, 39]",23,lib/tests/builtin/host-runtime.zy,baseline
selected,release,0,670962,692,66,4850295,True,"[383, 160, 38, 39]",23,lib/tests/builtin/host-runtime.zy,trim
selected,release,0,642293,692,66,4774331,True,"[383, 160, 38, 39]",23,lib/tests/builtin/host-runtime.zy,direct
selected,release,0,656250,692,66,4982460,True,"[383, 160, 38, 39]",24,lib/tests/builtin/host-runtime.zy,baseline
selected,release,0,653415,692,66,4897044,True,"[383, 160, 38, 39]",24,lib/tests/builtin/host-runtime.zy,trim
selected,release,0,671539,692,66,4953793,True,"[383, 160, 38, 39]",24,lib/tests/builtin/host-runtime.zy,direct
selected,release,0,686380,692,66,4674998,True,"[383, 160, 38, 39]",24,lib/tests/builtin/host-runtime.zy,trim_direct
selected,release,0,637004,692,66,4903455,True,"[383, 160, 38, 39]",25,lib/tests/builtin/host-runtime.zy,trim
selected,release,0,641712,692,66,4754461,True,"[383, 160, 38, 39]",25,lib/tests/builtin/host-runtime.zy,direct
selected,release,0,620373,692,66,4677666,True,"[383, 160, 38, 39]",25,lib/tests/builtin/host-runtime.zy,trim_direct
selected,release,0,651499,692,66,4974753,True,"[383, 160, 38, 39]",25,lib/tests/builtin/host-runtime.zy,baseline
selected,release,0,632378,692,66,4853081,True,"[383, 160, 38, 39]",26,lib/tests/builtin/host-runtime.zy,direct
selected,release,0,638706,692,66,4782377,True,"[383, 160, 38, 39]",26,lib/tests/builtin/host-runtime.zy,trim_direct
selected,release,0,645581,692,66,5020710,True,"[383, 160, 38, 39]",26,lib/tests/builtin/host-runtime.zy,baseline
selected,release,0,676916,692,66,4944710,True,"[383, 160, 38, 39]",26,lib/tests/builtin/host-runtime.zy,trim
selected,release,0,688583,692,66,4798169,True,"[383, 160, 38, 39]",27,lib/tests/builtin/host-runtime.zy,trim_direct
selected,release,0,673415,692,66,4970958,True,"[383, 160, 38, 39]",27,lib/tests/builtin/host-runtime.zy,baseline
selected,release,0,630416,692,66,4860168,True,"[383, 160, 38, 39]",27,lib/tests/builtin/host-runtime.zy,trim
selected,release,0,653498,692,66,4782915,True,"[383, 160, 38, 39]",27,lib/tests/builtin/host-runtime.zy,direct
selected,release,0,635292,692,66,5017378,True,"[383, 160, 38, 39]",28,lib/tests/builtin/host-runtime.zy,baseline
selected,release,0,758744,692,66,5284915,True,"[383, 160, 38, 39]",28,lib/tests/builtin/host-runtime.zy,trim
selected,release,0,639587,692,66,4882459,True,"[383, 160, 38, 39]",28,lib/tests/builtin/host-runtime.zy,direct
selected,release,0,652581,692,66,4724127,True,"[383, 160, 38, 39]",28,lib/tests/builtin/host-runtime.zy,trim_direct
selected,release,0,700547,692,66,4984039,True,"[383, 160, 38, 39]",29,lib/tests/builtin/host-runtime.zy,trim
selected,release,0,680789,692,66,4869297,True,"[383, 160, 38, 39]",29,lib/tests/builtin/host-runtime.zy,direct
selected,release,0,704954,692,66,4927209,True,"[383, 160, 38, 39]",29,lib/tests/builtin/host-runtime.zy,trim_direct
selected,release,0,650796,692,66,4823291,True,"[383, 160, 38, 39]",29,lib/tests/builtin/host-runtime.zy,baseline
selected,release,0,637046,692,66,4839538,True,"[383, 160, 38, 39]",30,lib/tests/builtin/host-runtime.zy,direct
selected,release,0,661997,692,66,4904208,True,"[383, 160, 38, 39]",30,lib/tests/builtin/host-runtime.zy,trim_direct
selected,release,0,671462,692,66,5008874,True,"[383, 160, 38, 39]",30,lib/tests/builtin/host-runtime.zy,baseline
selected,release,0,662337,692,66,5030162,True,"[383, 160, 38, 39]",30,lib/tests/builtin/host-runtime.zy,trim
selected,release,0,641494,692,66,4735996,True,"[383, 160, 38, 39]",31,lib/tests/builtin/host-runtime.zy,trim_direct
selected,release,0,637162,692,66,4927250,True,"[383, 160, 38, 39]",31,lib/tests/builtin/host-runtime.zy,baseline
selected,release,0,669672,692,66,5028329,True,"[383, 160, 38, 39]",31,lib/tests/builtin/host-runtime.zy,trim
selected,release,0,685248,692,66,4820791,True,"[383, 160, 38, 39]",31,lib/tests/builtin/host-runtime.zy,direct
selected,release,0,622503,251,145,5096590,False,"[191, 52, 14, 0]",0,lib/tests/delimcc/reset-shift-k.zy,baseline
selected,release,0,685624,251,145,5126499,False,"[191, 52, 14, 0]",0,lib/tests/delimcc/reset-shift-k.zy,trim
selected,release,0,595456,251,145,4870592,False,"[191, 52, 14, 0]",0,lib/tests/delimcc/reset-shift-k.zy,direct
selected,release,0,595540,251,145,4826541,False,"[191, 52, 14, 0]",0,lib/tests/delimcc/reset-shift-k.zy,trim_direct
selected,release,0,602006,251,145,4974091,False,"[191, 52, 14, 0]",1,lib/tests/delimcc/reset-shift-k.zy,trim
selected,release,0,587877,251,145,4882213,False,"[191, 52, 14, 0]",1,lib/tests/delimcc/reset-shift-k.zy,direct
selected,release,0,620961,251,145,5141040,False,"[191, 52, 14, 0]",1,lib/tests/delimcc/reset-shift-k.zy,trim_direct
selected,release,0,637076,251,145,5119381,False,"[191, 52, 14, 0]",1,lib/tests/delimcc/reset-shift-k.zy,baseline
selected,release,0,618505,251,145,4916327,False,"[191, 52, 14, 0]",2,lib/tests/delimcc/reset-shift-k.zy,direct
selected,release,0,586337,251,145,4914702,False,"[191, 52, 14, 0]",2,lib/tests/delimcc/reset-shift-k.zy,trim_direct
selected,release,0,620908,251,145,5080752,False,"[191, 52, 14, 0]",2,lib/tests/delimcc/reset-shift-k.zy,baseline
selected,release,0,592413,251,145,5046757,False,"[191, 52, 14, 0]",2,lib/tests/delimcc/reset-shift-k.zy,trim
selected,release,0,659252,251,145,4938494,False,"[191, 52, 14, 0]",3,lib/tests/delimcc/reset-shift-k.zy,trim_direct
selected,release,0,614041,251,145,5075121,False,"[191, 52, 14, 0]",3,lib/tests/delimcc/reset-shift-k.zy,baseline
selected,release,0,611377,251,145,5009417,False,"[191, 52, 14, 0]",3,lib/tests/delimcc/reset-shift-k.zy,trim
selected,release,0,583081,251,145,4860126,False,"[191, 52, 14, 0]",3,lib/tests/delimcc/reset-shift-k.zy,direct
selected,release,0,588456,251,145,4969701,False,"[191, 52, 14, 0]",4,lib/tests/delimcc/reset-shift-k.zy,baseline
selected,release,0,597792,251,145,5051039,False,"[191, 52, 14, 0]",4,lib/tests/delimcc/reset-shift-k.zy,trim
selected,release,0,567919,251,145,4762546,False,"[191, 52, 14, 0]",4,lib/tests/delimcc/reset-shift-k.zy,direct
selected,release,0,585751,251,145,4809166,False,"[191, 52, 14, 0]",4,lib/tests/delimcc/reset-shift-k.zy,trim_direct
selected,release,0,609249,251,145,5051708,False,"[191, 52, 14, 0]",5,lib/tests/delimcc/reset-shift-k.zy,trim
selected,release,0,600661,251,145,4897628,False,"[191, 52, 14, 0]",5,lib/tests/delimcc/reset-shift-k.zy,direct
selected,release,0,594714,251,145,4937708,False,"[191, 52, 14, 0]",5,lib/tests/delimcc/reset-shift-k.zy,trim_direct
selected,release,0,600086,251,145,5016582,False,"[191, 52, 14, 0]",5,lib/tests/delimcc/reset-shift-k.zy,baseline
selected,release,0,583540,251,145,4856253,False,"[191, 52, 14, 0]",6,lib/tests/delimcc/reset-shift-k.zy,direct
selected,release,0,586655,251,145,4874964,False,"[191, 52, 14, 0]",6,lib/tests/delimcc/reset-shift-k.zy,trim_direct
selected,release,0,604213,251,145,5065996,False,"[191, 52, 14, 0]",6,lib/tests/delimcc/reset-shift-k.zy,baseline
selected,release,0,590783,251,145,5027289,False,"[191, 52, 14, 0]",6,lib/tests/delimcc/reset-shift-k.zy,trim
selected,release,0,578210,251,145,4845410,False,"[191, 52, 14, 0]",7,lib/tests/delimcc/reset-shift-k.zy,trim_direct
selected,release,0,587413,251,145,4949128,False,"[191, 52, 14, 0]",7,lib/tests/delimcc/reset-shift-k.zy,baseline
selected,release,0,593836,251,145,4993163,False,"[191, 52, 14, 0]",7,lib/tests/delimcc/reset-shift-k.zy,trim
selected,release,0,609834,251,145,4914505,False,"[191, 52, 14, 0]",7,lib/tests/delimcc/reset-shift-k.zy,direct
selected,release,0,647326,251,145,5184124,False,"[191, 52, 14, 0]",8,lib/tests/delimcc/reset-shift-k.zy,baseline
selected,release,0,634004,251,145,5210540,False,"[191, 52, 14, 0]",8,lib/tests/delimcc/reset-shift-k.zy,trim
selected,release,0,625250,251,145,5023546,False,"[191, 52, 14, 0]",8,lib/tests/delimcc/reset-shift-k.zy,direct
selected,release,0,612880,251,145,4855410,False,"[191, 52, 14, 0]",8,lib/tests/delimcc/reset-shift-k.zy,trim_direct
selected,release,0,611079,251,145,5104201,False,"[191, 52, 14, 0]",9,lib/tests/delimcc/reset-shift-k.zy,trim
selected,release,0,608379,251,145,4958084,False,"[191, 52, 14, 0]",9,lib/tests/delimcc/reset-shift-k.zy,direct
selected,release,0,605960,251,145,4829417,False,"[191, 52, 14, 0]",9,lib/tests/delimcc/reset-shift-k.zy,trim_direct
selected,release,0,609794,251,145,5111587,False,"[191, 52, 14, 0]",9,lib/tests/delimcc/reset-shift-k.zy,baseline
selected,release,0,614495,251,145,4828130,False,"[191, 52, 14, 0]",10,lib/tests/delimcc/reset-shift-k.zy,direct
selected,release,0,606628,251,145,4863085,False,"[191, 52, 14, 0]",10,lib/tests/delimcc/reset-shift-k.zy,trim_direct
selected,release,0,608046,251,145,5021256,False,"[191, 52, 14, 0]",10,lib/tests/delimcc/reset-shift-k.zy,baseline
selected,release,0,598041,251,145,5103117,False,"[191, 52, 14, 0]",10,lib/tests/delimcc/reset-shift-k.zy,trim
selected,release,0,588211,251,145,4835501,False,"[191, 52, 14, 0]",11,lib/tests/delimcc/reset-shift-k.zy,trim_direct
selected,release,0,567627,251,145,5054750,False,"[191, 52, 14, 0]",11,lib/tests/delimcc/reset-shift-k.zy,baseline
selected,release,0,599040,251,145,5007789,False,"[191, 52, 14, 0]",11,lib/tests/delimcc/reset-shift-k.zy,trim
selected,release,0,591829,251,145,4833127,False,"[191, 52, 14, 0]",11,lib/tests/delimcc/reset-shift-k.zy,direct
selected,release,0,594624,251,145,4972675,False,"[191, 52, 14, 0]",12,lib/tests/delimcc/reset-shift-k.zy,baseline
selected,release,0,618504,251,145,4951842,False,"[191, 52, 14, 0]",12,lib/tests/delimcc/reset-shift-k.zy,trim
selected,release,0,616837,251,145,4794285,False,"[191, 52, 14, 0]",12,lib/tests/delimcc/reset-shift-k.zy,direct
selected,release,0,603871,251,145,4915835,False,"[191, 52, 14, 0]",12,lib/tests/delimcc/reset-shift-k.zy,trim_direct
selected,release,0,617498,251,145,5085207,False,"[191, 52, 14, 0]",13,lib/tests/delimcc/reset-shift-k.zy,trim
selected,release,0,593955,251,145,4829247,False,"[191, 52, 14, 0]",13,lib/tests/delimcc/reset-shift-k.zy,direct
selected,release,0,636873,251,145,4870588,False,"[191, 52, 14, 0]",13,lib/tests/delimcc/reset-shift-k.zy,trim_direct
selected,release,0,608842,251,145,5108078,False,"[191, 52, 14, 0]",13,lib/tests/delimcc/reset-shift-k.zy,baseline
selected,release,0,601786,251,145,4891880,False,"[191, 52, 14, 0]",14,lib/tests/delimcc/reset-shift-k.zy,direct
selected,release,0,625800,251,145,5090818,False,"[191, 52, 14, 0]",14,lib/tests/delimcc/reset-shift-k.zy,trim_direct
selected,release,0,632121,251,145,5341374,False,"[191, 52, 14, 0]",14,lib/tests/delimcc/reset-shift-k.zy,baseline
selected,release,0,620964,251,145,5155369,False,"[191, 52, 14, 0]",14,lib/tests/delimcc/reset-shift-k.zy,trim
selected,release,0,646046,251,145,4876461,False,"[191, 52, 14, 0]",15,lib/tests/delimcc/reset-shift-k.zy,trim_direct
selected,release,0,624794,251,145,5093075,False,"[191, 52, 14, 0]",15,lib/tests/delimcc/reset-shift-k.zy,baseline
selected,release,0,622409,251,145,5100795,False,"[191, 52, 14, 0]",15,lib/tests/delimcc/reset-shift-k.zy,trim
selected,release,0,616201,251,145,4986590,False,"[191, 52, 14, 0]",15,lib/tests/delimcc/reset-shift-k.zy,direct
selected,release,0,629032,251,145,5130923,False,"[191, 52, 14, 0]",16,lib/tests/delimcc/reset-shift-k.zy,baseline
selected,release,0,596878,251,145,5021456,False,"[191, 52, 14, 0]",16,lib/tests/delimcc/reset-shift-k.zy,trim
selected,release,0,597666,251,145,4858626,False,"[191, 52, 14, 0]",16,lib/tests/delimcc/reset-shift-k.zy,direct
selected,release,0,598538,251,145,4831007,False,"[191, 52, 14, 0]",16,lib/tests/delimcc/reset-shift-k.zy,trim_direct
selected,release,0,568842,251,145,5008211,False,"[191, 52, 14, 0]",17,lib/tests/delimcc/reset-shift-k.zy,trim
selected,release,0,620337,251,145,4897870,False,"[191, 52, 14, 0]",17,lib/tests/delimcc/reset-shift-k.zy,direct
selected,release,0,592245,251,145,4931755,False,"[191, 52, 14, 0]",17,lib/tests/delimcc/reset-shift-k.zy,trim_direct
selected,release,0,589796,251,145,5039250,False,"[191, 52, 14, 0]",17,lib/tests/delimcc/reset-shift-k.zy,baseline
selected,release,0,576756,251,145,4816669,False,"[191, 52, 14, 0]",18,lib/tests/delimcc/reset-shift-k.zy,direct
selected,release,0,621084,251,145,4886784,False,"[191, 52, 14, 0]",18,lib/tests/delimcc/reset-shift-k.zy,trim_direct
selected,release,0,609585,251,145,4996751,False,"[191, 52, 14, 0]",18,lib/tests/delimcc/reset-shift-k.zy,baseline
selected,release,0,609961,251,145,5091623,False,"[191, 52, 14, 0]",18,lib/tests/delimcc/reset-shift-k.zy,trim
selected,release,0,613544,251,145,4931003,False,"[191, 52, 14, 0]",19,lib/tests/delimcc/reset-shift-k.zy,trim_direct
selected,release,0,599171,251,145,5089499,False,"[191, 52, 14, 0]",19,lib/tests/delimcc/reset-shift-k.zy,baseline
selected,release,0,584918,251,145,5015372,False,"[191, 52, 14, 0]",19,lib/tests/delimcc/reset-shift-k.zy,trim
selected,release,0,597166,251,145,4856421,False,"[191, 52, 14, 0]",19,lib/tests/delimcc/reset-shift-k.zy,direct
selected,release,0,594669,251,145,5019504,False,"[191, 52, 14, 0]",20,lib/tests/delimcc/reset-shift-k.zy,baseline
selected,release,0,610283,251,145,5009919,False,"[191, 52, 14, 0]",20,lib/tests/delimcc/reset-shift-k.zy,trim
selected,release,0,607299,251,145,4965956,False,"[191, 52, 14, 0]",20,lib/tests/delimcc/reset-shift-k.zy,direct
selected,release,0,608000,251,145,4937462,False,"[191, 52, 14, 0]",20,lib/tests/delimcc/reset-shift-k.zy,trim_direct
selected,release,0,592588,251,145,5093155,False,"[191, 52, 14, 0]",21,lib/tests/delimcc/reset-shift-k.zy,trim
selected,release,0,632997,251,145,5067751,False,"[191, 52, 14, 0]",21,lib/tests/delimcc/reset-shift-k.zy,direct
selected,release,0,595918,251,145,5000047,False,"[191, 52, 14, 0]",21,lib/tests/delimcc/reset-shift-k.zy,trim_direct
selected,release,0,620252,251,145,5028913,False,"[191, 52, 14, 0]",21,lib/tests/delimcc/reset-shift-k.zy,baseline
selected,release,0,585830,251,145,4948748,False,"[191, 52, 14, 0]",22,lib/tests/delimcc/reset-shift-k.zy,direct
selected,release,0,593993,251,145,4873498,False,"[191, 52, 14, 0]",22,lib/tests/delimcc/reset-shift-k.zy,trim_direct
selected,release,0,591501,251,145,4981833,False,"[191, 52, 14, 0]",22,lib/tests/delimcc/reset-shift-k.zy,baseline
selected,release,0,624630,251,145,5115749,False,"[191, 52, 14, 0]",22,lib/tests/delimcc/reset-shift-k.zy,trim
selected,release,0,592078,251,145,4826627,False,"[191, 52, 14, 0]",23,lib/tests/delimcc/reset-shift-k.zy,trim_direct
selected,release,0,593916,251,145,5014875,False,"[191, 52, 14, 0]",23,lib/tests/delimcc/reset-shift-k.zy,baseline
selected,release,0,627501,251,145,5042285,False,"[191, 52, 14, 0]",23,lib/tests/delimcc/reset-shift-k.zy,trim
selected,release,0,613836,251,145,4962880,False,"[191, 52, 14, 0]",23,lib/tests/delimcc/reset-shift-k.zy,direct
selected,release,0,602668,251,145,5034671,False,"[191, 52, 14, 0]",24,lib/tests/delimcc/reset-shift-k.zy,baseline
selected,release,0,577831,251,145,4874996,False,"[191, 52, 14, 0]",24,lib/tests/delimcc/reset-shift-k.zy,trim
selected,release,0,619207,251,145,4865043,False,"[191, 52, 14, 0]",24,lib/tests/delimcc/reset-shift-k.zy,direct
selected,release,0,610166,251,145,4964958,False,"[191, 52, 14, 0]",24,lib/tests/delimcc/reset-shift-k.zy,trim_direct
selected,release,0,601508,251,145,5007744,False,"[191, 52, 14, 0]",25,lib/tests/delimcc/reset-shift-k.zy,trim
selected,release,0,630756,251,145,4987296,False,"[191, 52, 14, 0]",25,lib/tests/delimcc/reset-shift-k.zy,direct
selected,release,0,579912,251,145,4788621,False,"[191, 52, 14, 0]",25,lib/tests/delimcc/reset-shift-k.zy,trim_direct
selected,release,0,594664,251,145,4922592,False,"[191, 52, 14, 0]",25,lib/tests/delimcc/reset-shift-k.zy,baseline
selected,release,0,608341,251,145,4970495,False,"[191, 52, 14, 0]",26,lib/tests/delimcc/reset-shift-k.zy,direct
selected,release,0,580498,251,145,4799668,False,"[191, 52, 14, 0]",26,lib/tests/delimcc/reset-shift-k.zy,trim_direct
selected,release,0,572712,251,145,4880875,False,"[191, 52, 14, 0]",26,lib/tests/delimcc/reset-shift-k.zy,baseline
selected,release,0,620004,251,145,4959455,False,"[191, 52, 14, 0]",26,lib/tests/delimcc/reset-shift-k.zy,trim
selected,release,0,617746,251,145,5037549,False,"[191, 52, 14, 0]",27,lib/tests/delimcc/reset-shift-k.zy,trim_direct
selected,release,0,595333,251,145,5223958,False,"[191, 52, 14, 0]",27,lib/tests/delimcc/reset-shift-k.zy,baseline
selected,release,0,604628,251,145,5040999,False,"[191, 52, 14, 0]",27,lib/tests/delimcc/reset-shift-k.zy,trim
selected,release,0,626167,251,145,4861207,False,"[191, 52, 14, 0]",27,lib/tests/delimcc/reset-shift-k.zy,direct
selected,release,0,626918,251,145,4932329,False,"[191, 52, 14, 0]",28,lib/tests/delimcc/reset-shift-k.zy,baseline
selected,release,0,624288,251,145,5237382,False,"[191, 52, 14, 0]",28,lib/tests/delimcc/reset-shift-k.zy,trim
selected,release,0,606164,251,145,4955009,False,"[191, 52, 14, 0]",28,lib/tests/delimcc/reset-shift-k.zy,direct
selected,release,0,603048,251,145,4805533,False,"[191, 52, 14, 0]",28,lib/tests/delimcc/reset-shift-k.zy,trim_direct
selected,release,0,627540,251,145,5034789,False,"[191, 52, 14, 0]",29,lib/tests/delimcc/reset-shift-k.zy,trim
selected,release,0,606625,251,145,4816337,False,"[191, 52, 14, 0]",29,lib/tests/delimcc/reset-shift-k.zy,direct
selected,release,0,600620,251,145,4838120,False,"[191, 52, 14, 0]",29,lib/tests/delimcc/reset-shift-k.zy,trim_direct
selected,release,0,570966,251,145,4860995,False,"[191, 52, 14, 0]",29,lib/tests/delimcc/reset-shift-k.zy,baseline
selected,release,0,591790,251,145,4889366,False,"[191, 52, 14, 0]",30,lib/tests/delimcc/reset-shift-k.zy,direct
selected,release,0,583747,251,145,4875247,False,"[191, 52, 14, 0]",30,lib/tests/delimcc/reset-shift-k.zy,trim_direct
selected,release,0,605549,251,145,4899291,False,"[191, 52, 14, 0]",30,lib/tests/delimcc/reset-shift-k.zy,baseline
selected,release,0,596754,251,145,4981957,False,"[191, 52, 14, 0]",30,lib/tests/delimcc/reset-shift-k.zy,trim
selected,release,0,580419,251,145,4714834,False,"[191, 52, 14, 0]",31,lib/tests/delimcc/reset-shift-k.zy,trim_direct
selected,release,0,630832,251,145,5017924,False,"[191, 52, 14, 0]",31,lib/tests/delimcc/reset-shift-k.zy,baseline
selected,release,0,609913,251,145,5145206,False,"[191, 52, 14, 0]",31,lib/tests/delimcc/reset-shift-k.zy,trim
selected,release,0,589831,251,145,4867918,False,"[191, 52, 14, 0]",31,lib/tests/delimcc/reset-shift-k.zy,direct
selected,release,0,624203,251,153,5115286,True,"[184, 51, 14, 13]",0,lib/tests/delimcc/reset-shift-k.zy,baseline
selected,release,0,674457,251,153,5226038,True,"[184, 51, 14, 13]",0,lib/tests/delimcc/reset-shift-k.zy,trim
selected,release,0,673839,251,153,4929792,True,"[184, 51, 14, 13]",0,lib/tests/delimcc/reset-shift-k.zy,direct
selected,release,0,625248,251,153,4926756,True,"[184, 51, 14, 13]",0,lib/tests/delimcc/reset-shift-k.zy,trim_direct
selected,release,0,692874,251,153,5017705,True,"[184, 51, 14, 13]",1,lib/tests/delimcc/reset-shift-k.zy,trim
selected,release,0,673333,251,153,5153871,True,"[184, 51, 14, 13]",1,lib/tests/delimcc/reset-shift-k.zy,direct
selected,release,0,632288,251,153,4957294,True,"[184, 51, 14, 13]",1,lib/tests/delimcc/reset-shift-k.zy,trim_direct
selected,release,0,679504,251,153,5328372,True,"[184, 51, 14, 13]",1,lib/tests/delimcc/reset-shift-k.zy,baseline
selected,release,0,685330,251,153,5566758,True,"[184, 51, 14, 13]",2,lib/tests/delimcc/reset-shift-k.zy,direct
selected,release,0,667502,251,153,4976581,True,"[184, 51, 14, 13]",2,lib/tests/delimcc/reset-shift-k.zy,trim_direct
selected,release,0,618416,251,153,5055833,True,"[184, 51, 14, 13]",2,lib/tests/delimcc/reset-shift-k.zy,baseline
selected,release,0,606165,251,153,5119702,True,"[184, 51, 14, 13]",2,lib/tests/delimcc/reset-shift-k.zy,trim
selected,release,0,599122,251,153,4916919,True,"[184, 51, 14, 13]",3,lib/tests/delimcc/reset-shift-k.zy,trim_direct
selected,release,0,603172,251,153,5091449,True,"[184, 51, 14, 13]",3,lib/tests/delimcc/reset-shift-k.zy,baseline
selected,release,0,596628,251,153,5077836,True,"[184, 51, 14, 13]",3,lib/tests/delimcc/reset-shift-k.zy,trim
selected,release,0,638742,251,153,4945156,True,"[184, 51, 14, 13]",3,lib/tests/delimcc/reset-shift-k.zy,direct
selected,release,0,622083,251,153,5217037,True,"[184, 51, 14, 13]",4,lib/tests/delimcc/reset-shift-k.zy,baseline
selected,release,0,611035,251,153,5066376,True,"[184, 51, 14, 13]",4,lib/tests/delimcc/reset-shift-k.zy,trim
selected,release,0,628585,251,153,4956211,True,"[184, 51, 14, 13]",4,lib/tests/delimcc/reset-shift-k.zy,direct
selected,release,0,608122,251,153,4913662,True,"[184, 51, 14, 13]",4,lib/tests/delimcc/reset-shift-k.zy,trim_direct
selected,release,0,605413,251,153,5116912,True,"[184, 51, 14, 13]",5,lib/tests/delimcc/reset-shift-k.zy,trim
selected,release,0,625501,251,153,4967461,True,"[184, 51, 14, 13]",5,lib/tests/delimcc/reset-shift-k.zy,direct
selected,release,0,614296,251,153,4780793,True,"[184, 51, 14, 13]",5,lib/tests/delimcc/reset-shift-k.zy,trim_direct
selected,release,0,611506,251,153,5074837,True,"[184, 51, 14, 13]",5,lib/tests/delimcc/reset-shift-k.zy,baseline
selected,release,0,614665,251,153,4956333,True,"[184, 51, 14, 13]",6,lib/tests/delimcc/reset-shift-k.zy,direct
selected,release,0,610658,251,153,4882582,True,"[184, 51, 14, 13]",6,lib/tests/delimcc/reset-shift-k.zy,trim_direct
selected,release,0,609218,251,153,5049167,True,"[184, 51, 14, 13]",6,lib/tests/delimcc/reset-shift-k.zy,baseline
selected,release,0,607007,251,153,5127532,True,"[184, 51, 14, 13]",6,lib/tests/delimcc/reset-shift-k.zy,trim
selected,release,0,630337,251,153,4976588,True,"[184, 51, 14, 13]",7,lib/tests/delimcc/reset-shift-k.zy,trim_direct
selected,release,0,623379,251,153,5110080,True,"[184, 51, 14, 13]",7,lib/tests/delimcc/reset-shift-k.zy,baseline
selected,release,0,717623,251,153,5214417,True,"[184, 51, 14, 13]",7,lib/tests/delimcc/reset-shift-k.zy,trim
selected,release,0,675299,251,153,5294042,True,"[184, 51, 14, 13]",7,lib/tests/delimcc/reset-shift-k.zy,direct
selected,release,0,609169,251,153,4971032,True,"[184, 51, 14, 13]",8,lib/tests/delimcc/reset-shift-k.zy,baseline
selected,release,0,659001,251,153,5224758,True,"[184, 51, 14, 13]",8,lib/tests/delimcc/reset-shift-k.zy,trim
selected,release,0,595831,251,153,5031666,True,"[184, 51, 14, 13]",8,lib/tests/delimcc/reset-shift-k.zy,direct
selected,release,0,637083,251,153,4949670,True,"[184, 51, 14, 13]",8,lib/tests/delimcc/reset-shift-k.zy,trim_direct
selected,release,0,638579,251,153,5242337,True,"[184, 51, 14, 13]",9,lib/tests/delimcc/reset-shift-k.zy,trim
selected,release,0,608838,251,153,4844710,True,"[184, 51, 14, 13]",9,lib/tests/delimcc/reset-shift-k.zy,direct
selected,release,0,638041,251,153,4968050,True,"[184, 51, 14, 13]",9,lib/tests/delimcc/reset-shift-k.zy,trim_direct
selected,release,0,608293,251,153,5179249,True,"[184, 51, 14, 13]",9,lib/tests/delimcc/reset-shift-k.zy,baseline
selected,release,0,601502,251,153,4974670,True,"[184, 51, 14, 13]",10,lib/tests/delimcc/reset-shift-k.zy,direct
selected,release,0,636284,251,153,4935668,True,"[184, 51, 14, 13]",10,lib/tests/delimcc/reset-shift-k.zy,trim_direct
selected,release,0,626544,251,153,5080076,True,"[184, 51, 14, 13]",10,lib/tests/delimcc/reset-shift-k.zy,baseline
selected,release,0,625548,251,153,5143409,True,"[184, 51, 14, 13]",10,lib/tests/delimcc/reset-shift-k.zy,trim
selected,release,0,615328,251,153,5032800,True,"[184, 51, 14, 13]",11,lib/tests/delimcc/reset-shift-k.zy,trim_direct
selected,release,0,705293,251,153,5447376,True,"[184, 51, 14, 13]",11,lib/tests/delimcc/reset-shift-k.zy,baseline
selected,release,0,633758,251,153,5316538,True,"[184, 51, 14, 13]",11,lib/tests/delimcc/reset-shift-k.zy,trim
selected,release,0,613215,251,153,4996835,True,"[184, 51, 14, 13]",11,lib/tests/delimcc/reset-shift-k.zy,direct
selected,release,0,636467,251,153,5400706,True,"[184, 51, 14, 13]",12,lib/tests/delimcc/reset-shift-k.zy,baseline
selected,release,0,640001,251,153,5218748,True,"[184, 51, 14, 13]",12,lib/tests/delimcc/reset-shift-k.zy,trim
selected,release,0,661669,251,153,5077458,True,"[184, 51, 14, 13]",12,lib/tests/delimcc/reset-shift-k.zy,direct
selected,release,0,684621,251,153,4943374,True,"[184, 51, 14, 13]",12,lib/tests/delimcc/reset-shift-k.zy,trim_direct
selected,release,0,619376,251,153,5126712,True,"[184, 51, 14, 13]",13,lib/tests/delimcc/reset-shift-k.zy,trim
selected,release,0,630575,251,153,4994000,True,"[184, 51, 14, 13]",13,lib/tests/delimcc/reset-shift-k.zy,direct
selected,release,0,643334,251,153,5160756,True,"[184, 51, 14, 13]",13,lib/tests/delimcc/reset-shift-k.zy,trim_direct
selected,release,0,658788,251,153,5512453,True,"[184, 51, 14, 13]",13,lib/tests/delimcc/reset-shift-k.zy,baseline
selected,release,0,636161,251,153,5072128,True,"[184, 51, 14, 13]",14,lib/tests/delimcc/reset-shift-k.zy,direct
selected,release,0,650289,251,153,4998826,True,"[184, 51, 14, 13]",14,lib/tests/delimcc/reset-shift-k.zy,trim_direct
selected,release,0,685540,251,153,5156956,True,"[184, 51, 14, 13]",14,lib/tests/delimcc/reset-shift-k.zy,baseline
selected,release,0,618044,251,153,5185000,True,"[184, 51, 14, 13]",14,lib/tests/delimcc/reset-shift-k.zy,trim
selected,release,0,613826,251,153,4938137,True,"[184, 51, 14, 13]",15,lib/tests/delimcc/reset-shift-k.zy,trim_direct
selected,release,0,646545,251,153,5165880,True,"[184, 51, 14, 13]",15,lib/tests/delimcc/reset-shift-k.zy,baseline
selected,release,0,620214,251,153,5176122,True,"[184, 51, 14, 13]",15,lib/tests/delimcc/reset-shift-k.zy,trim
selected,release,0,605373,251,153,5025042,True,"[184, 51, 14, 13]",15,lib/tests/delimcc/reset-shift-k.zy,direct
selected,release,0,629336,251,153,5283213,True,"[184, 51, 14, 13]",16,lib/tests/delimcc/reset-shift-k.zy,baseline
selected,release,0,648083,251,153,5336502,True,"[184, 51, 14, 13]",16,lib/tests/delimcc/reset-shift-k.zy,trim
selected,release,0,644421,251,153,5093865,True,"[184, 51, 14, 13]",16,lib/tests/delimcc/reset-shift-k.zy,direct
selected,release,0,639587,251,153,4843497,True,"[184, 51, 14, 13]",16,lib/tests/delimcc/reset-shift-k.zy,trim_direct
selected,release,0,622216,251,153,5128155,True,"[184, 51, 14, 13]",17,lib/tests/delimcc/reset-shift-k.zy,trim
selected,release,0,628128,251,153,4976084,True,"[184, 51, 14, 13]",17,lib/tests/delimcc/reset-shift-k.zy,direct
selected,release,0,596629,251,153,4899789,True,"[184, 51, 14, 13]",17,lib/tests/delimcc/reset-shift-k.zy,trim_direct
selected,release,0,638718,251,153,5146911,True,"[184, 51, 14, 13]",17,lib/tests/delimcc/reset-shift-k.zy,baseline
selected,release,0,596632,251,153,4955751,True,"[184, 51, 14, 13]",18,lib/tests/delimcc/reset-shift-k.zy,direct
selected,release,0,649126,251,153,4913038,True,"[184, 51, 14, 13]",18,lib/tests/delimcc/reset-shift-k.zy,trim_direct
selected,release,0,643500,251,153,5049748,True,"[184, 51, 14, 13]",18,lib/tests/delimcc/reset-shift-k.zy,baseline
selected,release,0,624541,251,153,5158499,True,"[184, 51, 14, 13]",18,lib/tests/delimcc/reset-shift-k.zy,trim
selected,release,0,628119,251,153,5038211,True,"[184, 51, 14, 13]",19,lib/tests/delimcc/reset-shift-k.zy,trim_direct
selected,release,0,635916,251,153,5091499,True,"[184, 51, 14, 13]",19,lib/tests/delimcc/reset-shift-k.zy,baseline
selected,release,0,625547,251,153,5219629,True,"[184, 51, 14, 13]",19,lib/tests/delimcc/reset-shift-k.zy,trim
selected,release,0,622243,251,153,4936255,True,"[184, 51, 14, 13]",19,lib/tests/delimcc/reset-shift-k.zy,direct
selected,release,0,735585,251,153,5501079,True,"[184, 51, 14, 13]",20,lib/tests/delimcc/reset-shift-k.zy,baseline
selected,release,0,622492,251,153,5184874,True,"[184, 51, 14, 13]",20,lib/tests/delimcc/reset-shift-k.zy,trim
selected,release,0,602377,251,153,5008584,True,"[184, 51, 14, 13]",20,lib/tests/delimcc/reset-shift-k.zy,direct
selected,release,0,645545,251,153,5010419,True,"[184, 51, 14, 13]",20,lib/tests/delimcc/reset-shift-k.zy,trim_direct
selected,release,0,613539,251,153,5071250,True,"[184, 51, 14, 13]",21,lib/tests/delimcc/reset-shift-k.zy,trim
selected,release,0,630710,251,153,5009584,True,"[184, 51, 14, 13]",21,lib/tests/delimcc/reset-shift-k.zy,direct
selected,release,0,623245,251,153,4941926,True,"[184, 51, 14, 13]",21,lib/tests/delimcc/reset-shift-k.zy,trim_direct
selected,release,0,622127,251,153,5101079,True,"[184, 51, 14, 13]",21,lib/tests/delimcc/reset-shift-k.zy,baseline
selected,release,0,658752,251,153,4947701,True,"[184, 51, 14, 13]",22,lib/tests/delimcc/reset-shift-k.zy,direct
selected,release,0,659498,251,153,4978042,True,"[184, 51, 14, 13]",22,lib/tests/delimcc/reset-shift-k.zy,trim_direct
selected,release,0,657881,251,153,5189039,True,"[184, 51, 14, 13]",22,lib/tests/delimcc/reset-shift-k.zy,baseline
selected,release,0,639460,251,153,5217251,True,"[184, 51, 14, 13]",22,lib/tests/delimcc/reset-shift-k.zy,trim
selected,release,0,697741,251,153,5013838,True,"[184, 51, 14, 13]",23,lib/tests/delimcc/reset-shift-k.zy,trim_direct
selected,release,0,618002,251,153,5090541,True,"[184, 51, 14, 13]",23,lib/tests/delimcc/reset-shift-k.zy,baseline
selected,release,0,634795,251,153,5101211,True,"[184, 51, 14, 13]",23,lib/tests/delimcc/reset-shift-k.zy,trim
selected,release,0,630866,251,153,5011800,True,"[184, 51, 14, 13]",23,lib/tests/delimcc/reset-shift-k.zy,direct
selected,release,0,656502,251,153,5139788,True,"[184, 51, 14, 13]",24,lib/tests/delimcc/reset-shift-k.zy,baseline
selected,release,0,614043,251,153,5087261,True,"[184, 51, 14, 13]",24,lib/tests/delimcc/reset-shift-k.zy,trim
selected,release,0,628051,251,153,5074051,True,"[184, 51, 14, 13]",24,lib/tests/delimcc/reset-shift-k.zy,direct
selected,release,0,623749,251,153,4957753,True,"[184, 51, 14, 13]",24,lib/tests/delimcc/reset-shift-k.zy,trim_direct
selected,release,0,635249,251,153,5103505,True,"[184, 51, 14, 13]",25,lib/tests/delimcc/reset-shift-k.zy,trim
selected,release,0,615336,251,153,4932213,True,"[184, 51, 14, 13]",25,lib/tests/delimcc/reset-shift-k.zy,direct
selected,release,0,624206,251,153,4956878,True,"[184, 51, 14, 13]",25,lib/tests/delimcc/reset-shift-k.zy,trim_direct
selected,release,0,635747,251,153,5047082,True,"[184, 51, 14, 13]",25,lib/tests/delimcc/reset-shift-k.zy,baseline
selected,release,0,667958,251,153,5126452,True,"[184, 51, 14, 13]",26,lib/tests/delimcc/reset-shift-k.zy,direct
selected,release,0,650752,251,153,4916287,True,"[184, 51, 14, 13]",26,lib/tests/delimcc/reset-shift-k.zy,trim_direct
selected,release,0,633087,251,153,5133668,True,"[184, 51, 14, 13]",26,lib/tests/delimcc/reset-shift-k.zy,baseline
selected,release,0,609634,251,153,5037002,True,"[184, 51, 14, 13]",26,lib/tests/delimcc/reset-shift-k.zy,trim
selected,release,0,623873,251,153,4902210,True,"[184, 51, 14, 13]",27,lib/tests/delimcc/reset-shift-k.zy,trim_direct
selected,release,0,628759,251,153,5098455,True,"[184, 51, 14, 13]",27,lib/tests/delimcc/reset-shift-k.zy,baseline
selected,release,0,696253,251,153,5169632,True,"[184, 51, 14, 13]",27,lib/tests/delimcc/reset-shift-k.zy,trim
selected,release,0,613167,251,153,4835084,True,"[184, 51, 14, 13]",27,lib/tests/delimcc/reset-shift-k.zy,direct
selected,release,0,625460,251,153,5140205,True,"[184, 51, 14, 13]",28,lib/tests/delimcc/reset-shift-k.zy,baseline
selected,release,0,623625,251,153,5139292,True,"[184, 51, 14, 13]",28,lib/tests/delimcc/reset-shift-k.zy,trim
selected,release,0,615251,251,153,4818588,True,"[184, 51, 14, 13]",28,lib/tests/delimcc/reset-shift-k.zy,direct
selected,release,0,602461,251,153,4946046,True,"[184, 51, 14, 13]",28,lib/tests/delimcc/reset-shift-k.zy,trim_direct
selected,release,0,616743,251,153,5089039,True,"[184, 51, 14, 13]",29,lib/tests/delimcc/reset-shift-k.zy,trim
selected,release,0,620214,251,153,5039415,True,"[184, 51, 14, 13]",29,lib/tests/delimcc/reset-shift-k.zy,direct
selected,release,0,634874,251,153,4973499,True,"[184, 51, 14, 13]",29,lib/tests/delimcc/reset-shift-k.zy,trim_direct
selected,release,0,632585,251,153,5226456,True,"[184, 51, 14, 13]",29,lib/tests/delimcc/reset-shift-k.zy,baseline
selected,release,0,645256,251,153,4994712,True,"[184, 51, 14, 13]",30,lib/tests/delimcc/reset-shift-k.zy,direct
selected,release,0,655455,251,153,4841964,True,"[184, 51, 14, 13]",30,lib/tests/delimcc/reset-shift-k.zy,trim_direct
selected,release,0,619165,251,153,5003595,True,"[184, 51, 14, 13]",30,lib/tests/delimcc/reset-shift-k.zy,baseline
selected,release,0,606213,251,153,5086381,True,"[184, 51, 14, 13]",30,lib/tests/delimcc/reset-shift-k.zy,trim
selected,release,0,602157,251,153,5044086,True,"[184, 51, 14, 13]",31,lib/tests/delimcc/reset-shift-k.zy,trim_direct
selected,release,0,619170,251,153,5081612,True,"[184, 51, 14, 13]",31,lib/tests/delimcc/reset-shift-k.zy,baseline
selected,release,0,661002,251,153,5348415,True,"[184, 51, 14, 13]",31,lib/tests/delimcc/reset-shift-k.zy,trim
selected,release,0,667668,251,153,5107164,True,"[184, 51, 14, 13]",31,lib/tests/delimcc/reset-shift-k.zy,direct
selected,release,0,684251,516,63,5024583,False,"[439, 163, 16, 0]",0,lib/tests/core/gc-stress.zy,baseline
selected,release,0,644588,516,63,5098161,False,"[439, 163, 16, 0]",0,lib/tests/core/gc-stress.zy,trim
selected,release,0,655871,516,63,4970623,False,"[439, 163, 16, 0]",0,lib/tests/core/gc-stress.zy,direct
selected,release,0,652248,516,63,4838790,False,"[439, 163, 16, 0]",0,lib/tests/core/gc-stress.zy,trim_direct
selected,release,0,672085,516,63,5036164,False,"[439, 163, 16, 0]",1,lib/tests/core/gc-stress.zy,trim
selected,release,0,623206,516,63,4694624,False,"[439, 163, 16, 0]",1,lib/tests/core/gc-stress.zy,direct
selected,release,0,638042,516,63,4768420,False,"[439, 163, 16, 0]",1,lib/tests/core/gc-stress.zy,trim_direct
selected,release,0,623167,516,63,4886330,False,"[439, 163, 16, 0]",1,lib/tests/core/gc-stress.zy,baseline
selected,release,0,614832,516,63,4849497,False,"[439, 163, 16, 0]",2,lib/tests/core/gc-stress.zy,direct
selected,release,0,736126,516,63,4821878,False,"[439, 163, 16, 0]",2,lib/tests/core/gc-stress.zy,trim_direct
selected,release,0,683748,516,63,5200873,False,"[439, 163, 16, 0]",2,lib/tests/core/gc-stress.zy,baseline
selected,release,0,628834,516,63,5035080,False,"[439, 163, 16, 0]",2,lib/tests/core/gc-stress.zy,trim
selected,release,0,633877,516,63,4864375,False,"[439, 163, 16, 0]",3,lib/tests/core/gc-stress.zy,trim_direct
selected,release,0,634374,516,63,4879204,False,"[439, 163, 16, 0]",3,lib/tests/core/gc-stress.zy,baseline
selected,release,0,636704,516,63,5001917,False,"[439, 163, 16, 0]",3,lib/tests/core/gc-stress.zy,trim
selected,release,0,645918,516,63,4839706,False,"[439, 163, 16, 0]",3,lib/tests/core/gc-stress.zy,direct
selected,release,0,676376,516,63,4936709,False,"[439, 163, 16, 0]",4,lib/tests/core/gc-stress.zy,baseline
selected,release,0,624919,516,63,4959290,False,"[439, 163, 16, 0]",4,lib/tests/core/gc-stress.zy,trim
selected,release,0,619828,516,63,4744165,False,"[439, 163, 16, 0]",4,lib/tests/core/gc-stress.zy,direct
selected,release,0,607083,516,63,4732459,False,"[439, 163, 16, 0]",4,lib/tests/core/gc-stress.zy,trim_direct
selected,release,0,629208,516,63,4940753,False,"[439, 163, 16, 0]",5,lib/tests/core/gc-stress.zy,trim
selected,release,0,624288,516,63,4866292,False,"[439, 163, 16, 0]",5,lib/tests/core/gc-stress.zy,direct
selected,release,0,765831,516,63,5244999,False,"[439, 163, 16, 0]",5,lib/tests/core/gc-stress.zy,trim_direct
selected,release,0,662711,516,63,4986292,False,"[439, 163, 16, 0]",5,lib/tests/core/gc-stress.zy,baseline
selected,release,0,1155794,516,63,8834958,False,"[439, 163, 16, 0]",6,lib/tests/core/gc-stress.zy,direct
selected,release,0,834996,516,63,6191336,False,"[439, 163, 16, 0]",6,lib/tests/core/gc-stress.zy,trim_direct
selected,release,0,829876,516,63,6543412,False,"[439, 163, 16, 0]",6,lib/tests/core/gc-stress.zy,baseline
selected,release,0,864957,516,63,6484873,False,"[439, 163, 16, 0]",6,lib/tests/core/gc-stress.zy,trim
selected,release,0,823501,516,63,5959088,False,"[439, 163, 16, 0]",7,lib/tests/core/gc-stress.zy,trim_direct
selected,release,0,848917,516,63,6382001,False,"[439, 163, 16, 0]",7,lib/tests/core/gc-stress.zy,baseline
selected,release,0,797167,516,63,6274255,False,"[439, 163, 16, 0]",7,lib/tests/core/gc-stress.zy,trim
selected,release,0,800500,516,63,6291375,False,"[439, 163, 16, 0]",7,lib/tests/core/gc-stress.zy,direct
selected,release,0,806084,516,63,6357168,False,"[439, 163, 16, 0]",8,lib/tests/core/gc-stress.zy,baseline
selected,release,0,783834,516,63,6247875,False,"[439, 163, 16, 0]",8,lib/tests/core/gc-stress.zy,trim
selected,release,0,786757,516,63,6103334,False,"[439, 163, 16, 0]",8,lib/tests/core/gc-stress.zy,direct
selected,release,0,837127,516,63,5583169,False,"[439, 163, 16, 0]",8,lib/tests/core/gc-stress.zy,trim_direct
selected,release,0,809372,516,63,5757750,False,"[439, 163, 16, 0]",9,lib/tests/core/gc-stress.zy,trim
selected,release,0,893917,516,63,6862333,False,"[439, 163, 16, 0]",9,lib/tests/core/gc-stress.zy,direct
selected,release,0,819924,516,63,5790245,False,"[439, 163, 16, 0]",9,lib/tests/core/gc-stress.zy,trim_direct
selected,release,0,713039,516,63,5623164,False,"[439, 163, 16, 0]",9,lib/tests/core/gc-stress.zy,baseline
selected,release,0,780295,516,63,5604330,False,"[439, 163, 16, 0]",10,lib/tests/core/gc-stress.zy,direct
selected,release,0,905083,516,63,6316373,False,"[439, 163, 16, 0]",10,lib/tests/core/gc-stress.zy,trim_direct
selected,release,0,891999,516,63,6616912,False,"[439, 163, 16, 0]",10,lib/tests/core/gc-stress.zy,baseline
selected,release,0,865002,516,63,5916877,False,"[439, 163, 16, 0]",10,lib/tests/core/gc-stress.zy,trim
selected,release,0,667958,516,63,4814210,False,"[439, 163, 16, 0]",11,lib/tests/core/gc-stress.zy,trim_direct
selected,release,0,653246,516,63,5112169,False,"[439, 163, 16, 0]",11,lib/tests/core/gc-stress.zy,baseline
selected,release,0,635294,516,63,4903707,False,"[439, 163, 16, 0]",11,lib/tests/core/gc-stress.zy,trim
selected,release,0,716624,516,63,5201538,False,"[439, 163, 16, 0]",11,lib/tests/core/gc-stress.zy,direct
selected,release,0,672544,516,63,5062959,False,"[439, 163, 16, 0]",12,lib/tests/core/gc-stress.zy,baseline
selected,release,0,665829,516,63,5107213,False,"[439, 163, 16, 0]",12,lib/tests/core/gc-stress.zy,trim
selected,release,0,654834,516,63,4924835,False,"[439, 163, 16, 0]",12,lib/tests/core/gc-stress.zy,direct
selected,release,0,668419,516,63,4977536,False,"[439, 163, 16, 0]",12,lib/tests/core/gc-stress.zy,trim_direct
selected,release,0,633375,516,63,4988205,False,"[439, 163, 16, 0]",13,lib/tests/core/gc-stress.zy,trim
selected,release,0,627248,516,63,4929544,False,"[439, 163, 16, 0]",13,lib/tests/core/gc-stress.zy,direct
selected,release,0,664458,516,63,4862046,False,"[439, 163, 16, 0]",13,lib/tests/core/gc-stress.zy,trim_direct
selected,release,0,685661,516,63,5097883,False,"[439, 163, 16, 0]",13,lib/tests/core/gc-stress.zy,baseline
selected,release,0,661248,516,63,4883958,False,"[439, 163, 16, 0]",14,lib/tests/core/gc-stress.zy,direct
selected,release,0,631211,516,63,4698713,False,"[439, 163, 16, 0]",14,lib/tests/core/gc-stress.zy,trim_direct
selected,release,0,640997,516,63,5044872,False,"[439, 163, 16, 0]",14,lib/tests/core/gc-stress.zy,baseline
selected,release,0,649378,516,63,4999959,False,"[439, 163, 16, 0]",14,lib/tests/core/gc-stress.zy,trim
selected,release,0,628581,516,63,4814837,False,"[439, 163, 16, 0]",15,lib/tests/core/gc-stress.zy,trim_direct
selected,release,0,624546,516,63,4957041,False,"[439, 163, 16, 0]",15,lib/tests/core/gc-stress.zy,baseline
selected,release,0,623750,516,63,4892707,False,"[439, 163, 16, 0]",15,lib/tests/core/gc-stress.zy,trim
selected,release,0,671039,516,63,4865253,False,"[439, 163, 16, 0]",15,lib/tests/core/gc-stress.zy,direct
selected,release,0,634376,516,63,5002668,False,"[439, 163, 16, 0]",16,lib/tests/core/gc-stress.zy,baseline
selected,release,0,619501,516,63,4991373,False,"[439, 163, 16, 0]",16,lib/tests/core/gc-stress.zy,trim
selected,release,0,600330,516,63,4751958,False,"[439, 163, 16, 0]",16,lib/tests/core/gc-stress.zy,direct
selected,release,0,630415,516,63,4895003,False,"[439, 163, 16, 0]",16,lib/tests/core/gc-stress.zy,trim_direct
selected,release,0,668460,516,63,5020000,False,"[439, 163, 16, 0]",17,lib/tests/core/gc-stress.zy,trim
selected,release,0,669540,516,63,5073959,False,"[439, 163, 16, 0]",17,lib/tests/core/gc-stress.zy,direct
selected,release,0,711999,516,63,4778208,False,"[439, 163, 16, 0]",17,lib/tests/core/gc-stress.zy,trim_direct
selected,release,0,638876,516,63,4992459,False,"[439, 163, 16, 0]",17,lib/tests/core/gc-stress.zy,baseline
selected,release,0,633879,516,63,4923038,False,"[439, 163, 16, 0]",18,lib/tests/core/gc-stress.zy,direct
selected,release,0,624413,516,63,4751955,False,"[439, 163, 16, 0]",18,lib/tests/core/gc-stress.zy,trim_direct
selected,release,0,668456,516,63,5041372,False,"[439, 163, 16, 0]",18,lib/tests/core/gc-stress.zy,baseline
selected,release,0,652583,516,63,5009420,False,"[439, 163, 16, 0]",18,lib/tests/core/gc-stress.zy,trim
selected,release,0,658796,516,63,4852586,False,"[439, 163, 16, 0]",19,lib/tests/core/gc-stress.zy,trim_direct
selected,release,0,641792,516,63,5029125,False,"[439, 163, 16, 0]",19,lib/tests/core/gc-stress.zy,baseline
selected,release,0,614502,516,63,4943668,False,"[439, 163, 16, 0]",19,lib/tests/core/gc-stress.zy,trim
selected,release,0,627543,516,63,4830289,False,"[439, 163, 16, 0]",19,lib/tests/core/gc-stress.zy,direct
selected,release,0,643667,516,63,5016502,False,"[439, 163, 16, 0]",20,lib/tests/core/gc-stress.zy,baseline
selected,release,0,633243,516,63,5077505,False,"[439, 163, 16, 0]",20,lib/tests/core/gc-stress.zy,trim
selected,release,0,578622,516,63,4781792,False,"[439, 163, 16, 0]",20,lib/tests/core/gc-stress.zy,direct
selected,release,0,631667,516,63,4805792,False,"[439, 163, 16, 0]",20,lib/tests/core/gc-stress.zy,trim_direct
selected,release,0,673960,516,63,4993125,False,"[439, 163, 16, 0]",21,lib/tests/core/gc-stress.zy,trim
selected,release,0,649830,516,63,4949455,False,"[439, 163, 16, 0]",21,lib/tests/core/gc-stress.zy,direct
selected,release,0,645423,516,63,4848708,False,"[439, 163, 16, 0]",21,lib/tests/core/gc-stress.zy,trim_direct
selected,release,0,616585,516,63,5136833,False,"[439, 163, 16, 0]",21,lib/tests/core/gc-stress.zy,baseline
selected,release,0,600663,516,63,4737123,False,"[439, 163, 16, 0]",22,lib/tests/core/gc-stress.zy,direct
selected,release,0,633582,516,63,4787341,False,"[439, 163, 16, 0]",22,lib/tests/core/gc-stress.zy,trim_direct
selected,release,0,607414,516,63,4855581,False,"[439, 163, 16, 0]",22,lib/tests/core/gc-stress.zy,baseline
selected,release,0,652755,516,63,4723209,False,"[439, 163, 16, 0]",22,lib/tests/core/gc-stress.zy,trim
selected,release,0,606709,516,63,4662545,False,"[439, 163, 16, 0]",23,lib/tests/core/gc-stress.zy,trim_direct
selected,release,0,635876,516,63,5029587,False,"[439, 163, 16, 0]",23,lib/tests/core/gc-stress.zy,baseline
selected,release,0,602582,516,63,4889500,False,"[439, 163, 16, 0]",23,lib/tests/core/gc-stress.zy,trim
selected,release,0,633913,516,63,4718708,False,"[439, 163, 16, 0]",23,lib/tests/core/gc-stress.zy,direct
selected,release,0,661081,516,63,4969627,False,"[439, 163, 16, 0]",24,lib/tests/core/gc-stress.zy,baseline
selected,release,0,629253,516,63,4888581,False,"[439, 163, 16, 0]",24,lib/tests/core/gc-stress.zy,trim
selected,release,0,622376,516,63,4865041,False,"[439, 163, 16, 0]",24,lib/tests/core/gc-stress.zy,direct
selected,release,0,650502,516,63,4766044,False,"[439, 163, 16, 0]",24,lib/tests/core/gc-stress.zy,trim_direct
selected,release,0,604046,516,63,4873795,False,"[439, 163, 16, 0]",25,lib/tests/core/gc-stress.zy,trim
selected,release,0,607045,516,63,4815039,False,"[439, 163, 16, 0]",25,lib/tests/core/gc-stress.zy,direct
selected,release,0,614038,516,63,4688746,False,"[439, 163, 16, 0]",25,lib/tests/core/gc-stress.zy,trim_direct
selected,release,0,593705,516,63,4849079,False,"[439, 163, 16, 0]",25,lib/tests/core/gc-stress.zy,baseline
selected,release,0,618375,516,63,4796505,False,"[439, 163, 16, 0]",26,lib/tests/core/gc-stress.zy,direct
selected,release,0,595702,516,63,4710587,False,"[439, 163, 16, 0]",26,lib/tests/core/gc-stress.zy,trim_direct
selected,release,0,619703,516,63,4908290,False,"[439, 163, 16, 0]",26,lib/tests/core/gc-stress.zy,baseline
selected,release,0,592670,516,63,4917538,False,"[439, 163, 16, 0]",26,lib/tests/core/gc-stress.zy,trim
selected,release,0,615585,516,63,4580747,False,"[439, 163, 16, 0]",27,lib/tests/core/gc-stress.zy,trim_direct
selected,release,0,608995,516,63,4792830,False,"[439, 163, 16, 0]",27,lib/tests/core/gc-stress.zy,baseline
selected,release,0,593042,516,63,4873584,False,"[439, 163, 16, 0]",27,lib/tests/core/gc-stress.zy,trim
selected,release,0,647252,516,63,4971585,False,"[439, 163, 16, 0]",27,lib/tests/core/gc-stress.zy,direct
selected,release,0,632081,516,63,4948418,False,"[439, 163, 16, 0]",28,lib/tests/core/gc-stress.zy,baseline
selected,release,0,613967,516,63,4947045,False,"[439, 163, 16, 0]",28,lib/tests/core/gc-stress.zy,trim
selected,release,0,684504,516,63,5365707,False,"[439, 163, 16, 0]",28,lib/tests/core/gc-stress.zy,direct
selected,release,0,631208,516,63,4853585,False,"[439, 163, 16, 0]",28,lib/tests/core/gc-stress.zy,trim_direct
selected,release,0,618913,516,63,4998463,False,"[439, 163, 16, 0]",29,lib/tests/core/gc-stress.zy,trim
selected,release,0,664459,516,63,5096086,False,"[439, 163, 16, 0]",29,lib/tests/core/gc-stress.zy,direct
selected,release,0,671872,516,63,4894543,False,"[439, 163, 16, 0]",29,lib/tests/core/gc-stress.zy,trim_direct
selected,release,0,1200208,516,63,7851370,False,"[439, 163, 16, 0]",29,lib/tests/core/gc-stress.zy,baseline
selected,release,0,920081,516,63,6523037,False,"[439, 163, 16, 0]",30,lib/tests/core/gc-stress.zy,direct
selected,release,0,779335,516,63,5307247,False,"[439, 163, 16, 0]",30,lib/tests/core/gc-stress.zy,trim_direct
selected,release,0,676087,516,63,5211957,False,"[439, 163, 16, 0]",30,lib/tests/core/gc-stress.zy,baseline
selected,release,0,645338,516,63,5179875,False,"[439, 163, 16, 0]",30,lib/tests/core/gc-stress.zy,trim
selected,release,0,670837,516,63,4860208,False,"[439, 163, 16, 0]",31,lib/tests/core/gc-stress.zy,trim_direct
selected,release,0,626876,516,63,5025625,False,"[439, 163, 16, 0]",31,lib/tests/core/gc-stress.zy,baseline
selected,release,0,664920,516,63,4925207,False,"[439, 163, 16, 0]",31,lib/tests/core/gc-stress.zy,trim
selected,release,0,633293,516,63,4949085,False,"[439, 163, 16, 0]",31,lib/tests/core/gc-stress.zy,direct
selected,release,0,681747,516,64,4939086,True,"[422, 163, 16, 15]",0,lib/tests/core/gc-stress.zy,baseline
selected,release,0,672836,516,64,4906463,True,"[422, 163, 16, 15]",0,lib/tests/core/gc-stress.zy,trim
selected,release,0,727246,516,64,4808792,True,"[422, 163, 16, 15]",0,lib/tests/core/gc-stress.zy,direct
selected,release,0,656166,516,64,4833334,True,"[422, 163, 16, 15]",0,lib/tests/core/gc-stress.zy,trim_direct
selected,release,0,643958,516,64,4935292,True,"[422, 163, 16, 15]",1,lib/tests/core/gc-stress.zy,trim
selected,release,0,603672,516,64,4843962,True,"[422, 163, 16, 15]",1,lib/tests/core/gc-stress.zy,direct
selected,release,0,679038,516,64,4825833,True,"[422, 163, 16, 15]",1,lib/tests/core/gc-stress.zy,trim_direct
selected,release,0,632418,516,64,4929541,True,"[422, 163, 16, 15]",1,lib/tests/core/gc-stress.zy,baseline
selected,release,0,688041,516,64,4875420,True,"[422, 163, 16, 15]",2,lib/tests/core/gc-stress.zy,direct
selected,release,0,628167,516,64,4688500,True,"[422, 163, 16, 15]",2,lib/tests/core/gc-stress.zy,trim_direct
selected,release,0,601999,516,64,4937293,True,"[422, 163, 16, 15]",2,lib/tests/core/gc-stress.zy,baseline
selected,release,0,603627,516,64,4779500,True,"[422, 163, 16, 15]",2,lib/tests/core/gc-stress.zy,trim
selected,release,0,647707,516,64,4852834,True,"[422, 163, 16, 15]",3,lib/tests/core/gc-stress.zy,trim_direct
selected,release,0,656338,516,64,5194877,True,"[422, 163, 16, 15]",3,lib/tests/core/gc-stress.zy,baseline
selected,release,0,607039,516,64,4883077,True,"[422, 163, 16, 15]",3,lib/tests/core/gc-stress.zy,trim
selected,release,0,631667,516,64,4828254,True,"[422, 163, 16, 15]",3,lib/tests/core/gc-stress.zy,direct
selected,release,0,642498,516,64,4940411,True,"[422, 163, 16, 15]",4,lib/tests/core/gc-stress.zy,baseline
selected,release,0,707253,516,64,5011463,True,"[422, 163, 16, 15]",4,lib/tests/core/gc-stress.zy,trim
selected,release,0,674712,516,64,4833040,True,"[422, 163, 16, 15]",4,lib/tests/core/gc-stress.zy,direct
selected,release,0,637501,516,64,4695579,True,"[422, 163, 16, 15]",4,lib/tests/core/gc-stress.zy,trim_direct
selected,release,0,637291,516,64,4882125,True,"[422, 163, 16, 15]",5,lib/tests/core/gc-stress.zy,trim
selected,release,0,624167,516,64,4785334,True,"[422, 163, 16, 15]",5,lib/tests/core/gc-stress.zy,direct
selected,release,0,630538,516,64,4667831,True,"[422, 163, 16, 15]",5,lib/tests/core/gc-stress.zy,trim_direct
selected,release,0,618249,516,64,4839828,True,"[422, 163, 16, 15]",5,lib/tests/core/gc-stress.zy,baseline
selected,release,0,635917,516,64,4805211,True,"[422, 163, 16, 15]",6,lib/tests/core/gc-stress.zy,direct
selected,release,0,657624,516,64,4821629,True,"[422, 163, 16, 15]",6,lib/tests/core/gc-stress.zy,trim_direct
selected,release,0,603834,516,64,4888836,True,"[422, 163, 16, 15]",6,lib/tests/core/gc-stress.zy,baseline
selected,release,0,652999,516,64,4906333,True,"[422, 163, 16, 15]",6,lib/tests/core/gc-stress.zy,trim
selected,release,0,683086,516,64,4681870,True,"[422, 163, 16, 15]",7,lib/tests/core/gc-stress.zy,trim_direct
selected,release,0,640757,516,64,4881041,True,"[422, 163, 16, 15]",7,lib/tests/core/gc-stress.zy,baseline
selected,release,0,600293,516,64,4871502,True,"[422, 163, 16, 15]",7,lib/tests/core/gc-stress.zy,trim
selected,release,0,604126,516,64,4777085,True,"[422, 163, 16, 15]",7,lib/tests/core/gc-stress.zy,direct
selected,release,0,623125,516,64,4957499,True,"[422, 163, 16, 15]",8,lib/tests/core/gc-stress.zy,baseline
selected,release,0,657334,516,64,4920208,True,"[422, 163, 16, 15]",8,lib/tests/core/gc-stress.zy,trim
selected,release,0,633460,516,64,4787920,True,"[422, 163, 16, 15]",8,lib/tests/core/gc-stress.zy,direct
selected,release,0,666038,516,64,4612667,True,"[422, 163, 16, 15]",8,lib/tests/core/gc-stress.zy,trim_direct
selected,release,0,615665,516,64,4777835,True,"[422, 163, 16, 15]",9,lib/tests/core/gc-stress.zy,trim
selected,release,0,618330,516,64,4740462,True,"[422, 163, 16, 15]",9,lib/tests/core/gc-stress.zy,direct
selected,release,0,619744,516,64,4837836,True,"[422, 163, 16, 15]",9,lib/tests/core/gc-stress.zy,trim_direct
selected,release,0,706962,516,64,5042040,True,"[422, 163, 16, 15]",9,lib/tests/core/gc-stress.zy,baseline
selected,release,0,608918,516,64,4716625,True,"[422, 163, 16, 15]",10,lib/tests/core/gc-stress.zy,direct
selected,release,0,610541,516,64,4789873,True,"[422, 163, 16, 15]",10,lib/tests/core/gc-stress.zy,trim_direct
selected,release,0,600333,516,64,4866916,True,"[422, 163, 16, 15]",10,lib/tests/core/gc-stress.zy,baseline
selected,release,0,627752,516,64,4965629,True,"[422, 163, 16, 15]",10,lib/tests/core/gc-stress.zy,trim
selected,release,0,629999,516,64,4692459,True,"[422, 163, 16, 15]",11,lib/tests/core/gc-stress.zy,trim_direct
selected,release,0,654830,516,64,4935249,True,"[422, 163, 16, 15]",11,lib/tests/core/gc-stress.zy,baseline
selected,release,0,644294,516,64,4916043,True,"[422, 163, 16, 15]",11,lib/tests/core/gc-stress.zy,trim
selected,release,0,635876,516,64,4742208,True,"[422, 163, 16, 15]",11,lib/tests/core/gc-stress.zy,direct
selected,release,0,634289,516,64,4876204,True,"[422, 163, 16, 15]",12,lib/tests/core/gc-stress.zy,baseline
selected,release,0,596331,516,64,4893164,True,"[422, 163, 16, 15]",12,lib/tests/core/gc-stress.zy,trim
selected,release,0,611129,516,64,4717665,True,"[422, 163, 16, 15]",12,lib/tests/core/gc-stress.zy,direct
selected,release,0,655583,516,64,4792376,True,"[422, 163, 16, 15]",12,lib/tests/core/gc-stress.zy,trim_direct
selected,release,0,616246,516,64,4928042,True,"[422, 163, 16, 15]",13,lib/tests/core/gc-stress.zy,trim
selected,release,0,640669,516,64,4759282,True,"[422, 163, 16, 15]",13,lib/tests/core/gc-stress.zy,direct
selected,release,0,667087,516,64,4933373,True,"[422, 163, 16, 15]",13,lib/tests/core/gc-stress.zy,trim_direct
selected,release,0,611048,516,64,4919756,True,"[422, 163, 16, 15]",13,lib/tests/core/gc-stress.zy,baseline
selected,release,0,647418,516,64,4905004,True,"[422, 163, 16, 15]",14,lib/tests/core/gc-stress.zy,direct
selected,release,0,652875,516,64,4736167,True,"[422, 163, 16, 15]",14,lib/tests/core/gc-stress.zy,trim_direct
selected,release,0,610250,516,64,4964873,True,"[422, 163, 16, 15]",14,lib/tests/core/gc-stress.zy,baseline
selected,release,0,659502,516,64,4978795,True,"[422, 163, 16, 15]",14,lib/tests/core/gc-stress.zy,trim
selected,release,0,636872,516,64,4690663,True,"[422, 163, 16, 15]",15,lib/tests/core/gc-stress.zy,trim_direct
selected,release,0,607956,516,64,4852251,True,"[422, 163, 16, 15]",15,lib/tests/core/gc-stress.zy,baseline
selected,release,0,700669,516,64,5153541,True,"[422, 163, 16, 15]",15,lib/tests/core/gc-stress.zy,trim
selected,release,0,712624,516,64,5069250,True,"[422, 163, 16, 15]",15,lib/tests/core/gc-stress.zy,direct
selected,release,0,650336,516,64,4896962,True,"[422, 163, 16, 15]",16,lib/tests/core/gc-stress.zy,baseline
selected,release,0,639705,516,64,4848048,True,"[422, 163, 16, 15]",16,lib/tests/core/gc-stress.zy,trim
selected,release,0,661790,516,64,4839334,True,"[422, 163, 16, 15]",16,lib/tests/core/gc-stress.zy,direct
selected,release,0,652294,516,64,4793078,True,"[422, 163, 16, 15]",16,lib/tests/core/gc-stress.zy,trim_direct
selected,release,0,630583,516,64,4893457,True,"[422, 163, 16, 15]",17,lib/tests/core/gc-stress.zy,trim
selected,release,0,666831,516,64,4871084,True,"[422, 163, 16, 15]",17,lib/tests/core/gc-stress.zy,direct
selected,release,0,627581,516,64,4673128,True,"[422, 163, 16, 15]",17,lib/tests/core/gc-stress.zy,trim_direct
selected,release,0,671709,516,64,4829626,True,"[422, 163, 16, 15]",17,lib/tests/core/gc-stress.zy,baseline
selected,release,0,619874,516,64,4745874,True,"[422, 163, 16, 15]",18,lib/tests/core/gc-stress.zy,direct
selected,release,0,614996,516,64,4735415,True,"[422, 163, 16, 15]",18,lib/tests/core/gc-stress.zy,trim_direct
selected,release,0,628382,516,64,4907623,True,"[422, 163, 16, 15]",18,lib/tests/core/gc-stress.zy,baseline
selected,release,0,673168,516,64,5044297,True,"[422, 163, 16, 15]",18,lib/tests/core/gc-stress.zy,trim
selected,release,0,684042,516,64,4842629,True,"[422, 163, 16, 15]",19,lib/tests/core/gc-stress.zy,trim_direct
selected,release,0,638667,516,64,4891373,True,"[422, 163, 16, 15]",19,lib/tests/core/gc-stress.zy,baseline
selected,release,0,603211,516,64,4861915,True,"[422, 163, 16, 15]",19,lib/tests/core/gc-stress.zy,trim
selected,release,0,674084,516,64,4812580,True,"[422, 163, 16, 15]",19,lib/tests/core/gc-stress.zy,direct
selected,release,0,641914,516,64,4865628,True,"[422, 163, 16, 15]",20,lib/tests/core/gc-stress.zy,baseline
selected,release,0,622497,516,64,4944458,True,"[422, 163, 16, 15]",20,lib/tests/core/gc-stress.zy,trim
selected,release,0,636251,516,64,4672917,True,"[422, 163, 16, 15]",20,lib/tests/core/gc-stress.zy,direct
selected,release,0,626629,516,64,4767289,True,"[422, 163, 16, 15]",20,lib/tests/core/gc-stress.zy,trim_direct
selected,release,0,624255,516,64,4924372,True,"[422, 163, 16, 15]",21,lib/tests/core/gc-stress.zy,trim
selected,release,0,623462,516,64,4746333,True,"[422, 163, 16, 15]",21,lib/tests/core/gc-stress.zy,direct
selected,release,0,640707,516,64,4911420,True,"[422, 163, 16, 15]",21,lib/tests/core/gc-stress.zy,trim_direct
selected,release,0,619789,516,64,4968504,True,"[422, 163, 16, 15]",21,lib/tests/core/gc-stress.zy,baseline
selected,release,0,728920,516,64,4969955,True,"[422, 163, 16, 15]",22,lib/tests/core/gc-stress.zy,direct
selected,release,0,672463,516,64,4806747,True,"[422, 163, 16, 15]",22,lib/tests/core/gc-stress.zy,trim_direct
selected,release,0,619458,516,64,4832623,True,"[422, 163, 16, 15]",22,lib/tests/core/gc-stress.zy,baseline
selected,release,0,639707,516,64,5026375,True,"[422, 163, 16, 15]",22,lib/tests/core/gc-stress.zy,trim
selected,release,0,628670,516,64,4713498,True,"[422, 163, 16, 15]",23,lib/tests/core/gc-stress.zy,trim_direct
selected,release,0,610249,516,64,4860423,True,"[422, 163, 16, 15]",23,lib/tests/core/gc-stress.zy,baseline
selected,release,0,603961,516,64,4968171,True,"[422, 163, 16, 15]",23,lib/tests/core/gc-stress.zy,trim
selected,release,0,620046,516,64,4737756,True,"[422, 163, 16, 15]",23,lib/tests/core/gc-stress.zy,direct
selected,release,0,625456,516,64,4894000,True,"[422, 163, 16, 15]",24,lib/tests/core/gc-stress.zy,baseline
selected,release,0,629621,516,64,4893459,True,"[422, 163, 16, 15]",24,lib/tests/core/gc-stress.zy,trim
selected,release,0,619538,516,64,4818962,True,"[422, 163, 16, 15]",24,lib/tests/core/gc-stress.zy,direct
selected,release,0,613369,516,64,4693502,True,"[422, 163, 16, 15]",24,lib/tests/core/gc-stress.zy,trim_direct
selected,release,0,598294,516,64,4927499,True,"[422, 163, 16, 15]",25,lib/tests/core/gc-stress.zy,trim
selected,release,0,612625,516,64,4748001,True,"[422, 163, 16, 15]",25,lib/tests/core/gc-stress.zy,direct
selected,release,0,604540,516,64,4736246,True,"[422, 163, 16, 15]",25,lib/tests/core/gc-stress.zy,trim_direct
selected,release,0,600621,516,64,4857045,True,"[422, 163, 16, 15]",25,lib/tests/core/gc-stress.zy,baseline
selected,release,0,634131,516,64,4658001,True,"[422, 163, 16, 15]",26,lib/tests/core/gc-stress.zy,direct
selected,release,0,619707,516,64,4734414,True,"[422, 163, 16, 15]",26,lib/tests/core/gc-stress.zy,trim_direct
selected,release,0,615123,516,64,4924960,True,"[422, 163, 16, 15]",26,lib/tests/core/gc-stress.zy,baseline
selected,release,0,608918,516,64,4859040,True,"[422, 163, 16, 15]",26,lib/tests/core/gc-stress.zy,trim
selected,release,0,634663,516,64,4665751,True,"[422, 163, 16, 15]",27,lib/tests/core/gc-stress.zy,trim_direct
selected,release,0,637211,516,64,4863164,True,"[422, 163, 16, 15]",27,lib/tests/core/gc-stress.zy,baseline
selected,release,0,663792,516,64,4967461,True,"[422, 163, 16, 15]",27,lib/tests/core/gc-stress.zy,trim
selected,release,0,648540,516,64,4671131,True,"[422, 163, 16, 15]",27,lib/tests/core/gc-stress.zy,direct
selected,release,0,606331,516,64,4741788,True,"[422, 163, 16, 15]",28,lib/tests/core/gc-stress.zy,baseline
selected,release,0,744413,516,64,5134503,True,"[422, 163, 16, 15]",28,lib/tests/core/gc-stress.zy,trim
selected,release,0,635703,516,64,4882083,True,"[422, 163, 16, 15]",28,lib/tests/core/gc-stress.zy,direct
selected,release,0,697085,516,64,4845170,True,"[422, 163, 16, 15]",28,lib/tests/core/gc-stress.zy,trim_direct
selected,release,0,658585,516,64,4917791,True,"[422, 163, 16, 15]",29,lib/tests/core/gc-stress.zy,trim
selected,release,0,668166,516,64,4680208,True,"[422, 163, 16, 15]",29,lib/tests/core/gc-stress.zy,direct
selected,release,0,632537,516,64,4746040,True,"[422, 163, 16, 15]",29,lib/tests/core/gc-stress.zy,trim_direct
selected,release,0,616916,516,64,4919250,True,"[422, 163, 16, 15]",29,lib/tests/core/gc-stress.zy,baseline
selected,release,0,647750,516,64,4776289,True,"[422, 163, 16, 15]",30,lib/tests/core/gc-stress.zy,direct
selected,release,0,616001,516,64,4658000,True,"[422, 163, 16, 15]",30,lib/tests/core/gc-stress.zy,trim_direct
selected,release,0,612796,516,64,4880961,True,"[422, 163, 16, 15]",30,lib/tests/core/gc-stress.zy,baseline
selected,release,0,597208,516,64,4909627,True,"[422, 163, 16, 15]",30,lib/tests/core/gc-stress.zy,trim
selected,release,0,597833,516,64,4633665,True,"[422, 163, 16, 15]",31,lib/tests/core/gc-stress.zy,trim_direct
selected,release,0,594711,516,64,4776624,True,"[422, 163, 16, 15]",31,lib/tests/core/gc-stress.zy,baseline
selected,release,0,621175,516,64,4854537,True,"[422, 163, 16, 15]",31,lib/tests/core/gc-stress.zy,trim
selected,release,0,619249,516,64,4678834,True,"[422, 163, 16, 15]",31,lib/tests/core/gc-stress.zy,direct
selected,release,1,662540,343,94,5196334,False,"[276, 90, 14, 0]",0,lib/tests/core/fact.zy,baseline
selected,release,1,609292,343,94,5260836,False,"[276, 90, 14, 0]",0,lib/tests/core/fact.zy,trim
selected,release,1,605088,343,94,5084082,False,"[276, 90, 14, 0]",0,lib/tests/core/fact.zy,direct
selected,release,1,544749,343,94,4832417,False,"[276, 90, 14, 0]",0,lib/tests/core/fact.zy,trim_direct
selected,release,1,585044,343,94,5285915,False,"[276, 90, 14, 0]",1,lib/tests/core/fact.zy,trim
selected,release,1,604792,343,94,5088000,False,"[276, 90, 14, 0]",1,lib/tests/core/fact.zy,direct
selected,release,1,570123,343,94,4995625,False,"[276, 90, 14, 0]",1,lib/tests/core/fact.zy,trim_direct
selected,release,1,613370,343,94,5114126,False,"[276, 90, 14, 0]",1,lib/tests/core/fact.zy,baseline
selected,release,1,575162,343,94,4949585,False,"[276, 90, 14, 0]",2,lib/tests/core/fact.zy,direct
selected,release,1,549795,343,94,4876997,False,"[276, 90, 14, 0]",2,lib/tests/core/fact.zy,trim_direct
selected,release,1,574165,343,94,5154792,False,"[276, 90, 14, 0]",2,lib/tests/core/fact.zy,baseline
selected,release,1,567043,343,94,5149287,False,"[276, 90, 14, 0]",2,lib/tests/core/fact.zy,trim
selected,release,1,531958,343,94,4869628,False,"[276, 90, 14, 0]",3,lib/tests/core/fact.zy,trim_direct
selected,release,1,543711,343,94,5074792,False,"[276, 90, 14, 0]",3,lib/tests/core/fact.zy,baseline
selected,release,1,553461,343,94,4988917,False,"[276, 90, 14, 0]",3,lib/tests/core/fact.zy,trim
selected,release,1,560081,343,94,4861795,False,"[276, 90, 14, 0]",3,lib/tests/core/fact.zy,direct
selected,release,1,576539,343,94,5056256,False,"[276, 90, 14, 0]",4,lib/tests/core/fact.zy,baseline
selected,release,1,546671,343,94,5022334,False,"[276, 90, 14, 0]",4,lib/tests/core/fact.zy,trim
selected,release,1,551959,343,94,4884248,False,"[276, 90, 14, 0]",4,lib/tests/core/fact.zy,direct
selected,release,1,568209,343,94,4809799,False,"[276, 90, 14, 0]",4,lib/tests/core/fact.zy,trim_direct
selected,release,1,528879,343,94,5116371,False,"[276, 90, 14, 0]",5,lib/tests/core/fact.zy,trim
selected,release,1,524867,343,94,4875129,False,"[276, 90, 14, 0]",5,lib/tests/core/fact.zy,direct
selected,release,1,551128,343,94,4769122,False,"[276, 90, 14, 0]",5,lib/tests/core/fact.zy,trim_direct
selected,release,1,574588,343,94,5048040,False,"[276, 90, 14, 0]",5,lib/tests/core/fact.zy,baseline
selected,release,1,566541,343,94,4925333,False,"[276, 90, 14, 0]",6,lib/tests/core/fact.zy,direct
selected,release,1,585290,343,94,5050836,False,"[276, 90, 14, 0]",6,lib/tests/core/fact.zy,trim_direct
selected,release,1,588419,343,94,4961129,False,"[276, 90, 14, 0]",6,lib/tests/core/fact.zy,baseline
selected,release,1,577582,343,94,5365086,False,"[276, 90, 14, 0]",6,lib/tests/core/fact.zy,trim
selected,release,1,608288,343,94,5074836,False,"[276, 90, 14, 0]",7,lib/tests/core/fact.zy,trim_direct
selected,release,1,667205,343,94,5907202,False,"[276, 90, 14, 0]",7,lib/tests/core/fact.zy,baseline
selected,release,1,714461,343,94,5793707,False,"[276, 90, 14, 0]",7,lib/tests/core/fact.zy,trim
selected,release,1,620752,343,94,5155371,False,"[276, 90, 14, 0]",7,lib/tests/core/fact.zy,direct
selected,release,1,619626,343,94,5170671,False,"[276, 90, 14, 0]",8,lib/tests/core/fact.zy,baseline
selected,release,1,551626,343,94,4882371,False,"[276, 90, 14, 0]",8,lib/tests/core/fact.zy,trim
selected,release,1,564378,343,94,4964917,False,"[276, 90, 14, 0]",8,lib/tests/core/fact.zy,direct
selected,release,1,556919,343,94,4801494,False,"[276, 90, 14, 0]",8,lib/tests/core/fact.zy,trim_direct
selected,release,1,584037,343,94,4963629,False,"[276, 90, 14, 0]",9,lib/tests/core/fact.zy,trim
selected,release,1,530044,343,94,4915669,False,"[276, 90, 14, 0]",9,lib/tests/core/fact.zy,direct
selected,release,1,584463,343,94,4927457,False,"[276, 90, 14, 0]",9,lib/tests/core/fact.zy,trim_direct
selected,release,1,542039,343,94,4913959,False,"[276, 90, 14, 0]",9,lib/tests/core/fact.zy,baseline
selected,release,1,537164,343,94,4711827,False,"[276, 90, 14, 0]",10,lib/tests/core/fact.zy,direct
selected,release,1,615286,343,94,4825834,False,"[276, 90, 14, 0]",10,lib/tests/core/fact.zy,trim_direct
selected,release,1,544747,343,94,4963786,False,"[276, 90, 14, 0]",10,lib/tests/core/fact.zy,baseline
selected,release,1,540375,343,94,4982708,False,"[276, 90, 14, 0]",10,lib/tests/core/fact.zy,trim
selected,release,1,584505,343,94,4997122,False,"[276, 90, 14, 0]",11,lib/tests/core/fact.zy,trim_direct
selected,release,1,571500,343,94,5126291,False,"[276, 90, 14, 0]",11,lib/tests/core/fact.zy,baseline
selected,release,1,568790,343,94,5000170,False,"[276, 90, 14, 0]",11,lib/tests/core/fact.zy,trim
selected,release,1,574161,343,94,5092005,False,"[276, 90, 14, 0]",11,lib/tests/core/fact.zy,direct
selected,release,1,548664,343,94,5044715,False,"[276, 90, 14, 0]",12,lib/tests/core/fact.zy,baseline
selected,release,1,560414,343,94,4954997,False,"[276, 90, 14, 0]",12,lib/tests/core/fact.zy,trim
selected,release,1,546583,343,94,4780922,False,"[276, 90, 14, 0]",12,lib/tests/core/fact.zy,direct
selected,release,1,608460,343,94,4953381,False,"[276, 90, 14, 0]",12,lib/tests/core/fact.zy,trim_direct
selected,release,1,585830,343,94,5185793,False,"[276, 90, 14, 0]",13,lib/tests/core/fact.zy,trim
selected,release,1,584037,343,94,4868751,False,"[276, 90, 14, 0]",13,lib/tests/core/fact.zy,direct
selected,release,1,551705,343,94,4985373,False,"[276, 90, 14, 0]",13,lib/tests/core/fact.zy,trim_direct
selected,release,1,593169,343,94,5236787,False,"[276, 90, 14, 0]",13,lib/tests/core/fact.zy,baseline
selected,release,1,562252,343,94,4901331,False,"[276, 90, 14, 0]",14,lib/tests/core/fact.zy,direct
selected,release,1,547248,343,94,4841540,False,"[276, 90, 14, 0]",14,lib/tests/core/fact.zy,trim_direct
selected,release,1,523297,343,94,4944416,False,"[276, 90, 14, 0]",14,lib/tests/core/fact.zy,baseline
selected,release,1,569996,343,94,4972497,False,"[276, 90, 14, 0]",14,lib/tests/core/fact.zy,trim
selected,release,1,541336,343,94,4670832,False,"[276, 90, 14, 0]",15,lib/tests/core/fact.zy,trim_direct
selected,release,1,586241,343,94,5012839,False,"[276, 90, 14, 0]",15,lib/tests/core/fact.zy,baseline
selected,release,1,559871,343,94,5047533,False,"[276, 90, 14, 0]",15,lib/tests/core/fact.zy,trim
selected,release,1,559789,343,94,4869000,False,"[276, 90, 14, 0]",15,lib/tests/core/fact.zy,direct
selected,release,1,528464,343,94,4877621,False,"[276, 90, 14, 0]",16,lib/tests/core/fact.zy,baseline
selected,release,1,513747,343,94,4993453,False,"[276, 90, 14, 0]",16,lib/tests/core/fact.zy,trim
selected,release,1,531048,343,94,4941207,False,"[276, 90, 14, 0]",16,lib/tests/core/fact.zy,direct
selected,release,1,557633,343,94,4819082,False,"[276, 90, 14, 0]",16,lib/tests/core/fact.zy,trim_direct
selected,release,1,539174,343,94,4973412,False,"[276, 90, 14, 0]",17,lib/tests/core/fact.zy,trim
selected,release,1,536999,343,94,4733171,False,"[276, 90, 14, 0]",17,lib/tests/core/fact.zy,direct
selected,release,1,541587,343,94,4798914,False,"[276, 90, 14, 0]",17,lib/tests/core/fact.zy,trim_direct
selected,release,1,551585,343,94,5086004,False,"[276, 90, 14, 0]",17,lib/tests/core/fact.zy,baseline
selected,release,1,555462,343,94,4815454,False,"[276, 90, 14, 0]",18,lib/tests/core/fact.zy,direct
selected,release,1,597872,343,94,4832533,False,"[276, 90, 14, 0]",18,lib/tests/core/fact.zy,trim_direct
selected,release,1,539502,343,94,4931757,False,"[276, 90, 14, 0]",18,lib/tests/core/fact.zy,baseline
selected,release,1,526458,343,94,4888458,False,"[276, 90, 14, 0]",18,lib/tests/core/fact.zy,trim
selected,release,1,557789,343,94,4824708,False,"[276, 90, 14, 0]",19,lib/tests/core/fact.zy,trim_direct
selected,release,1,521790,343,94,4913586,False,"[276, 90, 14, 0]",19,lib/tests/core/fact.zy,baseline
selected,release,1,509913,343,94,4829792,False,"[276, 90, 14, 0]",19,lib/tests/core/fact.zy,trim
selected,release,1,542290,343,94,4770049,False,"[276, 90, 14, 0]",19,lib/tests/core/fact.zy,direct
selected,release,1,546410,343,94,4941965,False,"[276, 90, 14, 0]",20,lib/tests/core/fact.zy,baseline
selected,release,1,574960,343,94,5068297,False,"[276, 90, 14, 0]",20,lib/tests/core/fact.zy,trim
selected,release,1,670916,343,94,5292583,False,"[276, 90, 14, 0]",20,lib/tests/core/fact.zy,direct
selected,release,1,570462,343,94,4931886,False,"[276, 90, 14, 0]",20,lib/tests/core/fact.zy,trim_direct
selected,release,1,555216,343,94,4939207,False,"[276, 90, 14, 0]",21,lib/tests/core/fact.zy,trim
selected,release,1,589204,343,94,4912454,False,"[276, 90, 14, 0]",21,lib/tests/core/fact.zy,direct
selected,release,1,529627,343,94,4811747,False,"[276, 90, 14, 0]",21,lib/tests/core/fact.zy,trim_direct
selected,release,1,559666,343,94,5171130,False,"[276, 90, 14, 0]",21,lib/tests/core/fact.zy,baseline
selected,release,1,552750,343,94,4942711,False,"[276, 90, 14, 0]",22,lib/tests/core/fact.zy,direct
selected,release,1,578876,343,94,4770581,False,"[276, 90, 14, 0]",22,lib/tests/core/fact.zy,trim_direct
selected,release,1,549785,343,94,4973033,False,"[276, 90, 14, 0]",22,lib/tests/core/fact.zy,baseline
selected,release,1,585669,343,94,5028577,False,"[276, 90, 14, 0]",22,lib/tests/core/fact.zy,trim
selected,release,1,558205,343,94,4899457,False,"[276, 90, 14, 0]",23,lib/tests/core/fact.zy,trim_direct
selected,release,1,526164,343,94,4900208,False,"[276, 90, 14, 0]",23,lib/tests/core/fact.zy,baseline
selected,release,1,562212,343,94,4970335,False,"[276, 90, 14, 0]",23,lib/tests/core/fact.zy,trim
selected,release,1,551547,343,94,4867337,False,"[276, 90, 14, 0]",23,lib/tests/core/fact.zy,direct
selected,release,1,548960,343,94,4994368,False,"[276, 90, 14, 0]",24,lib/tests/core/fact.zy,baseline
selected,release,1,545575,343,94,4962088,False,"[276, 90, 14, 0]",24,lib/tests/core/fact.zy,trim
selected,release,1,548418,343,94,4776580,False,"[276, 90, 14, 0]",24,lib/tests/core/fact.zy,direct
selected,release,1,533630,343,94,4704085,False,"[276, 90, 14, 0]",24,lib/tests/core/fact.zy,trim_direct
selected,release,1,600501,343,94,5020793,False,"[276, 90, 14, 0]",25,lib/tests/core/fact.zy,trim
selected,release,1,527713,343,94,4699831,False,"[276, 90, 14, 0]",25,lib/tests/core/fact.zy,direct
selected,release,1,543254,343,94,4711708,False,"[276, 90, 14, 0]",25,lib/tests/core/fact.zy,trim_direct
selected,release,1,553039,343,94,4939126,False,"[276, 90, 14, 0]",25,lib/tests/core/fact.zy,baseline
selected,release,1,552874,343,94,4748793,False,"[276, 90, 14, 0]",26,lib/tests/core/fact.zy,direct
selected,release,1,531075,343,94,4749083,False,"[276, 90, 14, 0]",26,lib/tests/core/fact.zy,trim_direct
selected,release,1,569207,343,94,5052625,False,"[276, 90, 14, 0]",26,lib/tests/core/fact.zy,baseline
selected,release,1,527042,343,94,5004954,False,"[276, 90, 14, 0]",26,lib/tests/core/fact.zy,trim
selected,release,1,579705,343,94,4801330,False,"[276, 90, 14, 0]",27,lib/tests/core/fact.zy,trim_direct
selected,release,1,605340,343,94,5099369,False,"[276, 90, 14, 0]",27,lib/tests/core/fact.zy,baseline
selected,release,1,563292,343,94,5057590,False,"[276, 90, 14, 0]",27,lib/tests/core/fact.zy,trim
selected,release,1,548621,343,94,4894958,False,"[276, 90, 14, 0]",27,lib/tests/core/fact.zy,direct
selected,release,1,600956,343,94,5167699,False,"[276, 90, 14, 0]",28,lib/tests/core/fact.zy,baseline
selected,release,1,554165,343,94,5065664,False,"[276, 90, 14, 0]",28,lib/tests/core/fact.zy,trim
selected,release,1,575419,343,94,4963631,False,"[276, 90, 14, 0]",28,lib/tests/core/fact.zy,direct
selected,release,1,586712,343,94,4900295,False,"[276, 90, 14, 0]",28,lib/tests/core/fact.zy,trim_direct
selected,release,1,556835,343,94,5017202,False,"[276, 90, 14, 0]",29,lib/tests/core/fact.zy,trim
selected,release,1,585289,343,94,4952205,False,"[276, 90, 14, 0]",29,lib/tests/core/fact.zy,direct
selected,release,1,569374,343,94,4833955,False,"[276, 90, 14, 0]",29,lib/tests/core/fact.zy,trim_direct
selected,release,1,568997,343,94,5140628,False,"[276, 90, 14, 0]",29,lib/tests/core/fact.zy,baseline
selected,release,1,566667,343,94,4980131,False,"[276, 90, 14, 0]",30,lib/tests/core/fact.zy,direct
selected,release,1,546377,343,94,4866673,False,"[276, 90, 14, 0]",30,lib/tests/core/fact.zy,trim_direct
selected,release,1,572795,343,94,5003500,False,"[276, 90, 14, 0]",30,lib/tests/core/fact.zy,baseline
selected,release,1,584627,343,94,4970502,False,"[276, 90, 14, 0]",30,lib/tests/core/fact.zy,trim
selected,release,1,575456,343,94,4812003,False,"[276, 90, 14, 0]",31,lib/tests/core/fact.zy,trim_direct
selected,release,1,558917,343,94,4892667,False,"[276, 90, 14, 0]",31,lib/tests/core/fact.zy,baseline
selected,release,1,580707,343,94,4990041,False,"[276, 90, 14, 0]",31,lib/tests/core/fact.zy,trim
selected,release,1,572503,343,94,4945455,False,"[276, 90, 14, 0]",31,lib/tests/core/fact.zy,direct
selected,release,1,633380,343,100,5087534,True,"[265, 89, 14, 13]",0,lib/tests/core/fact.zy,baseline
selected,release,1,627454,343,100,5128458,True,"[265, 89, 14, 13]",0,lib/tests/core/fact.zy,trim
selected,release,1,619001,343,100,4891044,True,"[265, 89, 14, 13]",0,lib/tests/core/fact.zy,direct
selected,release,1,639665,343,100,4988004,True,"[265, 89, 14, 13]",0,lib/tests/core/fact.zy,trim_direct
selected,release,1,731955,343,100,5379461,True,"[265, 89, 14, 13]",1,lib/tests/core/fact.zy,trim
selected,release,1,593628,343,100,5052664,True,"[265, 89, 14, 13]",1,lib/tests/core/fact.zy,direct
selected,release,1,610204,343,100,4833463,True,"[265, 89, 14, 13]",1,lib/tests/core/fact.zy,trim_direct
selected,release,1,634044,343,100,5159167,True,"[265, 89, 14, 13]",1,lib/tests/core/fact.zy,baseline
selected,release,1,572621,343,100,4941703,True,"[265, 89, 14, 13]",2,lib/tests/core/fact.zy,direct
selected,release,1,569126,343,100,4959283,True,"[265, 89, 14, 13]",2,lib/tests/core/fact.zy,trim_direct
selected,release,1,565877,343,100,5071041,True,"[265, 89, 14, 13]",2,lib/tests/core/fact.zy,baseline
selected,release,1,587791,343,100,5123337,True,"[265, 89, 14, 13]",2,lib/tests/core/fact.zy,trim
selected,release,1,639537,343,100,4919912,True,"[265, 89, 14, 13]",3,lib/tests/core/fact.zy,trim_direct
selected,release,1,623584,343,100,5204630,True,"[265, 89, 14, 13]",3,lib/tests/core/fact.zy,baseline
selected,release,1,579834,343,100,5161584,True,"[265, 89, 14, 13]",3,lib/tests/core/fact.zy,trim
selected,release,1,582788,343,100,5008786,True,"[265, 89, 14, 13]",3,lib/tests/core/fact.zy,direct
selected,release,1,577332,343,100,5120212,True,"[265, 89, 14, 13]",4,lib/tests/core/fact.zy,baseline
selected,release,1,579074,343,100,4978752,True,"[265, 89, 14, 13]",4,lib/tests/core/fact.zy,trim
selected,release,1,616586,343,100,5113500,True,"[265, 89, 14, 13]",4,lib/tests/core/fact.zy,direct
selected,release,1,569130,343,100,4783500,True,"[265, 89, 14, 13]",4,lib/tests/core/fact.zy,trim_direct
selected,release,1,567423,343,100,5115788,True,"[265, 89, 14, 13]",5,lib/tests/core/fact.zy,trim
selected,release,1,584955,343,100,4991300,True,"[265, 89, 14, 13]",5,lib/tests/core/fact.zy,direct
selected,release,1,607198,343,100,4993798,True,"[265, 89, 14, 13]",5,lib/tests/core/fact.zy,trim_direct
selected,release,1,573921,343,100,5081833,True,"[265, 89, 14, 13]",5,lib/tests/core/fact.zy,baseline
selected,release,1,575248,343,100,4919045,True,"[265, 89, 14, 13]",6,lib/tests/core/fact.zy,direct
selected,release,1,555459,343,100,4728753,True,"[265, 89, 14, 13]",6,lib/tests/core/fact.zy,trim_direct
selected,release,1,575336,343,100,4980412,True,"[265, 89, 14, 13]",6,lib/tests/core/fact.zy,baseline
selected,release,1,571164,343,100,4939748,True,"[265, 89, 14, 13]",6,lib/tests/core/fact.zy,trim
selected,release,1,653663,343,100,5006122,True,"[265, 89, 14, 13]",7,lib/tests/core/fact.zy,trim_direct
selected,release,1,586205,343,100,5176629,True,"[265, 89, 14, 13]",7,lib/tests/core/fact.zy,baseline
selected,release,1,610462,343,100,5208877,True,"[265, 89, 14, 13]",7,lib/tests/core/fact.zy,trim
selected,release,1,631913,343,100,5136083,True,"[265, 89, 14, 13]",7,lib/tests/core/fact.zy,direct
selected,release,1,602250,343,100,5242370,True,"[265, 89, 14, 13]",8,lib/tests/core/fact.zy,baseline
selected,release,1,596915,343,100,5154247,True,"[265, 89, 14, 13]",8,lib/tests/core/fact.zy,trim
selected,release,1,568750,343,100,5003169,True,"[265, 89, 14, 13]",8,lib/tests/core/fact.zy,direct
selected,release,1,560415,343,100,4766338,True,"[265, 89, 14, 13]",8,lib/tests/core/fact.zy,trim_direct
selected,release,1,579500,343,100,5090256,True,"[265, 89, 14, 13]",9,lib/tests/core/fact.zy,trim
selected,release,1,576712,343,100,5026211,True,"[265, 89, 14, 13]",9,lib/tests/core/fact.zy,direct
selected,release,1,594541,343,100,4942417,True,"[265, 89, 14, 13]",9,lib/tests/core/fact.zy,trim_direct
selected,release,1,593665,343,100,5050081,True,"[265, 89, 14, 13]",9,lib/tests/core/fact.zy,baseline
selected,release,1,590543,343,100,5019830,True,"[265, 89, 14, 13]",10,lib/tests/core/fact.zy,direct
selected,release,1,594627,343,100,4974752,True,"[265, 89, 14, 13]",10,lib/tests/core/fact.zy,trim_direct
selected,release,1,566167,343,100,5106457,True,"[265, 89, 14, 13]",10,lib/tests/core/fact.zy,baseline
selected,release,1,570081,343,100,5067704,True,"[265, 89, 14, 13]",10,lib/tests/core/fact.zy,trim
selected,release,1,621002,343,100,5075124,True,"[265, 89, 14, 13]",11,lib/tests/core/fact.zy,trim_direct
selected,release,1,580205,343,100,5178090,True,"[265, 89, 14, 13]",11,lib/tests/core/fact.zy,baseline
selected,release,1,582795,343,100,5150412,True,"[265, 89, 14, 13]",11,lib/tests/core/fact.zy,trim
selected,release,1,586831,343,100,4996626,True,"[265, 89, 14, 13]",11,lib/tests/core/fact.zy,direct
selected,release,1,570377,343,100,5113129,True,"[265, 89, 14, 13]",12,lib/tests/core/fact.zy,baseline
selected,release,1,582754,343,100,5115918,True,"[265, 89, 14, 13]",12,lib/tests/core/fact.zy,trim
selected,release,1,596454,343,100,5051290,True,"[265, 89, 14, 13]",12,lib/tests/core/fact.zy,direct
selected,release,1,575374,343,100,4868127,True,"[265, 89, 14, 13]",12,lib/tests/core/fact.zy,trim_direct
selected,release,1,559831,343,100,4985916,True,"[265, 89, 14, 13]",13,lib/tests/core/fact.zy,trim
selected,release,1,567581,343,100,4983378,True,"[265, 89, 14, 13]",13,lib/tests/core/fact.zy,direct
selected,release,1,651741,343,100,5268542,True,"[265, 89, 14, 13]",13,lib/tests/core/fact.zy,trim_direct
selected,release,1,635330,343,100,5188455,True,"[265, 89, 14, 13]",13,lib/tests/core/fact.zy,baseline
selected,release,1,565468,343,100,4952582,True,"[265, 89, 14, 13]",14,lib/tests/core/fact.zy,direct
selected,release,1,631250,343,100,4975418,True,"[265, 89, 14, 13]",14,lib/tests/core/fact.zy,trim_direct
selected,release,1,571417,343,100,5054999,True,"[265, 89, 14, 13]",14,lib/tests/core/fact.zy,baseline
selected,release,1,570747,343,100,5031961,True,"[265, 89, 14, 13]",14,lib/tests/core/fact.zy,trim
selected,release,1,676042,343,100,5225251,True,"[265, 89, 14, 13]",15,lib/tests/core/fact.zy,trim_direct
selected,release,1,578079,343,100,5142751,True,"[265, 89, 14, 13]",15,lib/tests/core/fact.zy,baseline
selected,release,1,579210,343,100,5100246,True,"[265, 89, 14, 13]",15,lib/tests/core/fact.zy,trim
selected,release,1,588748,343,100,4996121,True,"[265, 89, 14, 13]",15,lib/tests/core/fact.zy,direct
selected,release,1,600456,343,100,5161955,True,"[265, 89, 14, 13]",16,lib/tests/core/fact.zy,baseline
selected,release,1,577793,343,100,5263047,True,"[265, 89, 14, 13]",16,lib/tests/core/fact.zy,trim
selected,release,1,577288,343,100,5055994,True,"[265, 89, 14, 13]",16,lib/tests/core/fact.zy,direct
selected,release,1,599709,343,100,5023338,True,"[265, 89, 14, 13]",16,lib/tests/core/fact.zy,trim_direct
selected,release,1,623581,343,100,5182339,True,"[265, 89, 14, 13]",17,lib/tests/core/fact.zy,trim
selected,release,1,564458,343,100,4971124,True,"[265, 89, 14, 13]",17,lib/tests/core/fact.zy,direct
selected,release,1,577581,343,100,4989208,True,"[265, 89, 14, 13]",17,lib/tests/core/fact.zy,trim_direct
selected,release,1,623494,343,100,5095167,True,"[265, 89, 14, 13]",17,lib/tests/core/fact.zy,baseline
selected,release,1,590330,343,100,5065003,True,"[265, 89, 14, 13]",18,lib/tests/core/fact.zy,direct
selected,release,1,576540,343,100,4974378,True,"[265, 89, 14, 13]",18,lib/tests/core/fact.zy,trim_direct
selected,release,1,574793,343,100,5047667,True,"[265, 89, 14, 13]",18,lib/tests/core/fact.zy,baseline
selected,release,1,583541,343,100,5076291,True,"[265, 89, 14, 13]",18,lib/tests/core/fact.zy,trim
selected,release,1,583213,343,100,4955206,True,"[265, 89, 14, 13]",19,lib/tests/core/fact.zy,trim_direct
selected,release,1,572996,343,100,5066710,True,"[265, 89, 14, 13]",19,lib/tests/core/fact.zy,baseline
selected,release,1,571919,343,100,5077497,True,"[265, 89, 14, 13]",19,lib/tests/core/fact.zy,trim
selected,release,1,622206,343,100,5146038,True,"[265, 89, 14, 13]",19,lib/tests/core/fact.zy,direct
selected,release,1,586834,343,100,5156536,True,"[265, 89, 14, 13]",20,lib/tests/core/fact.zy,baseline
selected,release,1,599752,343,100,5073961,True,"[265, 89, 14, 13]",20,lib/tests/core/fact.zy,trim
selected,release,1,568707,343,100,4938918,True,"[265, 89, 14, 13]",20,lib/tests/core/fact.zy,direct
selected,release,1,577959,343,100,4924839,True,"[265, 89, 14, 13]",20,lib/tests/core/fact.zy,trim_direct
selected,release,1,591744,343,100,5076505,True,"[265, 89, 14, 13]",21,lib/tests/core/fact.zy,trim
selected,release,1,557422,343,100,4881833,True,"[265, 89, 14, 13]",21,lib/tests/core/fact.zy,direct
selected,release,1,630839,343,100,4943325,True,"[265, 89, 14, 13]",21,lib/tests/core/fact.zy,trim_direct
selected,release,1,568666,343,100,5055500,True,"[265, 89, 14, 13]",21,lib/tests/core/fact.zy,baseline
selected,release,1,568166,343,100,4938831,True,"[265, 89, 14, 13]",22,lib/tests/core/fact.zy,direct
selected,release,1,548499,343,100,4660170,True,"[265, 89, 14, 13]",22,lib/tests/core/fact.zy,trim_direct
selected,release,1,584671,343,100,5099459,True,"[265, 89, 14, 13]",22,lib/tests/core/fact.zy,baseline
selected,release,1,586840,343,100,5127000,True,"[265, 89, 14, 13]",22,lib/tests/core/fact.zy,trim
selected,release,1,565169,343,100,4898084,True,"[265, 89, 14, 13]",23,lib/tests/core/fact.zy,trim_direct
selected,release,1,574416,343,100,5151671,True,"[265, 89, 14, 13]",23,lib/tests/core/fact.zy,baseline
selected,release,1,556077,343,100,4977209,True,"[265, 89, 14, 13]",23,lib/tests/core/fact.zy,trim
selected,release,1,597408,343,100,4854213,True,"[265, 89, 14, 13]",23,lib/tests/core/fact.zy,direct
selected,release,1,573869,343,100,5104081,True,"[265, 89, 14, 13]",24,lib/tests/core/fact.zy,baseline
selected,release,1,569122,343,100,5044869,True,"[265, 89, 14, 13]",24,lib/tests/core/fact.zy,trim
selected,release,1,561881,343,100,5038962,True,"[265, 89, 14, 13]",24,lib/tests/core/fact.zy,direct
selected,release,1,595412,343,100,5131458,True,"[265, 89, 14, 13]",24,lib/tests/core/fact.zy,trim_direct
selected,release,1,593415,343,100,5120332,True,"[265, 89, 14, 13]",25,lib/tests/core/fact.zy,trim
selected,release,1,554830,343,100,4776793,True,"[265, 89, 14, 13]",25,lib/tests/core/fact.zy,direct
selected,release,1,580252,343,100,4909450,True,"[265, 89, 14, 13]",25,lib/tests/core/fact.zy,trim_direct
selected,release,1,568379,343,100,5199539,True,"[265, 89, 14, 13]",25,lib/tests/core/fact.zy,baseline
selected,release,1,628878,343,100,5159872,True,"[265, 89, 14, 13]",26,lib/tests/core/fact.zy,direct
selected,release,1,575372,343,100,4981954,True,"[265, 89, 14, 13]",26,lib/tests/core/fact.zy,trim_direct
selected,release,1,577875,343,100,5167296,True,"[265, 89, 14, 13]",26,lib/tests/core/fact.zy,baseline
selected,release,1,644092,343,100,5086668,True,"[265, 89, 14, 13]",26,lib/tests/core/fact.zy,trim
selected,release,1,566833,343,100,4946835,True,"[265, 89, 14, 13]",27,lib/tests/core/fact.zy,trim_direct
selected,release,1,573540,343,100,5093451,True,"[265, 89, 14, 13]",27,lib/tests/core/fact.zy,baseline
selected,release,1,564496,343,100,5027125,True,"[265, 89, 14, 13]",27,lib/tests/core/fact.zy,trim
selected,release,1,573541,343,100,4947750,True,"[265, 89, 14, 13]",27,lib/tests/core/fact.zy,direct
selected,release,1,570708,343,100,5066955,True,"[265, 89, 14, 13]",28,lib/tests/core/fact.zy,baseline
selected,release,1,554880,343,100,5067878,True,"[265, 89, 14, 13]",28,lib/tests/core/fact.zy,trim
selected,release,1,566288,343,100,4949288,True,"[265, 89, 14, 13]",28,lib/tests/core/fact.zy,direct
selected,release,1,563295,343,100,4856582,True,"[265, 89, 14, 13]",28,lib/tests/core/fact.zy,trim_direct
selected,release,1,563665,343,100,5142249,True,"[265, 89, 14, 13]",29,lib/tests/core/fact.zy,trim
selected,release,1,548125,343,100,4923747,True,"[265, 89, 14, 13]",29,lib/tests/core/fact.zy,direct
selected,release,1,556503,343,100,4852785,True,"[265, 89, 14, 13]",29,lib/tests/core/fact.zy,trim_direct
selected,release,1,567033,343,100,5009293,True,"[265, 89, 14, 13]",29,lib/tests/core/fact.zy,baseline
selected,release,1,568955,343,100,4946251,True,"[265, 89, 14, 13]",30,lib/tests/core/fact.zy,direct
selected,release,1,578255,343,100,4866997,True,"[265, 89, 14, 13]",30,lib/tests/core/fact.zy,trim_direct
selected,release,1,572544,343,100,5130046,True,"[265, 89, 14, 13]",30,lib/tests/core/fact.zy,baseline
selected,release,1,563125,343,100,5021042,True,"[265, 89, 14, 13]",30,lib/tests/core/fact.zy,trim
selected,release,1,564083,343,100,4836129,True,"[265, 89, 14, 13]",31,lib/tests/core/fact.zy,trim_direct
selected,release,1,552617,343,100,5034580,True,"[265, 89, 14, 13]",31,lib/tests/core/fact.zy,baseline
selected,release,1,543050,343,100,4977876,True,"[265, 89, 14, 13]",31,lib/tests/core/fact.zy,trim
selected,release,1,564963,343,100,4844167,True,"[265, 89, 14, 13]",31,lib/tests/core/fact.zy,direct
selected,release,1,63509,4,1024,316049,False,"[2, 0, 0, 0]",0,lib/tests/core/pattern-alias.zy,baseline
selected,release,1,65276,4,1024,339536,False,"[2, 0, 0, 0]",0,lib/tests/core/pattern-alias.zy,trim
selected,release,1,61243,4,1024,326963,False,"[2, 0, 0, 0]",0,lib/tests/core/pattern-alias.zy,direct
selected,release,1,73962,4,1024,318214,False,"[2, 0, 0, 0]",0,lib/tests/core/pattern-alias.zy,trim_direct
selected,release,1,58115,4,1024,338879,False,"[2, 0, 0, 0]",1,lib/tests/core/pattern-alias.zy,trim
selected,release,1,59212,4,1024,316658,False,"[2, 0, 0, 0]",1,lib/tests/core/pattern-alias.zy,direct
selected,release,1,64201,4,1024,329457,False,"[2, 0, 0, 0]",1,lib/tests/core/pattern-alias.zy,trim_direct
selected,release,1,64336,4,1024,333817,False,"[2, 0, 0, 0]",1,lib/tests/core/pattern-alias.zy,baseline
selected,release,1,63461,4,1024,330992,False,"[2, 0, 0, 0]",2,lib/tests/core/pattern-alias.zy,direct
selected,release,1,65279,4,1024,336731,False,"[2, 0, 0, 0]",2,lib/tests/core/pattern-alias.zy,trim_direct
selected,release,1,72884,4,1024,313423,False,"[2, 0, 0, 0]",2,lib/tests/core/pattern-alias.zy,baseline
selected,release,1,63298,4,1024,319617,False,"[2, 0, 0, 0]",2,lib/tests/core/pattern-alias.zy,trim
selected,release,1,63823,4,1024,322936,False,"[2, 0, 0, 0]",3,lib/tests/core/pattern-alias.zy,trim_direct
selected,release,1,63796,4,1024,323873,False,"[2, 0, 0, 0]",3,lib/tests/core/pattern-alias.zy,baseline
selected,release,1,69832,4,1024,323669,False,"[2, 0, 0, 0]",3,lib/tests/core/pattern-alias.zy,trim
selected,release,1,65203,4,1024,325418,False,"[2, 0, 0, 0]",3,lib/tests/core/pattern-alias.zy,direct
selected,release,1,63581,4,1024,312424,False,"[2, 0, 0, 0]",4,lib/tests/core/pattern-alias.zy,baseline
selected,release,1,62421,4,1024,313246,False,"[2, 0, 0, 0]",4,lib/tests/core/pattern-alias.zy,trim
selected,release,1,64870,4,1024,323581,False,"[2, 0, 0, 0]",4,lib/tests/core/pattern-alias.zy,direct
selected,release,1,64326,4,1024,367197,False,"[2, 0, 0, 0]",4,lib/tests/core/pattern-alias.zy,trim_direct
selected,release,1,61117,4,1024,328997,False,"[2, 0, 0, 0]",5,lib/tests/core/pattern-alias.zy,trim
selected,release,1,64503,4,1024,319672,False,"[2, 0, 0, 0]",5,lib/tests/core/pattern-alias.zy,direct
selected,release,1,61590,4,1024,317924,False,"[2, 0, 0, 0]",5,lib/tests/core/pattern-alias.zy,trim_direct
selected,release,1,62790,4,1024,307443,False,"[2, 0, 0, 0]",5,lib/tests/core/pattern-alias.zy,baseline
selected,release,1,63367,4,1024,318960,False,"[2, 0, 0, 0]",6,lib/tests/core/pattern-alias.zy,direct
selected,release,1,63946,4,1024,343662,False,"[2, 0, 0, 0]",6,lib/tests/core/pattern-alias.zy,trim_direct
selected,release,1,62949,4,1024,323324,False,"[2, 0, 0, 0]",6,lib/tests/core/pattern-alias.zy,baseline
selected,release,1,62818,4,1024,311513,False,"[2, 0, 0, 0]",6,lib/tests/core/pattern-alias.zy,trim
selected,release,1,65165,4,1024,338721,False,"[2, 0, 0, 0]",7,lib/tests/core/pattern-alias.zy,trim_direct
selected,release,1,63965,4,1024,330336,False,"[2, 0, 0, 0]",7,lib/tests/core/pattern-alias.zy,baseline
selected,release,1,62490,4,1024,323375,False,"[2, 0, 0, 0]",7,lib/tests/core/pattern-alias.zy,trim
selected,release,1,62900,4,1024,312786,False,"[2, 0, 0, 0]",7,lib/tests/core/pattern-alias.zy,direct
selected,release,1,63545,4,1024,332077,False,"[2, 0, 0, 0]",8,lib/tests/core/pattern-alias.zy,baseline
selected,release,1,89817,4,1024,397458,False,"[2, 0, 0, 0]",8,lib/tests/core/pattern-alias.zy,trim
selected,release,1,62163,4,1024,341341,False,"[2, 0, 0, 0]",8,lib/tests/core/pattern-alias.zy,direct
selected,release,1,59844,4,1024,318912,False,"[2, 0, 0, 0]",8,lib/tests/core/pattern-alias.zy,trim_direct
selected,release,1,68890,4,1024,336351,False,"[2, 0, 0, 0]",9,lib/tests/core/pattern-alias.zy,trim
selected,release,1,60759,4,1024,343429,False,"[2, 0, 0, 0]",9,lib/tests/core/pattern-alias.zy,direct
selected,release,1,60974,4,1024,334825,False,"[2, 0, 0, 0]",9,lib/tests/core/pattern-alias.zy,trim_direct
selected,release,1,59310,4,1024,306586,False,"[2, 0, 0, 0]",9,lib/tests/core/pattern-alias.zy,baseline
selected,release,1,66166,4,1024,318663,False,"[2, 0, 0, 0]",10,lib/tests/core/pattern-alias.zy,direct
selected,release,1,71365,4,1024,335483,False,"[2, 0, 0, 0]",10,lib/tests/core/pattern-alias.zy,trim_direct
selected,release,1,59779,4,1024,295592,False,"[2, 0, 0, 0]",10,lib/tests/core/pattern-alias.zy,baseline
selected,release,1,61867,4,1024,311667,False,"[2, 0, 0, 0]",10,lib/tests/core/pattern-alias.zy,trim
selected,release,1,64003,4,1024,313345,False,"[2, 0, 0, 0]",11,lib/tests/core/pattern-alias.zy,trim_direct
selected,release,1,63785,4,1024,304763,False,"[2, 0, 0, 0]",11,lib/tests/core/pattern-alias.zy,baseline
selected,release,1,63628,4,1024,322898,False,"[2, 0, 0, 0]",11,lib/tests/core/pattern-alias.zy,trim
selected,release,1,66323,4,1024,331715,False,"[2, 0, 0, 0]",11,lib/tests/core/pattern-alias.zy,direct
selected,release,1,59006,4,1024,303351,False,"[2, 0, 0, 0]",12,lib/tests/core/pattern-alias.zy,baseline
selected,release,1,57911,4,1024,303914,False,"[2, 0, 0, 0]",12,lib/tests/core/pattern-alias.zy,trim
selected,release,1,56211,4,1024,297079,False,"[2, 0, 0, 0]",12,lib/tests/core/pattern-alias.zy,direct
selected,release,1,64998,4,1024,310123,False,"[2, 0, 0, 0]",12,lib/tests/core/pattern-alias.zy,trim_direct
selected,release,1,59214,4,1024,311959,False,"[2, 0, 0, 0]",13,lib/tests/core/pattern-alias.zy,trim
selected,release,1,59786,4,1024,321120,False,"[2, 0, 0, 0]",13,lib/tests/core/pattern-alias.zy,direct
selected,release,1,59713,4,1024,316675,False,"[2, 0, 0, 0]",13,lib/tests/core/pattern-alias.zy,trim_direct
selected,release,1,61662,4,1024,305001,False,"[2, 0, 0, 0]",13,lib/tests/core/pattern-alias.zy,baseline
selected,release,1,60621,4,1024,319683,False,"[2, 0, 0, 0]",14,lib/tests/core/pattern-alias.zy,direct
selected,release,1,60361,4,1024,315664,False,"[2, 0, 0, 0]",14,lib/tests/core/pattern-alias.zy,trim_direct
selected,release,1,69637,4,1024,326271,False,"[2, 0, 0, 0]",14,lib/tests/core/pattern-alias.zy,baseline
selected,release,1,58455,4,1024,319583,False,"[2, 0, 0, 0]",14,lib/tests/core/pattern-alias.zy,trim
selected,release,1,62432,4,1024,318154,False,"[2, 0, 0, 0]",15,lib/tests/core/pattern-alias.zy,trim_direct
selected,release,1,60864,4,1024,317787,False,"[2, 0, 0, 0]",15,lib/tests/core/pattern-alias.zy,baseline
selected,release,1,60591,4,1024,310751,False,"[2, 0, 0, 0]",15,lib/tests/core/pattern-alias.zy,trim
selected,release,1,58411,4,1024,316747,False,"[2, 0, 0, 0]",15,lib/tests/core/pattern-alias.zy,direct
selected,release,1,60277,4,1024,331204,False,"[2, 0, 0, 0]",16,lib/tests/core/pattern-alias.zy,baseline
selected,release,1,62121,4,1024,310616,False,"[2, 0, 0, 0]",16,lib/tests/core/pattern-alias.zy,trim
selected,release,1,60662,4,1024,325410,False,"[2, 0, 0, 0]",16,lib/tests/core/pattern-alias.zy,direct
selected,release,1,59132,4,1024,314336,False,"[2, 0, 0, 0]",16,lib/tests/core/pattern-alias.zy,trim_direct
selected,release,1,60241,4,1024,309675,False,"[2, 0, 0, 0]",17,lib/tests/core/pattern-alias.zy,trim
selected,release,1,56069,4,1024,293995,False,"[2, 0, 0, 0]",17,lib/tests/core/pattern-alias.zy,direct
selected,release,1,60428,4,1024,313791,False,"[2, 0, 0, 0]",17,lib/tests/core/pattern-alias.zy,trim_direct
selected,release,1,59698,4,1024,300720,False,"[2, 0, 0, 0]",17,lib/tests/core/pattern-alias.zy,baseline
selected,release,1,63117,4,1024,333958,False,"[2, 0, 0, 0]",18,lib/tests/core/pattern-alias.zy,direct
selected,release,1,58529,4,1024,320712,False,"[2, 0, 0, 0]",18,lib/tests/core/pattern-alias.zy,trim_direct
selected,release,1,61120,4,1024,310163,False,"[2, 0, 0, 0]",18,lib/tests/core/pattern-alias.zy,baseline
selected,release,1,64704,4,1024,321171,False,"[2, 0, 0, 0]",18,lib/tests/core/pattern-alias.zy,trim
selected,release,1,61631,4,1024,322129,False,"[2, 0, 0, 0]",19,lib/tests/core/pattern-alias.zy,trim_direct
selected,release,1,60664,4,1024,307324,False,"[2, 0, 0, 0]",19,lib/tests/core/pattern-alias.zy,baseline
selected,release,1,61495,4,1024,320614,False,"[2, 0, 0, 0]",19,lib/tests/core/pattern-alias.zy,trim
selected,release,1,59806,4,1024,316043,False,"[2, 0, 0, 0]",19,lib/tests/core/pattern-alias.zy,direct
selected,release,1,59795,4,1024,304469,False,"[2, 0, 0, 0]",20,lib/tests/core/pattern-alias.zy,baseline
selected,release,1,67190,4,1024,338756,False,"[2, 0, 0, 0]",20,lib/tests/core/pattern-alias.zy,trim
selected,release,1,69039,4,1024,334411,False,"[2, 0, 0, 0]",20,lib/tests/core/pattern-alias.zy,direct
selected,release,1,61749,4,1024,321127,False,"[2, 0, 0, 0]",20,lib/tests/core/pattern-alias.zy,trim_direct
selected,release,1,60858,4,1024,317997,False,"[2, 0, 0, 0]",21,lib/tests/core/pattern-alias.zy,trim
selected,release,1,60684,4,1024,316630,False,"[2, 0, 0, 0]",21,lib/tests/core/pattern-alias.zy,direct
selected,release,1,65694,4,1024,350904,False,"[2, 0, 0, 0]",21,lib/tests/core/pattern-alias.zy,trim_direct
selected,release,1,67037,4,1024,312434,False,"[2, 0, 0, 0]",21,lib/tests/core/pattern-alias.zy,baseline
selected,release,1,63943,4,1024,321072,False,"[2, 0, 0, 0]",22,lib/tests/core/pattern-alias.zy,direct
selected,release,1,60875,4,1024,318594,False,"[2, 0, 0, 0]",22,lib/tests/core/pattern-alias.zy,trim_direct
selected,release,1,59458,4,1024,301630,False,"[2, 0, 0, 0]",22,lib/tests/core/pattern-alias.zy,baseline
selected,release,1,60068,4,1024,326175,False,"[2, 0, 0, 0]",22,lib/tests/core/pattern-alias.zy,trim
selected,release,1,68295,4,1024,318038,False,"[2, 0, 0, 0]",23,lib/tests/core/pattern-alias.zy,trim_direct
selected,release,1,61747,4,1024,331044,False,"[2, 0, 0, 0]",23,lib/tests/core/pattern-alias.zy,baseline
selected,release,1,59958,4,1024,325324,False,"[2, 0, 0, 0]",23,lib/tests/core/pattern-alias.zy,trim
selected,release,1,60144,4,1024,319750,False,"[2, 0, 0, 0]",23,lib/tests/core/pattern-alias.zy,direct
selected,release,1,60342,4,1024,312444,False,"[2, 0, 0, 0]",24,lib/tests/core/pattern-alias.zy,baseline
selected,release,1,60432,4,1024,324388,False,"[2, 0, 0, 0]",24,lib/tests/core/pattern-alias.zy,trim
selected,release,1,68934,4,1024,322747,False,"[2, 0, 0, 0]",24,lib/tests/core/pattern-alias.zy,direct
selected,release,1,60869,4,1024,314340,False,"[2, 0, 0, 0]",24,lib/tests/core/pattern-alias.zy,trim_direct
selected,release,1,62127,4,1024,317338,False,"[2, 0, 0, 0]",25,lib/tests/core/pattern-alias.zy,trim
selected,release,1,60838,4,1024,299090,False,"[2, 0, 0, 0]",25,lib/tests/core/pattern-alias.zy,direct
selected,release,1,63632,4,1024,308424,False,"[2, 0, 0, 0]",25,lib/tests/core/pattern-alias.zy,trim_direct
selected,release,1,63752,4,1024,316377,False,"[2, 0, 0, 0]",25,lib/tests/core/pattern-alias.zy,baseline
selected,release,1,63455,4,1024,349787,False,"[2, 0, 0, 0]",26,lib/tests/core/pattern-alias.zy,direct
selected,release,1,63975,4,1024,330508,False,"[2, 0, 0, 0]",26,lib/tests/core/pattern-alias.zy,trim_direct
selected,release,1,60798,4,1024,308774,False,"[2, 0, 0, 0]",26,lib/tests/core/pattern-alias.zy,baseline
selected,release,1,60459,4,1024,309333,False,"[2, 0, 0, 0]",26,lib/tests/core/pattern-alias.zy,trim
selected,release,1,63246,4,1024,317623,False,"[2, 0, 0, 0]",27,lib/tests/core/pattern-alias.zy,trim_direct
selected,release,1,60700,4,1024,302138,False,"[2, 0, 0, 0]",27,lib/tests/core/pattern-alias.zy,baseline
selected,release,1,62343,4,1024,307629,False,"[2, 0, 0, 0]",27,lib/tests/core/pattern-alias.zy,trim
selected,release,1,62962,4,1024,312834,False,"[2, 0, 0, 0]",27,lib/tests/core/pattern-alias.zy,direct
selected,release,1,62798,4,1024,312758,False,"[2, 0, 0, 0]",28,lib/tests/core/pattern-alias.zy,baseline
selected,release,1,63507,4,1024,308869,False,"[2, 0, 0, 0]",28,lib/tests/core/pattern-alias.zy,trim
selected,release,1,64827,4,1024,323675,False,"[2, 0, 0, 0]",28,lib/tests/core/pattern-alias.zy,direct
selected,release,1,66303,4,1024,319239,False,"[2, 0, 0, 0]",28,lib/tests/core/pattern-alias.zy,trim_direct
selected,release,1,63842,4,1024,315527,False,"[2, 0, 0, 0]",29,lib/tests/core/pattern-alias.zy,trim
selected,release,1,61418,4,1024,316791,False,"[2, 0, 0, 0]",29,lib/tests/core/pattern-alias.zy,direct
selected,release,1,57396,4,1024,312124,False,"[2, 0, 0, 0]",29,lib/tests/core/pattern-alias.zy,trim_direct
selected,release,1,56040,4,1024,293167,False,"[2, 0, 0, 0]",29,lib/tests/core/pattern-alias.zy,baseline
selected,release,1,58087,4,1024,300612,False,"[2, 0, 0, 0]",30,lib/tests/core/pattern-alias.zy,direct
selected,release,1,59668,4,1024,329722,False,"[2, 0, 0, 0]",30,lib/tests/core/pattern-alias.zy,trim_direct
selected,release,1,57958,4,1024,309296,False,"[2, 0, 0, 0]",30,lib/tests/core/pattern-alias.zy,baseline
selected,release,1,57446,4,1024,324343,False,"[2, 0, 0, 0]",30,lib/tests/core/pattern-alias.zy,trim
selected,release,1,59671,4,1024,321499,False,"[2, 0, 0, 0]",31,lib/tests/core/pattern-alias.zy,trim_direct
selected,release,1,58467,4,1024,318248,False,"[2, 0, 0, 0]",31,lib/tests/core/pattern-alias.zy,baseline
selected,release,1,59710,4,1024,341127,False,"[2, 0, 0, 0]",31,lib/tests/core/pattern-alias.zy,trim
selected,release,1,59604,4,1024,321088,False,"[2, 0, 0, 0]",31,lib/tests/core/pattern-alias.zy,direct
selected,release,1,76121,4,1024,318207,True,"[2, 0, 0, 1]",0,lib/tests/core/pattern-alias.zy,baseline
selected,release,1,77032,4,1024,315955,True,"[2, 0, 0, 1]",0,lib/tests/core/pattern-alias.zy,trim
selected,release,1,80136,4,1024,325841,True,"[2, 0, 0, 1]",0,lib/tests/core/pattern-alias.zy,direct
selected,release,1,79604,4,1024,332481,True,"[2, 0, 0, 1]",0,lib/tests/core/pattern-alias.zy,trim_direct
selected,release,1,79088,4,1024,319828,True,"[2, 0, 0, 1]",1,lib/tests/core/pattern-alias.zy,trim
selected,release,1,83830,4,1024,363299,True,"[2, 0, 0, 1]",1,lib/tests/core/pattern-alias.zy,direct
selected,release,1,78679,4,1024,319991,True,"[2, 0, 0, 1]",1,lib/tests/core/pattern-alias.zy,trim_direct
selected,release,1,74546,4,1024,304639,True,"[2, 0, 0, 1]",1,lib/tests/core/pattern-alias.zy,baseline
selected,release,1,77921,4,1024,323262,True,"[2, 0, 0, 1]",2,lib/tests/core/pattern-alias.zy,direct
selected,release,1,79918,4,1024,325824,True,"[2, 0, 0, 1]",2,lib/tests/core/pattern-alias.zy,trim_direct
selected,release,1,79298,4,1024,320581,True,"[2, 0, 0, 1]",2,lib/tests/core/pattern-alias.zy,baseline
selected,release,1,82224,4,1024,327432,True,"[2, 0, 0, 1]",2,lib/tests/core/pattern-alias.zy,trim
selected,release,1,82486,4,1024,338046,True,"[2, 0, 0, 1]",3,lib/tests/core/pattern-alias.zy,trim_direct
selected,release,1,81751,4,1024,320362,True,"[2, 0, 0, 1]",3,lib/tests/core/pattern-alias.zy,baseline
selected,release,1,81122,4,1024,317875,True,"[2, 0, 0, 1]",3,lib/tests/core/pattern-alias.zy,trim
selected,release,1,80740,4,1024,331373,True,"[2, 0, 0, 1]",3,lib/tests/core/pattern-alias.zy,direct
selected,release,1,81842,4,1024,326291,True,"[2, 0, 0, 1]",4,lib/tests/core/pattern-alias.zy,baseline
selected,release,1,79330,4,1024,317575,True,"[2, 0, 0, 1]",4,lib/tests/core/pattern-alias.zy,trim
selected,release,1,87834,4,1024,344303,True,"[2, 0, 0, 1]",4,lib/tests/core/pattern-alias.zy,direct
selected,release,1,79907,4,1024,337646,True,"[2, 0, 0, 1]",4,lib/tests/core/pattern-alias.zy,trim_direct
selected,release,1,81332,4,1024,318552,True,"[2, 0, 0, 1]",5,lib/tests/core/pattern-alias.zy,trim
selected,release,1,80695,4,1024,328511,True,"[2, 0, 0, 1]",5,lib/tests/core/pattern-alias.zy,direct
selected,release,1,79473,4,1024,325092,True,"[2, 0, 0, 1]",5,lib/tests/core/pattern-alias.zy,trim_direct
selected,release,1,78366,4,1024,315674,True,"[2, 0, 0, 1]",5,lib/tests/core/pattern-alias.zy,baseline
selected,release,1,79781,4,1024,322157,True,"[2, 0, 0, 1]",6,lib/tests/core/pattern-alias.zy,direct
selected,release,1,84887,4,1024,326185,True,"[2, 0, 0, 1]",6,lib/tests/core/pattern-alias.zy,trim_direct
selected,release,1,79292,4,1024,321035,True,"[2, 0, 0, 1]",6,lib/tests/core/pattern-alias.zy,baseline
selected,release,1,91088,4,1024,331030,True,"[2, 0, 0, 1]",6,lib/tests/core/pattern-alias.zy,trim
selected,release,1,83294,4,1024,342019,True,"[2, 0, 0, 1]",7,lib/tests/core/pattern-alias.zy,trim_direct
selected,release,1,83537,4,1024,325913,True,"[2, 0, 0, 1]",7,lib/tests/core/pattern-alias.zy,baseline
selected,release,1,80581,4,1024,324394,True,"[2, 0, 0, 1]",7,lib/tests/core/pattern-alias.zy,trim
selected,release,1,80536,4,1024,328808,True,"[2, 0, 0, 1]",7,lib/tests/core/pattern-alias.zy,direct
selected,release,1,78420,4,1024,314110,True,"[2, 0, 0, 1]",8,lib/tests/core/pattern-alias.zy,baseline
selected,release,1,80157,4,1024,333912,True,"[2, 0, 0, 1]",8,lib/tests/core/pattern-alias.zy,trim
selected,release,1,83385,4,1024,338449,True,"[2, 0, 0, 1]",8,lib/tests/core/pattern-alias.zy,direct
selected,release,1,82649,4,1024,340556,True,"[2, 0, 0, 1]",8,lib/tests/core/pattern-alias.zy,trim_direct
selected,release,1,81838,4,1024,319664,True,"[2, 0, 0, 1]",9,lib/tests/core/pattern-alias.zy,trim
selected,release,1,82230,4,1024,359267,True,"[2, 0, 0, 1]",9,lib/tests/core/pattern-alias.zy,direct
selected,release,1,95174,4,1024,349885,True,"[2, 0, 0, 1]",9,lib/tests/core/pattern-alias.zy,trim_direct
selected,release,1,79157,4,1024,318277,True,"[2, 0, 0, 1]",9,lib/tests/core/pattern-alias.zy,baseline
selected,release,1,77669,4,1024,327971,True,"[2, 0, 0, 1]",10,lib/tests/core/pattern-alias.zy,direct
selected,release,1,79323,4,1024,325505,True,"[2, 0, 0, 1]",10,lib/tests/core/pattern-alias.zy,trim_direct
selected,release,1,80034,4,1024,331787,True,"[2, 0, 0, 1]",10,lib/tests/core/pattern-alias.zy,baseline
selected,release,1,80420,4,1024,330301,True,"[2, 0, 0, 1]",10,lib/tests/core/pattern-alias.zy,trim
selected,release,1,83626,4,1024,342333,True,"[2, 0, 0, 1]",11,lib/tests/core/pattern-alias.zy,trim_direct
selected,release,1,81542,4,1024,322588,True,"[2, 0, 0, 1]",11,lib/tests/core/pattern-alias.zy,baseline
selected,release,1,78591,4,1024,305965,True,"[2, 0, 0, 1]",11,lib/tests/core/pattern-alias.zy,trim
selected,release,1,79711,4,1024,320438,True,"[2, 0, 0, 1]",11,lib/tests/core/pattern-alias.zy,direct
selected,release,1,82536,4,1024,332204,True,"[2, 0, 0, 1]",12,lib/tests/core/pattern-alias.zy,baseline
selected,release,1,80011,4,1024,323867,True,"[2, 0, 0, 1]",12,lib/tests/core/pattern-alias.zy,trim
selected,release,1,83773,4,1024,331743,True,"[2, 0, 0, 1]",12,lib/tests/core/pattern-alias.zy,direct
selected,release,1,83480,4,1024,331792,True,"[2, 0, 0, 1]",12,lib/tests/core/pattern-alias.zy,trim_direct
selected,release,1,81256,4,1024,320879,True,"[2, 0, 0, 1]",13,lib/tests/core/pattern-alias.zy,trim
selected,release,1,83286,4,1024,329067,True,"[2, 0, 0, 1]",13,lib/tests/core/pattern-alias.zy,direct
selected,release,1,82157,4,1024,360543,True,"[2, 0, 0, 1]",13,lib/tests/core/pattern-alias.zy,trim_direct
selected,release,1,79461,4,1024,325832,True,"[2, 0, 0, 1]",13,lib/tests/core/pattern-alias.zy,baseline
selected,release,1,80882,4,1024,332576,True,"[2, 0, 0, 1]",14,lib/tests/core/pattern-alias.zy,direct
selected,release,1,81852,4,1024,331196,True,"[2, 0, 0, 1]",14,lib/tests/core/pattern-alias.zy,trim_direct
selected,release,1,80671,4,1024,322417,True,"[2, 0, 0, 1]",14,lib/tests/core/pattern-alias.zy,baseline
selected,release,1,81029,4,1024,342471,True,"[2, 0, 0, 1]",14,lib/tests/core/pattern-alias.zy,trim
selected,release,1,80583,4,1024,357966,True,"[2, 0, 0, 1]",15,lib/tests/core/pattern-alias.zy,trim_direct
selected,release,1,82717,4,1024,333911,True,"[2, 0, 0, 1]",15,lib/tests/core/pattern-alias.zy,baseline
selected,release,1,80082,4,1024,331390,True,"[2, 0, 0, 1]",15,lib/tests/core/pattern-alias.zy,trim
selected,release,1,85813,4,1024,344269,True,"[2, 0, 0, 1]",15,lib/tests/core/pattern-alias.zy,direct
selected,release,1,81186,4,1024,326472,True,"[2, 0, 0, 1]",16,lib/tests/core/pattern-alias.zy,baseline
selected,release,1,82992,4,1024,324874,True,"[2, 0, 0, 1]",16,lib/tests/core/pattern-alias.zy,trim
selected,release,1,81719,4,1024,325663,True,"[2, 0, 0, 1]",16,lib/tests/core/pattern-alias.zy,direct
selected,release,1,82399,4,1024,332628,True,"[2, 0, 0, 1]",16,lib/tests/core/pattern-alias.zy,trim_direct
selected,release,1,82469,4,1024,325798,True,"[2, 0, 0, 1]",17,lib/tests/core/pattern-alias.zy,trim
selected,release,1,86498,4,1024,354229,True,"[2, 0, 0, 1]",17,lib/tests/core/pattern-alias.zy,direct
selected,release,1,81338,4,1024,334715,True,"[2, 0, 0, 1]",17,lib/tests/core/pattern-alias.zy,trim_direct
selected,release,1,81348,4,1024,322837,True,"[2, 0, 0, 1]",17,lib/tests/core/pattern-alias.zy,baseline
selected,release,1,76032,4,1024,315620,True,"[2, 0, 0, 1]",18,lib/tests/core/pattern-alias.zy,direct
selected,release,1,80012,4,1024,322286,True,"[2, 0, 0, 1]",18,lib/tests/core/pattern-alias.zy,trim_direct
selected,release,1,79075,4,1024,322980,True,"[2, 0, 0, 1]",18,lib/tests/core/pattern-alias.zy,baseline
selected,release,1,81641,4,1024,344618,True,"[2, 0, 0, 1]",18,lib/tests/core/pattern-alias.zy,trim
selected,release,1,81299,4,1024,324840,True,"[2, 0, 0, 1]",19,lib/tests/core/pattern-alias.zy,trim_direct
selected,release,1,80127,4,1024,319187,True,"[2, 0, 0, 1]",19,lib/tests/core/pattern-alias.zy,baseline
selected,release,1,79280,4,1024,328797,True,"[2, 0, 0, 1]",19,lib/tests/core/pattern-alias.zy,trim
selected,release,1,80455,4,1024,330463,True,"[2, 0, 0, 1]",19,lib/tests/core/pattern-alias.zy,direct
selected,release,1,79379,4,1024,323250,True,"[2, 0, 0, 1]",20,lib/tests/core/pattern-alias.zy,baseline
selected,release,1,79464,4,1024,328174,True,"[2, 0, 0, 1]",20,lib/tests/core/pattern-alias.zy,trim
selected,release,1,84990,4,1024,386598,True,"[2, 0, 0, 1]",20,lib/tests/core/pattern-alias.zy,direct
selected,release,1,86800,4,1024,338764,True,"[2, 0, 0, 1]",20,lib/tests/core/pattern-alias.zy,trim_direct
selected,release,1,89205,4,1024,374127,True,"[2, 0, 0, 1]",21,lib/tests/core/pattern-alias.zy,trim
selected,release,1,79331,4,1024,323550,True,"[2, 0, 0, 1]",21,lib/tests/core/pattern-alias.zy,direct
selected,release,1,80362,4,1024,320753,True,"[2, 0, 0, 1]",21,lib/tests/core/pattern-alias.zy,trim_direct
selected,release,1,82070,4,1024,315167,True,"[2, 0, 0, 1]",21,lib/tests/core/pattern-alias.zy,baseline
selected,release,1,82994,4,1024,336703,True,"[2, 0, 0, 1]",22,lib/tests/core/pattern-alias.zy,direct
selected,release,1,83214,4,1024,330343,True,"[2, 0, 0, 1]",22,lib/tests/core/pattern-alias.zy,trim_direct
selected,release,1,83250,4,1024,313425,True,"[2, 0, 0, 1]",22,lib/tests/core/pattern-alias.zy,baseline
selected,release,1,81179,4,1024,332521,True,"[2, 0, 0, 1]",22,lib/tests/core/pattern-alias.zy,trim
selected,release,1,83005,4,1024,330335,True,"[2, 0, 0, 1]",23,lib/tests/core/pattern-alias.zy,trim_direct
selected,release,1,82167,4,1024,319320,True,"[2, 0, 0, 1]",23,lib/tests/core/pattern-alias.zy,baseline
selected,release,1,88106,4,1024,321789,True,"[2, 0, 0, 1]",23,lib/tests/core/pattern-alias.zy,trim
selected,release,1,87255,4,1024,338974,True,"[2, 0, 0, 1]",23,lib/tests/core/pattern-alias.zy,direct
selected,release,1,80912,4,1024,327745,True,"[2, 0, 0, 1]",24,lib/tests/core/pattern-alias.zy,baseline
selected,release,1,81868,4,1024,358881,True,"[2, 0, 0, 1]",24,lib/tests/core/pattern-alias.zy,trim
selected,release,1,83010,4,1024,333225,True,"[2, 0, 0, 1]",24,lib/tests/core/pattern-alias.zy,direct
selected,release,1,84364,4,1024,353657,True,"[2, 0, 0, 1]",24,lib/tests/core/pattern-alias.zy,trim_direct
selected,release,1,90151,4,1024,346101,True,"[2, 0, 0, 1]",25,lib/tests/core/pattern-alias.zy,trim
selected,release,1,81754,4,1024,334042,True,"[2, 0, 0, 1]",25,lib/tests/core/pattern-alias.zy,direct
selected,release,1,80681,4,1024,329898,True,"[2, 0, 0, 1]",25,lib/tests/core/pattern-alias.zy,trim_direct
selected,release,1,80711,4,1024,334263,True,"[2, 0, 0, 1]",25,lib/tests/core/pattern-alias.zy,baseline
selected,release,1,83797,4,1024,354784,True,"[2, 0, 0, 1]",26,lib/tests/core/pattern-alias.zy,direct
selected,release,1,77129,4,1024,316552,True,"[2, 0, 0, 1]",26,lib/tests/core/pattern-alias.zy,trim_direct
selected,release,1,78297,4,1024,321214,True,"[2, 0, 0, 1]",26,lib/tests/core/pattern-alias.zy,baseline
selected,release,1,107817,4,1024,362419,True,"[2, 0, 0, 1]",26,lib/tests/core/pattern-alias.zy,trim
selected,release,1,126676,4,1024,337242,True,"[2, 0, 0, 1]",27,lib/tests/core/pattern-alias.zy,trim_direct
selected,release,1,76747,4,1024,320964,True,"[2, 0, 0, 1]",27,lib/tests/core/pattern-alias.zy,baseline
selected,release,1,83752,4,1024,341826,True,"[2, 0, 0, 1]",27,lib/tests/core/pattern-alias.zy,trim
selected,release,1,88697,4,1024,332918,True,"[2, 0, 0, 1]",27,lib/tests/core/pattern-alias.zy,direct
selected,release,1,88620,4,1024,325559,True,"[2, 0, 0, 1]",28,lib/tests/core/pattern-alias.zy,baseline
selected,release,1,84915,4,1024,327603,True,"[2, 0, 0, 1]",28,lib/tests/core/pattern-alias.zy,trim
selected,release,1,86424,4,1024,338082,True,"[2, 0, 0, 1]",28,lib/tests/core/pattern-alias.zy,direct
selected,release,1,82809,4,1024,328167,True,"[2, 0, 0, 1]",28,lib/tests/core/pattern-alias.zy,trim_direct
selected,release,1,82990,4,1024,324166,True,"[2, 0, 0, 1]",29,lib/tests/core/pattern-alias.zy,trim
selected,release,1,86107,4,1024,332725,True,"[2, 0, 0, 1]",29,lib/tests/core/pattern-alias.zy,direct
selected,release,1,92043,4,1024,339183,True,"[2, 0, 0, 1]",29,lib/tests/core/pattern-alias.zy,trim_direct
selected,release,1,81544,4,1024,312372,True,"[2, 0, 0, 1]",29,lib/tests/core/pattern-alias.zy,baseline
selected,release,1,86168,4,1024,335287,True,"[2, 0, 0, 1]",30,lib/tests/core/pattern-alias.zy,direct
selected,release,1,84933,4,1024,334409,True,"[2, 0, 0, 1]",30,lib/tests/core/pattern-alias.zy,trim_direct
selected,release,1,83366,4,1024,329680,True,"[2, 0, 0, 1]",30,lib/tests/core/pattern-alias.zy,baseline
selected,release,1,84232,4,1024,352549,True,"[2, 0, 0, 1]",30,lib/tests/core/pattern-alias.zy,trim
selected,release,1,85366,4,1024,357773,True,"[2, 0, 0, 1]",31,lib/tests/core/pattern-alias.zy,trim_direct
selected,release,1,88624,4,1024,321879,True,"[2, 0, 0, 1]",31,lib/tests/core/pattern-alias.zy,baseline
selected,release,1,80696,4,1024,329590,True,"[2, 0, 0, 1]",31,lib/tests/core/pattern-alias.zy,trim
selected,release,1,80381,4,1024,335883,True,"[2, 0, 0, 1]",31,lib/tests/core/pattern-alias.zy,direct
selected,release,1,689080,135,271,5079208,False,"[104, 26, 8, 0]",0,lib/tests/core/native-frames.zy,baseline
selected,release,1,665921,135,271,5000169,False,"[104, 26, 8, 0]",0,lib/tests/core/native-frames.zy,trim
selected,release,1,637216,135,271,4857211,False,"[104, 26, 8, 0]",0,lib/tests/core/native-frames.zy,direct
selected,release,1,609032,135,271,4807342,False,"[104, 26, 8, 0]",0,lib/tests/core/native-frames.zy,trim_direct
selected,release,1,632372,135,271,4953204,False,"[104, 26, 8, 0]",1,lib/tests/core/native-frames.zy,trim
selected,release,1,606779,135,271,4837291,False,"[104, 26, 8, 0]",1,lib/tests/core/native-frames.zy,direct
selected,release,1,601705,135,271,4702632,False,"[104, 26, 8, 0]",1,lib/tests/core/native-frames.zy,trim_direct
selected,release,1,612334,135,271,5009919,False,"[104, 26, 8, 0]",1,lib/tests/core/native-frames.zy,baseline
selected,release,1,587625,135,271,4799166,False,"[104, 26, 8, 0]",2,lib/tests/core/native-frames.zy,direct
selected,release,1,599625,135,271,4692205,False,"[104, 26, 8, 0]",2,lib/tests/core/native-frames.zy,trim_direct
selected,release,1,630545,135,271,4983085,False,"[104, 26, 8, 0]",2,lib/tests/core/native-frames.zy,baseline
selected,release,1,583668,135,271,4864199,False,"[104, 26, 8, 0]",2,lib/tests/core/native-frames.zy,trim
selected,release,1,590001,135,271,4730331,False,"[104, 26, 8, 0]",3,lib/tests/core/native-frames.zy,trim_direct
selected,release,1,604373,135,271,5010074,False,"[104, 26, 8, 0]",3,lib/tests/core/native-frames.zy,baseline
selected,release,1,593007,135,271,4861792,False,"[104, 26, 8, 0]",3,lib/tests/core/native-frames.zy,trim
selected,release,1,614097,135,271,4839675,False,"[104, 26, 8, 0]",3,lib/tests/core/native-frames.zy,direct
selected,release,1,584296,135,271,4994491,False,"[104, 26, 8, 0]",4,lib/tests/core/native-frames.zy,baseline
selected,release,1,590503,135,271,4869792,False,"[104, 26, 8, 0]",4,lib/tests/core/native-frames.zy,trim
selected,release,1,587330,135,271,4793883,False,"[104, 26, 8, 0]",4,lib/tests/core/native-frames.zy,direct
selected,release,1,621407,135,271,4737837,False,"[104, 26, 8, 0]",4,lib/tests/core/native-frames.zy,trim_direct
selected,release,1,605451,135,271,4949374,False,"[104, 26, 8, 0]",5,lib/tests/core/native-frames.zy,trim
selected,release,1,585663,135,271,4811920,False,"[104, 26, 8, 0]",5,lib/tests/core/native-frames.zy,direct
selected,release,1,581253,135,271,4675056,False,"[104, 26, 8, 0]",5,lib/tests/core/native-frames.zy,trim_direct
selected,release,1,606800,135,271,4937461,False,"[104, 26, 8, 0]",5,lib/tests/core/native-frames.zy,baseline
selected,release,1,584738,135,271,4688631,False,"[104, 26, 8, 0]",6,lib/tests/core/native-frames.zy,direct
selected,release,1,603701,135,271,4685654,False,"[104, 26, 8, 0]",6,lib/tests/core/native-frames.zy,trim_direct
selected,release,1,595329,135,271,4986291,False,"[104, 26, 8, 0]",6,lib/tests/core/native-frames.zy,baseline
selected,release,1,599536,135,271,4872802,False,"[104, 26, 8, 0]",6,lib/tests/core/native-frames.zy,trim
selected,release,1,599075,135,271,4749912,False,"[104, 26, 8, 0]",7,lib/tests/core/native-frames.zy,trim_direct
selected,release,1,611049,135,271,5122751,False,"[104, 26, 8, 0]",7,lib/tests/core/native-frames.zy,baseline
selected,release,1,592673,135,271,4867955,False,"[104, 26, 8, 0]",7,lib/tests/core/native-frames.zy,trim
selected,release,1,589573,135,271,4783761,False,"[104, 26, 8, 0]",7,lib/tests/core/native-frames.zy,direct
selected,release,1,605994,135,271,5018670,False,"[104, 26, 8, 0]",8,lib/tests/core/native-frames.zy,baseline
selected,release,1,595630,135,271,4907043,False,"[104, 26, 8, 0]",8,lib/tests/core/native-frames.zy,trim
selected,release,1,605258,135,271,4927379,False,"[104, 26, 8, 0]",8,lib/tests/core/native-frames.zy,direct
selected,release,1,599169,135,271,4883709,False,"[104, 26, 8, 0]",8,lib/tests/core/native-frames.zy,trim_direct
selected,release,1,612706,135,271,4871417,False,"[104, 26, 8, 0]",9,lib/tests/core/native-frames.zy,trim
selected,release,1,586416,135,271,4905374,False,"[104, 26, 8, 0]",9,lib/tests/core/native-frames.zy,direct
selected,release,1,611122,135,271,4710411,False,"[104, 26, 8, 0]",9,lib/tests/core/native-frames.zy,trim_direct
selected,release,1,629502,135,271,4997255,False,"[104, 26, 8, 0]",9,lib/tests/core/native-frames.zy,baseline
selected,release,1,611712,135,271,4942169,False,"[104, 26, 8, 0]",10,lib/tests/core/native-frames.zy,direct
selected,release,1,600420,135,271,4803381,False,"[104, 26, 8, 0]",10,lib/tests/core/native-frames.zy,trim_direct
selected,release,1,595498,135,271,4942883,False,"[104, 26, 8, 0]",10,lib/tests/core/native-frames.zy,baseline
selected,release,1,607705,135,271,4978789,False,"[104, 26, 8, 0]",10,lib/tests/core/native-frames.zy,trim
selected,release,1,604576,135,271,4656382,False,"[104, 26, 8, 0]",11,lib/tests/core/native-frames.zy,trim_direct
selected,release,1,611213,135,271,5099752,False,"[104, 26, 8, 0]",11,lib/tests/core/native-frames.zy,baseline
selected,release,1,594916,135,271,5027548,False,"[104, 26, 8, 0]",11,lib/tests/core/native-frames.zy,trim
selected,release,1,617207,135,271,5071128,False,"[104, 26, 8, 0]",11,lib/tests/core/native-frames.zy,direct
selected,release,1,635666,135,271,4950799,False,"[104, 26, 8, 0]",12,lib/tests/core/native-frames.zy,baseline
selected,release,1,636418,135,271,4996622,False,"[104, 26, 8, 0]",12,lib/tests/core/native-frames.zy,trim
selected,release,1,619036,135,271,4918502,False,"[104, 26, 8, 0]",12,lib/tests/core/native-frames.zy,direct
selected,release,1,611795,135,271,4921457,False,"[104, 26, 8, 0]",12,lib/tests/core/native-frames.zy,trim_direct
selected,release,1,660124,135,271,5185874,False,"[104, 26, 8, 0]",13,lib/tests/core/native-frames.zy,trim
selected,release,1,584576,135,271,4817756,False,"[104, 26, 8, 0]",13,lib/tests/core/native-frames.zy,direct
selected,release,1,600464,135,271,4700458,False,"[104, 26, 8, 0]",13,lib/tests/core/native-frames.zy,trim_direct
selected,release,1,618549,135,271,5172864,False,"[104, 26, 8, 0]",13,lib/tests/core/native-frames.zy,baseline
selected,release,1,624329,135,271,4857206,False,"[104, 26, 8, 0]",14,lib/tests/core/native-frames.zy,direct
selected,release,1,611169,135,271,4719166,False,"[104, 26, 8, 0]",14,lib/tests/core/native-frames.zy,trim_direct
selected,release,1,599130,135,271,4938075,False,"[104, 26, 8, 0]",14,lib/tests/core/native-frames.zy,baseline
selected,release,1,598006,135,271,4923549,False,"[104, 26, 8, 0]",14,lib/tests/core/native-frames.zy,trim
selected,release,1,617119,135,271,4893828,False,"[104, 26, 8, 0]",15,lib/tests/core/native-frames.zy,trim_direct
selected,release,1,584920,135,271,4871286,False,"[104, 26, 8, 0]",15,lib/tests/core/native-frames.zy,baseline
selected,release,1,592006,135,271,4842330,False,"[104, 26, 8, 0]",15,lib/tests/core/native-frames.zy,trim
selected,release,1,693169,135,271,4920253,False,"[104, 26, 8, 0]",15,lib/tests/core/native-frames.zy,direct
selected,release,1,603248,135,271,4950091,False,"[104, 26, 8, 0]",16,lib/tests/core/native-frames.zy,baseline
selected,release,1,574713,135,271,4831158,False,"[104, 26, 8, 0]",16,lib/tests/core/native-frames.zy,trim
selected,release,1,576494,135,271,4681670,False,"[104, 26, 8, 0]",16,lib/tests/core/native-frames.zy,direct
selected,release,1,592038,135,271,4662180,False,"[104, 26, 8, 0]",16,lib/tests/core/native-frames.zy,trim_direct
selected,release,1,625161,135,271,4952367,False,"[104, 26, 8, 0]",17,lib/tests/core/native-frames.zy,trim
selected,release,1,583624,135,271,4798079,False,"[104, 26, 8, 0]",17,lib/tests/core/native-frames.zy,direct
selected,release,1,622995,135,271,4740679,False,"[104, 26, 8, 0]",17,lib/tests/core/native-frames.zy,trim_direct
selected,release,1,622500,135,271,5024080,False,"[104, 26, 8, 0]",17,lib/tests/core/native-frames.zy,baseline
selected,release,1,630249,135,271,4900494,False,"[104, 26, 8, 0]",18,lib/tests/core/native-frames.zy,direct
selected,release,1,586586,135,271,4715377,False,"[104, 26, 8, 0]",18,lib/tests/core/native-frames.zy,trim_direct
selected,release,1,589286,135,271,4981300,False,"[104, 26, 8, 0]",18,lib/tests/core/native-frames.zy,baseline
selected,release,1,579580,135,271,4872079,False,"[104, 26, 8, 0]",18,lib/tests/core/native-frames.zy,trim
selected,release,1,586199,135,271,4609634,False,"[104, 26, 8, 0]",19,lib/tests/core/native-frames.zy,trim_direct
selected,release,1,662912,135,271,4966499,False,"[104, 26, 8, 0]",19,lib/tests/core/native-frames.zy,baseline
selected,release,1,626199,135,271,5051783,False,"[104, 26, 8, 0]",19,lib/tests/core/native-frames.zy,trim
selected,release,1,628254,135,271,4857757,False,"[104, 26, 8, 0]",19,lib/tests/core/native-frames.zy,direct
selected,release,1,597710,135,271,4997258,False,"[104, 26, 8, 0]",20,lib/tests/core/native-frames.zy,baseline
selected,release,1,586757,135,271,4993375,False,"[104, 26, 8, 0]",20,lib/tests/core/native-frames.zy,trim
selected,release,1,603625,135,271,4798797,False,"[104, 26, 8, 0]",20,lib/tests/core/native-frames.zy,direct
selected,release,1,595219,135,271,4759376,False,"[104, 26, 8, 0]",20,lib/tests/core/native-frames.zy,trim_direct
selected,release,1,591130,135,271,4896125,False,"[104, 26, 8, 0]",21,lib/tests/core/native-frames.zy,trim
selected,release,1,593707,135,271,4761589,False,"[104, 26, 8, 0]",21,lib/tests/core/native-frames.zy,direct
selected,release,1,603297,135,271,4683379,False,"[104, 26, 8, 0]",21,lib/tests/core/native-frames.zy,trim_direct
selected,release,1,594120,135,271,4955750,False,"[104, 26, 8, 0]",21,lib/tests/core/native-frames.zy,baseline
selected,release,1,597507,135,271,4849870,False,"[104, 26, 8, 0]",22,lib/tests/core/native-frames.zy,direct
selected,release,1,601807,135,271,4767086,False,"[104, 26, 8, 0]",22,lib/tests/core/native-frames.zy,trim_direct
selected,release,1,616962,135,271,5107039,False,"[104, 26, 8, 0]",22,lib/tests/core/native-frames.zy,baseline
selected,release,1,603340,135,271,4849261,False,"[104, 26, 8, 0]",22,lib/tests/core/native-frames.zy,trim
selected,release,1,610092,135,271,4731495,False,"[104, 26, 8, 0]",23,lib/tests/core/native-frames.zy,trim_direct
selected,release,1,599128,135,271,4973582,False,"[104, 26, 8, 0]",23,lib/tests/core/native-frames.zy,baseline
selected,release,1,585028,135,271,4869743,False,"[104, 26, 8, 0]",23,lib/tests/core/native-frames.zy,trim
selected,release,1,596338,135,271,4790333,False,"[104, 26, 8, 0]",23,lib/tests/core/native-frames.zy,direct
selected,release,1,599254,135,271,4978962,False,"[104, 26, 8, 0]",24,lib/tests/core/native-frames.zy,baseline
selected,release,1,600124,135,271,4873793,False,"[104, 26, 8, 0]",24,lib/tests/core/native-frames.zy,trim
selected,release,1,618372,135,271,4762138,False,"[104, 26, 8, 0]",24,lib/tests/core/native-frames.zy,direct
selected,release,1,628504,135,271,4731371,False,"[104, 26, 8, 0]",24,lib/tests/core/native-frames.zy,trim_direct
selected,release,1,639420,135,271,5115168,False,"[104, 26, 8, 0]",25,lib/tests/core/native-frames.zy,trim
selected,release,1,586245,135,271,4772499,False,"[104, 26, 8, 0]",25,lib/tests/core/native-frames.zy,direct
selected,release,1,616995,135,271,4730324,False,"[104, 26, 8, 0]",25,lib/tests/core/native-frames.zy,trim_direct
selected,release,1,645005,135,271,5310280,False,"[104, 26, 8, 0]",25,lib/tests/core/native-frames.zy,baseline
selected,release,1,605792,135,271,5011383,False,"[104, 26, 8, 0]",26,lib/tests/core/native-frames.zy,direct
selected,release,1,613755,135,271,4682748,False,"[104, 26, 8, 0]",26,lib/tests/core/native-frames.zy,trim_direct
selected,release,1,596207,135,271,5026856,False,"[104, 26, 8, 0]",26,lib/tests/core/native-frames.zy,baseline
selected,release,1,621653,135,271,4840468,False,"[104, 26, 8, 0]",26,lib/tests/core/native-frames.zy,trim
selected,release,1,634466,135,271,4721416,False,"[104, 26, 8, 0]",27,lib/tests/core/native-frames.zy,trim_direct
selected,release,1,592171,135,271,5014090,False,"[104, 26, 8, 0]",27,lib/tests/core/native-frames.zy,baseline
selected,release,1,638416,135,271,4946995,False,"[104, 26, 8, 0]",27,lib/tests/core/native-frames.zy,trim
selected,release,1,587701,135,271,4817836,False,"[104, 26, 8, 0]",27,lib/tests/core/native-frames.zy,direct
selected,release,1,612591,135,271,4948797,False,"[104, 26, 8, 0]",28,lib/tests/core/native-frames.zy,baseline
selected,release,1,634514,135,271,4903203,False,"[104, 26, 8, 0]",28,lib/tests/core/native-frames.zy,trim
selected,release,1,625086,135,271,4969796,False,"[104, 26, 8, 0]",28,lib/tests/core/native-frames.zy,direct
selected,release,1,587039,135,271,4654626,False,"[104, 26, 8, 0]",28,lib/tests/core/native-frames.zy,trim_direct
selected,release,1,583124,135,271,4822908,False,"[104, 26, 8, 0]",29,lib/tests/core/native-frames.zy,trim
selected,release,1,674918,135,271,5284582,False,"[104, 26, 8, 0]",29,lib/tests/core/native-frames.zy,direct
selected,release,1,621037,135,271,4756086,False,"[104, 26, 8, 0]",29,lib/tests/core/native-frames.zy,trim_direct
selected,release,1,606868,135,271,4925998,False,"[104, 26, 8, 0]",29,lib/tests/core/native-frames.zy,baseline
selected,release,1,592209,135,271,4707375,False,"[104, 26, 8, 0]",30,lib/tests/core/native-frames.zy,direct
selected,release,1,597092,135,271,4631618,False,"[104, 26, 8, 0]",30,lib/tests/core/native-frames.zy,trim_direct
selected,release,1,596543,135,271,4903628,False,"[104, 26, 8, 0]",30,lib/tests/core/native-frames.zy,baseline
selected,release,1,807096,135,271,6176083,False,"[104, 26, 8, 0]",30,lib/tests/core/native-frames.zy,trim
selected,release,1,589409,135,271,4585912,False,"[104, 26, 8, 0]",31,lib/tests/core/native-frames.zy,trim_direct
selected,release,1,599121,135,271,4827119,False,"[104, 26, 8, 0]",31,lib/tests/core/native-frames.zy,baseline
selected,release,1,621665,135,271,4879288,False,"[104, 26, 8, 0]",31,lib/tests/core/native-frames.zy,trim
selected,release,1,630644,135,271,4835036,False,"[104, 26, 8, 0]",31,lib/tests/core/native-frames.zy,direct
selected,release,1,771501,135,202,4766042,True,"[97, 25, 8, 9]",0,lib/tests/core/native-frames.zy,baseline
selected,release,1,529055,135,202,3770620,True,"[97, 25, 8, 9]",0,lib/tests/core/native-frames.zy,trim
selected,release,1,505787,135,202,3682624,True,"[97, 25, 8, 9]",0,lib/tests/core/native-frames.zy,direct
selected,release,1,477959,135,202,3539206,True,"[97, 25, 8, 9]",0,lib/tests/core/native-frames.zy,trim_direct
selected,release,1,471335,135,202,3505253,True,"[97, 25, 8, 9]",1,lib/tests/core/native-frames.zy,trim
selected,release,1,488546,135,202,3643946,True,"[97, 25, 8, 9]",1,lib/tests/core/native-frames.zy,direct
selected,release,1,527456,135,202,3544842,True,"[97, 25, 8, 9]",1,lib/tests/core/native-frames.zy,trim_direct
selected,release,1,475915,135,202,3711544,True,"[97, 25, 8, 9]",1,lib/tests/core/native-frames.zy,baseline
selected,release,1,550997,135,202,3750455,True,"[97, 25, 8, 9]",2,lib/tests/core/native-frames.zy,direct
selected,release,1,520252,135,202,3515786,True,"[97, 25, 8, 9]",2,lib/tests/core/native-frames.zy,trim_direct
selected,release,1,439127,135,202,3468707,True,"[97, 25, 8, 9]",2,lib/tests/core/native-frames.zy,baseline
selected,release,1,486164,135,202,3644711,True,"[97, 25, 8, 9]",2,lib/tests/core/native-frames.zy,trim
selected,release,1,456003,135,202,3311883,True,"[97, 25, 8, 9]",3,lib/tests/core/native-frames.zy,trim_direct
selected,release,1,429885,135,202,3400964,True,"[97, 25, 8, 9]",3,lib/tests/core/native-frames.zy,baseline
selected,release,1,465332,135,202,3388421,True,"[97, 25, 8, 9]",3,lib/tests/core/native-frames.zy,trim
selected,release,1,428580,135,202,3477261,True,"[97, 25, 8, 9]",3,lib/tests/core/native-frames.zy,direct
selected,release,1,426129,135,202,3374160,True,"[97, 25, 8, 9]",4,lib/tests/core/native-frames.zy,baseline
selected,release,1,429180,135,202,3323449,True,"[97, 25, 8, 9]",4,lib/tests/core/native-frames.zy,trim
selected,release,1,487491,135,202,3352638,True,"[97, 25, 8, 9]",4,lib/tests/core/native-frames.zy,direct
selected,release,1,436007,135,202,3315583,True,"[97, 25, 8, 9]",4,lib/tests/core/native-frames.zy,trim_direct
selected,release,1,421887,135,202,3332581,True,"[97, 25, 8, 9]",5,lib/tests/core/native-frames.zy,trim
selected,release,1,501383,135,202,3486046,True,"[97, 25, 8, 9]",5,lib/tests/core/native-frames.zy,direct
selected,release,1,431328,135,202,3267499,True,"[97, 25, 8, 9]",5,lib/tests/core/native-frames.zy,trim_direct
selected,release,1,448919,135,202,3538256,True,"[97, 25, 8, 9]",5,lib/tests/core/native-frames.zy,baseline
selected,release,1,624174,135,202,4146418,True,"[97, 25, 8, 9]",6,lib/tests/core/native-frames.zy,direct
selected,release,1,791503,135,202,5733831,True,"[97, 25, 8, 9]",6,lib/tests/core/native-frames.zy,trim_direct
selected,release,1,607550,135,202,4043874,True,"[97, 25, 8, 9]",6,lib/tests/core/native-frames.zy,baseline
selected,release,1,467333,135,202,3566753,True,"[97, 25, 8, 9]",6,lib/tests/core/native-frames.zy,trim
selected,release,1,482162,135,202,3546749,True,"[97, 25, 8, 9]",7,lib/tests/core/native-frames.zy,trim_direct
selected,release,1,529587,135,202,3655955,True,"[97, 25, 8, 9]",7,lib/tests/core/native-frames.zy,baseline
selected,release,1,444996,135,202,3367127,True,"[97, 25, 8, 9]",7,lib/tests/core/native-frames.zy,trim
selected,release,1,445757,135,202,3284873,True,"[97, 25, 8, 9]",7,lib/tests/core/native-frames.zy,direct
selected,release,1,529961,135,202,3701833,True,"[97, 25, 8, 9]",8,lib/tests/core/native-frames.zy,baseline
selected,release,1,470411,135,202,3604634,True,"[97, 25, 8, 9]",8,lib/tests/core/native-frames.zy,trim
selected,release,1,509259,135,202,3829048,True,"[97, 25, 8, 9]",8,lib/tests/core/native-frames.zy,direct
selected,release,1,704588,135,202,5506129,True,"[97, 25, 8, 9]",8,lib/tests/core/native-frames.zy,trim_direct
selected,release,1,586744,135,202,4620132,True,"[97, 25, 8, 9]",9,lib/tests/core/native-frames.zy,trim
selected,release,1,609421,135,202,4449374,True,"[97, 25, 8, 9]",9,lib/tests/core/native-frames.zy,direct
selected,release,1,631168,135,202,4152489,True,"[97, 25, 8, 9]",9,lib/tests/core/native-frames.zy,trim_direct
selected,release,1,487491,135,202,3483288,True,"[97, 25, 8, 9]",9,lib/tests/core/native-frames.zy,baseline
selected,release,1,446414,135,202,3483623,True,"[97, 25, 8, 9]",10,lib/tests/core/native-frames.zy,direct
selected,release,1,451668,135,202,3273211,True,"[97, 25, 8, 9]",10,lib/tests/core/native-frames.zy,trim_direct
selected,release,1,451411,135,202,3364670,True,"[97, 25, 8, 9]",10,lib/tests/core/native-frames.zy,baseline
selected,release,1,467117,135,202,3455422,True,"[97, 25, 8, 9]",10,lib/tests/core/native-frames.zy,trim
selected,release,1,434761,135,202,3243202,True,"[97, 25, 8, 9]",11,lib/tests/core/native-frames.zy,trim_direct
selected,release,1,434122,135,202,3417754,True,"[97, 25, 8, 9]",11,lib/tests/core/native-frames.zy,baseline
selected,release,1,534926,135,202,3929543,True,"[97, 25, 8, 9]",11,lib/tests/core/native-frames.zy,trim
selected,release,1,435081,135,202,3295005,True,"[97, 25, 8, 9]",11,lib/tests/core/native-frames.zy,direct
selected,release,1,426208,135,202,3470331,True,"[97, 25, 8, 9]",12,lib/tests/core/native-frames.zy,baseline
selected,release,1,439380,135,202,3375877,True,"[97, 25, 8, 9]",12,lib/tests/core/native-frames.zy,trim
selected,release,1,460174,135,202,3434170,True,"[97, 25, 8, 9]",12,lib/tests/core/native-frames.zy,direct
selected,release,1,449335,135,202,3333091,True,"[97, 25, 8, 9]",12,lib/tests/core/native-frames.zy,trim_direct
selected,release,1,518331,135,202,3827084,True,"[97, 25, 8, 9]",13,lib/tests/core/native-frames.zy,trim
selected,release,1,555831,135,202,3703696,True,"[97, 25, 8, 9]",13,lib/tests/core/native-frames.zy,direct
selected,release,1,465658,135,202,3433910,True,"[97, 25, 8, 9]",13,lib/tests/core/native-frames.zy,trim_direct
selected,release,1,513623,135,202,3567001,True,"[97, 25, 8, 9]",13,lib/tests/core/native-frames.zy,baseline
selected,release,1,550966,135,202,3626210,True,"[97, 25, 8, 9]",14,lib/tests/core/native-frames.zy,direct
selected,release,1,500167,135,202,3716334,True,"[97, 25, 8, 9]",14,lib/tests/core/native-frames.zy,trim_direct
selected,release,1,444340,135,202,3455870,True,"[97, 25, 8, 9]",14,lib/tests/core/native-frames.zy,baseline
selected,release,1,433171,135,202,3427964,True,"[97, 25, 8, 9]",14,lib/tests/core/native-frames.zy,trim
selected,release,1,430129,135,202,3362117,True,"[97, 25, 8, 9]",15,lib/tests/core/native-frames.zy,trim_direct
selected,release,1,469715,135,202,3597747,True,"[97, 25, 8, 9]",15,lib/tests/core/native-frames.zy,baseline
selected,release,1,426587,135,202,3306832,True,"[97, 25, 8, 9]",15,lib/tests/core/native-frames.zy,trim
selected,release,1,457542,135,202,3390454,True,"[97, 25, 8, 9]",15,lib/tests/core/native-frames.zy,direct
selected,release,1,411367,135,202,3319548,True,"[97, 25, 8, 9]",16,lib/tests/core/native-frames.zy,baseline
selected,release,1,448161,135,202,3350708,True,"[97, 25, 8, 9]",16,lib/tests/core/native-frames.zy,trim
selected,release,1,422795,135,202,3299502,True,"[97, 25, 8, 9]",16,lib/tests/core/native-frames.zy,direct
selected,release,1,570669,135,202,4179831,True,"[97, 25, 8, 9]",16,lib/tests/core/native-frames.zy,trim_direct
selected,release,1,876451,135,202,4682839,True,"[97, 25, 8, 9]",17,lib/tests/core/native-frames.zy,trim
selected,release,1,625509,135,202,4741872,True,"[97, 25, 8, 9]",17,lib/tests/core/native-frames.zy,direct
selected,release,1,557454,135,202,4346380,True,"[97, 25, 8, 9]",17,lib/tests/core/native-frames.zy,trim_direct
selected,release,1,518340,135,202,4516291,True,"[97, 25, 8, 9]",17,lib/tests/core/native-frames.zy,baseline
selected,release,1,552164,135,202,4337296,True,"[97, 25, 8, 9]",18,lib/tests/core/native-frames.zy,direct
selected,release,1,608248,135,202,4538584,True,"[97, 25, 8, 9]",18,lib/tests/core/native-frames.zy,trim_direct
selected,release,1,594707,135,202,4625993,True,"[97, 25, 8, 9]",18,lib/tests/core/native-frames.zy,baseline
selected,release,1,528667,135,202,4538585,True,"[97, 25, 8, 9]",18,lib/tests/core/native-frames.zy,trim
selected,release,1,542967,135,202,4388044,True,"[97, 25, 8, 9]",19,lib/tests/core/native-frames.zy,trim_direct
selected,release,1,531790,135,202,4497123,True,"[97, 25, 8, 9]",19,lib/tests/core/native-frames.zy,baseline
selected,release,1,608420,135,202,4479331,True,"[97, 25, 8, 9]",19,lib/tests/core/native-frames.zy,trim
selected,release,1,524628,135,202,4352382,True,"[97, 25, 8, 9]",19,lib/tests/core/native-frames.zy,direct
selected,release,1,534120,135,202,4583051,True,"[97, 25, 8, 9]",20,lib/tests/core/native-frames.zy,baseline
selected,release,1,520673,135,202,4356586,True,"[97, 25, 8, 9]",20,lib/tests/core/native-frames.zy,trim
selected,release,1,526348,135,202,4349461,True,"[97, 25, 8, 9]",20,lib/tests/core/native-frames.zy,direct
selected,release,1,562335,135,202,4341993,True,"[97, 25, 8, 9]",20,lib/tests/core/native-frames.zy,trim_direct
selected,release,1,606339,135,202,4694206,True,"[97, 25, 8, 9]",21,lib/tests/core/native-frames.zy,trim
selected,release,1,549122,135,202,4393919,True,"[97, 25, 8, 9]",21,lib/tests/core/native-frames.zy,direct
selected,release,1,529324,135,202,4129092,True,"[97, 25, 8, 9]",21,lib/tests/core/native-frames.zy,trim_direct
selected,release,1,548535,135,202,4365295,True,"[97, 25, 8, 9]",21,lib/tests/core/native-frames.zy,baseline
selected,release,1,545952,135,202,3800456,True,"[97, 25, 8, 9]",22,lib/tests/core/native-frames.zy,direct
selected,release,1,430629,135,202,3223212,True,"[97, 25, 8, 9]",22,lib/tests/core/native-frames.zy,trim_direct
selected,release,1,542171,135,202,3886460,True,"[97, 25, 8, 9]",22,lib/tests/core/native-frames.zy,baseline
selected,release,1,527006,135,202,4409624,True,"[97, 25, 8, 9]",22,lib/tests/core/native-frames.zy,trim
selected,release,1,547374,135,202,4157500,True,"[97, 25, 8, 9]",23,lib/tests/core/native-frames.zy,trim_direct
selected,release,1,630501,135,202,4051962,True,"[97, 25, 8, 9]",23,lib/tests/core/native-frames.zy,baseline
selected,release,1,467459,135,202,5799502,True,"[97, 25, 8, 9]",23,lib/tests/core/native-frames.zy,trim
selected,release,1,490127,135,202,3397500,True,"[97, 25, 8, 9]",23,lib/tests/core/native-frames.zy,direct
selected,release,1,819040,135,202,3947256,True,"[97, 25, 8, 9]",24,lib/tests/core/native-frames.zy,baseline
selected,release,1,613533,135,202,4586575,True,"[97, 25, 8, 9]",24,lib/tests/core/native-frames.zy,trim
selected,release,1,604953,135,202,4572137,True,"[97, 25, 8, 9]",24,lib/tests/core/native-frames.zy,direct
selected,release,1,526620,135,202,4271209,True,"[97, 25, 8, 9]",24,lib/tests/core/native-frames.zy,trim_direct
selected,release,1,571200,135,202,4609000,True,"[97, 25, 8, 9]",25,lib/tests/core/native-frames.zy,trim
selected,release,1,502915,135,202,3645377,True,"[97, 25, 8, 9]",25,lib/tests/core/native-frames.zy,direct
selected,release,1,672085,135,202,4730919,True,"[97, 25, 8, 9]",25,lib/tests/core/native-frames.zy,trim_direct
selected,release,1,665831,135,202,4044409,True,"[97, 25, 8, 9]",25,lib/tests/core/native-frames.zy,baseline
selected,release,1,452992,135,202,3289635,True,"[97, 25, 8, 9]",26,lib/tests/core/native-frames.zy,direct
selected,release,1,471619,135,202,3330503,True,"[97, 25, 8, 9]",26,lib/tests/core/native-frames.zy,trim_direct
selected,release,1,469048,135,202,3667792,True,"[97, 25, 8, 9]",26,lib/tests/core/native-frames.zy,baseline
selected,release,1,449824,135,202,3599507,True,"[97, 25, 8, 9]",26,lib/tests/core/native-frames.zy,trim
selected,release,1,423425,135,202,3254907,True,"[97, 25, 8, 9]",27,lib/tests/core/native-frames.zy,trim_direct
selected,release,1,452921,135,202,3385052,True,"[97, 25, 8, 9]",27,lib/tests/core/native-frames.zy,baseline
selected,release,1,452783,135,202,3352002,True,"[97, 25, 8, 9]",27,lib/tests/core/native-frames.zy,trim
selected,release,1,458716,135,202,3307953,True,"[97, 25, 8, 9]",27,lib/tests/core/native-frames.zy,direct
selected,release,1,434427,135,202,3363837,True,"[97, 25, 8, 9]",28,lib/tests/core/native-frames.zy,baseline
selected,release,1,493829,135,202,3851121,True,"[97, 25, 8, 9]",28,lib/tests/core/native-frames.zy,trim
selected,release,1,430712,135,202,3227593,True,"[97, 25, 8, 9]",28,lib/tests/core/native-frames.zy,direct
selected,release,1,422706,135,202,3235877,True,"[97, 25, 8, 9]",28,lib/tests/core/native-frames.zy,trim_direct
selected,release,1,428636,135,202,3393920,True,"[97, 25, 8, 9]",29,lib/tests/core/native-frames.zy,trim
selected,release,1,430800,135,202,3329294,True,"[97, 25, 8, 9]",29,lib/tests/core/native-frames.zy,direct
selected,release,1,429620,135,202,3288574,True,"[97, 25, 8, 9]",29,lib/tests/core/native-frames.zy,trim_direct
selected,release,1,414790,135,202,3374461,True,"[97, 25, 8, 9]",29,lib/tests/core/native-frames.zy,baseline
selected,release,1,419007,135,202,3308371,True,"[97, 25, 8, 9]",30,lib/tests/core/native-frames.zy,direct
selected,release,1,523417,135,202,3413289,True,"[97, 25, 8, 9]",30,lib/tests/core/native-frames.zy,trim_direct
selected,release,1,449832,135,202,3423407,True,"[97, 25, 8, 9]",30,lib/tests/core/native-frames.zy,baseline
selected,release,1,443125,135,202,3336911,True,"[97, 25, 8, 9]",30,lib/tests/core/native-frames.zy,trim
selected,release,1,416712,135,202,3287074,True,"[97, 25, 8, 9]",31,lib/tests/core/native-frames.zy,trim_direct
selected,release,1,426168,135,202,3412704,True,"[97, 25, 8, 9]",31,lib/tests/core/native-frames.zy,baseline
selected,release,1,462415,135,202,3384963,True,"[97, 25, 8, 9]",31,lib/tests/core/native-frames.zy,trim
selected,release,1,436745,135,202,3278668,True,"[97, 25, 8, 9]",31,lib/tests/core/native-frames.zy,direct
selected,release,1,717699,131,286,5566254,False,"[93, 26, 7, 0]",0,lib/tests/builtin/host-return.zy,baseline
selected,release,1,703664,131,286,5293423,False,"[93, 26, 7, 0]",0,lib/tests/builtin/host-return.zy,trim
selected,release,1,651632,131,286,4777673,False,"[93, 26, 7, 0]",0,lib/tests/builtin/host-return.zy,direct
selected,release,1,659697,131,286,4789794,False,"[93, 26, 7, 0]",0,lib/tests/builtin/host-return.zy,trim_direct
selected,release,1,667997,131,286,5096584,False,"[93, 26, 7, 0]",1,lib/tests/builtin/host-return.zy,trim
selected,release,1,640663,131,286,4831130,False,"[93, 26, 7, 0]",1,lib/tests/builtin/host-return.zy,direct
selected,release,1,579708,131,286,4598034,False,"[93, 26, 7, 0]",1,lib/tests/builtin/host-return.zy,trim_direct
selected,release,1,610377,131,286,4933336,False,"[93, 26, 7, 0]",1,lib/tests/builtin/host-return.zy,baseline
selected,release,1,605582,131,286,4819196,False,"[93, 26, 7, 0]",2,lib/tests/builtin/host-return.zy,direct
selected,release,1,706458,131,286,4885910,False,"[93, 26, 7, 0]",2,lib/tests/builtin/host-return.zy,trim_direct
selected,release,1,629960,131,286,5133334,False,"[93, 26, 7, 0]",2,lib/tests/builtin/host-return.zy,baseline
selected,release,1,618868,131,286,5020214,False,"[93, 26, 7, 0]",2,lib/tests/builtin/host-return.zy,trim
selected,release,1,626968,131,286,4718746,False,"[93, 26, 7, 0]",3,lib/tests/builtin/host-return.zy,trim_direct
selected,release,1,634295,131,286,4980748,False,"[93, 26, 7, 0]",3,lib/tests/builtin/host-return.zy,baseline
selected,release,1,651863,131,286,5180210,False,"[93, 26, 7, 0]",3,lib/tests/builtin/host-return.zy,trim
selected,release,1,615074,131,286,4713116,False,"[93, 26, 7, 0]",3,lib/tests/builtin/host-return.zy,direct
selected,release,1,650250,131,286,4910183,False,"[93, 26, 7, 0]",4,lib/tests/builtin/host-return.zy,baseline
selected,release,1,630083,131,286,4908633,False,"[93, 26, 7, 0]",4,lib/tests/builtin/host-return.zy,trim
selected,release,1,650673,131,286,4926705,False,"[93, 26, 7, 0]",4,lib/tests/builtin/host-return.zy,direct
selected,release,1,661168,131,286,5087287,False,"[93, 26, 7, 0]",4,lib/tests/builtin/host-return.zy,trim_direct
selected,release,1,684459,131,286,5150412,False,"[93, 26, 7, 0]",5,lib/tests/builtin/host-return.zy,trim
selected,release,1,656285,131,286,5048289,False,"[93, 26, 7, 0]",5,lib/tests/builtin/host-return.zy,direct
selected,release,1,650336,131,286,4919330,False,"[93, 26, 7, 0]",5,lib/tests/builtin/host-return.zy,trim_direct
selected,release,1,640044,131,286,5089414,False,"[93, 26, 7, 0]",5,lib/tests/builtin/host-return.zy,baseline
selected,release,1,630720,131,286,4774493,False,"[93, 26, 7, 0]",6,lib/tests/builtin/host-return.zy,direct
selected,release,1,669490,131,286,5032884,False,"[93, 26, 7, 0]",6,lib/tests/builtin/host-return.zy,trim_direct
selected,release,1,661536,131,286,5169705,False,"[93, 26, 7, 0]",6,lib/tests/builtin/host-return.zy,baseline
selected,release,1,685745,131,286,5076915,False,"[93, 26, 7, 0]",6,lib/tests/builtin/host-return.zy,trim
selected,release,1,816883,131,286,5716164,False,"[93, 26, 7, 0]",7,lib/tests/builtin/host-return.zy,trim_direct
selected,release,1,828296,131,286,5699446,False,"[93, 26, 7, 0]",7,lib/tests/builtin/host-return.zy,baseline
selected,release,1,708129,131,286,5284537,False,"[93, 26, 7, 0]",7,lib/tests/builtin/host-return.zy,trim
selected,release,1,696208,131,286,5046161,False,"[93, 26, 7, 0]",7,lib/tests/builtin/host-return.zy,direct
selected,release,1,914132,131,286,6327377,False,"[93, 26, 7, 0]",8,lib/tests/builtin/host-return.zy,baseline
selected,release,1,922166,131,286,6382835,False,"[93, 26, 7, 0]",8,lib/tests/builtin/host-return.zy,trim
selected,release,1,803256,131,286,5662082,False,"[93, 26, 7, 0]",8,lib/tests/builtin/host-return.zy,direct
selected,release,1,973709,131,286,6597413,False,"[93, 26, 7, 0]",8,lib/tests/builtin/host-return.zy,trim_direct
selected,release,1,1022632,131,286,7414493,False,"[93, 26, 7, 0]",9,lib/tests/builtin/host-return.zy,trim
selected,release,1,865960,131,286,5864640,False,"[93, 26, 7, 0]",9,lib/tests/builtin/host-return.zy,direct
selected,release,1,789119,131,286,4784869,False,"[93, 26, 7, 0]",9,lib/tests/builtin/host-return.zy,trim_direct
selected,release,1,1021092,131,286,6768657,False,"[93, 26, 7, 0]",9,lib/tests/builtin/host-return.zy,baseline
selected,release,1,761471,131,286,5318606,False,"[93, 26, 7, 0]",10,lib/tests/builtin/host-return.zy,direct
selected,release,1,640377,131,286,4815370,False,"[93, 26, 7, 0]",10,lib/tests/builtin/host-return.zy,trim_direct
selected,release,1,642238,131,286,4952460,False,"[93, 26, 7, 0]",10,lib/tests/builtin/host-return.zy,baseline
selected,release,1,756542,131,286,5405007,False,"[93, 26, 7, 0]",10,lib/tests/builtin/host-return.zy,trim
selected,release,1,638125,131,286,4819619,False,"[93, 26, 7, 0]",11,lib/tests/builtin/host-return.zy,trim_direct
selected,release,1,706838,131,286,5499701,False,"[93, 26, 7, 0]",11,lib/tests/builtin/host-return.zy,baseline
selected,release,1,708790,131,286,5001832,False,"[93, 26, 7, 0]",11,lib/tests/builtin/host-return.zy,trim
selected,release,1,650997,131,286,4789040,False,"[93, 26, 7, 0]",11,lib/tests/builtin/host-return.zy,direct
selected,release,1,676706,131,286,5107955,False,"[93, 26, 7, 0]",12,lib/tests/builtin/host-return.zy,baseline
selected,release,1,653009,131,286,4890457,False,"[93, 26, 7, 0]",12,lib/tests/builtin/host-return.zy,trim
selected,release,1,584264,131,286,4777129,False,"[93, 26, 7, 0]",12,lib/tests/builtin/host-return.zy,direct
selected,release,1,623498,131,286,4696505,False,"[93, 26, 7, 0]",12,lib/tests/builtin/host-return.zy,trim_direct
selected,release,1,629293,131,286,4914884,False,"[93, 26, 7, 0]",13,lib/tests/builtin/host-return.zy,trim
selected,release,1,605785,131,286,4752665,False,"[93, 26, 7, 0]",13,lib/tests/builtin/host-return.zy,direct
selected,release,1,660794,131,286,4790900,False,"[93, 26, 7, 0]",13,lib/tests/builtin/host-return.zy,trim_direct
selected,release,1,641088,131,286,5105257,False,"[93, 26, 7, 0]",13,lib/tests/builtin/host-return.zy,baseline
selected,release,1,640751,131,286,4758159,False,"[93, 26, 7, 0]",14,lib/tests/builtin/host-return.zy,direct
selected,release,1,653961,131,286,4797503,False,"[93, 26, 7, 0]",14,lib/tests/builtin/host-return.zy,trim_direct
selected,release,1,602458,131,286,4945094,False,"[93, 26, 7, 0]",14,lib/tests/builtin/host-return.zy,baseline
selected,release,1,605995,131,286,4843376,False,"[93, 26, 7, 0]",14,lib/tests/builtin/host-return.zy,trim
selected,release,1,601497,131,286,4633579,False,"[93, 26, 7, 0]",15,lib/tests/builtin/host-return.zy,trim_direct
selected,release,1,612409,131,286,4891032,False,"[93, 26, 7, 0]",15,lib/tests/builtin/host-return.zy,baseline
selected,release,1,604033,131,286,4872747,False,"[93, 26, 7, 0]",15,lib/tests/builtin/host-return.zy,trim
selected,release,1,615162,131,286,4688174,False,"[93, 26, 7, 0]",15,lib/tests/builtin/host-return.zy,direct
selected,release,1,648684,131,286,5111692,False,"[93, 26, 7, 0]",16,lib/tests/builtin/host-return.zy,baseline
selected,release,1,673246,131,286,5001288,False,"[93, 26, 7, 0]",16,lib/tests/builtin/host-return.zy,trim
selected,release,1,591668,131,286,4762789,False,"[93, 26, 7, 0]",16,lib/tests/builtin/host-return.zy,direct
selected,release,1,602965,131,286,4814996,False,"[93, 26, 7, 0]",16,lib/tests/builtin/host-return.zy,trim_direct
selected,release,1,619660,131,286,5001992,False,"[93, 26, 7, 0]",17,lib/tests/builtin/host-return.zy,trim
selected,release,1,621452,131,286,4735930,False,"[93, 26, 7, 0]",17,lib/tests/builtin/host-return.zy,direct
selected,release,1,619077,131,286,4607508,False,"[93, 26, 7, 0]",17,lib/tests/builtin/host-return.zy,trim_direct
selected,release,1,632473,131,286,4974450,False,"[93, 26, 7, 0]",17,lib/tests/builtin/host-return.zy,baseline
selected,release,1,584336,131,286,4739510,False,"[93, 26, 7, 0]",18,lib/tests/builtin/host-return.zy,direct
selected,release,1,599828,131,286,4693159,False,"[93, 26, 7, 0]",18,lib/tests/builtin/host-return.zy,trim_direct
selected,release,1,630506,131,286,5216578,False,"[93, 26, 7, 0]",18,lib/tests/builtin/host-return.zy,baseline
selected,release,1,640368,131,286,4923713,False,"[93, 26, 7, 0]",18,lib/tests/builtin/host-return.zy,trim
selected,release,1,604117,131,286,4718035,False,"[93, 26, 7, 0]",19,lib/tests/builtin/host-return.zy,trim_direct
selected,release,1,601884,131,286,4936510,False,"[93, 26, 7, 0]",19,lib/tests/builtin/host-return.zy,baseline
selected,release,1,689999,131,286,5018803,False,"[93, 26, 7, 0]",19,lib/tests/builtin/host-return.zy,trim
selected,release,1,599286,131,286,4721244,False,"[93, 26, 7, 0]",19,lib/tests/builtin/host-return.zy,direct
selected,release,1,597786,131,286,4877630,False,"[93, 26, 7, 0]",20,lib/tests/builtin/host-return.zy,baseline
selected,release,1,695458,131,286,5321747,False,"[93, 26, 7, 0]",20,lib/tests/builtin/host-return.zy,trim
selected,release,1,719916,131,286,5162414,False,"[93, 26, 7, 0]",20,lib/tests/builtin/host-return.zy,direct
selected,release,1,733673,131,286,5197965,False,"[93, 26, 7, 0]",20,lib/tests/builtin/host-return.zy,trim_direct
selected,release,1,848843,131,286,5555451,False,"[93, 26, 7, 0]",21,lib/tests/builtin/host-return.zy,trim
selected,release,1,643995,131,286,4848708,False,"[93, 26, 7, 0]",21,lib/tests/builtin/host-return.zy,direct
selected,release,1,599491,131,286,4736956,False,"[93, 26, 7, 0]",21,lib/tests/builtin/host-return.zy,trim_direct
selected,release,1,619877,131,286,4896015,False,"[93, 26, 7, 0]",21,lib/tests/builtin/host-return.zy,baseline
selected,release,1,634632,131,286,4739997,False,"[93, 26, 7, 0]",22,lib/tests/builtin/host-return.zy,direct
selected,release,1,743963,131,286,5340139,False,"[93, 26, 7, 0]",22,lib/tests/builtin/host-return.zy,trim_direct
selected,release,1,633453,131,286,4897802,False,"[93, 26, 7, 0]",22,lib/tests/builtin/host-return.zy,baseline
selected,release,1,613161,131,286,4809252,False,"[93, 26, 7, 0]",22,lib/tests/builtin/host-return.zy,trim
selected,release,1,616069,131,286,4622627,False,"[93, 26, 7, 0]",23,lib/tests/builtin/host-return.zy,trim_direct
selected,release,1,638754,131,286,4981048,False,"[93, 26, 7, 0]",23,lib/tests/builtin/host-return.zy,baseline
selected,release,1,673747,131,286,5323579,False,"[93, 26, 7, 0]",23,lib/tests/builtin/host-return.zy,trim
selected,release,1,591045,131,286,4733240,False,"[93, 26, 7, 0]",23,lib/tests/builtin/host-return.zy,direct
selected,release,1,606878,131,286,4940709,False,"[93, 26, 7, 0]",24,lib/tests/builtin/host-return.zy,baseline
selected,release,1,632674,131,286,4853874,False,"[93, 26, 7, 0]",24,lib/tests/builtin/host-return.zy,trim
selected,release,1,691698,131,286,5075497,False,"[93, 26, 7, 0]",24,lib/tests/builtin/host-return.zy,direct
selected,release,1,660655,131,286,4835259,False,"[93, 26, 7, 0]",24,lib/tests/builtin/host-return.zy,trim_direct
selected,release,1,670964,131,286,5052921,False,"[93, 26, 7, 0]",25,lib/tests/builtin/host-return.zy,trim
selected,release,1,649332,131,286,4777584,False,"[93, 26, 7, 0]",25,lib/tests/builtin/host-return.zy,direct
selected,release,1,634112,131,286,4874879,False,"[93, 26, 7, 0]",25,lib/tests/builtin/host-return.zy,trim_direct
selected,release,1,670120,131,286,5402758,False,"[93, 26, 7, 0]",25,lib/tests/builtin/host-return.zy,baseline
selected,release,1,622806,131,286,4829088,False,"[93, 26, 7, 0]",26,lib/tests/builtin/host-return.zy,direct
selected,release,1,628917,131,286,4776498,False,"[93, 26, 7, 0]",26,lib/tests/builtin/host-return.zy,trim_direct
selected,release,1,599548,131,286,4995133,False,"[93, 26, 7, 0]",26,lib/tests/builtin/host-return.zy,baseline
selected,release,1,666911,131,286,5430572,False,"[93, 26, 7, 0]",26,lib/tests/builtin/host-return.zy,trim
selected,release,1,604959,131,286,4713626,False,"[93, 26, 7, 0]",27,lib/tests/builtin/host-return.zy,trim_direct
selected,release,1,609707,131,286,4861212,False,"[93, 26, 7, 0]",27,lib/tests/builtin/host-return.zy,baseline
selected,release,1,592303,131,286,4856291,False,"[93, 26, 7, 0]",27,lib/tests/builtin/host-return.zy,trim
selected,release,1,612256,131,286,4800054,False,"[93, 26, 7, 0]",27,lib/tests/builtin/host-return.zy,direct
selected,release,1,688256,131,286,5315543,False,"[93, 26, 7, 0]",28,lib/tests/builtin/host-return.zy,baseline
selected,release,1,665079,131,286,5026969,False,"[93, 26, 7, 0]",28,lib/tests/builtin/host-return.zy,trim
selected,release,1,613175,131,286,4736511,False,"[93, 26, 7, 0]",28,lib/tests/builtin/host-return.zy,direct
selected,release,1,610829,131,286,4682965,False,"[93, 26, 7, 0]",28,lib/tests/builtin/host-return.zy,trim_direct
selected,release,1,610252,131,286,4893496,False,"[93, 26, 7, 0]",29,lib/tests/builtin/host-return.zy,trim
selected,release,1,697998,131,286,5332908,False,"[93, 26, 7, 0]",29,lib/tests/builtin/host-return.zy,direct
selected,release,1,611366,131,286,4702421,False,"[93, 26, 7, 0]",29,lib/tests/builtin/host-return.zy,trim_direct
selected,release,1,646246,131,286,5432918,False,"[93, 26, 7, 0]",29,lib/tests/builtin/host-return.zy,baseline
selected,release,1,614200,131,286,4790423,False,"[93, 26, 7, 0]",30,lib/tests/builtin/host-return.zy,direct
selected,release,1,597547,131,286,4767798,False,"[93, 26, 7, 0]",30,lib/tests/builtin/host-return.zy,trim_direct
selected,release,1,595292,131,286,5007416,False,"[93, 26, 7, 0]",30,lib/tests/builtin/host-return.zy,baseline
selected,release,1,599212,131,286,4961919,False,"[93, 26, 7, 0]",30,lib/tests/builtin/host-return.zy,trim
selected,release,1,638165,131,286,4696840,False,"[93, 26, 7, 0]",31,lib/tests/builtin/host-return.zy,trim_direct
selected,release,1,699790,131,286,5183118,False,"[93, 26, 7, 0]",31,lib/tests/builtin/host-return.zy,baseline
selected,release,1,653551,131,286,5199843,False,"[93, 26, 7, 0]",31,lib/tests/builtin/host-return.zy,trim
selected,release,1,620505,131,286,4815043,False,"[93, 26, 7, 0]",31,lib/tests/builtin/host-return.zy,direct
selected,release,1,704758,131,386,4978123,True,"[66, 24, 7, 8]",0,lib/tests/builtin/host-return.zy,baseline
selected,release,1,726448,131,386,5062164,True,"[66, 24, 7, 8]",0,lib/tests/builtin/host-return.zy,trim
selected,release,1,747991,131,386,5033757,True,"[66, 24, 7, 8]",0,lib/tests/builtin/host-return.zy,direct
selected,release,1,712253,131,386,4829458,True,"[66, 24, 7, 8]",0,lib/tests/builtin/host-return.zy,trim_direct
selected,release,1,708008,131,386,4942206,True,"[66, 24, 7, 8]",1,lib/tests/builtin/host-return.zy,trim
selected,release,1,679422,131,386,4812960,True,"[66, 24, 7, 8]",1,lib/tests/builtin/host-return.zy,direct
selected,release,1,693592,131,386,4827426,True,"[66, 24, 7, 8]",1,lib/tests/builtin/host-return.zy,trim_direct
selected,release,1,690543,131,386,4991671,True,"[66, 24, 7, 8]",1,lib/tests/builtin/host-return.zy,baseline
selected,release,1,659825,131,386,4832209,True,"[66, 24, 7, 8]",2,lib/tests/builtin/host-return.zy,direct
selected,release,1,664142,131,386,4749672,True,"[66, 24, 7, 8]",2,lib/tests/builtin/host-return.zy,trim_direct
selected,release,1,687580,131,386,5030000,True,"[66, 24, 7, 8]",2,lib/tests/builtin/host-return.zy,baseline
selected,release,1,687381,131,386,4939493,True,"[66, 24, 7, 8]",2,lib/tests/builtin/host-return.zy,trim
selected,release,1,686160,131,386,4765219,True,"[66, 24, 7, 8]",3,lib/tests/builtin/host-return.zy,trim_direct
selected,release,1,681703,131,386,4913000,True,"[66, 24, 7, 8]",3,lib/tests/builtin/host-return.zy,baseline
selected,release,1,685044,131,386,4918339,True,"[66, 24, 7, 8]",3,lib/tests/builtin/host-return.zy,trim
selected,release,1,664594,131,386,4853484,True,"[66, 24, 7, 8]",3,lib/tests/builtin/host-return.zy,direct
selected,release,1,687752,131,386,4882593,True,"[66, 24, 7, 8]",4,lib/tests/builtin/host-return.zy,baseline
selected,release,1,674192,131,386,4891838,True,"[66, 24, 7, 8]",4,lib/tests/builtin/host-return.zy,trim
selected,release,1,655699,131,386,4704541,True,"[66, 24, 7, 8]",4,lib/tests/builtin/host-return.zy,direct
selected,release,1,655288,131,386,4631754,True,"[66, 24, 7, 8]",4,lib/tests/builtin/host-return.zy,trim_direct
selected,release,1,680247,131,386,4755743,True,"[66, 24, 7, 8]",5,lib/tests/builtin/host-return.zy,trim
selected,release,1,698830,131,386,4960417,True,"[66, 24, 7, 8]",5,lib/tests/builtin/host-return.zy,direct
selected,release,1,701539,131,386,4799787,True,"[66, 24, 7, 8]",5,lib/tests/builtin/host-return.zy,trim_direct
selected,release,1,687209,131,386,5041251,True,"[66, 24, 7, 8]",5,lib/tests/builtin/host-return.zy,baseline
selected,release,1,693489,131,386,4846869,True,"[66, 24, 7, 8]",6,lib/tests/builtin/host-return.zy,direct
selected,release,1,651588,131,386,4697252,True,"[66, 24, 7, 8]",6,lib/tests/builtin/host-return.zy,trim_direct
selected,release,1,683452,131,386,4942094,True,"[66, 24, 7, 8]",6,lib/tests/builtin/host-return.zy,baseline
selected,release,1,672711,131,386,4934462,True,"[66, 24, 7, 8]",6,lib/tests/builtin/host-return.zy,trim
selected,release,1,647204,131,386,4681090,True,"[66, 24, 7, 8]",7,lib/tests/builtin/host-return.zy,trim_direct
selected,release,1,660665,131,386,4875622,True,"[66, 24, 7, 8]",7,lib/tests/builtin/host-return.zy,baseline
selected,release,1,686083,131,386,4899581,True,"[66, 24, 7, 8]",7,lib/tests/builtin/host-return.zy,trim
selected,release,1,674044,131,386,4928796,True,"[66, 24, 7, 8]",7,lib/tests/builtin/host-return.zy,direct
selected,release,1,670120,131,386,4960914,True,"[66, 24, 7, 8]",8,lib/tests/builtin/host-return.zy,baseline
selected,release,1,724332,131,386,4961558,True,"[66, 24, 7, 8]",8,lib/tests/builtin/host-return.zy,trim
selected,release,1,702745,131,386,5023432,True,"[66, 24, 7, 8]",8,lib/tests/builtin/host-return.zy,direct
selected,release,1,679210,131,386,4777750,True,"[66, 24, 7, 8]",8,lib/tests/builtin/host-return.zy,trim_direct
selected,release,1,682260,131,386,4814736,True,"[66, 24, 7, 8]",9,lib/tests/builtin/host-return.zy,trim
selected,release,1,699246,131,386,4867627,True,"[66, 24, 7, 8]",9,lib/tests/builtin/host-return.zy,direct
selected,release,1,695083,131,386,4666804,True,"[66, 24, 7, 8]",9,lib/tests/builtin/host-return.zy,trim_direct
selected,release,1,676047,131,386,4971132,True,"[66, 24, 7, 8]",9,lib/tests/builtin/host-return.zy,baseline
selected,release,1,696582,131,386,4913753,True,"[66, 24, 7, 8]",10,lib/tests/builtin/host-return.zy,direct
selected,release,1,658331,131,386,4637505,True,"[66, 24, 7, 8]",10,lib/tests/builtin/host-return.zy,trim_direct
selected,release,1,664173,131,386,4826514,True,"[66, 24, 7, 8]",10,lib/tests/builtin/host-return.zy,baseline
selected,release,1,657000,131,386,4835213,True,"[66, 24, 7, 8]",10,lib/tests/builtin/host-return.zy,trim
selected,release,1,689907,131,386,4743000,True,"[66, 24, 7, 8]",11,lib/tests/builtin/host-return.zy,trim_direct
selected,release,1,677505,131,386,5038900,True,"[66, 24, 7, 8]",11,lib/tests/builtin/host-return.zy,baseline
selected,release,1,672013,131,386,4884406,True,"[66, 24, 7, 8]",11,lib/tests/builtin/host-return.zy,trim
selected,release,1,667083,131,386,4824470,True,"[66, 24, 7, 8]",11,lib/tests/builtin/host-return.zy,direct
selected,release,1,706204,131,386,5012755,True,"[66, 24, 7, 8]",12,lib/tests/builtin/host-return.zy,baseline
selected,release,1,699407,131,386,4900756,True,"[66, 24, 7, 8]",12,lib/tests/builtin/host-return.zy,trim
selected,release,1,724798,131,386,5010740,True,"[66, 24, 7, 8]",12,lib/tests/builtin/host-return.zy,direct
selected,release,1,675333,131,386,4807035,True,"[66, 24, 7, 8]",12,lib/tests/builtin/host-return.zy,trim_direct
selected,release,1,656251,131,386,4849751,True,"[66, 24, 7, 8]",13,lib/tests/builtin/host-return.zy,trim
selected,release,1,666760,131,386,4936325,True,"[66, 24, 7, 8]",13,lib/tests/builtin/host-return.zy,direct
selected,release,1,671651,131,386,4867300,True,"[66, 24, 7, 8]",13,lib/tests/builtin/host-return.zy,trim_direct
selected,release,1,679149,131,386,4995746,True,"[66, 24, 7, 8]",13,lib/tests/builtin/host-return.zy,baseline
selected,release,1,689538,131,386,5025042,True,"[66, 24, 7, 8]",14,lib/tests/builtin/host-return.zy,direct
selected,release,1,673972,131,386,4792911,True,"[66, 24, 7, 8]",14,lib/tests/builtin/host-return.zy,trim_direct
selected,release,1,701419,131,386,5082837,True,"[66, 24, 7, 8]",14,lib/tests/builtin/host-return.zy,baseline
selected,release,1,697598,131,386,4906838,True,"[66, 24, 7, 8]",14,lib/tests/builtin/host-return.zy,trim
selected,release,1,678662,131,386,4860715,True,"[66, 24, 7, 8]",15,lib/tests/builtin/host-return.zy,trim_direct
selected,release,1,699705,131,386,5070535,True,"[66, 24, 7, 8]",15,lib/tests/builtin/host-return.zy,baseline
selected,release,1,696877,131,386,4922332,True,"[66, 24, 7, 8]",15,lib/tests/builtin/host-return.zy,trim
selected,release,1,710285,131,386,5083370,True,"[66, 24, 7, 8]",15,lib/tests/builtin/host-return.zy,direct
selected,release,1,682872,131,386,5038951,True,"[66, 24, 7, 8]",16,lib/tests/builtin/host-return.zy,baseline
selected,release,1,683076,131,386,4910964,True,"[66, 24, 7, 8]",16,lib/tests/builtin/host-return.zy,trim
selected,release,1,674584,131,386,4889382,True,"[66, 24, 7, 8]",16,lib/tests/builtin/host-return.zy,direct
selected,release,1,695047,131,386,4771848,True,"[66, 24, 7, 8]",16,lib/tests/builtin/host-return.zy,trim_direct
selected,release,1,679964,131,386,5070840,True,"[66, 24, 7, 8]",17,lib/tests/builtin/host-return.zy,trim
selected,release,1,679914,131,386,4976641,True,"[66, 24, 7, 8]",17,lib/tests/builtin/host-return.zy,direct
selected,release,1,694217,131,386,4954157,True,"[66, 24, 7, 8]",17,lib/tests/builtin/host-return.zy,trim_direct
selected,release,1,690836,131,386,5088206,True,"[66, 24, 7, 8]",17,lib/tests/builtin/host-return.zy,baseline
selected,release,1,714998,131,386,4863991,True,"[66, 24, 7, 8]",18,lib/tests/builtin/host-return.zy,direct
selected,release,1,682387,131,386,4874206,True,"[66, 24, 7, 8]",18,lib/tests/builtin/host-return.zy,trim_direct
selected,release,1,684332,131,386,5059959,True,"[66, 24, 7, 8]",18,lib/tests/builtin/host-return.zy,baseline
selected,release,1,673747,131,386,4906142,True,"[66, 24, 7, 8]",18,lib/tests/builtin/host-return.zy,trim
selected,release,1,685617,131,386,4830207,True,"[66, 24, 7, 8]",19,lib/tests/builtin/host-return.zy,trim_direct
selected,release,1,671751,131,386,5001156,True,"[66, 24, 7, 8]",19,lib/tests/builtin/host-return.zy,baseline
selected,release,1,702045,131,386,4919326,True,"[66, 24, 7, 8]",19,lib/tests/builtin/host-return.zy,trim
selected,release,1,682364,131,386,4832868,True,"[66, 24, 7, 8]",19,lib/tests/builtin/host-return.zy,direct
selected,release,1,685792,131,386,5068670,True,"[66, 24, 7, 8]",20,lib/tests/builtin/host-return.zy,baseline
selected,release,1,694337,131,386,4896712,True,"[66, 24, 7, 8]",20,lib/tests/builtin/host-return.zy,trim
selected,release,1,658056,131,386,4865750,True,"[66, 24, 7, 8]",20,lib/tests/builtin/host-return.zy,direct
selected,release,1,665294,131,386,4859828,True,"[66, 24, 7, 8]",20,lib/tests/builtin/host-return.zy,trim_direct
selected,release,1,714295,131,386,4885210,True,"[66, 24, 7, 8]",21,lib/tests/builtin/host-return.zy,trim
selected,release,1,667672,131,386,4853330,True,"[66, 24, 7, 8]",21,lib/tests/builtin/host-return.zy,direct
selected,release,1,677741,131,386,4763006,True,"[66, 24, 7, 8]",21,lib/tests/builtin/host-return.zy,trim_direct
selected,release,1,683502,131,386,4975455,True,"[66, 24, 7, 8]",21,lib/tests/builtin/host-return.zy,baseline
selected,release,1,670630,131,386,4752618,True,"[66, 24, 7, 8]",22,lib/tests/builtin/host-return.zy,direct
selected,release,1,677381,131,386,4822967,True,"[66, 24, 7, 8]",22,lib/tests/builtin/host-return.zy,trim_direct
selected,release,1,684585,131,386,4998799,True,"[66, 24, 7, 8]",22,lib/tests/builtin/host-return.zy,baseline
selected,release,1,666825,131,386,4882320,True,"[66, 24, 7, 8]",22,lib/tests/builtin/host-return.zy,trim
selected,release,1,679339,131,386,4757997,True,"[66, 24, 7, 8]",23,lib/tests/builtin/host-return.zy,trim_direct
selected,release,1,687037,131,386,5129582,True,"[66, 24, 7, 8]",23,lib/tests/builtin/host-return.zy,baseline
selected,release,1,738082,131,386,5158255,True,"[66, 24, 7, 8]",23,lib/tests/builtin/host-return.zy,trim
selected,release,1,681253,131,386,4999558,True,"[66, 24, 7, 8]",23,lib/tests/builtin/host-return.zy,direct
selected,release,1,675874,131,386,4959747,True,"[66, 24, 7, 8]",24,lib/tests/builtin/host-return.zy,baseline
selected,release,1,697628,131,386,4965288,True,"[66, 24, 7, 8]",24,lib/tests/builtin/host-return.zy,trim
selected,release,1,684636,131,386,4825076,True,"[66, 24, 7, 8]",24,lib/tests/builtin/host-return.zy,direct
selected,release,1,691045,131,386,4815252,True,"[66, 24, 7, 8]",24,lib/tests/builtin/host-return.zy,trim_direct
selected,release,1,704472,131,386,4956332,True,"[66, 24, 7, 8]",25,lib/tests/builtin/host-return.zy,trim
selected,release,1,673033,131,386,4865744,True,"[66, 24, 7, 8]",25,lib/tests/builtin/host-return.zy,direct
selected,release,1,689085,131,386,4804368,True,"[66, 24, 7, 8]",25,lib/tests/builtin/host-return.zy,trim_direct
selected,release,1,711247,131,386,4996657,True,"[66, 24, 7, 8]",25,lib/tests/builtin/host-return.zy,baseline
selected,release,1,718553,131,386,4983453,True,"[66, 24, 7, 8]",26,lib/tests/builtin/host-return.zy,direct
selected,release,1,663664,131,386,4789829,True,"[66, 24, 7, 8]",26,lib/tests/builtin/host-return.zy,trim_direct
selected,release,1,685281,131,386,4974203,True,"[66, 24, 7, 8]",26,lib/tests/builtin/host-return.zy,baseline
selected,release,1,736470,131,386,4918203,True,"[66, 24, 7, 8]",26,lib/tests/builtin/host-return.zy,trim
selected,release,1,704004,131,386,4726832,True,"[66, 24, 7, 8]",27,lib/tests/builtin/host-return.zy,trim_direct
selected,release,1,692798,131,386,5046294,True,"[66, 24, 7, 8]",27,lib/tests/builtin/host-return.zy,baseline
selected,release,1,717492,131,386,4914379,True,"[66, 24, 7, 8]",27,lib/tests/builtin/host-return.zy,trim
selected,release,1,708316,131,386,4848343,True,"[66, 24, 7, 8]",27,lib/tests/builtin/host-return.zy,direct
selected,release,1,721207,131,386,5137798,True,"[66, 24, 7, 8]",28,lib/tests/builtin/host-return.zy,baseline
selected,release,1,702379,131,386,4997330,True,"[66, 24, 7, 8]",28,lib/tests/builtin/host-return.zy,trim
selected,release,1,701368,131,386,5005825,True,"[66, 24, 7, 8]",28,lib/tests/builtin/host-return.zy,direct
selected,release,1,679091,131,386,4815666,True,"[66, 24, 7, 8]",28,lib/tests/builtin/host-return.zy,trim_direct
selected,release,1,688325,131,386,4938033,True,"[66, 24, 7, 8]",29,lib/tests/builtin/host-return.zy,trim
selected,release,1,718709,131,386,5126964,True,"[66, 24, 7, 8]",29,lib/tests/builtin/host-return.zy,direct
selected,release,1,734415,131,386,4886673,True,"[66, 24, 7, 8]",29,lib/tests/builtin/host-return.zy,trim_direct
selected,release,1,684745,131,386,5061460,True,"[66, 24, 7, 8]",29,lib/tests/builtin/host-return.zy,baseline
selected,release,1,679836,131,386,5020210,True,"[66, 24, 7, 8]",30,lib/tests/builtin/host-return.zy,direct
selected,release,1,689926,131,386,4818244,True,"[66, 24, 7, 8]",30,lib/tests/builtin/host-return.zy,trim_direct
selected,release,1,699626,131,386,5106298,True,"[66, 24, 7, 8]",30,lib/tests/builtin/host-return.zy,baseline
selected,release,1,693663,131,386,4936924,True,"[66, 24, 7, 8]",30,lib/tests/builtin/host-return.zy,trim
selected,release,1,688911,131,386,4797042,True,"[66, 24, 7, 8]",31,lib/tests/builtin/host-return.zy,trim_direct
selected,release,1,701334,131,386,5042376,True,"[66, 24, 7, 8]",31,lib/tests/builtin/host-return.zy,baseline
selected,release,1,702409,131,386,4964512,True,"[66, 24, 7, 8]",31,lib/tests/builtin/host-return.zy,trim
selected,release,1,706601,131,386,4857738,True,"[66, 24, 7, 8]",31,lib/tests/builtin/host-return.zy,direct
selected,release,1,654458,692,47,4816082,False,"[525, 160, 38, 0]",0,lib/tests/builtin/host-runtime.zy,baseline
selected,release,1,641626,692,47,4856335,False,"[525, 160, 38, 0]",0,lib/tests/builtin/host-runtime.zy,trim
selected,release,1,652165,692,47,4780291,False,"[525, 160, 38, 0]",0,lib/tests/builtin/host-runtime.zy,direct
selected,release,1,630001,692,47,4658497,False,"[525, 160, 38, 0]",0,lib/tests/builtin/host-runtime.zy,trim_direct
selected,release,1,600670,692,47,4979501,False,"[525, 160, 38, 0]",1,lib/tests/builtin/host-runtime.zy,trim
selected,release,1,598003,692,47,4846583,False,"[525, 160, 38, 0]",1,lib/tests/builtin/host-runtime.zy,direct
selected,release,1,645705,692,47,4803415,False,"[525, 160, 38, 0]",1,lib/tests/builtin/host-runtime.zy,trim_direct
selected,release,1,602410,692,47,4976875,False,"[525, 160, 38, 0]",1,lib/tests/builtin/host-runtime.zy,baseline
selected,release,1,661834,692,47,4817582,False,"[525, 160, 38, 0]",2,lib/tests/builtin/host-runtime.zy,direct
selected,release,1,696378,692,47,5106249,False,"[525, 160, 38, 0]",2,lib/tests/builtin/host-runtime.zy,trim_direct
selected,release,1,630041,692,47,4907752,False,"[525, 160, 38, 0]",2,lib/tests/builtin/host-runtime.zy,baseline
selected,release,1,629373,692,47,4800668,False,"[525, 160, 38, 0]",2,lib/tests/builtin/host-runtime.zy,trim
selected,release,1,608417,692,47,4747626,False,"[525, 160, 38, 0]",3,lib/tests/builtin/host-runtime.zy,trim_direct
selected,release,1,599578,692,47,4889335,False,"[525, 160, 38, 0]",3,lib/tests/builtin/host-runtime.zy,baseline
selected,release,1,624207,692,47,4906878,False,"[525, 160, 38, 0]",3,lib/tests/builtin/host-runtime.zy,trim
selected,release,1,616872,692,47,4826963,False,"[525, 160, 38, 0]",3,lib/tests/builtin/host-runtime.zy,direct
selected,release,1,621833,692,47,5027789,False,"[525, 160, 38, 0]",4,lib/tests/builtin/host-runtime.zy,baseline
selected,release,1,576628,692,47,4829627,False,"[525, 160, 38, 0]",4,lib/tests/builtin/host-runtime.zy,trim
selected,release,1,616789,692,47,4692418,False,"[525, 160, 38, 0]",4,lib/tests/builtin/host-runtime.zy,direct
selected,release,1,590379,692,47,4585625,False,"[525, 160, 38, 0]",4,lib/tests/builtin/host-runtime.zy,trim_direct
selected,release,1,611961,692,47,4944877,False,"[525, 160, 38, 0]",5,lib/tests/builtin/host-runtime.zy,trim
selected,release,1,596213,692,47,4780625,False,"[525, 160, 38, 0]",5,lib/tests/builtin/host-runtime.zy,direct
selected,release,1,575789,692,47,4655753,False,"[525, 160, 38, 0]",5,lib/tests/builtin/host-runtime.zy,trim_direct
selected,release,1,583539,692,47,4883578,False,"[525, 160, 38, 0]",5,lib/tests/builtin/host-runtime.zy,baseline
selected,release,1,598210,692,47,4674791,False,"[525, 160, 38, 0]",6,lib/tests/builtin/host-runtime.zy,direct
selected,release,1,645294,692,47,4747209,False,"[525, 160, 38, 0]",6,lib/tests/builtin/host-runtime.zy,trim_direct
selected,release,1,594292,692,47,4928869,False,"[525, 160, 38, 0]",6,lib/tests/builtin/host-runtime.zy,baseline
selected,release,1,608419,692,47,4914585,False,"[525, 160, 38, 0]",6,lib/tests/builtin/host-runtime.zy,trim
selected,release,1,565123,692,47,4714750,False,"[525, 160, 38, 0]",7,lib/tests/builtin/host-runtime.zy,trim_direct
selected,release,1,579083,692,47,4947255,False,"[525, 160, 38, 0]",7,lib/tests/builtin/host-runtime.zy,baseline
selected,release,1,632292,692,47,5030956,False,"[525, 160, 38, 0]",7,lib/tests/builtin/host-runtime.zy,trim
selected,release,1,608625,692,47,4742208,False,"[525, 160, 38, 0]",7,lib/tests/builtin/host-runtime.zy,direct
selected,release,1,618585,692,47,4997498,False,"[525, 160, 38, 0]",8,lib/tests/builtin/host-runtime.zy,baseline
selected,release,1,599040,692,47,4868791,False,"[525, 160, 38, 0]",8,lib/tests/builtin/host-runtime.zy,trim
selected,release,1,625707,692,47,4792749,False,"[525, 160, 38, 0]",8,lib/tests/builtin/host-runtime.zy,direct
selected,release,1,578040,692,47,4684332,False,"[525, 160, 38, 0]",8,lib/tests/builtin/host-runtime.zy,trim_direct
selected,release,1,576671,692,47,4966832,False,"[525, 160, 38, 0]",9,lib/tests/builtin/host-runtime.zy,trim
selected,release,1,597954,692,47,4830164,False,"[525, 160, 38, 0]",9,lib/tests/builtin/host-runtime.zy,direct
selected,release,1,626123,692,47,4814249,False,"[525, 160, 38, 0]",9,lib/tests/builtin/host-runtime.zy,trim_direct
selected,release,1,601125,692,47,4885082,False,"[525, 160, 38, 0]",9,lib/tests/builtin/host-runtime.zy,baseline
selected,release,1,571335,692,47,4751289,False,"[525, 160, 38, 0]",10,lib/tests/builtin/host-runtime.zy,direct
selected,release,1,606290,692,47,4650624,False,"[525, 160, 38, 0]",10,lib/tests/builtin/host-runtime.zy,trim_direct
selected,release,1,652124,692,47,4943042,False,"[525, 160, 38, 0]",10,lib/tests/builtin/host-runtime.zy,baseline
selected,release,1,594583,692,47,5030206,False,"[525, 160, 38, 0]",10,lib/tests/builtin/host-runtime.zy,trim
selected,release,1,571712,692,47,4707252,False,"[525, 160, 38, 0]",11,lib/tests/builtin/host-runtime.zy,trim_direct
selected,release,1,565873,692,47,4903622,False,"[525, 160, 38, 0]",11,lib/tests/builtin/host-runtime.zy,baseline
selected,release,1,642794,692,47,4968416,False,"[525, 160, 38, 0]",11,lib/tests/builtin/host-runtime.zy,trim
selected,release,1,601169,692,47,4791541,False,"[525, 160, 38, 0]",11,lib/tests/builtin/host-runtime.zy,direct
selected,release,1,575335,692,47,4855209,False,"[525, 160, 38, 0]",12,lib/tests/builtin/host-runtime.zy,baseline
selected,release,1,577212,692,47,4943375,False,"[525, 160, 38, 0]",12,lib/tests/builtin/host-runtime.zy,trim
selected,release,1,579001,692,47,4719169,False,"[525, 160, 38, 0]",12,lib/tests/builtin/host-runtime.zy,direct
selected,release,1,600374,692,47,4805917,False,"[525, 160, 38, 0]",12,lib/tests/builtin/host-runtime.zy,trim_direct
selected,release,1,611000,692,47,4960541,False,"[525, 160, 38, 0]",13,lib/tests/builtin/host-runtime.zy,trim
selected,release,1,640205,692,47,4788380,False,"[525, 160, 38, 0]",13,lib/tests/builtin/host-runtime.zy,direct
selected,release,1,607045,692,47,4739665,False,"[525, 160, 38, 0]",13,lib/tests/builtin/host-runtime.zy,trim_direct
selected,release,1,640081,692,47,5030707,False,"[525, 160, 38, 0]",13,lib/tests/builtin/host-runtime.zy,baseline
selected,release,1,601165,692,47,4819832,False,"[525, 160, 38, 0]",14,lib/tests/builtin/host-runtime.zy,direct
selected,release,1,576877,692,47,4712746,False,"[525, 160, 38, 0]",14,lib/tests/builtin/host-runtime.zy,trim_direct
selected,release,1,589165,692,47,4968748,False,"[525, 160, 38, 0]",14,lib/tests/builtin/host-runtime.zy,baseline
selected,release,1,591704,692,47,4992627,False,"[525, 160, 38, 0]",14,lib/tests/builtin/host-runtime.zy,trim
selected,release,1,591835,692,47,4769002,False,"[525, 160, 38, 0]",15,lib/tests/builtin/host-runtime.zy,trim_direct
selected,release,1,579125,692,47,4853707,False,"[525, 160, 38, 0]",15,lib/tests/builtin/host-runtime.zy,baseline
selected,release,1,613708,692,47,5166917,False,"[525, 160, 38, 0]",15,lib/tests/builtin/host-runtime.zy,trim
selected,release,1,676374,692,47,5258544,False,"[525, 160, 38, 0]",15,lib/tests/builtin/host-runtime.zy,direct
selected,release,1,574711,692,47,4965957,False,"[525, 160, 38, 0]",16,lib/tests/builtin/host-runtime.zy,baseline
selected,release,1,654707,692,47,5100794,False,"[525, 160, 38, 0]",16,lib/tests/builtin/host-runtime.zy,trim
selected,release,1,660378,692,47,4867621,False,"[525, 160, 38, 0]",16,lib/tests/builtin/host-runtime.zy,direct
selected,release,1,599375,692,47,4742290,False,"[525, 160, 38, 0]",16,lib/tests/builtin/host-runtime.zy,trim_direct
selected,release,1,663790,692,47,4909999,False,"[525, 160, 38, 0]",17,lib/tests/builtin/host-runtime.zy,trim
selected,release,1,633918,692,47,4896672,False,"[525, 160, 38, 0]",17,lib/tests/builtin/host-runtime.zy,direct
selected,release,1,617003,692,47,4811041,False,"[525, 160, 38, 0]",17,lib/tests/builtin/host-runtime.zy,trim_direct
selected,release,1,588707,692,47,4820749,False,"[525, 160, 38, 0]",17,lib/tests/builtin/host-runtime.zy,baseline
selected,release,1,588000,692,47,4779791,False,"[525, 160, 38, 0]",18,lib/tests/builtin/host-runtime.zy,direct
selected,release,1,610879,692,47,4710000,False,"[525, 160, 38, 0]",18,lib/tests/builtin/host-runtime.zy,trim_direct
selected,release,1,578250,692,47,4853372,False,"[525, 160, 38, 0]",18,lib/tests/builtin/host-runtime.zy,baseline
selected,release,1,628918,692,47,4873540,False,"[525, 160, 38, 0]",18,lib/tests/builtin/host-runtime.zy,trim
selected,release,1,619542,692,47,4665086,False,"[525, 160, 38, 0]",19,lib/tests/builtin/host-runtime.zy,trim_direct
selected,release,1,572292,692,47,4877458,False,"[525, 160, 38, 0]",19,lib/tests/builtin/host-runtime.zy,baseline
selected,release,1,607333,692,47,4942543,False,"[525, 160, 38, 0]",19,lib/tests/builtin/host-runtime.zy,trim
selected,release,1,614165,692,47,4792668,False,"[525, 160, 38, 0]",19,lib/tests/builtin/host-runtime.zy,direct
selected,release,1,602962,692,47,4949828,False,"[525, 160, 38, 0]",20,lib/tests/builtin/host-runtime.zy,baseline
selected,release,1,630625,692,47,4958956,False,"[525, 160, 38, 0]",20,lib/tests/builtin/host-runtime.zy,trim
selected,release,1,580836,692,47,4788587,False,"[525, 160, 38, 0]",20,lib/tests/builtin/host-runtime.zy,direct
selected,release,1,565129,692,47,4666789,False,"[525, 160, 38, 0]",20,lib/tests/builtin/host-runtime.zy,trim_direct
selected,release,1,615459,692,47,4914499,False,"[525, 160, 38, 0]",21,lib/tests/builtin/host-runtime.zy,trim
selected,release,1,602124,692,47,4766460,False,"[525, 160, 38, 0]",21,lib/tests/builtin/host-runtime.zy,direct
selected,release,1,574251,692,47,4665998,False,"[525, 160, 38, 0]",21,lib/tests/builtin/host-runtime.zy,trim_direct
selected,release,1,608583,692,47,4918124,False,"[525, 160, 38, 0]",21,lib/tests/builtin/host-runtime.zy,baseline
selected,release,1,586418,692,47,4685962,False,"[525, 160, 38, 0]",22,lib/tests/builtin/host-runtime.zy,direct
selected,release,1,597167,692,47,4648667,False,"[525, 160, 38, 0]",22,lib/tests/builtin/host-runtime.zy,trim_direct
selected,release,1,597579,692,47,5005422,False,"[525, 160, 38, 0]",22,lib/tests/builtin/host-runtime.zy,baseline
selected,release,1,591251,692,47,4976997,False,"[525, 160, 38, 0]",22,lib/tests/builtin/host-runtime.zy,trim
selected,release,1,605920,692,47,4774204,False,"[525, 160, 38, 0]",23,lib/tests/builtin/host-runtime.zy,trim_direct
selected,release,1,588833,692,47,4899707,False,"[525, 160, 38, 0]",23,lib/tests/builtin/host-runtime.zy,baseline
selected,release,1,637791,692,47,4918664,False,"[525, 160, 38, 0]",23,lib/tests/builtin/host-runtime.zy,trim
selected,release,1,651375,692,47,4935163,False,"[525, 160, 38, 0]",23,lib/tests/builtin/host-runtime.zy,direct
selected,release,1,629704,692,47,4918004,False,"[525, 160, 38, 0]",24,lib/tests/builtin/host-runtime.zy,baseline
selected,release,1,584539,692,47,4872586,False,"[525, 160, 38, 0]",24,lib/tests/builtin/host-runtime.zy,trim
selected,release,1,581708,692,47,4795377,False,"[525, 160, 38, 0]",24,lib/tests/builtin/host-runtime.zy,direct
selected,release,1,599290,692,47,4678211,False,"[525, 160, 38, 0]",24,lib/tests/builtin/host-runtime.zy,trim_direct
selected,release,1,602665,692,47,4897833,False,"[525, 160, 38, 0]",25,lib/tests/builtin/host-runtime.zy,trim
selected,release,1,584002,692,47,4734250,False,"[525, 160, 38, 0]",25,lib/tests/builtin/host-runtime.zy,direct
selected,release,1,606791,692,47,4651545,False,"[525, 160, 38, 0]",25,lib/tests/builtin/host-runtime.zy,trim_direct
selected,release,1,598462,692,47,4934460,False,"[525, 160, 38, 0]",25,lib/tests/builtin/host-runtime.zy,baseline
selected,release,1,578333,692,47,4751001,False,"[525, 160, 38, 0]",26,lib/tests/builtin/host-runtime.zy,direct
selected,release,1,579332,692,47,4697083,False,"[525, 160, 38, 0]",26,lib/tests/builtin/host-runtime.zy,trim_direct
selected,release,1,623545,692,47,4906125,False,"[525, 160, 38, 0]",26,lib/tests/builtin/host-runtime.zy,baseline
selected,release,1,579334,692,47,4786459,False,"[525, 160, 38, 0]",26,lib/tests/builtin/host-runtime.zy,trim
selected,release,1,580333,692,47,4545708,False,"[525, 160, 38, 0]",27,lib/tests/builtin/host-runtime.zy,trim_direct
selected,release,1,581792,692,47,4797504,False,"[525, 160, 38, 0]",27,lib/tests/builtin/host-runtime.zy,baseline
selected,release,1,600702,692,47,4862586,False,"[525, 160, 38, 0]",27,lib/tests/builtin/host-runtime.zy,trim
selected,release,1,567251,692,47,4766917,False,"[525, 160, 38, 0]",27,lib/tests/builtin/host-runtime.zy,direct
selected,release,1,578041,692,47,4881795,False,"[525, 160, 38, 0]",28,lib/tests/builtin/host-runtime.zy,baseline
selected,release,1,580578,692,47,4861131,False,"[525, 160, 38, 0]",28,lib/tests/builtin/host-runtime.zy,trim
selected,release,1,616875,692,47,4723711,False,"[525, 160, 38, 0]",28,lib/tests/builtin/host-runtime.zy,direct
selected,release,1,563336,692,47,4535996,False,"[525, 160, 38, 0]",28,lib/tests/builtin/host-runtime.zy,trim_direct
selected,release,1,577210,692,47,4725787,False,"[525, 160, 38, 0]",29,lib/tests/builtin/host-runtime.zy,trim
selected,release,1,595290,692,47,4720954,False,"[525, 160, 38, 0]",29,lib/tests/builtin/host-runtime.zy,direct
selected,release,1,640374,692,47,5039294,False,"[525, 160, 38, 0]",29,lib/tests/builtin/host-runtime.zy,trim_direct
selected,release,1,605960,692,47,4982957,False,"[525, 160, 38, 0]",29,lib/tests/builtin/host-runtime.zy,baseline
selected,release,1,598126,692,47,4763914,False,"[525, 160, 38, 0]",30,lib/tests/builtin/host-runtime.zy,direct
selected,release,1,666330,692,47,4835710,False,"[525, 160, 38, 0]",30,lib/tests/builtin/host-runtime.zy,trim_direct
selected,release,1,577957,692,47,4892583,False,"[525, 160, 38, 0]",30,lib/tests/builtin/host-runtime.zy,baseline
selected,release,1,578788,692,47,4829124,False,"[525, 160, 38, 0]",30,lib/tests/builtin/host-runtime.zy,trim
selected,release,1,588750,692,47,4670585,False,"[525, 160, 38, 0]",31,lib/tests/builtin/host-runtime.zy,trim_direct
selected,release,1,586047,692,47,4789330,False,"[525, 160, 38, 0]",31,lib/tests/builtin/host-runtime.zy,baseline
selected,release,1,603746,692,47,4947211,False,"[525, 160, 38, 0]",31,lib/tests/builtin/host-runtime.zy,trim
selected,release,1,573665,692,47,4727169,False,"[525, 160, 38, 0]",31,lib/tests/builtin/host-runtime.zy,direct
selected,release,1,709254,692,67,5028418,True,"[383, 160, 38, 39]",0,lib/tests/builtin/host-runtime.zy,baseline
selected,release,1,672046,692,67,4997167,True,"[383, 160, 38, 39]",0,lib/tests/builtin/host-runtime.zy,trim
selected,release,1,643539,692,67,4844876,True,"[383, 160, 38, 39]",0,lib/tests/builtin/host-runtime.zy,direct
selected,release,1,703546,692,67,4851794,True,"[383, 160, 38, 39]",0,lib/tests/builtin/host-runtime.zy,trim_direct
selected,release,1,690793,692,67,5009334,True,"[383, 160, 38, 39]",1,lib/tests/builtin/host-runtime.zy,trim
selected,release,1,647459,692,67,4851834,True,"[383, 160, 38, 39]",1,lib/tests/builtin/host-runtime.zy,direct
selected,release,1,688457,692,67,4783877,True,"[383, 160, 38, 39]",1,lib/tests/builtin/host-runtime.zy,trim_direct
selected,release,1,716370,692,67,5011793,True,"[383, 160, 38, 39]",1,lib/tests/builtin/host-runtime.zy,baseline
selected,release,1,681499,692,67,4842839,True,"[383, 160, 38, 39]",2,lib/tests/builtin/host-runtime.zy,direct
selected,release,1,647005,692,67,4738122,True,"[383, 160, 38, 39]",2,lib/tests/builtin/host-runtime.zy,trim_direct
selected,release,1,659791,692,67,4944042,True,"[383, 160, 38, 39]",2,lib/tests/builtin/host-runtime.zy,baseline
selected,release,1,666999,692,67,5011206,True,"[383, 160, 38, 39]",2,lib/tests/builtin/host-runtime.zy,trim
selected,release,1,666583,692,67,4847459,True,"[383, 160, 38, 39]",3,lib/tests/builtin/host-runtime.zy,trim_direct
selected,release,1,682877,692,67,4997619,True,"[383, 160, 38, 39]",3,lib/tests/builtin/host-runtime.zy,baseline
selected,release,1,687415,692,67,5076208,True,"[383, 160, 38, 39]",3,lib/tests/builtin/host-runtime.zy,trim
selected,release,1,665370,692,67,4997963,True,"[383, 160, 38, 39]",3,lib/tests/builtin/host-runtime.zy,direct
selected,release,1,718208,692,67,5016662,True,"[383, 160, 38, 39]",4,lib/tests/builtin/host-runtime.zy,baseline
selected,release,1,647500,692,67,4900252,True,"[383, 160, 38, 39]",4,lib/tests/builtin/host-runtime.zy,trim
selected,release,1,662294,692,67,4803210,True,"[383, 160, 38, 39]",4,lib/tests/builtin/host-runtime.zy,direct
selected,release,1,736373,692,67,4943371,True,"[383, 160, 38, 39]",4,lib/tests/builtin/host-runtime.zy,trim_direct
selected,release,1,647203,692,67,4987916,True,"[383, 160, 38, 39]",5,lib/tests/builtin/host-runtime.zy,trim
selected,release,1,639414,692,67,4766045,True,"[383, 160, 38, 39]",5,lib/tests/builtin/host-runtime.zy,direct
selected,release,1,661332,692,67,4795669,True,"[383, 160, 38, 39]",5,lib/tests/builtin/host-runtime.zy,trim_direct
selected,release,1,665874,692,67,4934873,True,"[383, 160, 38, 39]",5,lib/tests/builtin/host-runtime.zy,baseline
selected,release,1,658787,692,67,4764587,True,"[383, 160, 38, 39]",6,lib/tests/builtin/host-runtime.zy,direct
selected,release,1,659797,692,67,4781412,True,"[383, 160, 38, 39]",6,lib/tests/builtin/host-runtime.zy,trim_direct
selected,release,1,679333,692,67,5044956,True,"[383, 160, 38, 39]",6,lib/tests/builtin/host-runtime.zy,baseline
selected,release,1,637253,692,67,4970956,True,"[383, 160, 38, 39]",6,lib/tests/builtin/host-runtime.zy,trim
selected,release,1,640460,692,67,4803873,True,"[383, 160, 38, 39]",7,lib/tests/builtin/host-runtime.zy,trim_direct
selected,release,1,636833,692,67,4952751,True,"[383, 160, 38, 39]",7,lib/tests/builtin/host-runtime.zy,baseline
selected,release,1,660669,692,67,4886714,True,"[383, 160, 38, 39]",7,lib/tests/builtin/host-runtime.zy,trim
selected,release,1,661874,692,67,4850872,True,"[383, 160, 38, 39]",7,lib/tests/builtin/host-runtime.zy,direct
selected,release,1,629419,692,67,4934915,True,"[383, 160, 38, 39]",8,lib/tests/builtin/host-runtime.zy,baseline
selected,release,1,628247,692,67,4897670,True,"[383, 160, 38, 39]",8,lib/tests/builtin/host-runtime.zy,trim
selected,release,1,639835,692,67,4805045,True,"[383, 160, 38, 39]",8,lib/tests/builtin/host-runtime.zy,direct
selected,release,1,643745,692,67,4710839,True,"[383, 160, 38, 39]",8,lib/tests/builtin/host-runtime.zy,trim_direct
selected,release,1,645960,692,67,5047167,True,"[383, 160, 38, 39]",9,lib/tests/builtin/host-runtime.zy,trim
selected,release,1,639957,692,67,4734461,True,"[383, 160, 38, 39]",9,lib/tests/builtin/host-runtime.zy,direct
selected,release,1,725578,692,67,4917668,True,"[383, 160, 38, 39]",9,lib/tests/builtin/host-runtime.zy,trim_direct
selected,release,1,734830,692,67,5183959,True,"[383, 160, 38, 39]",9,lib/tests/builtin/host-runtime.zy,baseline
selected,release,1,719295,692,67,5080623,True,"[383, 160, 38, 39]",10,lib/tests/builtin/host-runtime.zy,direct
selected,release,1,677630,692,67,4865917,True,"[383, 160, 38, 39]",10,lib/tests/builtin/host-runtime.zy,trim_direct
selected,release,1,667710,692,67,5049079,True,"[383, 160, 38, 39]",10,lib/tests/builtin/host-runtime.zy,baseline
selected,release,1,675500,692,67,5158413,True,"[383, 160, 38, 39]",10,lib/tests/builtin/host-runtime.zy,trim
selected,release,1,671290,692,67,4822585,True,"[383, 160, 38, 39]",11,lib/tests/builtin/host-runtime.zy,trim_direct
selected,release,1,712752,692,67,5173585,True,"[383, 160, 38, 39]",11,lib/tests/builtin/host-runtime.zy,baseline
selected,release,1,690711,692,67,4959372,True,"[383, 160, 38, 39]",11,lib/tests/builtin/host-runtime.zy,trim
selected,release,1,658795,692,67,4768498,True,"[383, 160, 38, 39]",11,lib/tests/builtin/host-runtime.zy,direct
selected,release,1,660420,692,67,5010747,True,"[383, 160, 38, 39]",12,lib/tests/builtin/host-runtime.zy,baseline
selected,release,1,656629,692,67,4992372,True,"[383, 160, 38, 39]",12,lib/tests/builtin/host-runtime.zy,trim
selected,release,1,639833,692,67,4757416,True,"[383, 160, 38, 39]",12,lib/tests/builtin/host-runtime.zy,direct
selected,release,1,653581,692,67,4769669,True,"[383, 160, 38, 39]",12,lib/tests/builtin/host-runtime.zy,trim_direct
selected,release,1,656209,692,67,4914127,True,"[383, 160, 38, 39]",13,lib/tests/builtin/host-runtime.zy,trim
selected,release,1,634791,692,67,4748203,True,"[383, 160, 38, 39]",13,lib/tests/builtin/host-runtime.zy,direct
selected,release,1,651339,692,67,4815665,True,"[383, 160, 38, 39]",13,lib/tests/builtin/host-runtime.zy,trim_direct
selected,release,1,646289,692,67,4903873,True,"[383, 160, 38, 39]",13,lib/tests/builtin/host-runtime.zy,baseline
selected,release,1,656209,692,67,4806666,True,"[383, 160, 38, 39]",14,lib/tests/builtin/host-runtime.zy,direct
selected,release,1,651792,692,67,4709668,True,"[383, 160, 38, 39]",14,lib/tests/builtin/host-runtime.zy,trim_direct
selected,release,1,642922,692,67,4868291,True,"[383, 160, 38, 39]",14,lib/tests/builtin/host-runtime.zy,baseline
selected,release,1,654707,692,67,4925170,True,"[383, 160, 38, 39]",14,lib/tests/builtin/host-runtime.zy,trim
selected,release,1,657588,692,67,4747582,True,"[383, 160, 38, 39]",15,lib/tests/builtin/host-runtime.zy,trim_direct
selected,release,1,668087,692,67,4885877,True,"[383, 160, 38, 39]",15,lib/tests/builtin/host-runtime.zy,baseline
selected,release,1,664798,692,67,4939463,True,"[383, 160, 38, 39]",15,lib/tests/builtin/host-runtime.zy,trim
selected,release,1,641297,692,67,4792383,True,"[383, 160, 38, 39]",15,lib/tests/builtin/host-runtime.zy,direct
selected,release,1,695460,692,67,5110208,True,"[383, 160, 38, 39]",16,lib/tests/builtin/host-runtime.zy,baseline
selected,release,1,678668,692,67,5048332,True,"[383, 160, 38, 39]",16,lib/tests/builtin/host-runtime.zy,trim
selected,release,1,683291,692,67,4919787,True,"[383, 160, 38, 39]",16,lib/tests/builtin/host-runtime.zy,direct
selected,release,1,677624,692,67,4826126,True,"[383, 160, 38, 39]",16,lib/tests/builtin/host-runtime.zy,trim_direct
selected,release,1,648911,692,67,5065167,True,"[383, 160, 38, 39]",17,lib/tests/builtin/host-runtime.zy,trim
selected,release,1,644876,692,67,4809585,True,"[383, 160, 38, 39]",17,lib/tests/builtin/host-runtime.zy,direct
selected,release,1,653747,692,67,4784999,True,"[383, 160, 38, 39]",17,lib/tests/builtin/host-runtime.zy,trim_direct
selected,release,1,655965,692,67,4914795,True,"[383, 160, 38, 39]",17,lib/tests/builtin/host-runtime.zy,baseline
selected,release,1,671500,692,67,4767746,True,"[383, 160, 38, 39]",18,lib/tests/builtin/host-runtime.zy,direct
selected,release,1,659538,692,67,4796043,True,"[383, 160, 38, 39]",18,lib/tests/builtin/host-runtime.zy,trim_direct
selected,release,1,657037,692,67,4912000,True,"[383, 160, 38, 39]",18,lib/tests/builtin/host-runtime.zy,baseline
selected,release,1,687166,692,67,5041795,True,"[383, 160, 38, 39]",18,lib/tests/builtin/host-runtime.zy,trim
selected,release,1,655995,692,67,4875002,True,"[383, 160, 38, 39]",19,lib/tests/builtin/host-runtime.zy,trim_direct
selected,release,1,699416,692,67,4972210,True,"[383, 160, 38, 39]",19,lib/tests/builtin/host-runtime.zy,baseline
selected,release,1,683335,692,67,4856500,True,"[383, 160, 38, 39]",19,lib/tests/builtin/host-runtime.zy,trim
selected,release,1,648325,692,67,4850331,True,"[383, 160, 38, 39]",19,lib/tests/builtin/host-runtime.zy,direct
selected,release,1,700916,692,67,5011290,True,"[383, 160, 38, 39]",20,lib/tests/builtin/host-runtime.zy,baseline
selected,release,1,672879,692,67,4985415,True,"[383, 160, 38, 39]",20,lib/tests/builtin/host-runtime.zy,trim
selected,release,1,631241,692,67,4668248,True,"[383, 160, 38, 39]",20,lib/tests/builtin/host-runtime.zy,direct
selected,release,1,645165,692,67,4748503,True,"[383, 160, 38, 39]",20,lib/tests/builtin/host-runtime.zy,trim_direct
selected,release,1,639541,692,67,4967630,True,"[383, 160, 38, 39]",21,lib/tests/builtin/host-runtime.zy,trim
selected,release,1,638710,692,67,4777329,True,"[383, 160, 38, 39]",21,lib/tests/builtin/host-runtime.zy,direct
selected,release,1,670540,692,67,4808082,True,"[383, 160, 38, 39]",21,lib/tests/builtin/host-runtime.zy,trim_direct
selected,release,1,645752,692,67,4777752,True,"[383, 160, 38, 39]",21,lib/tests/builtin/host-runtime.zy,baseline
selected,release,1,647041,692,67,4859371,True,"[383, 160, 38, 39]",22,lib/tests/builtin/host-runtime.zy,direct
selected,release,1,649877,692,67,4851581,True,"[383, 160, 38, 39]",22,lib/tests/builtin/host-runtime.zy,trim_direct
selected,release,1,706922,692,67,5045244,True,"[383, 160, 38, 39]",22,lib/tests/builtin/host-runtime.zy,baseline
selected,release,1,660669,692,67,4894626,True,"[383, 160, 38, 39]",22,lib/tests/builtin/host-runtime.zy,trim
selected,release,1,656044,692,67,4920210,True,"[383, 160, 38, 39]",23,lib/tests/builtin/host-runtime.zy,trim_direct
selected,release,1,658459,692,67,4998711,True,"[383, 160, 38, 39]",23,lib/tests/builtin/host-runtime.zy,baseline
selected,release,1,654754,692,67,4932335,True,"[383, 160, 38, 39]",23,lib/tests/builtin/host-runtime.zy,trim
selected,release,1,652171,692,67,4802789,True,"[383, 160, 38, 39]",23,lib/tests/builtin/host-runtime.zy,direct
selected,release,1,657250,692,67,4979538,True,"[383, 160, 38, 39]",24,lib/tests/builtin/host-runtime.zy,baseline
selected,release,1,644082,692,67,4882789,True,"[383, 160, 38, 39]",24,lib/tests/builtin/host-runtime.zy,trim
selected,release,1,635291,692,67,4820495,True,"[383, 160, 38, 39]",24,lib/tests/builtin/host-runtime.zy,direct
selected,release,1,631997,692,67,4724334,True,"[383, 160, 38, 39]",24,lib/tests/builtin/host-runtime.zy,trim_direct
selected,release,1,636253,692,67,5002585,True,"[383, 160, 38, 39]",25,lib/tests/builtin/host-runtime.zy,trim
selected,release,1,670708,692,67,4883372,True,"[383, 160, 38, 39]",25,lib/tests/builtin/host-runtime.zy,direct
selected,release,1,666540,692,67,4815584,True,"[383, 160, 38, 39]",25,lib/tests/builtin/host-runtime.zy,trim_direct
selected,release,1,681707,692,67,5033876,True,"[383, 160, 38, 39]",25,lib/tests/builtin/host-runtime.zy,baseline
selected,release,1,639084,692,67,4680839,True,"[383, 160, 38, 39]",26,lib/tests/builtin/host-runtime.zy,direct
selected,release,1,618544,692,67,4731754,True,"[383, 160, 38, 39]",26,lib/tests/builtin/host-runtime.zy,trim_direct
selected,release,1,646331,692,67,4937036,True,"[383, 160, 38, 39]",26,lib/tests/builtin/host-runtime.zy,baseline
selected,release,1,647919,692,67,5007122,True,"[383, 160, 38, 39]",26,lib/tests/builtin/host-runtime.zy,trim
selected,release,1,641996,692,67,4728624,True,"[383, 160, 38, 39]",27,lib/tests/builtin/host-runtime.zy,trim_direct
selected,release,1,633296,692,67,4916335,True,"[383, 160, 38, 39]",27,lib/tests/builtin/host-runtime.zy,baseline
selected,release,1,643752,692,67,4958039,True,"[383, 160, 38, 39]",27,lib/tests/builtin/host-runtime.zy,trim
selected,release,1,620413,692,67,4778377,True,"[383, 160, 38, 39]",27,lib/tests/builtin/host-runtime.zy,direct
selected,release,1,625455,692,67,4908624,True,"[383, 160, 38, 39]",28,lib/tests/builtin/host-runtime.zy,baseline
selected,release,1,656626,692,67,5018994,True,"[383, 160, 38, 39]",28,lib/tests/builtin/host-runtime.zy,trim
selected,release,1,1007000,692,67,6859575,True,"[383, 160, 38, 39]",28,lib/tests/builtin/host-runtime.zy,direct
selected,release,1,957293,692,67,6545249,True,"[383, 160, 38, 39]",28,lib/tests/builtin/host-runtime.zy,trim_direct
selected,release,1,806205,692,67,5298291,True,"[383, 160, 38, 39]",29,lib/tests/builtin/host-runtime.zy,trim
selected,release,1,721459,692,67,5038328,True,"[383, 160, 38, 39]",29,lib/tests/builtin/host-runtime.zy,direct
selected,release,1,715335,692,67,4917328,True,"[383, 160, 38, 39]",29,lib/tests/builtin/host-runtime.zy,trim_direct
selected,release,1,735373,692,67,5012002,True,"[383, 160, 38, 39]",29,lib/tests/builtin/host-runtime.zy,baseline
selected,release,1,673625,692,67,4943376,True,"[383, 160, 38, 39]",30,lib/tests/builtin/host-runtime.zy,direct
selected,release,1,687379,692,67,4862208,True,"[383, 160, 38, 39]",30,lib/tests/builtin/host-runtime.zy,trim_direct
selected,release,1,686085,692,67,4972961,True,"[383, 160, 38, 39]",30,lib/tests/builtin/host-runtime.zy,baseline
selected,release,1,655497,692,67,4943210,True,"[383, 160, 38, 39]",30,lib/tests/builtin/host-runtime.zy,trim
selected,release,1,635921,692,67,4683043,True,"[383, 160, 38, 39]",31,lib/tests/builtin/host-runtime.zy,trim_direct
selected,release,1,693335,692,67,4981162,True,"[383, 160, 38, 39]",31,lib/tests/builtin/host-runtime.zy,baseline
selected,release,1,692664,692,67,4958709,True,"[383, 160, 38, 39]",31,lib/tests/builtin/host-runtime.zy,trim
selected,release,1,666835,692,67,4878131,True,"[383, 160, 38, 39]",31,lib/tests/builtin/host-runtime.zy,direct
selected,release,1,673627,251,149,5032508,False,"[191, 52, 14, 0]",0,lib/tests/delimcc/reset-shift-k.zy,baseline
selected,release,1,615594,251,149,5086874,False,"[191, 52, 14, 0]",0,lib/tests/delimcc/reset-shift-k.zy,trim
selected,release,1,638330,251,149,4947625,False,"[191, 52, 14, 0]",0,lib/tests/delimcc/reset-shift-k.zy,direct
selected,release,1,665839,251,149,4891956,False,"[191, 52, 14, 0]",0,lib/tests/delimcc/reset-shift-k.zy,trim_direct
selected,release,1,630911,251,149,5152294,False,"[191, 52, 14, 0]",1,lib/tests/delimcc/reset-shift-k.zy,trim
selected,release,1,676542,251,149,5245045,False,"[191, 52, 14, 0]",1,lib/tests/delimcc/reset-shift-k.zy,direct
selected,release,1,716204,251,149,5281961,False,"[191, 52, 14, 0]",1,lib/tests/delimcc/reset-shift-k.zy,trim_direct
selected,release,1,634001,251,149,5184747,False,"[191, 52, 14, 0]",1,lib/tests/delimcc/reset-shift-k.zy,baseline
selected,release,1,641001,251,149,5071120,False,"[191, 52, 14, 0]",2,lib/tests/delimcc/reset-shift-k.zy,direct
selected,release,1,598881,251,149,4860082,False,"[191, 52, 14, 0]",2,lib/tests/delimcc/reset-shift-k.zy,trim_direct
selected,release,1,630248,251,149,5085927,False,"[191, 52, 14, 0]",2,lib/tests/delimcc/reset-shift-k.zy,baseline
selected,release,1,624623,251,149,5203126,False,"[191, 52, 14, 0]",2,lib/tests/delimcc/reset-shift-k.zy,trim
selected,release,1,597000,251,149,4755509,False,"[191, 52, 14, 0]",3,lib/tests/delimcc/reset-shift-k.zy,trim_direct
selected,release,1,605929,251,149,5024127,False,"[191, 52, 14, 0]",3,lib/tests/delimcc/reset-shift-k.zy,baseline
selected,release,1,606713,251,149,5072624,False,"[191, 52, 14, 0]",3,lib/tests/delimcc/reset-shift-k.zy,trim
selected,release,1,579703,251,149,4836000,False,"[191, 52, 14, 0]",3,lib/tests/delimcc/reset-shift-k.zy,direct
selected,release,1,591998,251,149,4977505,False,"[191, 52, 14, 0]",4,lib/tests/delimcc/reset-shift-k.zy,baseline
selected,release,1,583715,251,149,5040702,False,"[191, 52, 14, 0]",4,lib/tests/delimcc/reset-shift-k.zy,trim
selected,release,1,598332,251,149,4906658,False,"[191, 52, 14, 0]",4,lib/tests/delimcc/reset-shift-k.zy,direct
selected,release,1,623626,251,149,4874124,False,"[191, 52, 14, 0]",4,lib/tests/delimcc/reset-shift-k.zy,trim_direct
selected,release,1,610123,251,149,5167548,False,"[191, 52, 14, 0]",5,lib/tests/delimcc/reset-shift-k.zy,trim
selected,release,1,641418,251,149,5087322,False,"[191, 52, 14, 0]",5,lib/tests/delimcc/reset-shift-k.zy,direct
selected,release,1,627173,251,149,4979953,False,"[191, 52, 14, 0]",5,lib/tests/delimcc/reset-shift-k.zy,trim_direct
selected,release,1,654960,251,149,5155873,False,"[191, 52, 14, 0]",5,lib/tests/delimcc/reset-shift-k.zy,baseline
selected,release,1,672629,251,149,5061504,False,"[191, 52, 14, 0]",6,lib/tests/delimcc/reset-shift-k.zy,direct
selected,release,1,611712,251,149,4793206,False,"[191, 52, 14, 0]",6,lib/tests/delimcc/reset-shift-k.zy,trim_direct
selected,release,1,588337,251,149,4987922,False,"[191, 52, 14, 0]",6,lib/tests/delimcc/reset-shift-k.zy,baseline
selected,release,1,599921,251,149,5112330,False,"[191, 52, 14, 0]",6,lib/tests/delimcc/reset-shift-k.zy,trim
selected,release,1,613832,251,149,4901129,False,"[191, 52, 14, 0]",7,lib/tests/delimcc/reset-shift-k.zy,trim_direct
selected,release,1,627244,251,149,5008004,False,"[191, 52, 14, 0]",7,lib/tests/delimcc/reset-shift-k.zy,baseline
selected,release,1,625423,251,149,5094581,False,"[191, 52, 14, 0]",7,lib/tests/delimcc/reset-shift-k.zy,trim
selected,release,1,607624,251,149,5078796,False,"[191, 52, 14, 0]",7,lib/tests/delimcc/reset-shift-k.zy,direct
selected,release,1,606795,251,149,5218420,False,"[191, 52, 14, 0]",8,lib/tests/delimcc/reset-shift-k.zy,baseline
selected,release,1,612917,251,149,5152958,False,"[191, 52, 14, 0]",8,lib/tests/delimcc/reset-shift-k.zy,trim
selected,release,1,611340,251,149,5012827,False,"[191, 52, 14, 0]",8,lib/tests/delimcc/reset-shift-k.zy,direct
selected,release,1,600992,251,149,4832427,False,"[191, 52, 14, 0]",8,lib/tests/delimcc/reset-shift-k.zy,trim_direct
selected,release,1,665457,251,149,4986416,False,"[191, 52, 14, 0]",9,lib/tests/delimcc/reset-shift-k.zy,trim
selected,release,1,669256,251,149,5009373,False,"[191, 52, 14, 0]",9,lib/tests/delimcc/reset-shift-k.zy,direct
selected,release,1,610292,251,149,4779790,False,"[191, 52, 14, 0]",9,lib/tests/delimcc/reset-shift-k.zy,trim_direct
selected,release,1,627628,251,149,5068918,False,"[191, 52, 14, 0]",9,lib/tests/delimcc/reset-shift-k.zy,baseline
selected,release,1,635953,251,149,4870378,False,"[191, 52, 14, 0]",10,lib/tests/delimcc/reset-shift-k.zy,direct
selected,release,1,621377,251,149,4905593,False,"[191, 52, 14, 0]",10,lib/tests/delimcc/reset-shift-k.zy,trim_direct
selected,release,1,612839,251,149,4979036,False,"[191, 52, 14, 0]",10,lib/tests/delimcc/reset-shift-k.zy,baseline
selected,release,1,610671,251,149,5220917,False,"[191, 52, 14, 0]",10,lib/tests/delimcc/reset-shift-k.zy,trim
selected,release,1,594626,251,149,4880162,False,"[191, 52, 14, 0]",11,lib/tests/delimcc/reset-shift-k.zy,trim_direct
selected,release,1,612712,251,149,5164374,False,"[191, 52, 14, 0]",11,lib/tests/delimcc/reset-shift-k.zy,baseline
selected,release,1,599417,251,149,5077633,False,"[191, 52, 14, 0]",11,lib/tests/delimcc/reset-shift-k.zy,trim
selected,release,1,606965,251,149,4947790,False,"[191, 52, 14, 0]",11,lib/tests/delimcc/reset-shift-k.zy,direct
selected,release,1,602505,251,149,4994457,False,"[191, 52, 14, 0]",12,lib/tests/delimcc/reset-shift-k.zy,baseline
selected,release,1,614408,251,149,4960340,False,"[191, 52, 14, 0]",12,lib/tests/delimcc/reset-shift-k.zy,trim
selected,release,1,613996,251,149,4891793,False,"[191, 52, 14, 0]",12,lib/tests/delimcc/reset-shift-k.zy,direct
selected,release,1,616796,251,149,4882740,False,"[191, 52, 14, 0]",12,lib/tests/delimcc/reset-shift-k.zy,trim_direct
selected,release,1,603628,251,149,5032001,False,"[191, 52, 14, 0]",13,lib/tests/delimcc/reset-shift-k.zy,trim
selected,release,1,602254,251,149,4918378,False,"[191, 52, 14, 0]",13,lib/tests/delimcc/reset-shift-k.zy,direct
selected,release,1,590909,251,149,4773500,False,"[191, 52, 14, 0]",13,lib/tests/delimcc/reset-shift-k.zy,trim_direct
selected,release,1,614707,251,149,5022292,False,"[191, 52, 14, 0]",13,lib/tests/delimcc/reset-shift-k.zy,baseline
selected,release,1,720667,251,149,5132585,False,"[191, 52, 14, 0]",14,lib/tests/delimcc/reset-shift-k.zy,direct
selected,release,1,633295,251,149,4964254,False,"[191, 52, 14, 0]",14,lib/tests/delimcc/reset-shift-k.zy,trim_direct
selected,release,1,604417,251,149,5056121,False,"[191, 52, 14, 0]",14,lib/tests/delimcc/reset-shift-k.zy,baseline
selected,release,1,601709,251,149,5125493,False,"[191, 52, 14, 0]",14,lib/tests/delimcc/reset-shift-k.zy,trim
selected,release,1,653001,251,149,5007541,False,"[191, 52, 14, 0]",15,lib/tests/delimcc/reset-shift-k.zy,trim_direct
selected,release,1,616956,251,149,5175176,False,"[191, 52, 14, 0]",15,lib/tests/delimcc/reset-shift-k.zy,baseline
selected,release,1,659334,251,149,5207458,False,"[191, 52, 14, 0]",15,lib/tests/delimcc/reset-shift-k.zy,trim
selected,release,1,618001,251,149,5083039,False,"[191, 52, 14, 0]",15,lib/tests/delimcc/reset-shift-k.zy,direct
selected,release,1,618459,251,149,5152665,False,"[191, 52, 14, 0]",16,lib/tests/delimcc/reset-shift-k.zy,baseline
selected,release,1,629458,251,149,5195833,False,"[191, 52, 14, 0]",16,lib/tests/delimcc/reset-shift-k.zy,trim
selected,release,1,603411,251,149,4833083,False,"[191, 52, 14, 0]",16,lib/tests/delimcc/reset-shift-k.zy,direct
selected,release,1,584132,251,149,4771538,False,"[191, 52, 14, 0]",16,lib/tests/delimcc/reset-shift-k.zy,trim_direct
selected,release,1,595290,251,149,5082467,False,"[191, 52, 14, 0]",17,lib/tests/delimcc/reset-shift-k.zy,trim
selected,release,1,621874,251,149,4916673,False,"[191, 52, 14, 0]",17,lib/tests/delimcc/reset-shift-k.zy,direct
selected,release,1,609754,251,149,4997503,False,"[191, 52, 14, 0]",17,lib/tests/delimcc/reset-shift-k.zy,trim_direct
selected,release,1,624753,251,149,5095965,False,"[191, 52, 14, 0]",17,lib/tests/delimcc/reset-shift-k.zy,baseline
selected,release,1,622254,251,149,5037075,False,"[191, 52, 14, 0]",18,lib/tests/delimcc/reset-shift-k.zy,direct
selected,release,1,571492,251,149,4884667,False,"[191, 52, 14, 0]",18,lib/tests/delimcc/reset-shift-k.zy,trim_direct
selected,release,1,597624,251,149,5056586,False,"[191, 52, 14, 0]",18,lib/tests/delimcc/reset-shift-k.zy,baseline
selected,release,1,611335,251,149,5003372,False,"[191, 52, 14, 0]",18,lib/tests/delimcc/reset-shift-k.zy,trim
selected,release,1,631086,251,149,4984594,False,"[191, 52, 14, 0]",19,lib/tests/delimcc/reset-shift-k.zy,trim_direct
selected,release,1,626881,251,149,5192541,False,"[191, 52, 14, 0]",19,lib/tests/delimcc/reset-shift-k.zy,baseline
selected,release,1,654121,251,149,5153710,False,"[191, 52, 14, 0]",19,lib/tests/delimcc/reset-shift-k.zy,trim
selected,release,1,609626,251,149,4935581,False,"[191, 52, 14, 0]",19,lib/tests/delimcc/reset-shift-k.zy,direct
selected,release,1,605166,251,149,5066447,False,"[191, 52, 14, 0]",20,lib/tests/delimcc/reset-shift-k.zy,baseline
selected,release,1,633210,251,149,5296429,False,"[191, 52, 14, 0]",20,lib/tests/delimcc/reset-shift-k.zy,trim
selected,release,1,645323,251,149,5381928,False,"[191, 52, 14, 0]",20,lib/tests/delimcc/reset-shift-k.zy,direct
selected,release,1,646835,251,149,4913800,False,"[191, 52, 14, 0]",20,lib/tests/delimcc/reset-shift-k.zy,trim_direct
selected,release,1,635499,251,149,5114788,False,"[191, 52, 14, 0]",21,lib/tests/delimcc/reset-shift-k.zy,trim
selected,release,1,616033,251,149,5060788,False,"[191, 52, 14, 0]",21,lib/tests/delimcc/reset-shift-k.zy,direct
selected,release,1,601582,251,149,4912211,False,"[191, 52, 14, 0]",21,lib/tests/delimcc/reset-shift-k.zy,trim_direct
selected,release,1,628160,251,149,5049794,False,"[191, 52, 14, 0]",21,lib/tests/delimcc/reset-shift-k.zy,baseline
selected,release,1,623622,251,149,4914881,False,"[191, 52, 14, 0]",22,lib/tests/delimcc/reset-shift-k.zy,direct
selected,release,1,647874,251,149,5110749,False,"[191, 52, 14, 0]",22,lib/tests/delimcc/reset-shift-k.zy,trim_direct
selected,release,1,630753,251,149,5065797,False,"[191, 52, 14, 0]",22,lib/tests/delimcc/reset-shift-k.zy,baseline
selected,release,1,621255,251,149,5127084,False,"[191, 52, 14, 0]",22,lib/tests/delimcc/reset-shift-k.zy,trim
selected,release,1,601173,251,149,5030871,False,"[191, 52, 14, 0]",23,lib/tests/delimcc/reset-shift-k.zy,trim_direct
selected,release,1,610080,251,149,5032834,False,"[191, 52, 14, 0]",23,lib/tests/delimcc/reset-shift-k.zy,baseline
selected,release,1,603580,251,149,5119754,False,"[191, 52, 14, 0]",23,lib/tests/delimcc/reset-shift-k.zy,trim
selected,release,1,613410,251,149,4929793,False,"[191, 52, 14, 0]",23,lib/tests/delimcc/reset-shift-k.zy,direct
selected,release,1,612330,251,149,5114596,False,"[191, 52, 14, 0]",24,lib/tests/delimcc/reset-shift-k.zy,baseline
selected,release,1,640333,251,149,5143323,False,"[191, 52, 14, 0]",24,lib/tests/delimcc/reset-shift-k.zy,trim
selected,release,1,606876,251,149,4972069,False,"[191, 52, 14, 0]",24,lib/tests/delimcc/reset-shift-k.zy,direct
selected,release,1,614628,251,149,4934798,False,"[191, 52, 14, 0]",24,lib/tests/delimcc/reset-shift-k.zy,trim_direct
selected,release,1,597792,251,149,5106040,False,"[191, 52, 14, 0]",25,lib/tests/delimcc/reset-shift-k.zy,trim
selected,release,1,608369,251,149,4928417,False,"[191, 52, 14, 0]",25,lib/tests/delimcc/reset-shift-k.zy,direct
selected,release,1,621740,251,149,4859419,False,"[191, 52, 14, 0]",25,lib/tests/delimcc/reset-shift-k.zy,trim_direct
selected,release,1,594167,251,149,4952958,False,"[191, 52, 14, 0]",25,lib/tests/delimcc/reset-shift-k.zy,baseline
selected,release,1,587502,251,149,4872587,False,"[191, 52, 14, 0]",26,lib/tests/delimcc/reset-shift-k.zy,direct
selected,release,1,605165,251,149,4880083,False,"[191, 52, 14, 0]",26,lib/tests/delimcc/reset-shift-k.zy,trim_direct
selected,release,1,606162,251,149,5127167,False,"[191, 52, 14, 0]",26,lib/tests/delimcc/reset-shift-k.zy,baseline
selected,release,1,645463,251,149,5285455,False,"[191, 52, 14, 0]",26,lib/tests/delimcc/reset-shift-k.zy,trim
selected,release,1,581590,251,149,4899042,False,"[191, 52, 14, 0]",27,lib/tests/delimcc/reset-shift-k.zy,trim_direct
selected,release,1,626581,251,149,5125336,False,"[191, 52, 14, 0]",27,lib/tests/delimcc/reset-shift-k.zy,baseline
selected,release,1,616461,251,149,5182956,False,"[191, 52, 14, 0]",27,lib/tests/delimcc/reset-shift-k.zy,trim
selected,release,1,613128,251,149,5045007,False,"[191, 52, 14, 0]",27,lib/tests/delimcc/reset-shift-k.zy,direct
selected,release,1,611752,251,149,5089958,False,"[191, 52, 14, 0]",28,lib/tests/delimcc/reset-shift-k.zy,baseline
selected,release,1,609203,251,149,4962415,False,"[191, 52, 14, 0]",28,lib/tests/delimcc/reset-shift-k.zy,trim
selected,release,1,602957,251,149,4922548,False,"[191, 52, 14, 0]",28,lib/tests/delimcc/reset-shift-k.zy,direct
selected,release,1,597626,251,149,4854202,False,"[191, 52, 14, 0]",28,lib/tests/delimcc/reset-shift-k.zy,trim_direct
selected,release,1,601082,251,149,5153793,False,"[191, 52, 14, 0]",29,lib/tests/delimcc/reset-shift-k.zy,trim
selected,release,1,628912,251,149,4925878,False,"[191, 52, 14, 0]",29,lib/tests/delimcc/reset-shift-k.zy,direct
selected,release,1,599706,251,149,4899626,False,"[191, 52, 14, 0]",29,lib/tests/delimcc/reset-shift-k.zy,trim_direct
selected,release,1,616584,251,149,5147119,False,"[191, 52, 14, 0]",29,lib/tests/delimcc/reset-shift-k.zy,baseline
selected,release,1,607958,251,149,4992674,False,"[191, 52, 14, 0]",30,lib/tests/delimcc/reset-shift-k.zy,direct
selected,release,1,617075,251,149,5038045,False,"[191, 52, 14, 0]",30,lib/tests/delimcc/reset-shift-k.zy,trim_direct
selected,release,1,607124,251,149,5067045,False,"[191, 52, 14, 0]",30,lib/tests/delimcc/reset-shift-k.zy,baseline
selected,release,1,609744,251,149,5042538,False,"[191, 52, 14, 0]",30,lib/tests/delimcc/reset-shift-k.zy,trim
selected,release,1,588252,251,149,4824205,False,"[191, 52, 14, 0]",31,lib/tests/delimcc/reset-shift-k.zy,trim_direct
selected,release,1,601666,251,149,5076330,False,"[191, 52, 14, 0]",31,lib/tests/delimcc/reset-shift-k.zy,baseline
selected,release,1,686010,251,149,5218869,False,"[191, 52, 14, 0]",31,lib/tests/delimcc/reset-shift-k.zy,trim
selected,release,1,616540,251,149,4981799,False,"[191, 52, 14, 0]",31,lib/tests/delimcc/reset-shift-k.zy,direct
selected,release,1,579118,251,139,4493417,True,"[184, 51, 14, 13]",0,lib/tests/delimcc/reset-shift-k.zy,baseline
selected,release,1,625126,251,139,4509334,True,"[184, 51, 14, 13]",0,lib/tests/delimcc/reset-shift-k.zy,trim
selected,release,1,610466,251,139,4408875,True,"[184, 51, 14, 13]",0,lib/tests/delimcc/reset-shift-k.zy,direct
selected,release,1,635170,251,139,4817713,True,"[184, 51, 14, 13]",0,lib/tests/delimcc/reset-shift-k.zy,trim_direct
selected,release,1,646412,251,139,4846747,True,"[184, 51, 14, 13]",1,lib/tests/delimcc/reset-shift-k.zy,trim
selected,release,1,584040,251,139,4669375,True,"[184, 51, 14, 13]",1,lib/tests/delimcc/reset-shift-k.zy,direct
selected,release,1,583954,251,139,4370340,True,"[184, 51, 14, 13]",1,lib/tests/delimcc/reset-shift-k.zy,trim_direct
selected,release,1,570293,251,139,4628451,True,"[184, 51, 14, 13]",1,lib/tests/delimcc/reset-shift-k.zy,baseline
selected,release,1,569625,251,139,4512497,True,"[184, 51, 14, 13]",2,lib/tests/delimcc/reset-shift-k.zy,direct
selected,release,1,600167,251,139,4481960,True,"[184, 51, 14, 13]",2,lib/tests/delimcc/reset-shift-k.zy,trim_direct
selected,release,1,592244,251,139,4579288,True,"[184, 51, 14, 13]",2,lib/tests/delimcc/reset-shift-k.zy,baseline
selected,release,1,564415,251,139,4539786,True,"[184, 51, 14, 13]",2,lib/tests/delimcc/reset-shift-k.zy,trim
selected,release,1,586539,251,139,4422546,True,"[184, 51, 14, 13]",3,lib/tests/delimcc/reset-shift-k.zy,trim_direct
selected,release,1,580377,251,139,4637290,True,"[184, 51, 14, 13]",3,lib/tests/delimcc/reset-shift-k.zy,baseline
selected,release,1,607802,251,139,4633919,True,"[184, 51, 14, 13]",3,lib/tests/delimcc/reset-shift-k.zy,trim
selected,release,1,576335,251,139,4508619,True,"[184, 51, 14, 13]",3,lib/tests/delimcc/reset-shift-k.zy,direct
selected,release,1,562171,251,139,4504704,True,"[184, 51, 14, 13]",4,lib/tests/delimcc/reset-shift-k.zy,baseline
selected,release,1,551877,251,139,4549796,True,"[184, 51, 14, 13]",4,lib/tests/delimcc/reset-shift-k.zy,trim
selected,release,1,561337,251,139,4399667,True,"[184, 51, 14, 13]",4,lib/tests/delimcc/reset-shift-k.zy,direct
selected,release,1,564699,251,139,4349881,True,"[184, 51, 14, 13]",4,lib/tests/delimcc/reset-shift-k.zy,trim_direct
selected,release,1,561755,251,139,4594961,True,"[184, 51, 14, 13]",5,lib/tests/delimcc/reset-shift-k.zy,trim
selected,release,1,557159,251,139,4460619,True,"[184, 51, 14, 13]",5,lib/tests/delimcc/reset-shift-k.zy,direct
selected,release,1,569886,251,139,4458869,True,"[184, 51, 14, 13]",5,lib/tests/delimcc/reset-shift-k.zy,trim_direct
selected,release,1,579415,251,139,4582916,True,"[184, 51, 14, 13]",5,lib/tests/delimcc/reset-shift-k.zy,baseline
selected,release,1,573878,251,139,4588911,True,"[184, 51, 14, 13]",6,lib/tests/delimcc/reset-shift-k.zy,direct
selected,release,1,559955,251,139,4499505,True,"[184, 51, 14, 13]",6,lib/tests/delimcc/reset-shift-k.zy,trim_direct
selected,release,1,585419,251,139,4672799,True,"[184, 51, 14, 13]",6,lib/tests/delimcc/reset-shift-k.zy,baseline
selected,release,1,614579,251,139,4625665,True,"[184, 51, 14, 13]",6,lib/tests/delimcc/reset-shift-k.zy,trim
selected,release,1,573420,251,139,4544076,True,"[184, 51, 14, 13]",7,lib/tests/delimcc/reset-shift-k.zy,trim_direct
selected,release,1,564711,251,139,4595956,True,"[184, 51, 14, 13]",7,lib/tests/delimcc/reset-shift-k.zy,baseline
selected,release,1,565209,251,139,4666208,True,"[184, 51, 14, 13]",7,lib/tests/delimcc/reset-shift-k.zy,trim
selected,release,1,634457,251,139,4562504,True,"[184, 51, 14, 13]",7,lib/tests/delimcc/reset-shift-k.zy,direct
selected,release,1,578295,251,139,4793829,True,"[184, 51, 14, 13]",8,lib/tests/delimcc/reset-shift-k.zy,baseline
selected,release,1,564166,251,139,4627505,True,"[184, 51, 14, 13]",8,lib/tests/delimcc/reset-shift-k.zy,trim
selected,release,1,578920,251,139,4576837,True,"[184, 51, 14, 13]",8,lib/tests/delimcc/reset-shift-k.zy,direct
selected,release,1,574877,251,139,4484082,True,"[184, 51, 14, 13]",8,lib/tests/delimcc/reset-shift-k.zy,trim_direct
selected,release,1,604583,251,139,4738493,True,"[184, 51, 14, 13]",9,lib/tests/delimcc/reset-shift-k.zy,trim
selected,release,1,576046,251,139,4605912,True,"[184, 51, 14, 13]",9,lib/tests/delimcc/reset-shift-k.zy,direct
selected,release,1,584828,251,139,4490750,True,"[184, 51, 14, 13]",9,lib/tests/delimcc/reset-shift-k.zy,trim_direct
selected,release,1,605997,251,139,4775286,True,"[184, 51, 14, 13]",9,lib/tests/delimcc/reset-shift-k.zy,baseline
selected,release,1,588881,251,139,4594994,True,"[184, 51, 14, 13]",10,lib/tests/delimcc/reset-shift-k.zy,direct
selected,release,1,590628,251,139,4422289,True,"[184, 51, 14, 13]",10,lib/tests/delimcc/reset-shift-k.zy,trim_direct
selected,release,1,586992,251,139,4662663,True,"[184, 51, 14, 13]",10,lib/tests/delimcc/reset-shift-k.zy,baseline
selected,release,1,554626,251,139,4584458,True,"[184, 51, 14, 13]",10,lib/tests/delimcc/reset-shift-k.zy,trim
selected,release,1,567454,251,139,4480994,True,"[184, 51, 14, 13]",11,lib/tests/delimcc/reset-shift-k.zy,trim_direct
selected,release,1,563555,251,139,4516835,True,"[184, 51, 14, 13]",11,lib/tests/delimcc/reset-shift-k.zy,baseline
selected,release,1,565831,251,139,4630375,True,"[184, 51, 14, 13]",11,lib/tests/delimcc/reset-shift-k.zy,trim
selected,release,1,553332,251,139,4509834,True,"[184, 51, 14, 13]",11,lib/tests/delimcc/reset-shift-k.zy,direct
selected,release,1,550421,251,139,4581757,True,"[184, 51, 14, 13]",12,lib/tests/delimcc/reset-shift-k.zy,baseline
selected,release,1,556998,251,139,4560619,True,"[184, 51, 14, 13]",12,lib/tests/delimcc/reset-shift-k.zy,trim
selected,release,1,568041,251,139,4581160,True,"[184, 51, 14, 13]",12,lib/tests/delimcc/reset-shift-k.zy,direct
selected,release,1,562875,251,139,4347622,True,"[184, 51, 14, 13]",12,lib/tests/delimcc/reset-shift-k.zy,trim_direct
selected,release,1,571005,251,139,4521169,True,"[184, 51, 14, 13]",13,lib/tests/delimcc/reset-shift-k.zy,trim
selected,release,1,552591,251,139,4473872,True,"[184, 51, 14, 13]",13,lib/tests/delimcc/reset-shift-k.zy,direct
selected,release,1,574382,251,139,4537044,True,"[184, 51, 14, 13]",13,lib/tests/delimcc/reset-shift-k.zy,trim_direct
selected,release,1,561250,251,139,4532220,True,"[184, 51, 14, 13]",13,lib/tests/delimcc/reset-shift-k.zy,baseline
selected,release,1,563421,251,139,4434743,True,"[184, 51, 14, 13]",14,lib/tests/delimcc/reset-shift-k.zy,direct
selected,release,1,553794,251,139,4360544,True,"[184, 51, 14, 13]",14,lib/tests/delimcc/reset-shift-k.zy,trim_direct
selected,release,1,567367,251,139,4705876,True,"[184, 51, 14, 13]",14,lib/tests/delimcc/reset-shift-k.zy,baseline
selected,release,1,560254,251,139,4676997,True,"[184, 51, 14, 13]",14,lib/tests/delimcc/reset-shift-k.zy,trim
selected,release,1,579713,251,139,4580878,True,"[184, 51, 14, 13]",15,lib/tests/delimcc/reset-shift-k.zy,trim_direct
selected,release,1,569255,251,139,4629248,True,"[184, 51, 14, 13]",15,lib/tests/delimcc/reset-shift-k.zy,baseline
selected,release,1,559753,251,139,4615125,True,"[184, 51, 14, 13]",15,lib/tests/delimcc/reset-shift-k.zy,trim
selected,release,1,584211,251,139,4482826,True,"[184, 51, 14, 13]",15,lib/tests/delimcc/reset-shift-k.zy,direct
selected,release,1,551163,251,139,4584662,True,"[184, 51, 14, 13]",16,lib/tests/delimcc/reset-shift-k.zy,baseline
selected,release,1,567083,251,139,4531162,True,"[184, 51, 14, 13]",16,lib/tests/delimcc/reset-shift-k.zy,trim
selected,release,1,582830,251,139,4528252,True,"[184, 51, 14, 13]",16,lib/tests/delimcc/reset-shift-k.zy,direct
selected,release,1,595619,251,139,4521085,True,"[184, 51, 14, 13]",16,lib/tests/delimcc/reset-shift-k.zy,trim_direct
selected,release,1,590618,251,139,4596795,True,"[184, 51, 14, 13]",17,lib/tests/delimcc/reset-shift-k.zy,trim
selected,release,1,568957,251,139,4435918,True,"[184, 51, 14, 13]",17,lib/tests/delimcc/reset-shift-k.zy,direct
selected,release,1,551124,251,139,4436665,True,"[184, 51, 14, 13]",17,lib/tests/delimcc/reset-shift-k.zy,trim_direct
selected,release,1,560753,251,139,4558502,True,"[184, 51, 14, 13]",17,lib/tests/delimcc/reset-shift-k.zy,baseline
selected,release,1,560128,251,139,4450254,True,"[184, 51, 14, 13]",18,lib/tests/delimcc/reset-shift-k.zy,direct
selected,release,1,553167,251,139,4413214,True,"[184, 51, 14, 13]",18,lib/tests/delimcc/reset-shift-k.zy,trim_direct
selected,release,1,582083,251,139,4568708,True,"[184, 51, 14, 13]",18,lib/tests/delimcc/reset-shift-k.zy,baseline
selected,release,1,582754,251,139,4645705,True,"[184, 51, 14, 13]",18,lib/tests/delimcc/reset-shift-k.zy,trim
selected,release,1,561428,251,139,4409619,True,"[184, 51, 14, 13]",19,lib/tests/delimcc/reset-shift-k.zy,trim_direct
selected,release,1,572919,251,139,4468000,True,"[184, 51, 14, 13]",19,lib/tests/delimcc/reset-shift-k.zy,baseline
selected,release,1,590086,251,139,4630547,True,"[184, 51, 14, 13]",19,lib/tests/delimcc/reset-shift-k.zy,trim
selected,release,1,559829,251,139,4356339,True,"[184, 51, 14, 13]",19,lib/tests/delimcc/reset-shift-k.zy,direct
selected,release,1,553072,251,139,4508331,True,"[184, 51, 14, 13]",20,lib/tests/delimcc/reset-shift-k.zy,baseline
selected,release,1,568124,251,139,4604708,True,"[184, 51, 14, 13]",20,lib/tests/delimcc/reset-shift-k.zy,trim
selected,release,1,562131,251,139,4426961,True,"[184, 51, 14, 13]",20,lib/tests/delimcc/reset-shift-k.zy,direct
selected,release,1,584956,251,139,4465621,True,"[184, 51, 14, 13]",20,lib/tests/delimcc/reset-shift-k.zy,trim_direct
selected,release,1,555747,251,139,4597077,True,"[184, 51, 14, 13]",21,lib/tests/delimcc/reset-shift-k.zy,trim
selected,release,1,528373,251,139,4325164,True,"[184, 51, 14, 13]",21,lib/tests/delimcc/reset-shift-k.zy,direct
selected,release,1,596707,251,139,4515410,True,"[184, 51, 14, 13]",21,lib/tests/delimcc/reset-shift-k.zy,trim_direct
selected,release,1,567330,251,139,4596834,True,"[184, 51, 14, 13]",21,lib/tests/delimcc/reset-shift-k.zy,baseline
selected,release,1,592495,251,139,4554711,True,"[184, 51, 14, 13]",22,lib/tests/delimcc/reset-shift-k.zy,direct
selected,release,1,592249,251,139,4529206,True,"[184, 51, 14, 13]",22,lib/tests/delimcc/reset-shift-k.zy,trim_direct
selected,release,1,577925,251,139,4636456,True,"[184, 51, 14, 13]",22,lib/tests/delimcc/reset-shift-k.zy,baseline
selected,release,1,596926,251,139,4656101,True,"[184, 51, 14, 13]",22,lib/tests/delimcc/reset-shift-k.zy,trim
selected,release,1,582705,251,139,4533829,True,"[184, 51, 14, 13]",23,lib/tests/delimcc/reset-shift-k.zy,trim_direct
selected,release,1,557327,251,139,4566495,True,"[184, 51, 14, 13]",23,lib/tests/delimcc/reset-shift-k.zy,baseline
selected,release,1,579753,251,139,4594325,True,"[184, 51, 14, 13]",23,lib/tests/delimcc/reset-shift-k.zy,trim
selected,release,1,585370,251,139,4487880,True,"[184, 51, 14, 13]",23,lib/tests/delimcc/reset-shift-k.zy,direct
selected,release,1,583069,251,139,4679671,True,"[184, 51, 14, 13]",24,lib/tests/delimcc/reset-shift-k.zy,baseline
selected,release,1,578833,251,139,4712381,True,"[184, 51, 14, 13]",24,lib/tests/delimcc/reset-shift-k.zy,trim
selected,release,1,568202,251,139,4595505,True,"[184, 51, 14, 13]",24,lib/tests/delimcc/reset-shift-k.zy,direct
selected,release,1,584624,251,139,4467123,True,"[184, 51, 14, 13]",24,lib/tests/delimcc/reset-shift-k.zy,trim_direct
selected,release,1,570418,251,139,4640376,True,"[184, 51, 14, 13]",25,lib/tests/delimcc/reset-shift-k.zy,trim
selected,release,1,591000,251,139,4548295,True,"[184, 51, 14, 13]",25,lib/tests/delimcc/reset-shift-k.zy,direct
selected,release,1,567001,251,139,4498496,True,"[184, 51, 14, 13]",25,lib/tests/delimcc/reset-shift-k.zy,trim_direct
selected,release,1,564048,251,139,4604081,True,"[184, 51, 14, 13]",25,lib/tests/delimcc/reset-shift-k.zy,baseline
selected,release,1,572085,251,139,4505415,True,"[184, 51, 14, 13]",26,lib/tests/delimcc/reset-shift-k.zy,direct
selected,release,1,582944,251,139,4576420,True,"[184, 51, 14, 13]",26,lib/tests/delimcc/reset-shift-k.zy,trim_direct
selected,release,1,569582,251,139,4661336,True,"[184, 51, 14, 13]",26,lib/tests/delimcc/reset-shift-k.zy,baseline
selected,release,1,567876,251,139,4676835,True,"[184, 51, 14, 13]",26,lib/tests/delimcc/reset-shift-k.zy,trim
selected,release,1,558621,251,139,4329416,True,"[184, 51, 14, 13]",27,lib/tests/delimcc/reset-shift-k.zy,trim_direct
selected,release,1,547290,251,139,4502510,True,"[184, 51, 14, 13]",27,lib/tests/delimcc/reset-shift-k.zy,baseline
selected,release,1,562630,251,139,4550370,True,"[184, 51, 14, 13]",27,lib/tests/delimcc/reset-shift-k.zy,trim
selected,release,1,583577,251,139,4616543,True,"[184, 51, 14, 13]",27,lib/tests/delimcc/reset-shift-k.zy,direct
selected,release,1,563578,251,139,4567961,True,"[184, 51, 14, 13]",28,lib/tests/delimcc/reset-shift-k.zy,baseline
selected,release,1,585623,251,139,4685422,True,"[184, 51, 14, 13]",28,lib/tests/delimcc/reset-shift-k.zy,trim
selected,release,1,556288,251,139,4540122,True,"[184, 51, 14, 13]",28,lib/tests/delimcc/reset-shift-k.zy,direct
selected,release,1,598334,251,139,4599618,True,"[184, 51, 14, 13]",28,lib/tests/delimcc/reset-shift-k.zy,trim_direct
selected,release,1,597337,251,139,4731881,True,"[184, 51, 14, 13]",29,lib/tests/delimcc/reset-shift-k.zy,trim
selected,release,1,576745,251,139,4554870,True,"[184, 51, 14, 13]",29,lib/tests/delimcc/reset-shift-k.zy,direct
selected,release,1,608291,251,139,4427377,True,"[184, 51, 14, 13]",29,lib/tests/delimcc/reset-shift-k.zy,trim_direct
selected,release,1,570083,251,139,4706327,True,"[184, 51, 14, 13]",29,lib/tests/delimcc/reset-shift-k.zy,baseline
selected,release,1,586506,251,139,4547167,True,"[184, 51, 14, 13]",30,lib/tests/delimcc/reset-shift-k.zy,direct
selected,release,1,564453,251,139,4445383,True,"[184, 51, 14, 13]",30,lib/tests/delimcc/reset-shift-k.zy,trim_direct
selected,release,1,582662,251,139,4631009,True,"[184, 51, 14, 13]",30,lib/tests/delimcc/reset-shift-k.zy,baseline
selected,release,1,586078,251,139,4686037,True,"[184, 51, 14, 13]",30,lib/tests/delimcc/reset-shift-k.zy,trim
selected,release,1,606625,251,139,4536664,True,"[184, 51, 14, 13]",31,lib/tests/delimcc/reset-shift-k.zy,trim_direct
selected,release,1,570584,251,139,4700463,True,"[184, 51, 14, 13]",31,lib/tests/delimcc/reset-shift-k.zy,baseline
selected,release,1,553379,251,139,4514746,True,"[184, 51, 14, 13]",31,lib/tests/delimcc/reset-shift-k.zy,trim
selected,release,1,563665,251,139,4461505,True,"[184, 51, 14, 13]",31,lib/tests/delimcc/reset-shift-k.zy,direct
selected,release,1,627288,516,61,4706837,False,"[439, 163, 16, 0]",0,lib/tests/core/gc-stress.zy,baseline
selected,release,1,635292,516,61,4822293,False,"[439, 163, 16, 0]",0,lib/tests/core/gc-stress.zy,trim
selected,release,1,627502,516,61,4646745,False,"[439, 163, 16, 0]",0,lib/tests/core/gc-stress.zy,direct
selected,release,1,672044,516,61,4590666,False,"[439, 163, 16, 0]",0,lib/tests/core/gc-stress.zy,trim_direct
selected,release,1,654370,516,61,4875331,False,"[439, 163, 16, 0]",1,lib/tests/core/gc-stress.zy,trim
selected,release,1,628249,516,61,4654045,False,"[439, 163, 16, 0]",1,lib/tests/core/gc-stress.zy,direct
selected,release,1,621622,516,61,4474663,False,"[439, 163, 16, 0]",1,lib/tests/core/gc-stress.zy,trim_direct
selected,release,1,621504,516,61,4743536,False,"[439, 163, 16, 0]",1,lib/tests/core/gc-stress.zy,baseline
selected,release,1,598744,516,61,4615546,False,"[439, 163, 16, 0]",2,lib/tests/core/gc-stress.zy,direct
selected,release,1,628086,516,61,4740122,False,"[439, 163, 16, 0]",2,lib/tests/core/gc-stress.zy,trim_direct
selected,release,1,597710,516,61,4735413,False,"[439, 163, 16, 0]",2,lib/tests/core/gc-stress.zy,baseline
selected,release,1,618456,516,61,4864583,False,"[439, 163, 16, 0]",2,lib/tests/core/gc-stress.zy,trim
selected,release,1,682085,516,61,4850381,False,"[439, 163, 16, 0]",3,lib/tests/core/gc-stress.zy,trim_direct
selected,release,1,619997,516,61,4826043,False,"[439, 163, 16, 0]",3,lib/tests/core/gc-stress.zy,baseline
selected,release,1,591792,516,61,4797751,False,"[439, 163, 16, 0]",3,lib/tests/core/gc-stress.zy,trim
selected,release,1,599540,516,61,4683712,False,"[439, 163, 16, 0]",3,lib/tests/core/gc-stress.zy,direct
selected,release,1,610745,516,61,4799585,False,"[439, 163, 16, 0]",4,lib/tests/core/gc-stress.zy,baseline
selected,release,1,597917,516,61,4830623,False,"[439, 163, 16, 0]",4,lib/tests/core/gc-stress.zy,trim
selected,release,1,666959,516,61,4880168,False,"[439, 163, 16, 0]",4,lib/tests/core/gc-stress.zy,direct
selected,release,1,640166,516,61,4631997,False,"[439, 163, 16, 0]",4,lib/tests/core/gc-stress.zy,trim_direct
selected,release,1,594789,516,61,4792251,False,"[439, 163, 16, 0]",5,lib/tests/core/gc-stress.zy,trim
selected,release,1,587204,516,61,4595082,False,"[439, 163, 16, 0]",5,lib/tests/core/gc-stress.zy,direct
selected,release,1,620664,516,61,4679341,False,"[439, 163, 16, 0]",5,lib/tests/core/gc-stress.zy,trim_direct
selected,release,1,592294,516,61,4742788,False,"[439, 163, 16, 0]",5,lib/tests/core/gc-stress.zy,baseline
selected,release,1,634878,516,61,4698915,False,"[439, 163, 16, 0]",6,lib/tests/core/gc-stress.zy,direct
selected,release,1,605377,516,61,4671372,False,"[439, 163, 16, 0]",6,lib/tests/core/gc-stress.zy,trim_direct
selected,release,1,583170,516,61,4771285,False,"[439, 163, 16, 0]",6,lib/tests/core/gc-stress.zy,baseline
selected,release,1,615915,516,61,4734295,False,"[439, 163, 16, 0]",6,lib/tests/core/gc-stress.zy,trim
selected,release,1,569372,516,61,4492628,False,"[439, 163, 16, 0]",7,lib/tests/core/gc-stress.zy,trim_direct
selected,release,1,589998,516,61,4782456,False,"[439, 163, 16, 0]",7,lib/tests/core/gc-stress.zy,baseline
selected,release,1,613923,516,61,4771127,False,"[439, 163, 16, 0]",7,lib/tests/core/gc-stress.zy,trim
selected,release,1,643336,516,61,4676624,False,"[439, 163, 16, 0]",7,lib/tests/core/gc-stress.zy,direct
selected,release,1,620543,516,61,4852505,False,"[439, 163, 16, 0]",8,lib/tests/core/gc-stress.zy,baseline
selected,release,1,583996,516,61,4757456,False,"[439, 163, 16, 0]",8,lib/tests/core/gc-stress.zy,trim
selected,release,1,576127,516,61,4530041,False,"[439, 163, 16, 0]",8,lib/tests/core/gc-stress.zy,direct
selected,release,1,573834,516,61,4489866,False,"[439, 163, 16, 0]",8,lib/tests/core/gc-stress.zy,trim_direct
selected,release,1,612706,516,61,4806333,False,"[439, 163, 16, 0]",9,lib/tests/core/gc-stress.zy,trim
selected,release,1,627459,516,61,4816418,False,"[439, 163, 16, 0]",9,lib/tests/core/gc-stress.zy,direct
selected,release,1,603750,516,61,4632544,False,"[439, 163, 16, 0]",9,lib/tests/core/gc-stress.zy,trim_direct
selected,release,1,577749,516,61,4861409,False,"[439, 163, 16, 0]",9,lib/tests/core/gc-stress.zy,baseline
selected,release,1,596666,516,61,4667253,False,"[439, 163, 16, 0]",10,lib/tests/core/gc-stress.zy,direct
selected,release,1,583082,516,61,4474458,False,"[439, 163, 16, 0]",10,lib/tests/core/gc-stress.zy,trim_direct
selected,release,1,626542,516,61,4925497,False,"[439, 163, 16, 0]",10,lib/tests/core/gc-stress.zy,baseline
selected,release,1,621210,516,61,4801625,False,"[439, 163, 16, 0]",10,lib/tests/core/gc-stress.zy,trim
selected,release,1,570209,516,61,4484375,False,"[439, 163, 16, 0]",11,lib/tests/core/gc-stress.zy,trim_direct
selected,release,1,618413,516,61,4892585,False,"[439, 163, 16, 0]",11,lib/tests/core/gc-stress.zy,baseline
selected,release,1,619838,516,61,4727124,False,"[439, 163, 16, 0]",11,lib/tests/core/gc-stress.zy,trim
selected,release,1,603082,516,61,4721954,False,"[439, 163, 16, 0]",11,lib/tests/core/gc-stress.zy,direct
selected,release,1,659878,516,61,4752419,False,"[439, 163, 16, 0]",12,lib/tests/core/gc-stress.zy,baseline
selected,release,1,636625,516,61,4845755,False,"[439, 163, 16, 0]",12,lib/tests/core/gc-stress.zy,trim
selected,release,1,590628,516,61,4695747,False,"[439, 163, 16, 0]",12,lib/tests/core/gc-stress.zy,direct
selected,release,1,587499,516,61,4643376,False,"[439, 163, 16, 0]",12,lib/tests/core/gc-stress.zy,trim_direct
selected,release,1,596708,516,61,4693291,False,"[439, 163, 16, 0]",13,lib/tests/core/gc-stress.zy,trim
selected,release,1,625169,516,61,4700664,False,"[439, 163, 16, 0]",13,lib/tests/core/gc-stress.zy,direct
selected,release,1,609835,516,61,4599959,False,"[439, 163, 16, 0]",13,lib/tests/core/gc-stress.zy,trim_direct
selected,release,1,593546,516,61,4856458,False,"[439, 163, 16, 0]",13,lib/tests/core/gc-stress.zy,baseline
selected,release,1,593495,516,61,4622045,False,"[439, 163, 16, 0]",14,lib/tests/core/gc-stress.zy,direct
selected,release,1,584328,516,61,4668374,False,"[439, 163, 16, 0]",14,lib/tests/core/gc-stress.zy,trim_direct
selected,release,1,586714,516,61,4843331,False,"[439, 163, 16, 0]",14,lib/tests/core/gc-stress.zy,baseline
selected,release,1,596167,516,61,4774083,False,"[439, 163, 16, 0]",14,lib/tests/core/gc-stress.zy,trim
selected,release,1,629619,516,61,4735036,False,"[439, 163, 16, 0]",15,lib/tests/core/gc-stress.zy,trim_direct
selected,release,1,606751,516,61,4757626,False,"[439, 163, 16, 0]",15,lib/tests/core/gc-stress.zy,baseline
selected,release,1,589458,516,61,4657123,False,"[439, 163, 16, 0]",15,lib/tests/core/gc-stress.zy,trim
selected,release,1,704080,516,61,4962424,False,"[439, 163, 16, 0]",15,lib/tests/core/gc-stress.zy,direct
selected,release,1,618377,516,61,5195377,False,"[439, 163, 16, 0]",16,lib/tests/core/gc-stress.zy,baseline
selected,release,1,616545,516,61,4831711,False,"[439, 163, 16, 0]",16,lib/tests/core/gc-stress.zy,trim
selected,release,1,609832,516,61,4745248,False,"[439, 163, 16, 0]",16,lib/tests/core/gc-stress.zy,direct
selected,release,1,620535,516,61,4774830,False,"[439, 163, 16, 0]",16,lib/tests/core/gc-stress.zy,trim_direct
selected,release,1,601627,516,61,4784497,False,"[439, 163, 16, 0]",17,lib/tests/core/gc-stress.zy,trim
selected,release,1,641042,516,61,4792004,False,"[439, 163, 16, 0]",17,lib/tests/core/gc-stress.zy,direct
selected,release,1,625083,516,61,4543173,False,"[439, 163, 16, 0]",17,lib/tests/core/gc-stress.zy,trim_direct
selected,release,1,601411,516,61,4759751,False,"[439, 163, 16, 0]",17,lib/tests/core/gc-stress.zy,baseline
selected,release,1,598707,516,61,4606540,False,"[439, 163, 16, 0]",18,lib/tests/core/gc-stress.zy,direct
selected,release,1,610085,516,61,4457045,False,"[439, 163, 16, 0]",18,lib/tests/core/gc-stress.zy,trim_direct
selected,release,1,612205,516,61,4799666,False,"[439, 163, 16, 0]",18,lib/tests/core/gc-stress.zy,baseline
selected,release,1,608377,516,61,4770254,False,"[439, 163, 16, 0]",18,lib/tests/core/gc-stress.zy,trim
selected,release,1,599791,516,61,4494538,False,"[439, 163, 16, 0]",19,lib/tests/core/gc-stress.zy,trim_direct
selected,release,1,609839,516,61,4811415,False,"[439, 163, 16, 0]",19,lib/tests/core/gc-stress.zy,baseline
selected,release,1,620291,516,61,4825373,False,"[439, 163, 16, 0]",19,lib/tests/core/gc-stress.zy,trim
selected,release,1,588494,516,61,4534959,False,"[439, 163, 16, 0]",19,lib/tests/core/gc-stress.zy,direct
selected,release,1,629835,516,61,4810910,False,"[439, 163, 16, 0]",20,lib/tests/core/gc-stress.zy,baseline
selected,release,1,614465,516,61,4788666,False,"[439, 163, 16, 0]",20,lib/tests/core/gc-stress.zy,trim
selected,release,1,583665,516,61,4603502,False,"[439, 163, 16, 0]",20,lib/tests/core/gc-stress.zy,direct
selected,release,1,587787,516,61,4612087,False,"[439, 163, 16, 0]",20,lib/tests/core/gc-stress.zy,trim_direct
selected,release,1,591835,516,61,4707626,False,"[439, 163, 16, 0]",21,lib/tests/core/gc-stress.zy,trim
selected,release,1,611045,516,61,4601538,False,"[439, 163, 16, 0]",21,lib/tests/core/gc-stress.zy,direct
selected,release,1,634623,516,61,4743876,False,"[439, 163, 16, 0]",21,lib/tests/core/gc-stress.zy,trim_direct
selected,release,1,597206,516,61,4706877,False,"[439, 163, 16, 0]",21,lib/tests/core/gc-stress.zy,baseline
selected,release,1,592539,516,61,4488627,False,"[439, 163, 16, 0]",22,lib/tests/core/gc-stress.zy,direct
selected,release,1,602001,516,61,4596042,False,"[439, 163, 16, 0]",22,lib/tests/core/gc-stress.zy,trim_direct
selected,release,1,673045,516,61,4988461,False,"[439, 163, 16, 0]",22,lib/tests/core/gc-stress.zy,baseline
selected,release,1,664250,516,61,4804745,False,"[439, 163, 16, 0]",22,lib/tests/core/gc-stress.zy,trim
selected,release,1,610003,516,61,4486002,False,"[439, 163, 16, 0]",23,lib/tests/core/gc-stress.zy,trim_direct
selected,release,1,623212,516,61,4783665,False,"[439, 163, 16, 0]",23,lib/tests/core/gc-stress.zy,baseline
selected,release,1,636960,516,61,4784545,False,"[439, 163, 16, 0]",23,lib/tests/core/gc-stress.zy,trim
selected,release,1,599667,516,61,4774292,False,"[439, 163, 16, 0]",23,lib/tests/core/gc-stress.zy,direct
selected,release,1,589335,516,61,4819081,False,"[439, 163, 16, 0]",24,lib/tests/core/gc-stress.zy,baseline
selected,release,1,590124,516,61,4746330,False,"[439, 163, 16, 0]",24,lib/tests/core/gc-stress.zy,trim
selected,release,1,633497,516,61,4767707,False,"[439, 163, 16, 0]",24,lib/tests/core/gc-stress.zy,direct
selected,release,1,620377,516,61,4708374,False,"[439, 163, 16, 0]",24,lib/tests/core/gc-stress.zy,trim_direct
selected,release,1,615912,516,61,4642049,False,"[439, 163, 16, 0]",25,lib/tests/core/gc-stress.zy,trim
selected,release,1,603043,516,61,4553956,False,"[439, 163, 16, 0]",25,lib/tests/core/gc-stress.zy,direct
selected,release,1,605793,516,61,4614708,False,"[439, 163, 16, 0]",25,lib/tests/core/gc-stress.zy,trim_direct
selected,release,1,596874,516,61,4775794,False,"[439, 163, 16, 0]",25,lib/tests/core/gc-stress.zy,baseline
selected,release,1,585042,516,61,4626746,False,"[439, 163, 16, 0]",26,lib/tests/core/gc-stress.zy,direct
selected,release,1,602040,516,61,4624459,False,"[439, 163, 16, 0]",26,lib/tests/core/gc-stress.zy,trim_direct
selected,release,1,615371,516,61,4791750,False,"[439, 163, 16, 0]",26,lib/tests/core/gc-stress.zy,baseline
selected,release,1,595915,516,61,4694208,False,"[439, 163, 16, 0]",26,lib/tests/core/gc-stress.zy,trim
selected,release,1,597712,516,61,4552042,False,"[439, 163, 16, 0]",27,lib/tests/core/gc-stress.zy,trim_direct
selected,release,1,609286,516,61,4913457,False,"[439, 163, 16, 0]",27,lib/tests/core/gc-stress.zy,baseline
selected,release,1,609958,516,61,4781793,False,"[439, 163, 16, 0]",27,lib/tests/core/gc-stress.zy,trim
selected,release,1,598625,516,61,4651420,False,"[439, 163, 16, 0]",27,lib/tests/core/gc-stress.zy,direct
selected,release,1,600621,516,61,4713624,False,"[439, 163, 16, 0]",28,lib/tests/core/gc-stress.zy,baseline
selected,release,1,593293,516,61,4812328,False,"[439, 163, 16, 0]",28,lib/tests/core/gc-stress.zy,trim
selected,release,1,586709,516,61,4713374,False,"[439, 163, 16, 0]",28,lib/tests/core/gc-stress.zy,direct
selected,release,1,606248,516,61,4640831,False,"[439, 163, 16, 0]",28,lib/tests/core/gc-stress.zy,trim_direct
selected,release,1,678292,516,61,5011370,False,"[439, 163, 16, 0]",29,lib/tests/core/gc-stress.zy,trim
selected,release,1,610999,516,61,4747962,False,"[439, 163, 16, 0]",29,lib/tests/core/gc-stress.zy,direct
selected,release,1,612750,516,61,4597581,False,"[439, 163, 16, 0]",29,lib/tests/core/gc-stress.zy,trim_direct
selected,release,1,633083,516,61,4935707,False,"[439, 163, 16, 0]",29,lib/tests/core/gc-stress.zy,baseline
selected,release,1,594168,516,61,4562791,False,"[439, 163, 16, 0]",30,lib/tests/core/gc-stress.zy,direct
selected,release,1,628124,516,61,4610710,False,"[439, 163, 16, 0]",30,lib/tests/core/gc-stress.zy,trim_direct
selected,release,1,658543,516,61,4823755,False,"[439, 163, 16, 0]",30,lib/tests/core/gc-stress.zy,baseline
selected,release,1,639503,516,61,4873833,False,"[439, 163, 16, 0]",30,lib/tests/core/gc-stress.zy,trim
selected,release,1,664455,516,61,4697210,False,"[439, 163, 16, 0]",31,lib/tests/core/gc-stress.zy,trim_direct
selected,release,1,593504,516,61,4748706,False,"[439, 163, 16, 0]",31,lib/tests/core/gc-stress.zy,baseline
selected,release,1,652208,516,61,4943208,False,"[439, 163, 16, 0]",31,lib/tests/core/gc-stress.zy,trim
selected,release,1,585495,516,61,4647584,False,"[439, 163, 16, 0]",31,lib/tests/core/gc-stress.zy,direct
selected,release,1,708497,516,69,5121285,True,"[422, 163, 16, 15]",0,lib/tests/core/gc-stress.zy,baseline
selected,release,1,713378,516,69,5199169,True,"[422, 163, 16, 15]",0,lib/tests/core/gc-stress.zy,trim
selected,release,1,721623,516,69,5108498,True,"[422, 163, 16, 15]",0,lib/tests/core/gc-stress.zy,direct
selected,release,1,692750,516,69,5022126,True,"[422, 163, 16, 15]",0,lib/tests/core/gc-stress.zy,trim_direct
selected,release,1,664080,516,69,5060418,True,"[422, 163, 16, 15]",1,lib/tests/core/gc-stress.zy,trim
selected,release,1,670373,516,69,4884249,True,"[422, 163, 16, 15]",1,lib/tests/core/gc-stress.zy,direct
selected,release,1,654122,516,69,4985254,True,"[422, 163, 16, 15]",1,lib/tests/core/gc-stress.zy,trim_direct
selected,release,1,667710,516,69,5216252,True,"[422, 163, 16, 15]",1,lib/tests/core/gc-stress.zy,baseline
selected,release,1,701421,516,69,5072041,True,"[422, 163, 16, 15]",2,lib/tests/core/gc-stress.zy,direct
selected,release,1,705375,516,69,5021960,True,"[422, 163, 16, 15]",2,lib/tests/core/gc-stress.zy,trim_direct
selected,release,1,650251,516,69,5195127,True,"[422, 163, 16, 15]",2,lib/tests/core/gc-stress.zy,baseline
selected,release,1,646005,516,69,5243418,True,"[422, 163, 16, 15]",2,lib/tests/core/gc-stress.zy,trim
selected,release,1,685417,516,69,5083208,True,"[422, 163, 16, 15]",3,lib/tests/core/gc-stress.zy,trim_direct
selected,release,1,666037,516,69,5221589,True,"[422, 163, 16, 15]",3,lib/tests/core/gc-stress.zy,baseline
selected,release,1,727001,516,69,5391703,True,"[422, 163, 16, 15]",3,lib/tests/core/gc-stress.zy,trim
selected,release,1,704707,516,69,5190832,True,"[422, 163, 16, 15]",3,lib/tests/core/gc-stress.zy,direct
selected,release,1,670911,516,69,5126757,True,"[422, 163, 16, 15]",4,lib/tests/core/gc-stress.zy,baseline
selected,release,1,660499,516,69,5180213,True,"[422, 163, 16, 15]",4,lib/tests/core/gc-stress.zy,trim
selected,release,1,667292,516,69,5090210,True,"[422, 163, 16, 15]",4,lib/tests/core/gc-stress.zy,direct
selected,release,1,662877,516,69,5155752,True,"[422, 163, 16, 15]",4,lib/tests/core/gc-stress.zy,trim_direct
selected,release,1,709127,516,69,5216461,True,"[422, 163, 16, 15]",5,lib/tests/core/gc-stress.zy,trim
selected,release,1,706836,516,69,5241460,True,"[422, 163, 16, 15]",5,lib/tests/core/gc-stress.zy,direct
selected,release,1,709458,516,69,5045578,True,"[422, 163, 16, 15]",5,lib/tests/core/gc-stress.zy,trim_direct
selected,release,1,670794,516,69,5249370,True,"[422, 163, 16, 15]",5,lib/tests/core/gc-stress.zy,baseline
selected,release,1,662083,516,69,5140877,True,"[422, 163, 16, 15]",6,lib/tests/core/gc-stress.zy,direct
selected,release,1,653869,516,69,5042294,True,"[422, 163, 16, 15]",6,lib/tests/core/gc-stress.zy,trim_direct
selected,release,1,675211,516,69,5154077,True,"[422, 163, 16, 15]",6,lib/tests/core/gc-stress.zy,baseline
selected,release,1,683088,516,69,5348951,True,"[422, 163, 16, 15]",6,lib/tests/core/gc-stress.zy,trim
selected,release,1,682961,516,69,5161747,True,"[422, 163, 16, 15]",7,lib/tests/core/gc-stress.zy,trim_direct
selected,release,1,673122,516,69,5329170,True,"[422, 163, 16, 15]",7,lib/tests/core/gc-stress.zy,baseline
selected,release,1,640836,516,69,5146628,True,"[422, 163, 16, 15]",7,lib/tests/core/gc-stress.zy,trim
selected,release,1,692622,516,69,5034962,True,"[422, 163, 16, 15]",7,lib/tests/core/gc-stress.zy,direct
selected,release,1,662293,516,69,5253707,True,"[422, 163, 16, 15]",8,lib/tests/core/gc-stress.zy,baseline
selected,release,1,686288,516,69,5294421,True,"[422, 163, 16, 15]",8,lib/tests/core/gc-stress.zy,trim
selected,release,1,685913,516,69,5261501,True,"[422, 163, 16, 15]",8,lib/tests/core/gc-stress.zy,direct
selected,release,1,871915,516,69,5691378,True,"[422, 163, 16, 15]",8,lib/tests/core/gc-stress.zy,trim_direct
selected,release,1,683789,516,69,5196754,True,"[422, 163, 16, 15]",9,lib/tests/core/gc-stress.zy,trim
selected,release,1,723581,516,69,5131746,True,"[422, 163, 16, 15]",9,lib/tests/core/gc-stress.zy,direct
selected,release,1,690754,516,69,5222543,True,"[422, 163, 16, 15]",9,lib/tests/core/gc-stress.zy,trim_direct
selected,release,1,677629,516,69,5275124,True,"[422, 163, 16, 15]",9,lib/tests/core/gc-stress.zy,baseline
selected,release,1,651251,516,69,4973296,True,"[422, 163, 16, 15]",10,lib/tests/core/gc-stress.zy,direct
selected,release,1,698994,516,69,5152374,True,"[422, 163, 16, 15]",10,lib/tests/core/gc-stress.zy,trim_direct
selected,release,1,707413,516,69,5385746,True,"[422, 163, 16, 15]",10,lib/tests/core/gc-stress.zy,baseline
selected,release,1,677339,516,69,5221831,True,"[422, 163, 16, 15]",10,lib/tests/core/gc-stress.zy,trim
selected,release,1,655372,516,69,5019792,True,"[422, 163, 16, 15]",11,lib/tests/core/gc-stress.zy,trim_direct
selected,release,1,682460,516,69,5204584,True,"[422, 163, 16, 15]",11,lib/tests/core/gc-stress.zy,baseline
selected,release,1,640582,516,69,5260205,True,"[422, 163, 16, 15]",11,lib/tests/core/gc-stress.zy,trim
selected,release,1,711254,516,69,5229707,True,"[422, 163, 16, 15]",11,lib/tests/core/gc-stress.zy,direct
selected,release,1,677500,516,69,5274127,True,"[422, 163, 16, 15]",12,lib/tests/core/gc-stress.zy,baseline
selected,release,1,675258,516,69,5334833,True,"[422, 163, 16, 15]",12,lib/tests/core/gc-stress.zy,trim
selected,release,1,691248,516,69,5379536,True,"[422, 163, 16, 15]",12,lib/tests/core/gc-stress.zy,direct
selected,release,1,650418,516,69,5176788,True,"[422, 163, 16, 15]",12,lib/tests/core/gc-stress.zy,trim_direct
selected,release,1,644964,516,69,5195202,True,"[422, 163, 16, 15]",13,lib/tests/core/gc-stress.zy,trim
selected,release,1,649000,516,69,5142748,True,"[422, 163, 16, 15]",13,lib/tests/core/gc-stress.zy,direct
selected,release,1,674207,516,69,5045708,True,"[422, 163, 16, 15]",13,lib/tests/core/gc-stress.zy,trim_direct
selected,release,1,684791,516,69,5219504,True,"[422, 163, 16, 15]",13,lib/tests/core/gc-stress.zy,baseline
selected,release,1,638207,516,69,4960257,True,"[422, 163, 16, 15]",14,lib/tests/core/gc-stress.zy,direct
selected,release,1,717790,516,69,5212671,True,"[422, 163, 16, 15]",14,lib/tests/core/gc-stress.zy,trim_direct
selected,release,1,676172,516,69,5399915,True,"[422, 163, 16, 15]",14,lib/tests/core/gc-stress.zy,baseline
selected,release,1,716333,516,69,5343499,True,"[422, 163, 16, 15]",14,lib/tests/core/gc-stress.zy,trim
selected,release,1,697628,516,69,5341750,True,"[422, 163, 16, 15]",15,lib/tests/core/gc-stress.zy,trim_direct
selected,release,1,720338,516,69,5349041,True,"[422, 163, 16, 15]",15,lib/tests/core/gc-stress.zy,baseline
selected,release,1,680881,516,69,5283452,True,"[422, 163, 16, 15]",15,lib/tests/core/gc-stress.zy,trim
selected,release,1,656293,516,69,5209582,True,"[422, 163, 16, 15]",15,lib/tests/core/gc-stress.zy,direct
selected,release,1,701379,516,69,5218038,True,"[422, 163, 16, 15]",16,lib/tests/core/gc-stress.zy,baseline
selected,release,1,944210,516,69,7358582,True,"[422, 163, 16, 15]",16,lib/tests/core/gc-stress.zy,trim
selected,release,1,699164,516,69,4999129,True,"[422, 163, 16, 15]",16,lib/tests/core/gc-stress.zy,direct
selected,release,1,723708,516,69,5123796,True,"[422, 163, 16, 15]",16,lib/tests/core/gc-stress.zy,trim_direct
selected,release,1,695462,516,69,5282076,True,"[422, 163, 16, 15]",17,lib/tests/core/gc-stress.zy,trim
selected,release,1,700375,516,69,4948248,True,"[422, 163, 16, 15]",17,lib/tests/core/gc-stress.zy,direct
selected,release,1,690876,516,69,5136495,True,"[422, 163, 16, 15]",17,lib/tests/core/gc-stress.zy,trim_direct
selected,release,1,708492,516,69,5298418,True,"[422, 163, 16, 15]",17,lib/tests/core/gc-stress.zy,baseline
selected,release,1,675502,516,69,5083209,True,"[422, 163, 16, 15]",18,lib/tests/core/gc-stress.zy,direct
selected,release,1,655503,516,69,5059916,True,"[422, 163, 16, 15]",18,lib/tests/core/gc-stress.zy,trim_direct
selected,release,1,668581,516,69,5139959,True,"[422, 163, 16, 15]",18,lib/tests/core/gc-stress.zy,baseline
selected,release,1,670959,516,69,5225122,True,"[422, 163, 16, 15]",18,lib/tests/core/gc-stress.zy,trim
selected,release,1,650251,516,69,5082540,True,"[422, 163, 16, 15]",19,lib/tests/core/gc-stress.zy,trim_direct
selected,release,1,650750,516,69,5185244,True,"[422, 163, 16, 15]",19,lib/tests/core/gc-stress.zy,baseline
selected,release,1,680209,516,69,5249543,True,"[422, 163, 16, 15]",19,lib/tests/core/gc-stress.zy,trim
selected,release,1,689002,516,69,5091831,True,"[422, 163, 16, 15]",19,lib/tests/core/gc-stress.zy,direct
selected,release,1,688039,516,69,5324580,True,"[422, 163, 16, 15]",20,lib/tests/core/gc-stress.zy,baseline
selected,release,1,810288,516,69,5837707,True,"[422, 163, 16, 15]",20,lib/tests/core/gc-stress.zy,trim
selected,release,1,664544,516,69,5063828,True,"[422, 163, 16, 15]",20,lib/tests/core/gc-stress.zy,direct
selected,release,1,676338,516,69,5099041,True,"[422, 163, 16, 15]",20,lib/tests/core/gc-stress.zy,trim_direct
selected,release,1,675161,516,69,5176254,True,"[422, 163, 16, 15]",21,lib/tests/core/gc-stress.zy,trim
selected,release,1,684950,516,69,5214916,True,"[422, 163, 16, 15]",21,lib/tests/core/gc-stress.zy,direct
selected,release,1,689083,516,69,5072787,True,"[422, 163, 16, 15]",21,lib/tests/core/gc-stress.zy,trim_direct
selected,release,1,707127,516,69,5356502,True,"[422, 163, 16, 15]",21,lib/tests/core/gc-stress.zy,baseline
selected,release,1,657380,516,69,5055506,True,"[422, 163, 16, 15]",22,lib/tests/core/gc-stress.zy,direct
selected,release,1,649918,516,69,5083043,True,"[422, 163, 16, 15]",22,lib/tests/core/gc-stress.zy,trim_direct
selected,release,1,674915,516,69,5267918,True,"[422, 163, 16, 15]",22,lib/tests/core/gc-stress.zy,baseline
selected,release,1,696085,516,69,5324625,True,"[422, 163, 16, 15]",22,lib/tests/core/gc-stress.zy,trim
selected,release,1,673580,516,69,5129004,True,"[422, 163, 16, 15]",23,lib/tests/core/gc-stress.zy,trim_direct
selected,release,1,683662,516,69,5298414,True,"[422, 163, 16, 15]",23,lib/tests/core/gc-stress.zy,baseline
selected,release,1,673295,516,69,5306792,True,"[422, 163, 16, 15]",23,lib/tests/core/gc-stress.zy,trim
selected,release,1,734753,516,69,5135499,True,"[422, 163, 16, 15]",23,lib/tests/core/gc-stress.zy,direct
selected,release,1,658458,516,69,5253209,True,"[422, 163, 16, 15]",24,lib/tests/core/gc-stress.zy,baseline
selected,release,1,663332,516,69,5350215,True,"[422, 163, 16, 15]",24,lib/tests/core/gc-stress.zy,trim
selected,release,1,671415,516,69,5166170,True,"[422, 163, 16, 15]",24,lib/tests/core/gc-stress.zy,direct
selected,release,1,689291,516,69,5093329,True,"[422, 163, 16, 15]",24,lib/tests/core/gc-stress.zy,trim_direct
selected,release,1,697248,516,69,5337126,True,"[422, 163, 16, 15]",25,lib/tests/core/gc-stress.zy,trim
selected,release,1,660127,516,69,5067794,True,"[422, 163, 16, 15]",25,lib/tests/core/gc-stress.zy,direct
selected,release,1,677627,516,69,5079999,True,"[422, 163, 16, 15]",25,lib/tests/core/gc-stress.zy,trim_direct
selected,release,1,670624,516,69,5341045,True,"[422, 163, 16, 15]",25,lib/tests/core/gc-stress.zy,baseline
selected,release,1,691665,516,69,5438415,True,"[422, 163, 16, 15]",26,lib/tests/core/gc-stress.zy,direct
selected,release,1,683834,516,69,5216044,True,"[422, 163, 16, 15]",26,lib/tests/core/gc-stress.zy,trim_direct
selected,release,1,727002,516,69,5339165,True,"[422, 163, 16, 15]",26,lib/tests/core/gc-stress.zy,baseline
selected,release,1,689832,516,69,5344417,True,"[422, 163, 16, 15]",26,lib/tests/core/gc-stress.zy,trim
selected,release,1,697669,516,69,5264705,True,"[422, 163, 16, 15]",27,lib/tests/core/gc-stress.zy,trim_direct
selected,release,1,743458,516,69,5564831,True,"[422, 163, 16, 15]",27,lib/tests/core/gc-stress.zy,baseline
selected,release,1,689042,516,69,5351081,True,"[422, 163, 16, 15]",27,lib/tests/core/gc-stress.zy,trim
selected,release,1,736417,516,69,5154128,True,"[422, 163, 16, 15]",27,lib/tests/core/gc-stress.zy,direct
selected,release,1,704332,516,69,5276210,True,"[422, 163, 16, 15]",28,lib/tests/core/gc-stress.zy,baseline
selected,release,1,700165,516,69,5366209,True,"[422, 163, 16, 15]",28,lib/tests/core/gc-stress.zy,trim
selected,release,1,725794,516,69,5210339,True,"[422, 163, 16, 15]",28,lib/tests/core/gc-stress.zy,direct
selected,release,1,814451,516,69,5333670,True,"[422, 163, 16, 15]",28,lib/tests/core/gc-stress.zy,trim_direct
selected,release,1,707960,516,69,5186036,True,"[422, 163, 16, 15]",29,lib/tests/core/gc-stress.zy,trim
selected,release,1,763203,516,69,5286378,True,"[422, 163, 16, 15]",29,lib/tests/core/gc-stress.zy,direct
selected,release,1,691165,516,69,5251790,True,"[422, 163, 16, 15]",29,lib/tests/core/gc-stress.zy,trim_direct
selected,release,1,680622,516,69,5264332,True,"[422, 163, 16, 15]",29,lib/tests/core/gc-stress.zy,baseline
selected,release,1,723953,516,69,5430208,True,"[422, 163, 16, 15]",30,lib/tests/core/gc-stress.zy,direct
selected,release,1,797421,516,69,5709538,True,"[422, 163, 16, 15]",30,lib/tests/core/gc-stress.zy,trim_direct
selected,release,1,721128,516,69,5632585,True,"[422, 163, 16, 15]",30,lib/tests/core/gc-stress.zy,baseline
selected,release,1,738665,516,69,5319329,True,"[422, 163, 16, 15]",30,lib/tests/core/gc-stress.zy,trim
selected,release,1,832204,516,69,5446669,True,"[422, 163, 16, 15]",31,lib/tests/core/gc-stress.zy,trim_direct
selected,release,1,971589,516,69,6331331,True,"[422, 163, 16, 15]",31,lib/tests/core/gc-stress.zy,baseline
selected,release,1,832000,516,69,5841126,True,"[422, 163, 16, 15]",31,lib/tests/core/gc-stress.zy,trim
selected,release,1,1054337,516,69,6970914,True,"[422, 163, 16, 15]",31,lib/tests/core/gc-stress.zy,direct
